series_id,target_date,vintage_date,level,monthly_change_thousands
ADPMNUSNERSA,2020-01-01,2022-08-31,121300000.0,1662.0
ADPMNUSNERSA,2020-01-01,2022-10-05,121300000.0,1662.0
ADPMNUSNERSA,2020-01-01,2022-11-02,121300000.0,1662.0
ADPMNUSNERSA,2020-01-01,2022-11-30,121300000.0,1662.0
ADPMNUSNERSA,2020-01-01,2023-01-05,121300000.0,1662.0
ADPMNUSNERSA,2020-01-01,2023-02-01,124051000.0,-167.0
ADPMNUSNERSA,2020-01-01,2023-03-08,124051000.0,-167.0
ADPMNUSNERSA,2020-01-01,2023-04-05,124051000.0,-167.0
ADPMNUSNERSA,2020-01-01,2023-05-03,124051000.0,-167.0
ADPMNUSNERSA,2020-01-01,2023-06-01,124051000.0,-167.0
ADPMNUSNERSA,2020-01-01,2023-07-06,124051000.0,-167.0
ADPMNUSNERSA,2020-01-01,2023-08-02,124051000.0,-167.0
ADPMNUSNERSA,2020-01-01,2023-08-30,124051000.0,-167.0
ADPMNUSNERSA,2020-01-01,2023-10-04,124051000.0,-167.0
ADPMNUSNERSA,2020-01-01,2023-11-01,124051000.0,-167.0
ADPMNUSNERSA,2020-01-01,2023-12-06,124051000.0,-167.0
ADPMNUSNERSA,2020-01-01,2024-01-04,124051000.0,-167.0
ADPMNUSNERSA,2020-01-01,2024-01-31,124775000.0,-84.0
ADPMNUSNERSA,2020-01-01,2024-03-06,124775000.0,-84.0
ADPMNUSNERSA,2020-01-01,2024-04-03,124775000.0,-84.0
ADPMNUSNERSA,2020-01-01,2024-05-01,124775000.0,-84.0
ADPMNUSNERSA,2020-01-01,2024-06-05,124775000.0,-84.0
ADPMNUSNERSA,2020-01-01,2024-07-03,124775000.0,-84.0
ADPMNUSNERSA,2020-01-01,2024-07-31,124775000.0,-84.0
ADPMNUSNERSA,2020-01-01,2024-09-05,124775000.0,-84.0
ADPMNUSNERSA,2020-01-01,2024-10-02,124775000.0,-84.0
ADPMNUSNERSA,2020-01-01,2024-10-30,124775000.0,-84.0
ADPMNUSNERSA,2020-01-01,2024-12-04,124775000.0,-84.0
ADPMNUSNERSA,2020-01-01,2025-01-08,124775000.0,-84.0
ADPMNUSNERSA,2020-01-01,2025-02-05,126626000.0,-284.0
ADPMNUSNERSA,2020-01-01,2025-03-05,126597000.0,-243.0
ADPMNUSNERSA,2020-01-01,2025-04-02,126626000.0,-284.0
ADPMNUSNERSA,2020-01-01,2025-04-30,126626000.0,-284.0
ADPMNUSNERSA,2020-01-01,2025-06-04,126626000.0,-284.0
ADPMNUSNERSA,2020-01-01,2025-07-02,126626000.0,-284.0
ADPMNUSNERSA,2020-01-01,2025-07-30,126626000.0,-284.0
ADPMNUSNERSA,2020-01-01,2025-09-04,126626000.0,-284.0
ADPMNUSNERSA,2020-01-01,2025-10-01,126626000.0,-284.0
ADPMNUSNERSA,2020-01-01,2025-11-05,126626000.0,-284.0
ADPMNUSNERSA,2020-01-01,2025-12-03,126626000.0,-284.0
ADPMNUSNERSA,2020-01-01,2026-01-07,126626000.0,-284.0
ADPMNUSNERSA,2020-01-01,2026-02-04,125098000.0,-65.0
ADPMNUSNERSA,2020-01-01,2026-03-04,125098000.0,-65.0
ADPMNUSNERSA,2020-01-01,2026-04-01,125098000.0,-65.0
ADPMNUSNERSA,2020-01-01,2026-05-06,125098000.0,-65.0
ADPMNUSNERSA,2020-01-01,2026-06-03,125098000.0,-65.0
ADPMNUSNERSA,2020-01-01,2026-07-01,125098000.0,-65.0
ADPMNUSNERSA,2020-01-01,2026-08-05,125098000.0,-65.0
ADPMNUSNERSA,2020-02-01,2022-08-31,121453000.0,153.0
ADPMNUSNERSA,2020-02-01,2022-10-05,121453000.0,153.0
ADPMNUSNERSA,2020-02-01,2022-11-02,121453000.0,153.0
ADPMNUSNERSA,2020-02-01,2022-11-30,121453000.0,153.0
ADPMNUSNERSA,2020-02-01,2023-01-05,121453000.0,153.0
ADPMNUSNERSA,2020-02-01,2023-02-01,123929000.0,-122.0
ADPMNUSNERSA,2020-02-01,2023-03-08,123929000.0,-122.0
ADPMNUSNERSA,2020-02-01,2023-04-05,123929000.0,-122.0
ADPMNUSNERSA,2020-02-01,2023-05-03,123929000.0,-122.0
ADPMNUSNERSA,2020-02-01,2023-06-01,123929000.0,-122.0
ADPMNUSNERSA,2020-02-01,2023-07-06,123929000.0,-122.0
ADPMNUSNERSA,2020-02-01,2023-08-02,123929000.0,-122.0
ADPMNUSNERSA,2020-02-01,2023-08-30,123929000.0,-122.0
ADPMNUSNERSA,2020-02-01,2023-10-04,123929000.0,-122.0
ADPMNUSNERSA,2020-02-01,2023-11-01,123929000.0,-122.0
ADPMNUSNERSA,2020-02-01,2023-12-06,123929000.0,-122.0
ADPMNUSNERSA,2020-02-01,2024-01-04,123929000.0,-122.0
ADPMNUSNERSA,2020-02-01,2024-01-31,124719000.0,-56.0
ADPMNUSNERSA,2020-02-01,2024-03-06,124719000.0,-56.0
ADPMNUSNERSA,2020-02-01,2024-04-03,124719000.0,-56.0
ADPMNUSNERSA,2020-02-01,2024-05-01,124719000.0,-56.0
ADPMNUSNERSA,2020-02-01,2024-06-05,124719000.0,-56.0
ADPMNUSNERSA,2020-02-01,2024-07-03,124719000.0,-56.0
ADPMNUSNERSA,2020-02-01,2024-07-31,124719000.0,-56.0
ADPMNUSNERSA,2020-02-01,2024-09-05,124719000.0,-56.0
ADPMNUSNERSA,2020-02-01,2024-10-02,124719000.0,-56.0
ADPMNUSNERSA,2020-02-01,2024-10-30,124719000.0,-56.0
ADPMNUSNERSA,2020-02-01,2024-12-04,124719000.0,-56.0
ADPMNUSNERSA,2020-02-01,2025-01-08,124719000.0,-56.0
ADPMNUSNERSA,2020-02-01,2025-02-05,126733000.0,107.0
ADPMNUSNERSA,2020-02-01,2025-03-05,126725000.0,128.0
ADPMNUSNERSA,2020-02-01,2025-04-02,126733000.0,107.0
ADPMNUSNERSA,2020-02-01,2025-04-30,126733000.0,107.0
ADPMNUSNERSA,2020-02-01,2025-06-04,126733000.0,107.0
ADPMNUSNERSA,2020-02-01,2025-07-02,126733000.0,107.0
ADPMNUSNERSA,2020-02-01,2025-07-30,126733000.0,107.0
ADPMNUSNERSA,2020-02-01,2025-09-04,126733000.0,107.0
ADPMNUSNERSA,2020-02-01,2025-10-01,126733000.0,107.0
ADPMNUSNERSA,2020-02-01,2025-11-05,126733000.0,107.0
ADPMNUSNERSA,2020-02-01,2025-12-03,126733000.0,107.0
ADPMNUSNERSA,2020-02-01,2026-01-07,126733000.0,107.0
ADPMNUSNERSA,2020-02-01,2026-02-04,124969000.0,-129.0
ADPMNUSNERSA,2020-02-01,2026-03-04,124969000.0,-129.0
ADPMNUSNERSA,2020-02-01,2026-04-01,124969000.0,-129.0
ADPMNUSNERSA,2020-02-01,2026-05-06,124969000.0,-129.0
ADPMNUSNERSA,2020-02-01,2026-06-03,124969000.0,-129.0
ADPMNUSNERSA,2020-02-01,2026-07-01,124969000.0,-129.0
ADPMNUSNERSA,2020-02-01,2026-08-05,124969000.0,-129.0
ADPMNUSNERSA,2020-03-01,2022-08-31,121017000.0,-436.0
ADPMNUSNERSA,2020-03-01,2022-10-05,121017000.0,-436.0
ADPMNUSNERSA,2020-03-01,2022-11-02,121017000.0,-436.0
ADPMNUSNERSA,2020-03-01,2022-11-30,121017000.0,-436.0
ADPMNUSNERSA,2020-03-01,2023-01-05,121017000.0,-436.0
ADPMNUSNERSA,2020-03-01,2023-02-01,123855000.0,-74.0
ADPMNUSNERSA,2020-03-01,2023-03-08,123855000.0,-74.0
ADPMNUSNERSA,2020-03-01,2023-04-05,123855000.0,-74.0
ADPMNUSNERSA,2020-03-01,2023-05-03,123855000.0,-74.0
ADPMNUSNERSA,2020-03-01,2023-06-01,123855000.0,-74.0
ADPMNUSNERSA,2020-03-01,2023-07-06,123855000.0,-74.0
ADPMNUSNERSA,2020-03-01,2023-08-02,123855000.0,-74.0
ADPMNUSNERSA,2020-03-01,2023-08-30,123855000.0,-74.0
ADPMNUSNERSA,2020-03-01,2023-10-04,123855000.0,-74.0
ADPMNUSNERSA,2020-03-01,2023-11-01,123855000.0,-74.0
ADPMNUSNERSA,2020-03-01,2023-12-06,123855000.0,-74.0
ADPMNUSNERSA,2020-03-01,2024-01-04,123855000.0,-74.0
ADPMNUSNERSA,2020-03-01,2024-01-31,124665000.0,-54.0
ADPMNUSNERSA,2020-03-01,2024-03-06,124665000.0,-54.0
ADPMNUSNERSA,2020-03-01,2024-04-03,124665000.0,-54.0
ADPMNUSNERSA,2020-03-01,2024-05-01,124665000.0,-54.0
ADPMNUSNERSA,2020-03-01,2024-06-05,124665000.0,-54.0
ADPMNUSNERSA,2020-03-01,2024-07-03,124665000.0,-54.0
ADPMNUSNERSA,2020-03-01,2024-07-31,124665000.0,-54.0
ADPMNUSNERSA,2020-03-01,2024-09-05,124665000.0,-54.0
ADPMNUSNERSA,2020-03-01,2024-10-02,124665000.0,-54.0
ADPMNUSNERSA,2020-03-01,2024-10-30,124665000.0,-54.0
ADPMNUSNERSA,2020-03-01,2024-12-04,124665000.0,-54.0
ADPMNUSNERSA,2020-03-01,2025-01-08,124665000.0,-54.0
ADPMNUSNERSA,2020-03-01,2025-02-05,126631000.0,-102.0
ADPMNUSNERSA,2020-03-01,2025-03-05,126609000.0,-116.0
ADPMNUSNERSA,2020-03-01,2025-04-02,126631000.0,-102.0
ADPMNUSNERSA,2020-03-01,2025-04-30,126631000.0,-102.0
ADPMNUSNERSA,2020-03-01,2025-06-04,126631000.0,-102.0
ADPMNUSNERSA,2020-03-01,2025-07-02,126631000.0,-102.0
ADPMNUSNERSA,2020-03-01,2025-07-30,126631000.0,-102.0
ADPMNUSNERSA,2020-03-01,2025-09-04,126631000.0,-102.0
ADPMNUSNERSA,2020-03-01,2025-10-01,126631000.0,-102.0
ADPMNUSNERSA,2020-03-01,2025-11-05,126631000.0,-102.0
ADPMNUSNERSA,2020-03-01,2025-12-03,126631000.0,-102.0
ADPMNUSNERSA,2020-03-01,2026-01-07,126631000.0,-102.0
ADPMNUSNERSA,2020-03-01,2026-02-04,124782000.0,-187.0
ADPMNUSNERSA,2020-03-01,2026-03-04,124782000.0,-187.0
ADPMNUSNERSA,2020-03-01,2026-04-01,124782000.0,-187.0
ADPMNUSNERSA,2020-03-01,2026-05-06,124782000.0,-187.0
ADPMNUSNERSA,2020-03-01,2026-06-03,124782000.0,-187.0
ADPMNUSNERSA,2020-03-01,2026-07-01,124782000.0,-187.0
ADPMNUSNERSA,2020-03-01,2026-08-05,124782000.0,-187.0
ADPMNUSNERSA,2020-04-01,2022-08-31,114360000.0,-6657.0
ADPMNUSNERSA,2020-04-01,2022-10-05,114360000.0,-6657.0
ADPMNUSNERSA,2020-04-01,2022-11-02,114360000.0,-6657.0
ADPMNUSNERSA,2020-04-01,2022-11-30,114360000.0,-6657.0
ADPMNUSNERSA,2020-04-01,2023-01-05,114360000.0,-6657.0
ADPMNUSNERSA,2020-04-01,2023-02-01,117010000.0,-6845.0
ADPMNUSNERSA,2020-04-01,2023-03-08,117010000.0,-6845.0
ADPMNUSNERSA,2020-04-01,2023-04-05,117010000.0,-6845.0
ADPMNUSNERSA,2020-04-01,2023-05-03,117010000.0,-6845.0
ADPMNUSNERSA,2020-04-01,2023-06-01,117010000.0,-6845.0
ADPMNUSNERSA,2020-04-01,2023-07-06,117010000.0,-6845.0
ADPMNUSNERSA,2020-04-01,2023-08-02,117010000.0,-6845.0
ADPMNUSNERSA,2020-04-01,2023-08-30,117010000.0,-6845.0
ADPMNUSNERSA,2020-04-01,2023-10-04,117010000.0,-6845.0
ADPMNUSNERSA,2020-04-01,2023-11-01,117010000.0,-6845.0
ADPMNUSNERSA,2020-04-01,2023-12-06,117010000.0,-6845.0
ADPMNUSNERSA,2020-04-01,2024-01-04,117010000.0,-6845.0
ADPMNUSNERSA,2020-04-01,2024-01-31,117906000.0,-6759.0
ADPMNUSNERSA,2020-04-01,2024-03-06,117906000.0,-6759.0
ADPMNUSNERSA,2020-04-01,2024-04-03,117906000.0,-6759.0
ADPMNUSNERSA,2020-04-01,2024-05-01,117906000.0,-6759.0
ADPMNUSNERSA,2020-04-01,2024-06-05,117906000.0,-6759.0
ADPMNUSNERSA,2020-04-01,2024-07-03,117906000.0,-6759.0
ADPMNUSNERSA,2020-04-01,2024-07-31,117906000.0,-6759.0
ADPMNUSNERSA,2020-04-01,2024-09-05,117906000.0,-6759.0
ADPMNUSNERSA,2020-04-01,2024-10-02,117906000.0,-6759.0
ADPMNUSNERSA,2020-04-01,2024-10-30,117906000.0,-6759.0
ADPMNUSNERSA,2020-04-01,2024-12-04,117906000.0,-6759.0
ADPMNUSNERSA,2020-04-01,2025-01-08,117906000.0,-6759.0
ADPMNUSNERSA,2020-04-01,2025-02-05,120537000.0,-6094.0
ADPMNUSNERSA,2020-04-01,2025-03-05,120587000.0,-6022.0
ADPMNUSNERSA,2020-04-01,2025-04-02,120537000.0,-6094.0
ADPMNUSNERSA,2020-04-01,2025-04-30,120537000.0,-6094.0
ADPMNUSNERSA,2020-04-01,2025-06-04,120537000.0,-6094.0
ADPMNUSNERSA,2020-04-01,2025-07-02,120537000.0,-6094.0
ADPMNUSNERSA,2020-04-01,2025-07-30,120537000.0,-6094.0
ADPMNUSNERSA,2020-04-01,2025-09-04,120537000.0,-6094.0
ADPMNUSNERSA,2020-04-01,2025-10-01,120537000.0,-6094.0
ADPMNUSNERSA,2020-04-01,2025-11-05,120537000.0,-6094.0
ADPMNUSNERSA,2020-04-01,2025-12-03,120537000.0,-6094.0
ADPMNUSNERSA,2020-04-01,2026-01-07,120537000.0,-6094.0
ADPMNUSNERSA,2020-04-01,2026-02-04,123327000.0,-1455.0
ADPMNUSNERSA,2020-04-01,2026-03-04,123327000.0,-1455.0
ADPMNUSNERSA,2020-04-01,2026-04-01,123327000.0,-1455.0
ADPMNUSNERSA,2020-04-01,2026-05-06,123327000.0,-1455.0
ADPMNUSNERSA,2020-04-01,2026-06-03,123327000.0,-1455.0
ADPMNUSNERSA,2020-04-01,2026-07-01,123327000.0,-1455.0
ADPMNUSNERSA,2020-04-01,2026-08-05,123327000.0,-1455.0
ADPMNUSNERSA,2020-05-01,2022-08-31,114164000.0,-196.0
ADPMNUSNERSA,2020-05-01,2022-10-05,114164000.0,-196.0
ADPMNUSNERSA,2020-05-01,2022-11-02,114164000.0,-196.0
ADPMNUSNERSA,2020-05-01,2022-11-30,114164000.0,-196.0
ADPMNUSNERSA,2020-05-01,2023-01-05,114164000.0,-196.0
ADPMNUSNERSA,2020-05-01,2023-02-01,116294000.0,-716.0
ADPMNUSNERSA,2020-05-01,2023-03-08,116294000.0,-716.0
ADPMNUSNERSA,2020-05-01,2023-04-05,116294000.0,-716.0
ADPMNUSNERSA,2020-05-01,2023-05-03,116294000.0,-716.0
ADPMNUSNERSA,2020-05-01,2023-06-01,116294000.0,-716.0
ADPMNUSNERSA,2020-05-01,2023-07-06,116294000.0,-716.0
ADPMNUSNERSA,2020-05-01,2023-08-02,116294000.0,-716.0
ADPMNUSNERSA,2020-05-01,2023-08-30,116294000.0,-716.0
ADPMNUSNERSA,2020-05-01,2023-10-04,116294000.0,-716.0
ADPMNUSNERSA,2020-05-01,2023-11-01,116294000.0,-716.0
ADPMNUSNERSA,2020-05-01,2023-12-06,116294000.0,-716.0
ADPMNUSNERSA,2020-05-01,2024-01-04,116294000.0,-716.0
ADPMNUSNERSA,2020-05-01,2024-01-31,117287000.0,-619.0
ADPMNUSNERSA,2020-05-01,2024-03-06,117287000.0,-619.0
ADPMNUSNERSA,2020-05-01,2024-04-03,117287000.0,-619.0
ADPMNUSNERSA,2020-05-01,2024-05-01,117287000.0,-619.0
ADPMNUSNERSA,2020-05-01,2024-06-05,117287000.0,-619.0
ADPMNUSNERSA,2020-05-01,2024-07-03,117287000.0,-619.0
ADPMNUSNERSA,2020-05-01,2024-07-31,117287000.0,-619.0
ADPMNUSNERSA,2020-05-01,2024-09-05,117287000.0,-619.0
ADPMNUSNERSA,2020-05-01,2024-10-02,117287000.0,-619.0
ADPMNUSNERSA,2020-05-01,2024-10-30,117287000.0,-619.0
ADPMNUSNERSA,2020-05-01,2024-12-04,117287000.0,-619.0
ADPMNUSNERSA,2020-05-01,2025-01-08,117287000.0,-619.0
ADPMNUSNERSA,2020-05-01,2025-02-05,117310000.0,-3227.0
ADPMNUSNERSA,2020-05-01,2025-03-05,117394000.0,-3193.0
ADPMNUSNERSA,2020-05-01,2025-04-02,117310000.0,-3227.0
ADPMNUSNERSA,2020-05-01,2025-04-30,117310000.0,-3227.0
ADPMNUSNERSA,2020-05-01,2025-06-04,117310000.0,-3227.0
ADPMNUSNERSA,2020-05-01,2025-07-02,117310000.0,-3227.0
ADPMNUSNERSA,2020-05-01,2025-07-30,117310000.0,-3227.0
ADPMNUSNERSA,2020-05-01,2025-09-04,117310000.0,-3227.0
ADPMNUSNERSA,2020-05-01,2025-10-01,117310000.0,-3227.0
ADPMNUSNERSA,2020-05-01,2025-11-05,117310000.0,-3227.0
ADPMNUSNERSA,2020-05-01,2025-12-03,117310000.0,-3227.0
ADPMNUSNERSA,2020-05-01,2026-01-07,117310000.0,-3227.0
ADPMNUSNERSA,2020-05-01,2026-02-04,121499000.0,-1828.0
ADPMNUSNERSA,2020-05-01,2026-03-04,121499000.0,-1828.0
ADPMNUSNERSA,2020-05-01,2026-04-01,121499000.0,-1828.0
ADPMNUSNERSA,2020-05-01,2026-05-06,121499000.0,-1828.0
ADPMNUSNERSA,2020-05-01,2026-06-03,121499000.0,-1828.0
ADPMNUSNERSA,2020-05-01,2026-07-01,121499000.0,-1828.0
ADPMNUSNERSA,2020-05-01,2026-08-05,121499000.0,-1828.0
ADPMNUSNERSA,2020-06-01,2022-08-31,114125000.0,-39.0
ADPMNUSNERSA,2020-06-01,2022-10-05,114125000.0,-39.0
ADPMNUSNERSA,2020-06-01,2022-11-02,114125000.0,-39.0
ADPMNUSNERSA,2020-06-01,2022-11-30,114125000.0,-39.0
ADPMNUSNERSA,2020-06-01,2023-01-05,114125000.0,-39.0
ADPMNUSNERSA,2020-06-01,2023-02-01,116296000.0,2.0
ADPMNUSNERSA,2020-06-01,2023-03-08,116296000.0,2.0
ADPMNUSNERSA,2020-06-01,2023-04-05,116296000.0,2.0
ADPMNUSNERSA,2020-06-01,2023-05-03,116296000.0,2.0
ADPMNUSNERSA,2020-06-01,2023-06-01,116296000.0,2.0
ADPMNUSNERSA,2020-06-01,2023-07-06,116296000.0,2.0
ADPMNUSNERSA,2020-06-01,2023-08-02,116296000.0,2.0
ADPMNUSNERSA,2020-06-01,2023-08-30,116296000.0,2.0
ADPMNUSNERSA,2020-06-01,2023-10-04,116296000.0,2.0
ADPMNUSNERSA,2020-06-01,2023-11-01,116296000.0,2.0
ADPMNUSNERSA,2020-06-01,2023-12-06,116296000.0,2.0
ADPMNUSNERSA,2020-06-01,2024-01-04,116296000.0,2.0
ADPMNUSNERSA,2020-06-01,2024-01-31,117389000.0,102.0
ADPMNUSNERSA,2020-06-01,2024-03-06,117389000.0,102.0
ADPMNUSNERSA,2020-06-01,2024-04-03,117389000.0,102.0
ADPMNUSNERSA,2020-06-01,2024-05-01,117389000.0,102.0
ADPMNUSNERSA,2020-06-01,2024-06-05,117389000.0,102.0
ADPMNUSNERSA,2020-06-01,2024-07-03,117389000.0,102.0
ADPMNUSNERSA,2020-06-01,2024-07-31,117389000.0,102.0
ADPMNUSNERSA,2020-06-01,2024-09-05,117389000.0,102.0
ADPMNUSNERSA,2020-06-01,2024-10-02,117389000.0,102.0
ADPMNUSNERSA,2020-06-01,2024-10-30,117389000.0,102.0
ADPMNUSNERSA,2020-06-01,2024-12-04,117389000.0,102.0
ADPMNUSNERSA,2020-06-01,2025-01-08,117389000.0,102.0
ADPMNUSNERSA,2020-06-01,2025-02-05,117202000.0,-108.0
ADPMNUSNERSA,2020-06-01,2025-03-05,117340000.0,-54.0
ADPMNUSNERSA,2020-06-01,2025-04-02,117202000.0,-108.0
ADPMNUSNERSA,2020-06-01,2025-04-30,117202000.0,-108.0
ADPMNUSNERSA,2020-06-01,2025-06-04,117202000.0,-108.0
ADPMNUSNERSA,2020-06-01,2025-07-02,117202000.0,-108.0
ADPMNUSNERSA,2020-06-01,2025-07-30,117202000.0,-108.0
ADPMNUSNERSA,2020-06-01,2025-09-04,117202000.0,-108.0
ADPMNUSNERSA,2020-06-01,2025-10-01,117202000.0,-108.0
ADPMNUSNERSA,2020-06-01,2025-11-05,117202000.0,-108.0
ADPMNUSNERSA,2020-06-01,2025-12-03,117202000.0,-108.0
ADPMNUSNERSA,2020-06-01,2026-01-07,117202000.0,-108.0
ADPMNUSNERSA,2020-06-01,2026-02-04,119957000.0,-1542.0
ADPMNUSNERSA,2020-06-01,2026-03-04,119957000.0,-1542.0
ADPMNUSNERSA,2020-06-01,2026-04-01,119957000.0,-1542.0
ADPMNUSNERSA,2020-06-01,2026-05-06,119957000.0,-1542.0
ADPMNUSNERSA,2020-06-01,2026-06-03,119957000.0,-1542.0
ADPMNUSNERSA,2020-06-01,2026-07-01,119957000.0,-1542.0
ADPMNUSNERSA,2020-06-01,2026-08-05,119957000.0,-1542.0
ADPMNUSNERSA,2020-07-01,2022-08-31,113842000.0,-283.0
ADPMNUSNERSA,2020-07-01,2022-10-05,113842000.0,-283.0
ADPMNUSNERSA,2020-07-01,2022-11-02,113842000.0,-283.0
ADPMNUSNERSA,2020-07-01,2022-11-30,113842000.0,-283.0
ADPMNUSNERSA,2020-07-01,2023-01-05,113842000.0,-283.0
ADPMNUSNERSA,2020-07-01,2023-02-01,116046000.0,-250.0
ADPMNUSNERSA,2020-07-01,2023-03-08,116046000.0,-250.0
ADPMNUSNERSA,2020-07-01,2023-04-05,116046000.0,-250.0
ADPMNUSNERSA,2020-07-01,2023-05-03,116046000.0,-250.0
ADPMNUSNERSA,2020-07-01,2023-06-01,116046000.0,-250.0
ADPMNUSNERSA,2020-07-01,2023-07-06,116046000.0,-250.0
ADPMNUSNERSA,2020-07-01,2023-08-02,116046000.0,-250.0
ADPMNUSNERSA,2020-07-01,2023-08-30,116046000.0,-250.0
ADPMNUSNERSA,2020-07-01,2023-10-04,116046000.0,-250.0
ADPMNUSNERSA,2020-07-01,2023-11-01,116046000.0,-250.0
ADPMNUSNERSA,2020-07-01,2023-12-06,116046000.0,-250.0
ADPMNUSNERSA,2020-07-01,2024-01-04,116046000.0,-250.0
ADPMNUSNERSA,2020-07-01,2024-01-31,117258000.0,-131.0
ADPMNUSNERSA,2020-07-01,2024-03-06,117258000.0,-131.0
ADPMNUSNERSA,2020-07-01,2024-04-03,117258000.0,-131.0
ADPMNUSNERSA,2020-07-01,2024-05-01,117258000.0,-131.0
ADPMNUSNERSA,2020-07-01,2024-06-05,117258000.0,-131.0
ADPMNUSNERSA,2020-07-01,2024-07-03,117258000.0,-131.0
ADPMNUSNERSA,2020-07-01,2024-07-31,117258000.0,-131.0
ADPMNUSNERSA,2020-07-01,2024-09-05,117258000.0,-131.0
ADPMNUSNERSA,2020-07-01,2024-10-02,117258000.0,-131.0
ADPMNUSNERSA,2020-07-01,2024-10-30,117258000.0,-131.0
ADPMNUSNERSA,2020-07-01,2024-12-04,117258000.0,-131.0
ADPMNUSNERSA,2020-07-01,2025-01-08,117258000.0,-131.0
ADPMNUSNERSA,2020-07-01,2025-02-05,117184000.0,-18.0
ADPMNUSNERSA,2020-07-01,2025-03-05,117251000.0,-89.0
ADPMNUSNERSA,2020-07-01,2025-04-02,117184000.0,-18.0
ADPMNUSNERSA,2020-07-01,2025-04-30,117184000.0,-18.0
ADPMNUSNERSA,2020-07-01,2025-06-04,117184000.0,-18.0
ADPMNUSNERSA,2020-07-01,2025-07-02,117184000.0,-18.0
ADPMNUSNERSA,2020-07-01,2025-07-30,117184000.0,-18.0
ADPMNUSNERSA,2020-07-01,2025-09-04,117184000.0,-18.0
ADPMNUSNERSA,2020-07-01,2025-10-01,117184000.0,-18.0
ADPMNUSNERSA,2020-07-01,2025-11-05,117184000.0,-18.0
ADPMNUSNERSA,2020-07-01,2025-12-03,117184000.0,-18.0
ADPMNUSNERSA,2020-07-01,2026-01-07,117184000.0,-18.0
ADPMNUSNERSA,2020-07-01,2026-02-04,119115000.0,-842.0
ADPMNUSNERSA,2020-07-01,2026-03-04,119115000.0,-842.0
ADPMNUSNERSA,2020-07-01,2026-04-01,119115000.0,-842.0
ADPMNUSNERSA,2020-07-01,2026-05-06,119115000.0,-842.0
ADPMNUSNERSA,2020-07-01,2026-06-03,119115000.0,-842.0
ADPMNUSNERSA,2020-07-01,2026-07-01,119115000.0,-842.0
ADPMNUSNERSA,2020-07-01,2026-08-05,119115000.0,-842.0
ADPMNUSNERSA,2020-08-01,2022-08-31,114071000.0,229.0
ADPMNUSNERSA,2020-08-01,2022-10-05,114071000.0,229.0
ADPMNUSNERSA,2020-08-01,2022-11-02,114071000.0,229.0
ADPMNUSNERSA,2020-08-01,2022-11-30,114071000.0,229.0
ADPMNUSNERSA,2020-08-01,2023-01-05,114071000.0,229.0
ADPMNUSNERSA,2020-08-01,2023-02-01,115971000.0,-75.0
ADPMNUSNERSA,2020-08-01,2023-03-08,115971000.0,-75.0
ADPMNUSNERSA,2020-08-01,2023-04-05,115971000.0,-75.0
ADPMNUSNERSA,2020-08-01,2023-05-03,115971000.0,-75.0
ADPMNUSNERSA,2020-08-01,2023-06-01,115971000.0,-75.0
ADPMNUSNERSA,2020-08-01,2023-07-06,115971000.0,-75.0
ADPMNUSNERSA,2020-08-01,2023-08-02,115971000.0,-75.0
ADPMNUSNERSA,2020-08-01,2023-08-30,115971000.0,-75.0
ADPMNUSNERSA,2020-08-01,2023-10-04,115971000.0,-75.0
ADPMNUSNERSA,2020-08-01,2023-11-01,115971000.0,-75.0
ADPMNUSNERSA,2020-08-01,2023-12-06,115971000.0,-75.0
ADPMNUSNERSA,2020-08-01,2024-01-04,115971000.0,-75.0
ADPMNUSNERSA,2020-08-01,2024-01-31,117283000.0,25.0
ADPMNUSNERSA,2020-08-01,2024-03-06,117283000.0,25.0
ADPMNUSNERSA,2020-08-01,2024-04-03,117283000.0,25.0
ADPMNUSNERSA,2020-08-01,2024-05-01,117283000.0,25.0
ADPMNUSNERSA,2020-08-01,2024-06-05,117283000.0,25.0
ADPMNUSNERSA,2020-08-01,2024-07-03,117283000.0,25.0
ADPMNUSNERSA,2020-08-01,2024-07-31,117283000.0,25.0
ADPMNUSNERSA,2020-08-01,2024-09-05,117283000.0,25.0
ADPMNUSNERSA,2020-08-01,2024-10-02,117283000.0,25.0
ADPMNUSNERSA,2020-08-01,2024-10-30,117283000.0,25.0
ADPMNUSNERSA,2020-08-01,2024-12-04,117283000.0,25.0
ADPMNUSNERSA,2020-08-01,2025-01-08,117283000.0,25.0
ADPMNUSNERSA,2020-08-01,2025-02-05,117294000.0,110.0
ADPMNUSNERSA,2020-08-01,2025-03-05,117214000.0,-37.0
ADPMNUSNERSA,2020-08-01,2025-04-02,117294000.0,110.0
ADPMNUSNERSA,2020-08-01,2025-04-30,117294000.0,110.0
ADPMNUSNERSA,2020-08-01,2025-06-04,117294000.0,110.0
ADPMNUSNERSA,2020-08-01,2025-07-02,117294000.0,110.0
ADPMNUSNERSA,2020-08-01,2025-07-30,117294000.0,110.0
ADPMNUSNERSA,2020-08-01,2025-09-04,117294000.0,110.0
ADPMNUSNERSA,2020-08-01,2025-10-01,117294000.0,110.0
ADPMNUSNERSA,2020-08-01,2025-11-05,117294000.0,110.0
ADPMNUSNERSA,2020-08-01,2025-12-03,117294000.0,110.0
ADPMNUSNERSA,2020-08-01,2026-01-07,117294000.0,110.0
ADPMNUSNERSA,2020-08-01,2026-02-04,118758000.0,-357.0
ADPMNUSNERSA,2020-08-01,2026-03-04,118758000.0,-357.0
ADPMNUSNERSA,2020-08-01,2026-04-01,118758000.0,-357.0
ADPMNUSNERSA,2020-08-01,2026-05-06,118758000.0,-357.0
ADPMNUSNERSA,2020-08-01,2026-06-03,118758000.0,-357.0
ADPMNUSNERSA,2020-08-01,2026-07-01,118758000.0,-357.0
ADPMNUSNERSA,2020-08-01,2026-08-05,118758000.0,-357.0
ADPMNUSNERSA,2020-09-01,2022-08-31,114213000.0,142.0
ADPMNUSNERSA,2020-09-01,2022-10-05,114213000.0,142.0
ADPMNUSNERSA,2020-09-01,2022-11-02,114213000.0,142.0
ADPMNUSNERSA,2020-09-01,2022-11-30,114213000.0,142.0
ADPMNUSNERSA,2020-09-01,2023-01-05,114213000.0,142.0
ADPMNUSNERSA,2020-09-01,2023-02-01,116270000.0,299.0
ADPMNUSNERSA,2020-09-01,2023-03-08,116270000.0,299.0
ADPMNUSNERSA,2020-09-01,2023-04-05,116270000.0,299.0
ADPMNUSNERSA,2020-09-01,2023-05-03,116270000.0,299.0
ADPMNUSNERSA,2020-09-01,2023-06-01,116270000.0,299.0
ADPMNUSNERSA,2020-09-01,2023-07-06,116270000.0,299.0
ADPMNUSNERSA,2020-09-01,2023-08-02,116270000.0,299.0
ADPMNUSNERSA,2020-09-01,2023-08-30,116270000.0,299.0
ADPMNUSNERSA,2020-09-01,2023-10-04,116270000.0,299.0
ADPMNUSNERSA,2020-09-01,2023-11-01,116270000.0,299.0
ADPMNUSNERSA,2020-09-01,2023-12-06,116270000.0,299.0
ADPMNUSNERSA,2020-09-01,2024-01-04,116270000.0,299.0
ADPMNUSNERSA,2020-09-01,2024-01-31,117678000.0,395.0
ADPMNUSNERSA,2020-09-01,2024-03-06,117678000.0,395.0
ADPMNUSNERSA,2020-09-01,2024-04-03,117678000.0,395.0
ADPMNUSNERSA,2020-09-01,2024-05-01,117678000.0,395.0
ADPMNUSNERSA,2020-09-01,2024-06-05,117678000.0,395.0
ADPMNUSNERSA,2020-09-01,2024-07-03,117678000.0,395.0
ADPMNUSNERSA,2020-09-01,2024-07-31,117678000.0,395.0
ADPMNUSNERSA,2020-09-01,2024-09-05,117678000.0,395.0
ADPMNUSNERSA,2020-09-01,2024-10-02,117678000.0,395.0
ADPMNUSNERSA,2020-09-01,2024-10-30,117678000.0,395.0
ADPMNUSNERSA,2020-09-01,2024-12-04,117678000.0,395.0
ADPMNUSNERSA,2020-09-01,2025-01-08,117678000.0,395.0
ADPMNUSNERSA,2020-09-01,2025-02-05,118220000.0,926.0
ADPMNUSNERSA,2020-09-01,2025-03-05,118340000.0,1126.0
ADPMNUSNERSA,2020-09-01,2025-04-02,118220000.0,926.0
ADPMNUSNERSA,2020-09-01,2025-04-30,118220000.0,926.0
ADPMNUSNERSA,2020-09-01,2025-06-04,118220000.0,926.0
ADPMNUSNERSA,2020-09-01,2025-07-02,118220000.0,926.0
ADPMNUSNERSA,2020-09-01,2025-07-30,118220000.0,926.0
ADPMNUSNERSA,2020-09-01,2025-09-04,118220000.0,926.0
ADPMNUSNERSA,2020-09-01,2025-10-01,118220000.0,926.0
ADPMNUSNERSA,2020-09-01,2025-11-05,118220000.0,926.0
ADPMNUSNERSA,2020-09-01,2025-12-03,118220000.0,926.0
ADPMNUSNERSA,2020-09-01,2026-01-07,118220000.0,926.0
ADPMNUSNERSA,2020-09-01,2026-02-04,118978000.0,220.0
ADPMNUSNERSA,2020-09-01,2026-03-04,118978000.0,220.0
ADPMNUSNERSA,2020-09-01,2026-04-01,118978000.0,220.0
ADPMNUSNERSA,2020-09-01,2026-05-06,118978000.0,220.0
ADPMNUSNERSA,2020-09-01,2026-06-03,118978000.0,220.0
ADPMNUSNERSA,2020-09-01,2026-07-01,118978000.0,220.0
ADPMNUSNERSA,2020-09-01,2026-08-05,118978000.0,220.0
ADPMNUSNERSA,2020-10-01,2022-08-31,114447000.0,234.0
ADPMNUSNERSA,2020-10-01,2022-10-05,114447000.0,234.0
ADPMNUSNERSA,2020-10-01,2022-11-02,114447000.0,234.0
ADPMNUSNERSA,2020-10-01,2022-11-30,114447000.0,234.0
ADPMNUSNERSA,2020-10-01,2023-01-05,114447000.0,234.0
ADPMNUSNERSA,2020-10-01,2023-02-01,116627000.0,357.0
ADPMNUSNERSA,2020-10-01,2023-03-08,116627000.0,357.0
ADPMNUSNERSA,2020-10-01,2023-04-05,116627000.0,357.0
ADPMNUSNERSA,2020-10-01,2023-05-03,116627000.0,357.0
ADPMNUSNERSA,2020-10-01,2023-06-01,116627000.0,357.0
ADPMNUSNERSA,2020-10-01,2023-07-06,116627000.0,357.0
ADPMNUSNERSA,2020-10-01,2023-08-02,116627000.0,357.0
ADPMNUSNERSA,2020-10-01,2023-08-30,116627000.0,357.0
ADPMNUSNERSA,2020-10-01,2023-10-04,116627000.0,357.0
ADPMNUSNERSA,2020-10-01,2023-11-01,116627000.0,357.0
ADPMNUSNERSA,2020-10-01,2023-12-06,116627000.0,357.0
ADPMNUSNERSA,2020-10-01,2024-01-04,116627000.0,357.0
ADPMNUSNERSA,2020-10-01,2024-01-31,118165000.0,487.0
ADPMNUSNERSA,2020-10-01,2024-03-06,118165000.0,487.0
ADPMNUSNERSA,2020-10-01,2024-04-03,118165000.0,487.0
ADPMNUSNERSA,2020-10-01,2024-05-01,118165000.0,487.0
ADPMNUSNERSA,2020-10-01,2024-06-05,118165000.0,487.0
ADPMNUSNERSA,2020-10-01,2024-07-03,118165000.0,487.0
ADPMNUSNERSA,2020-10-01,2024-07-31,118165000.0,487.0
ADPMNUSNERSA,2020-10-01,2024-09-05,118165000.0,487.0
ADPMNUSNERSA,2020-10-01,2024-10-02,118165000.0,487.0
ADPMNUSNERSA,2020-10-01,2024-10-30,118165000.0,487.0
ADPMNUSNERSA,2020-10-01,2024-12-04,118165000.0,487.0
ADPMNUSNERSA,2020-10-01,2025-01-08,118165000.0,487.0
ADPMNUSNERSA,2020-10-01,2025-02-05,118860000.0,640.0
ADPMNUSNERSA,2020-10-01,2025-03-05,118917000.0,577.0
ADPMNUSNERSA,2020-10-01,2025-04-02,118860000.0,640.0
ADPMNUSNERSA,2020-10-01,2025-04-30,118860000.0,640.0
ADPMNUSNERSA,2020-10-01,2025-06-04,118860000.0,640.0
ADPMNUSNERSA,2020-10-01,2025-07-02,118860000.0,640.0
ADPMNUSNERSA,2020-10-01,2025-07-30,118860000.0,640.0
ADPMNUSNERSA,2020-10-01,2025-09-04,118860000.0,640.0
ADPMNUSNERSA,2020-10-01,2025-10-01,118860000.0,640.0
ADPMNUSNERSA,2020-10-01,2025-11-05,118860000.0,640.0
ADPMNUSNERSA,2020-10-01,2025-12-03,118860000.0,640.0
ADPMNUSNERSA,2020-10-01,2026-01-07,118860000.0,640.0
ADPMNUSNERSA,2020-10-01,2026-02-04,119197000.0,219.0
ADPMNUSNERSA,2020-10-01,2026-03-04,119197000.0,219.0
ADPMNUSNERSA,2020-10-01,2026-04-01,119197000.0,219.0
ADPMNUSNERSA,2020-10-01,2026-05-06,119197000.0,219.0
ADPMNUSNERSA,2020-10-01,2026-06-03,119197000.0,219.0
ADPMNUSNERSA,2020-10-01,2026-07-01,119197000.0,219.0
ADPMNUSNERSA,2020-10-01,2026-08-05,119197000.0,219.0
ADPMNUSNERSA,2020-11-01,2022-08-31,114576000.0,129.0
ADPMNUSNERSA,2020-11-01,2022-10-05,114576000.0,129.0
ADPMNUSNERSA,2020-11-01,2022-11-02,114576000.0,129.0
ADPMNUSNERSA,2020-11-01,2022-11-30,114576000.0,129.0
ADPMNUSNERSA,2020-11-01,2023-01-05,114576000.0,129.0
ADPMNUSNERSA,2020-11-01,2023-02-01,116807000.0,180.0
ADPMNUSNERSA,2020-11-01,2023-03-08,116807000.0,180.0
ADPMNUSNERSA,2020-11-01,2023-04-05,116807000.0,180.0
ADPMNUSNERSA,2020-11-01,2023-05-03,116807000.0,180.0
ADPMNUSNERSA,2020-11-01,2023-06-01,116807000.0,180.0
ADPMNUSNERSA,2020-11-01,2023-07-06,116807000.0,180.0
ADPMNUSNERSA,2020-11-01,2023-08-02,116807000.0,180.0
ADPMNUSNERSA,2020-11-01,2023-08-30,116807000.0,180.0
ADPMNUSNERSA,2020-11-01,2023-10-04,116807000.0,180.0
ADPMNUSNERSA,2020-11-01,2023-11-01,116807000.0,180.0
ADPMNUSNERSA,2020-11-01,2023-12-06,116807000.0,180.0
ADPMNUSNERSA,2020-11-01,2024-01-04,116807000.0,180.0
ADPMNUSNERSA,2020-11-01,2024-01-31,118446000.0,281.0
ADPMNUSNERSA,2020-11-01,2024-03-06,118446000.0,281.0
ADPMNUSNERSA,2020-11-01,2024-04-03,118446000.0,281.0
ADPMNUSNERSA,2020-11-01,2024-05-01,118446000.0,281.0
ADPMNUSNERSA,2020-11-01,2024-06-05,118446000.0,281.0
ADPMNUSNERSA,2020-11-01,2024-07-03,118446000.0,281.0
ADPMNUSNERSA,2020-11-01,2024-07-31,118446000.0,281.0
ADPMNUSNERSA,2020-11-01,2024-09-05,118446000.0,281.0
ADPMNUSNERSA,2020-11-01,2024-10-02,118446000.0,281.0
ADPMNUSNERSA,2020-11-01,2024-10-30,118446000.0,281.0
ADPMNUSNERSA,2020-11-01,2024-12-04,118446000.0,281.0
ADPMNUSNERSA,2020-11-01,2025-01-08,118446000.0,281.0
ADPMNUSNERSA,2020-11-01,2025-02-05,119428000.0,568.0
ADPMNUSNERSA,2020-11-01,2025-03-05,119437000.0,520.0
ADPMNUSNERSA,2020-11-01,2025-04-02,119428000.0,568.0
ADPMNUSNERSA,2020-11-01,2025-04-30,119428000.0,568.0
ADPMNUSNERSA,2020-11-01,2025-06-04,119428000.0,568.0
ADPMNUSNERSA,2020-11-01,2025-07-02,119428000.0,568.0
ADPMNUSNERSA,2020-11-01,2025-07-30,119428000.0,568.0
ADPMNUSNERSA,2020-11-01,2025-09-04,119428000.0,568.0
ADPMNUSNERSA,2020-11-01,2025-10-01,119428000.0,568.0
ADPMNUSNERSA,2020-11-01,2025-11-05,119428000.0,568.0
ADPMNUSNERSA,2020-11-01,2025-12-03,119428000.0,568.0
ADPMNUSNERSA,2020-11-01,2026-01-07,119428000.0,568.0
ADPMNUSNERSA,2020-11-01,2026-02-04,119424000.0,227.0
ADPMNUSNERSA,2020-11-01,2026-03-04,119424000.0,227.0
ADPMNUSNERSA,2020-11-01,2026-04-01,119424000.0,227.0
ADPMNUSNERSA,2020-11-01,2026-05-06,119424000.0,227.0
ADPMNUSNERSA,2020-11-01,2026-06-03,119424000.0,227.0
ADPMNUSNERSA,2020-11-01,2026-07-01,119424000.0,227.0
ADPMNUSNERSA,2020-11-01,2026-08-05,119424000.0,227.0
ADPMNUSNERSA,2020-12-01,2022-08-31,114518000.0,-58.0
ADPMNUSNERSA,2020-12-01,2022-10-05,114518000.0,-58.0
ADPMNUSNERSA,2020-12-01,2022-11-02,114518000.0,-58.0
ADPMNUSNERSA,2020-12-01,2022-11-30,114518000.0,-58.0
ADPMNUSNERSA,2020-12-01,2023-01-05,114518000.0,-58.0
ADPMNUSNERSA,2020-12-01,2023-02-01,117034000.0,227.0
ADPMNUSNERSA,2020-12-01,2023-03-08,117034000.0,227.0
ADPMNUSNERSA,2020-12-01,2023-04-05,117034000.0,227.0
ADPMNUSNERSA,2020-12-01,2023-05-03,117034000.0,227.0
ADPMNUSNERSA,2020-12-01,2023-06-01,117034000.0,227.0
ADPMNUSNERSA,2020-12-01,2023-07-06,117034000.0,227.0
ADPMNUSNERSA,2020-12-01,2023-08-02,117034000.0,227.0
ADPMNUSNERSA,2020-12-01,2023-08-30,117034000.0,227.0
ADPMNUSNERSA,2020-12-01,2023-10-04,117034000.0,227.0
ADPMNUSNERSA,2020-12-01,2023-11-01,117034000.0,227.0
ADPMNUSNERSA,2020-12-01,2023-12-06,117034000.0,227.0
ADPMNUSNERSA,2020-12-01,2024-01-04,117034000.0,227.0
ADPMNUSNERSA,2020-12-01,2024-01-31,118823000.0,377.0
ADPMNUSNERSA,2020-12-01,2024-03-06,118823000.0,377.0
ADPMNUSNERSA,2020-12-01,2024-04-03,118823000.0,377.0
ADPMNUSNERSA,2020-12-01,2024-05-01,118823000.0,377.0
ADPMNUSNERSA,2020-12-01,2024-06-05,118823000.0,377.0
ADPMNUSNERSA,2020-12-01,2024-07-03,118823000.0,377.0
ADPMNUSNERSA,2020-12-01,2024-07-31,118823000.0,377.0
ADPMNUSNERSA,2020-12-01,2024-09-05,118823000.0,377.0
ADPMNUSNERSA,2020-12-01,2024-10-02,118823000.0,377.0
ADPMNUSNERSA,2020-12-01,2024-10-30,118823000.0,377.0
ADPMNUSNERSA,2020-12-01,2024-12-04,118823000.0,377.0
ADPMNUSNERSA,2020-12-01,2025-01-08,118823000.0,377.0
ADPMNUSNERSA,2020-12-01,2025-02-05,120141000.0,713.0
ADPMNUSNERSA,2020-12-01,2025-03-05,120069000.0,632.0
ADPMNUSNERSA,2020-12-01,2025-04-02,120141000.0,713.0
ADPMNUSNERSA,2020-12-01,2025-04-30,120141000.0,713.0
ADPMNUSNERSA,2020-12-01,2025-06-04,120141000.0,713.0
ADPMNUSNERSA,2020-12-01,2025-07-02,120141000.0,713.0
ADPMNUSNERSA,2020-12-01,2025-07-30,120141000.0,713.0
ADPMNUSNERSA,2020-12-01,2025-09-04,120141000.0,713.0
ADPMNUSNERSA,2020-12-01,2025-10-01,120141000.0,713.0
ADPMNUSNERSA,2020-12-01,2025-11-05,120141000.0,713.0
ADPMNUSNERSA,2020-12-01,2025-12-03,120141000.0,713.0
ADPMNUSNERSA,2020-12-01,2026-01-07,120141000.0,713.0
ADPMNUSNERSA,2020-12-01,2026-02-04,119612000.0,188.0
ADPMNUSNERSA,2020-12-01,2026-03-04,119612000.0,188.0
ADPMNUSNERSA,2020-12-01,2026-04-01,119612000.0,188.0
ADPMNUSNERSA,2020-12-01,2026-05-06,119612000.0,188.0
ADPMNUSNERSA,2020-12-01,2026-06-03,119612000.0,188.0
ADPMNUSNERSA,2020-12-01,2026-07-01,119612000.0,188.0
ADPMNUSNERSA,2020-12-01,2026-08-05,119612000.0,188.0
ADPMNUSNERSA,2021-01-01,2022-08-31,114409000.0,-109.0
ADPMNUSNERSA,2021-01-01,2022-10-05,114409000.0,-109.0
ADPMNUSNERSA,2021-01-01,2022-11-02,114409000.0,-109.0
ADPMNUSNERSA,2021-01-01,2022-11-30,114409000.0,-109.0
ADPMNUSNERSA,2021-01-01,2023-01-05,114409000.0,-109.0
ADPMNUSNERSA,2021-01-01,2023-02-01,116965000.0,-69.0
ADPMNUSNERSA,2021-01-01,2023-03-08,116965000.0,-69.0
ADPMNUSNERSA,2021-01-01,2023-04-05,116965000.0,-69.0
ADPMNUSNERSA,2021-01-01,2023-05-03,116965000.0,-69.0
ADPMNUSNERSA,2021-01-01,2023-06-01,116965000.0,-69.0
ADPMNUSNERSA,2021-01-01,2023-07-06,116965000.0,-69.0
ADPMNUSNERSA,2021-01-01,2023-08-02,116965000.0,-69.0
ADPMNUSNERSA,2021-01-01,2023-08-30,116965000.0,-69.0
ADPMNUSNERSA,2021-01-01,2023-10-04,116965000.0,-69.0
ADPMNUSNERSA,2021-01-01,2023-11-01,116965000.0,-69.0
ADPMNUSNERSA,2021-01-01,2023-12-06,116965000.0,-69.0
ADPMNUSNERSA,2021-01-01,2024-01-04,116965000.0,-69.0
ADPMNUSNERSA,2021-01-01,2024-01-31,118832000.0,9.0
ADPMNUSNERSA,2021-01-01,2024-03-06,118832000.0,9.0
ADPMNUSNERSA,2021-01-01,2024-04-03,118832000.0,9.0
ADPMNUSNERSA,2021-01-01,2024-05-01,118832000.0,9.0
ADPMNUSNERSA,2021-01-01,2024-06-05,118832000.0,9.0
ADPMNUSNERSA,2021-01-01,2024-07-03,118832000.0,9.0
ADPMNUSNERSA,2021-01-01,2024-07-31,118832000.0,9.0
ADPMNUSNERSA,2021-01-01,2024-09-05,118832000.0,9.0
ADPMNUSNERSA,2021-01-01,2024-10-02,118832000.0,9.0
ADPMNUSNERSA,2021-01-01,2024-10-30,118832000.0,9.0
ADPMNUSNERSA,2021-01-01,2024-12-04,118832000.0,9.0
ADPMNUSNERSA,2021-01-01,2025-01-08,118832000.0,9.0
ADPMNUSNERSA,2021-01-01,2025-02-05,120591000.0,450.0
ADPMNUSNERSA,2021-01-01,2025-03-05,120525000.0,456.0
ADPMNUSNERSA,2021-01-01,2025-04-02,120591000.0,450.0
ADPMNUSNERSA,2021-01-01,2025-04-30,120591000.0,450.0
ADPMNUSNERSA,2021-01-01,2025-06-04,120591000.0,450.0
ADPMNUSNERSA,2021-01-01,2025-07-02,120591000.0,450.0
ADPMNUSNERSA,2021-01-01,2025-07-30,120591000.0,450.0
ADPMNUSNERSA,2021-01-01,2025-09-04,120591000.0,450.0
ADPMNUSNERSA,2021-01-01,2025-10-01,120591000.0,450.0
ADPMNUSNERSA,2021-01-01,2025-11-05,120591000.0,450.0
ADPMNUSNERSA,2021-01-01,2025-12-03,120591000.0,450.0
ADPMNUSNERSA,2021-01-01,2026-01-07,120591000.0,450.0
ADPMNUSNERSA,2021-01-01,2026-02-04,119529000.0,-83.0
ADPMNUSNERSA,2021-01-01,2026-03-04,119529000.0,-83.0
ADPMNUSNERSA,2021-01-01,2026-04-01,119529000.0,-83.0
ADPMNUSNERSA,2021-01-01,2026-05-06,119529000.0,-83.0
ADPMNUSNERSA,2021-01-01,2026-06-03,119529000.0,-83.0
ADPMNUSNERSA,2021-01-01,2026-07-01,119529000.0,-83.0
ADPMNUSNERSA,2021-01-01,2026-08-05,119529000.0,-83.0
ADPMNUSNERSA,2021-02-01,2022-08-31,114750000.0,341.0
ADPMNUSNERSA,2021-02-01,2022-10-05,114750000.0,341.0
ADPMNUSNERSA,2021-02-01,2022-11-02,114750000.0,341.0
ADPMNUSNERSA,2021-02-01,2022-11-30,114750000.0,341.0
ADPMNUSNERSA,2021-02-01,2023-01-05,114750000.0,341.0
ADPMNUSNERSA,2021-02-01,2023-02-01,117079000.0,114.0
ADPMNUSNERSA,2021-02-01,2023-03-08,117079000.0,114.0
ADPMNUSNERSA,2021-02-01,2023-04-05,117079000.0,114.0
ADPMNUSNERSA,2021-02-01,2023-05-03,117079000.0,114.0
ADPMNUSNERSA,2021-02-01,2023-06-01,117079000.0,114.0
ADPMNUSNERSA,2021-02-01,2023-07-06,117079000.0,114.0
ADPMNUSNERSA,2021-02-01,2023-08-02,117079000.0,114.0
ADPMNUSNERSA,2021-02-01,2023-08-30,117079000.0,114.0
ADPMNUSNERSA,2021-02-01,2023-10-04,117079000.0,114.0
ADPMNUSNERSA,2021-02-01,2023-11-01,117079000.0,114.0
ADPMNUSNERSA,2021-02-01,2023-12-06,117079000.0,114.0
ADPMNUSNERSA,2021-02-01,2024-01-04,117079000.0,114.0
ADPMNUSNERSA,2021-02-01,2024-01-31,119045000.0,213.0
ADPMNUSNERSA,2021-02-01,2024-03-06,119045000.0,213.0
ADPMNUSNERSA,2021-02-01,2024-04-03,119045000.0,213.0
ADPMNUSNERSA,2021-02-01,2024-05-01,119045000.0,213.0
ADPMNUSNERSA,2021-02-01,2024-06-05,119045000.0,213.0
ADPMNUSNERSA,2021-02-01,2024-07-03,119045000.0,213.0
ADPMNUSNERSA,2021-02-01,2024-07-31,119045000.0,213.0
ADPMNUSNERSA,2021-02-01,2024-09-05,119045000.0,213.0
ADPMNUSNERSA,2021-02-01,2024-10-02,119045000.0,213.0
ADPMNUSNERSA,2021-02-01,2024-10-30,119045000.0,213.0
ADPMNUSNERSA,2021-02-01,2024-12-04,119045000.0,213.0
ADPMNUSNERSA,2021-02-01,2025-01-08,119045000.0,213.0
ADPMNUSNERSA,2021-02-01,2025-02-05,120782000.0,191.0
ADPMNUSNERSA,2021-02-01,2025-03-05,120740000.0,215.0
ADPMNUSNERSA,2021-02-01,2025-04-02,120782000.0,191.0
ADPMNUSNERSA,2021-02-01,2025-04-30,120782000.0,191.0
ADPMNUSNERSA,2021-02-01,2025-06-04,120782000.0,191.0
ADPMNUSNERSA,2021-02-01,2025-07-02,120782000.0,191.0
ADPMNUSNERSA,2021-02-01,2025-07-30,120782000.0,191.0
ADPMNUSNERSA,2021-02-01,2025-09-04,120782000.0,191.0
ADPMNUSNERSA,2021-02-01,2025-10-01,120782000.0,191.0
ADPMNUSNERSA,2021-02-01,2025-11-05,120782000.0,191.0
ADPMNUSNERSA,2021-02-01,2025-12-03,120782000.0,191.0
ADPMNUSNERSA,2021-02-01,2026-01-07,120782000.0,191.0
ADPMNUSNERSA,2021-02-01,2026-02-04,119330000.0,-199.0
ADPMNUSNERSA,2021-02-01,2026-03-04,119330000.0,-199.0
ADPMNUSNERSA,2021-02-01,2026-04-01,119330000.0,-199.0
ADPMNUSNERSA,2021-02-01,2026-05-06,119330000.0,-199.0
ADPMNUSNERSA,2021-02-01,2026-06-03,119330000.0,-199.0
ADPMNUSNERSA,2021-02-01,2026-07-01,119330000.0,-199.0
ADPMNUSNERSA,2021-02-01,2026-08-05,119330000.0,-199.0
ADPMNUSNERSA,2021-03-01,2022-08-31,115047000.0,297.0
ADPMNUSNERSA,2021-03-01,2022-10-05,115047000.0,297.0
ADPMNUSNERSA,2021-03-01,2022-11-02,115047000.0,297.0
ADPMNUSNERSA,2021-03-01,2022-11-30,115047000.0,297.0
ADPMNUSNERSA,2021-03-01,2023-01-05,115047000.0,297.0
ADPMNUSNERSA,2021-03-01,2023-02-01,117308000.0,229.0
ADPMNUSNERSA,2021-03-01,2023-03-08,117308000.0,229.0
ADPMNUSNERSA,2021-03-01,2023-04-05,117308000.0,229.0
ADPMNUSNERSA,2021-03-01,2023-05-03,117308000.0,229.0
ADPMNUSNERSA,2021-03-01,2023-06-01,117308000.0,229.0
ADPMNUSNERSA,2021-03-01,2023-07-06,117308000.0,229.0
ADPMNUSNERSA,2021-03-01,2023-08-02,117308000.0,229.0
ADPMNUSNERSA,2021-03-01,2023-08-30,117308000.0,229.0
ADPMNUSNERSA,2021-03-01,2023-10-04,117308000.0,229.0
ADPMNUSNERSA,2021-03-01,2023-11-01,117308000.0,229.0
ADPMNUSNERSA,2021-03-01,2023-12-06,117308000.0,229.0
ADPMNUSNERSA,2021-03-01,2024-01-04,117308000.0,229.0
ADPMNUSNERSA,2021-03-01,2024-01-31,119219000.0,174.0
ADPMNUSNERSA,2021-03-01,2024-03-06,119219000.0,174.0
ADPMNUSNERSA,2021-03-01,2024-04-03,119219000.0,174.0
ADPMNUSNERSA,2021-03-01,2024-05-01,119219000.0,174.0
ADPMNUSNERSA,2021-03-01,2024-06-05,119219000.0,174.0
ADPMNUSNERSA,2021-03-01,2024-07-03,119219000.0,174.0
ADPMNUSNERSA,2021-03-01,2024-07-31,119219000.0,174.0
ADPMNUSNERSA,2021-03-01,2024-09-05,119219000.0,174.0
ADPMNUSNERSA,2021-03-01,2024-10-02,119219000.0,174.0
ADPMNUSNERSA,2021-03-01,2024-10-30,119219000.0,174.0
ADPMNUSNERSA,2021-03-01,2024-12-04,119219000.0,174.0
ADPMNUSNERSA,2021-03-01,2025-01-08,119219000.0,174.0
ADPMNUSNERSA,2021-03-01,2025-02-05,121185000.0,403.0
ADPMNUSNERSA,2021-03-01,2025-03-05,121163000.0,423.0
ADPMNUSNERSA,2021-03-01,2025-04-02,121185000.0,403.0
ADPMNUSNERSA,2021-03-01,2025-04-30,121185000.0,403.0
ADPMNUSNERSA,2021-03-01,2025-06-04,121185000.0,403.0
ADPMNUSNERSA,2021-03-01,2025-07-02,121185000.0,403.0
ADPMNUSNERSA,2021-03-01,2025-07-30,121185000.0,403.0
ADPMNUSNERSA,2021-03-01,2025-09-04,121185000.0,403.0
ADPMNUSNERSA,2021-03-01,2025-10-01,121185000.0,403.0
ADPMNUSNERSA,2021-03-01,2025-11-05,121185000.0,403.0
ADPMNUSNERSA,2021-03-01,2025-12-03,121185000.0,403.0
ADPMNUSNERSA,2021-03-01,2026-01-07,121185000.0,403.0
ADPMNUSNERSA,2021-03-01,2026-02-04,119262000.0,-68.0
ADPMNUSNERSA,2021-03-01,2026-03-04,119262000.0,-68.0
ADPMNUSNERSA,2021-03-01,2026-04-01,119262000.0,-68.0
ADPMNUSNERSA,2021-03-01,2026-05-06,119262000.0,-68.0
ADPMNUSNERSA,2021-03-01,2026-06-03,119262000.0,-68.0
ADPMNUSNERSA,2021-03-01,2026-07-01,119262000.0,-68.0
ADPMNUSNERSA,2021-03-01,2026-08-05,119262000.0,-68.0
ADPMNUSNERSA,2021-04-01,2022-08-31,115265000.0,218.0
ADPMNUSNERSA,2021-04-01,2022-10-05,115265000.0,218.0
ADPMNUSNERSA,2021-04-01,2022-11-02,115265000.0,218.0
ADPMNUSNERSA,2021-04-01,2022-11-30,115265000.0,218.0
ADPMNUSNERSA,2021-04-01,2023-01-05,115265000.0,218.0
ADPMNUSNERSA,2021-04-01,2023-02-01,117609000.0,301.0
ADPMNUSNERSA,2021-04-01,2023-03-08,117609000.0,301.0
ADPMNUSNERSA,2021-04-01,2023-04-05,117609000.0,301.0
ADPMNUSNERSA,2021-04-01,2023-05-03,117609000.0,301.0
ADPMNUSNERSA,2021-04-01,2023-06-01,117609000.0,301.0
ADPMNUSNERSA,2021-04-01,2023-07-06,117609000.0,301.0
ADPMNUSNERSA,2021-04-01,2023-08-02,117609000.0,301.0
ADPMNUSNERSA,2021-04-01,2023-08-30,117609000.0,301.0
ADPMNUSNERSA,2021-04-01,2023-10-04,117609000.0,301.0
ADPMNUSNERSA,2021-04-01,2023-11-01,117609000.0,301.0
ADPMNUSNERSA,2021-04-01,2023-12-06,117609000.0,301.0
ADPMNUSNERSA,2021-04-01,2024-01-04,117609000.0,301.0
ADPMNUSNERSA,2021-04-01,2024-01-31,119474000.0,255.0
ADPMNUSNERSA,2021-04-01,2024-03-06,119474000.0,255.0
ADPMNUSNERSA,2021-04-01,2024-04-03,119474000.0,255.0
ADPMNUSNERSA,2021-04-01,2024-05-01,119474000.0,255.0
ADPMNUSNERSA,2021-04-01,2024-06-05,119474000.0,255.0
ADPMNUSNERSA,2021-04-01,2024-07-03,119474000.0,255.0
ADPMNUSNERSA,2021-04-01,2024-07-31,119474000.0,255.0
ADPMNUSNERSA,2021-04-01,2024-09-05,119474000.0,255.0
ADPMNUSNERSA,2021-04-01,2024-10-02,119474000.0,255.0
ADPMNUSNERSA,2021-04-01,2024-10-30,119474000.0,255.0
ADPMNUSNERSA,2021-04-01,2024-12-04,119474000.0,255.0
ADPMNUSNERSA,2021-04-01,2025-01-08,119474000.0,255.0
ADPMNUSNERSA,2021-04-01,2025-02-05,121239000.0,54.0
ADPMNUSNERSA,2021-04-01,2025-03-05,121314000.0,151.0
ADPMNUSNERSA,2021-04-01,2025-04-02,121239000.0,54.0
ADPMNUSNERSA,2021-04-01,2025-04-30,121239000.0,54.0
ADPMNUSNERSA,2021-04-01,2025-06-04,121239000.0,54.0
ADPMNUSNERSA,2021-04-01,2025-07-02,121239000.0,54.0
ADPMNUSNERSA,2021-04-01,2025-07-30,121239000.0,54.0
ADPMNUSNERSA,2021-04-01,2025-09-04,121239000.0,54.0
ADPMNUSNERSA,2021-04-01,2025-10-01,121239000.0,54.0
ADPMNUSNERSA,2021-04-01,2025-11-05,121239000.0,54.0
ADPMNUSNERSA,2021-04-01,2025-12-03,121239000.0,54.0
ADPMNUSNERSA,2021-04-01,2026-01-07,121239000.0,54.0
ADPMNUSNERSA,2021-04-01,2026-02-04,119308000.0,46.0
ADPMNUSNERSA,2021-04-01,2026-03-04,119308000.0,46.0
ADPMNUSNERSA,2021-04-01,2026-04-01,119308000.0,46.0
ADPMNUSNERSA,2021-04-01,2026-05-06,119308000.0,46.0
ADPMNUSNERSA,2021-04-01,2026-06-03,119308000.0,46.0
ADPMNUSNERSA,2021-04-01,2026-07-01,119308000.0,46.0
ADPMNUSNERSA,2021-04-01,2026-08-05,119308000.0,46.0
ADPMNUSNERSA,2021-05-01,2022-08-31,115753000.0,488.0
ADPMNUSNERSA,2021-05-01,2022-10-05,115753000.0,488.0
ADPMNUSNERSA,2021-05-01,2022-11-02,115753000.0,488.0
ADPMNUSNERSA,2021-05-01,2022-11-30,115753000.0,488.0
ADPMNUSNERSA,2021-05-01,2023-01-05,115753000.0,488.0
ADPMNUSNERSA,2021-05-01,2023-02-01,117929000.0,320.0
ADPMNUSNERSA,2021-05-01,2023-03-08,117929000.0,320.0
ADPMNUSNERSA,2021-05-01,2023-04-05,117929000.0,320.0
ADPMNUSNERSA,2021-05-01,2023-05-03,117929000.0,320.0
ADPMNUSNERSA,2021-05-01,2023-06-01,117929000.0,320.0
ADPMNUSNERSA,2021-05-01,2023-07-06,117929000.0,320.0
ADPMNUSNERSA,2021-05-01,2023-08-02,117929000.0,320.0
ADPMNUSNERSA,2021-05-01,2023-08-30,117929000.0,320.0
ADPMNUSNERSA,2021-05-01,2023-10-04,117929000.0,320.0
ADPMNUSNERSA,2021-05-01,2023-11-01,117929000.0,320.0
ADPMNUSNERSA,2021-05-01,2023-12-06,117929000.0,320.0
ADPMNUSNERSA,2021-05-01,2024-01-04,117929000.0,320.0
ADPMNUSNERSA,2021-05-01,2024-01-31,119759000.0,285.0
ADPMNUSNERSA,2021-05-01,2024-03-06,119759000.0,285.0
ADPMNUSNERSA,2021-05-01,2024-04-03,119759000.0,285.0
ADPMNUSNERSA,2021-05-01,2024-05-01,119759000.0,285.0
ADPMNUSNERSA,2021-05-01,2024-06-05,119759000.0,285.0
ADPMNUSNERSA,2021-05-01,2024-07-03,119759000.0,285.0
ADPMNUSNERSA,2021-05-01,2024-07-31,119759000.0,285.0
ADPMNUSNERSA,2021-05-01,2024-09-05,119759000.0,285.0
ADPMNUSNERSA,2021-05-01,2024-10-02,119759000.0,285.0
ADPMNUSNERSA,2021-05-01,2024-10-30,119759000.0,285.0
ADPMNUSNERSA,2021-05-01,2024-12-04,119759000.0,285.0
ADPMNUSNERSA,2021-05-01,2025-01-08,119759000.0,285.0
ADPMNUSNERSA,2021-05-01,2025-02-05,121363000.0,124.0
ADPMNUSNERSA,2021-05-01,2025-03-05,121559000.0,245.0
ADPMNUSNERSA,2021-05-01,2025-04-02,121363000.0,124.0
ADPMNUSNERSA,2021-05-01,2025-04-30,121363000.0,124.0
ADPMNUSNERSA,2021-05-01,2025-06-04,121363000.0,124.0
ADPMNUSNERSA,2021-05-01,2025-07-02,121363000.0,124.0
ADPMNUSNERSA,2021-05-01,2025-07-30,121363000.0,124.0
ADPMNUSNERSA,2021-05-01,2025-09-04,121363000.0,124.0
ADPMNUSNERSA,2021-05-01,2025-10-01,121363000.0,124.0
ADPMNUSNERSA,2021-05-01,2025-11-05,121363000.0,124.0
ADPMNUSNERSA,2021-05-01,2025-12-03,121363000.0,124.0
ADPMNUSNERSA,2021-05-01,2026-01-07,121363000.0,124.0
ADPMNUSNERSA,2021-05-01,2026-02-04,119380000.0,72.0
ADPMNUSNERSA,2021-05-01,2026-03-04,119380000.0,72.0
ADPMNUSNERSA,2021-05-01,2026-04-01,119380000.0,72.0
ADPMNUSNERSA,2021-05-01,2026-05-06,119380000.0,72.0
ADPMNUSNERSA,2021-05-01,2026-06-03,119380000.0,72.0
ADPMNUSNERSA,2021-05-01,2026-07-01,119380000.0,72.0
ADPMNUSNERSA,2021-05-01,2026-08-05,119380000.0,72.0
ADPMNUSNERSA,2021-06-01,2022-08-31,116045000.0,292.0
ADPMNUSNERSA,2021-06-01,2022-10-05,116045000.0,292.0
ADPMNUSNERSA,2021-06-01,2022-11-02,116045000.0,292.0
ADPMNUSNERSA,2021-06-01,2022-11-30,116045000.0,292.0
ADPMNUSNERSA,2021-06-01,2023-01-05,116045000.0,292.0
ADPMNUSNERSA,2021-06-01,2023-02-01,118585000.0,656.0
ADPMNUSNERSA,2021-06-01,2023-03-08,118585000.0,656.0
ADPMNUSNERSA,2021-06-01,2023-04-05,118585000.0,656.0
ADPMNUSNERSA,2021-06-01,2023-05-03,118585000.0,656.0
ADPMNUSNERSA,2021-06-01,2023-06-01,118585000.0,656.0
ADPMNUSNERSA,2021-06-01,2023-07-06,118585000.0,656.0
ADPMNUSNERSA,2021-06-01,2023-08-02,118585000.0,656.0
ADPMNUSNERSA,2021-06-01,2023-08-30,118585000.0,656.0
ADPMNUSNERSA,2021-06-01,2023-10-04,118585000.0,656.0
ADPMNUSNERSA,2021-06-01,2023-11-01,118585000.0,656.0
ADPMNUSNERSA,2021-06-01,2023-12-06,118585000.0,656.0
ADPMNUSNERSA,2021-06-01,2024-01-04,118585000.0,656.0
ADPMNUSNERSA,2021-06-01,2024-01-31,120212000.0,453.0
ADPMNUSNERSA,2021-06-01,2024-03-06,120212000.0,453.0
ADPMNUSNERSA,2021-06-01,2024-04-03,120212000.0,453.0
ADPMNUSNERSA,2021-06-01,2024-05-01,120212000.0,453.0
ADPMNUSNERSA,2021-06-01,2024-06-05,120212000.0,453.0
ADPMNUSNERSA,2021-06-01,2024-07-03,120212000.0,453.0
ADPMNUSNERSA,2021-06-01,2024-07-31,120212000.0,453.0
ADPMNUSNERSA,2021-06-01,2024-09-05,120212000.0,453.0
ADPMNUSNERSA,2021-06-01,2024-10-02,120212000.0,453.0
ADPMNUSNERSA,2021-06-01,2024-10-30,120212000.0,453.0
ADPMNUSNERSA,2021-06-01,2024-12-04,120212000.0,453.0
ADPMNUSNERSA,2021-06-01,2025-01-08,120212000.0,453.0
ADPMNUSNERSA,2021-06-01,2025-02-05,121715000.0,352.0
ADPMNUSNERSA,2021-06-01,2025-03-05,122006000.0,447.0
ADPMNUSNERSA,2021-06-01,2025-04-02,121715000.0,352.0
ADPMNUSNERSA,2021-06-01,2025-04-30,121715000.0,352.0
ADPMNUSNERSA,2021-06-01,2025-06-04,121715000.0,352.0
ADPMNUSNERSA,2021-06-01,2025-07-02,121715000.0,352.0
ADPMNUSNERSA,2021-06-01,2025-07-30,121715000.0,352.0
ADPMNUSNERSA,2021-06-01,2025-09-04,121715000.0,352.0
ADPMNUSNERSA,2021-06-01,2025-10-01,121715000.0,352.0
ADPMNUSNERSA,2021-06-01,2025-11-05,121715000.0,352.0
ADPMNUSNERSA,2021-06-01,2025-12-03,121715000.0,352.0
ADPMNUSNERSA,2021-06-01,2026-01-07,121715000.0,352.0
ADPMNUSNERSA,2021-06-01,2026-02-04,119592000.0,212.0
ADPMNUSNERSA,2021-06-01,2026-03-04,119592000.0,212.0
ADPMNUSNERSA,2021-06-01,2026-04-01,119592000.0,212.0
ADPMNUSNERSA,2021-06-01,2026-05-06,119592000.0,212.0
ADPMNUSNERSA,2021-06-01,2026-06-03,119592000.0,212.0
ADPMNUSNERSA,2021-06-01,2026-07-01,119592000.0,212.0
ADPMNUSNERSA,2021-06-01,2026-08-05,119592000.0,212.0
ADPMNUSNERSA,2021-07-01,2022-08-31,116663000.0,618.0
ADPMNUSNERSA,2021-07-01,2022-10-05,116663000.0,618.0
ADPMNUSNERSA,2021-07-01,2022-11-02,116663000.0,618.0
ADPMNUSNERSA,2021-07-01,2022-11-30,116663000.0,618.0
ADPMNUSNERSA,2021-07-01,2023-01-05,116663000.0,618.0
ADPMNUSNERSA,2021-07-01,2023-02-01,119523000.0,938.0
ADPMNUSNERSA,2021-07-01,2023-03-08,119523000.0,938.0
ADPMNUSNERSA,2021-07-01,2023-04-05,119523000.0,938.0
ADPMNUSNERSA,2021-07-01,2023-05-03,119523000.0,938.0
ADPMNUSNERSA,2021-07-01,2023-06-01,119523000.0,938.0
ADPMNUSNERSA,2021-07-01,2023-07-06,119523000.0,938.0
ADPMNUSNERSA,2021-07-01,2023-08-02,119523000.0,938.0
ADPMNUSNERSA,2021-07-01,2023-08-30,119523000.0,938.0
ADPMNUSNERSA,2021-07-01,2023-10-04,119523000.0,938.0
ADPMNUSNERSA,2021-07-01,2023-11-01,119523000.0,938.0
ADPMNUSNERSA,2021-07-01,2023-12-06,119523000.0,938.0
ADPMNUSNERSA,2021-07-01,2024-01-04,119523000.0,938.0
ADPMNUSNERSA,2021-07-01,2024-01-31,121293000.0,1081.0
ADPMNUSNERSA,2021-07-01,2024-03-06,121293000.0,1081.0
ADPMNUSNERSA,2021-07-01,2024-04-03,121293000.0,1081.0
ADPMNUSNERSA,2021-07-01,2024-05-01,121293000.0,1081.0
ADPMNUSNERSA,2021-07-01,2024-06-05,121293000.0,1081.0
ADPMNUSNERSA,2021-07-01,2024-07-03,121293000.0,1081.0
ADPMNUSNERSA,2021-07-01,2024-07-31,121293000.0,1081.0
ADPMNUSNERSA,2021-07-01,2024-09-05,121293000.0,1081.0
ADPMNUSNERSA,2021-07-01,2024-10-02,121293000.0,1081.0
ADPMNUSNERSA,2021-07-01,2024-10-30,121293000.0,1081.0
ADPMNUSNERSA,2021-07-01,2024-12-04,121293000.0,1081.0
ADPMNUSNERSA,2021-07-01,2025-01-08,121293000.0,1081.0
ADPMNUSNERSA,2021-07-01,2025-02-05,122729000.0,1014.0
ADPMNUSNERSA,2021-07-01,2025-03-05,122923000.0,917.0
ADPMNUSNERSA,2021-07-01,2025-04-02,122729000.0,1014.0
ADPMNUSNERSA,2021-07-01,2025-04-30,122729000.0,1014.0
ADPMNUSNERSA,2021-07-01,2025-06-04,122729000.0,1014.0
ADPMNUSNERSA,2021-07-01,2025-07-02,122729000.0,1014.0
ADPMNUSNERSA,2021-07-01,2025-07-30,122729000.0,1014.0
ADPMNUSNERSA,2021-07-01,2025-09-04,122729000.0,1014.0
ADPMNUSNERSA,2021-07-01,2025-10-01,122729000.0,1014.0
ADPMNUSNERSA,2021-07-01,2025-11-05,122729000.0,1014.0
ADPMNUSNERSA,2021-07-01,2025-12-03,122729000.0,1014.0
ADPMNUSNERSA,2021-07-01,2026-01-07,122729000.0,1014.0
ADPMNUSNERSA,2021-07-01,2026-02-04,120165000.0,573.0
ADPMNUSNERSA,2021-07-01,2026-03-04,120165000.0,573.0
ADPMNUSNERSA,2021-07-01,2026-04-01,120165000.0,573.0
ADPMNUSNERSA,2021-07-01,2026-05-06,120165000.0,573.0
ADPMNUSNERSA,2021-07-01,2026-06-03,120165000.0,573.0
ADPMNUSNERSA,2021-07-01,2026-07-01,120165000.0,573.0
ADPMNUSNERSA,2021-07-01,2026-08-05,120165000.0,573.0
ADPMNUSNERSA,2021-08-01,2022-08-31,117296000.0,633.0
ADPMNUSNERSA,2021-08-01,2022-10-05,117296000.0,633.0
ADPMNUSNERSA,2021-08-01,2022-11-02,117296000.0,633.0
ADPMNUSNERSA,2021-08-01,2022-11-30,117296000.0,633.0
ADPMNUSNERSA,2021-08-01,2023-01-05,117296000.0,633.0
ADPMNUSNERSA,2021-08-01,2023-02-01,120130000.0,607.0
ADPMNUSNERSA,2021-08-01,2023-03-08,120130000.0,607.0
ADPMNUSNERSA,2021-08-01,2023-04-05,120130000.0,607.0
ADPMNUSNERSA,2021-08-01,2023-05-03,120130000.0,607.0
ADPMNUSNERSA,2021-08-01,2023-06-01,120130000.0,607.0
ADPMNUSNERSA,2021-08-01,2023-07-06,120130000.0,607.0
ADPMNUSNERSA,2021-08-01,2023-08-02,120130000.0,607.0
ADPMNUSNERSA,2021-08-01,2023-08-30,120130000.0,607.0
ADPMNUSNERSA,2021-08-01,2023-10-04,120130000.0,607.0
ADPMNUSNERSA,2021-08-01,2023-11-01,120130000.0,607.0
ADPMNUSNERSA,2021-08-01,2023-12-06,120130000.0,607.0
ADPMNUSNERSA,2021-08-01,2024-01-04,120130000.0,607.0
ADPMNUSNERSA,2021-08-01,2024-01-31,121868000.0,575.0
ADPMNUSNERSA,2021-08-01,2024-03-06,121868000.0,575.0
ADPMNUSNERSA,2021-08-01,2024-04-03,121868000.0,575.0
ADPMNUSNERSA,2021-08-01,2024-05-01,121868000.0,575.0
ADPMNUSNERSA,2021-08-01,2024-06-05,121868000.0,575.0
ADPMNUSNERSA,2021-08-01,2024-07-03,121868000.0,575.0
ADPMNUSNERSA,2021-08-01,2024-07-31,121868000.0,575.0
ADPMNUSNERSA,2021-08-01,2024-09-05,121868000.0,575.0
ADPMNUSNERSA,2021-08-01,2024-10-02,121868000.0,575.0
ADPMNUSNERSA,2021-08-01,2024-10-30,121868000.0,575.0
ADPMNUSNERSA,2021-08-01,2024-12-04,121868000.0,575.0
ADPMNUSNERSA,2021-08-01,2025-01-08,121868000.0,575.0
ADPMNUSNERSA,2021-08-01,2025-02-05,123976000.0,1247.0
ADPMNUSNERSA,2021-08-01,2025-03-05,123954000.0,1031.0
ADPMNUSNERSA,2021-08-01,2025-04-02,123976000.0,1247.0
ADPMNUSNERSA,2021-08-01,2025-04-30,123976000.0,1247.0
ADPMNUSNERSA,2021-08-01,2025-06-04,123976000.0,1247.0
ADPMNUSNERSA,2021-08-01,2025-07-02,123976000.0,1247.0
ADPMNUSNERSA,2021-08-01,2025-07-30,123976000.0,1247.0
ADPMNUSNERSA,2021-08-01,2025-09-04,123976000.0,1247.0
ADPMNUSNERSA,2021-08-01,2025-10-01,123976000.0,1247.0
ADPMNUSNERSA,2021-08-01,2025-11-05,123976000.0,1247.0
ADPMNUSNERSA,2021-08-01,2025-12-03,123976000.0,1247.0
ADPMNUSNERSA,2021-08-01,2026-01-07,123976000.0,1247.0
ADPMNUSNERSA,2021-08-01,2026-02-04,120762000.0,597.0
ADPMNUSNERSA,2021-08-01,2026-03-04,120762000.0,597.0
ADPMNUSNERSA,2021-08-01,2026-04-01,120762000.0,597.0
ADPMNUSNERSA,2021-08-01,2026-05-06,120762000.0,597.0
ADPMNUSNERSA,2021-08-01,2026-06-03,120762000.0,597.0
ADPMNUSNERSA,2021-08-01,2026-07-01,120762000.0,597.0
ADPMNUSNERSA,2021-08-01,2026-08-05,120762000.0,597.0
ADPMNUSNERSA,2021-09-01,2022-08-31,117632000.0,336.0
ADPMNUSNERSA,2021-09-01,2022-10-05,117632000.0,336.0
ADPMNUSNERSA,2021-09-01,2022-11-02,117632000.0,336.0
ADPMNUSNERSA,2021-09-01,2022-11-30,117632000.0,336.0
ADPMNUSNERSA,2021-09-01,2023-01-05,117632000.0,336.0
ADPMNUSNERSA,2021-09-01,2023-02-01,121042000.0,912.0
ADPMNUSNERSA,2021-09-01,2023-03-08,121042000.0,912.0
ADPMNUSNERSA,2021-09-01,2023-04-05,121042000.0,912.0
ADPMNUSNERSA,2021-09-01,2023-05-03,121042000.0,912.0
ADPMNUSNERSA,2021-09-01,2023-06-01,121042000.0,912.0
ADPMNUSNERSA,2021-09-01,2023-07-06,121042000.0,912.0
ADPMNUSNERSA,2021-09-01,2023-08-02,121042000.0,912.0
ADPMNUSNERSA,2021-09-01,2023-08-30,121042000.0,912.0
ADPMNUSNERSA,2021-09-01,2023-10-04,121042000.0,912.0
ADPMNUSNERSA,2021-09-01,2023-11-01,121042000.0,912.0
ADPMNUSNERSA,2021-09-01,2023-12-06,121042000.0,912.0
ADPMNUSNERSA,2021-09-01,2024-01-04,121042000.0,912.0
ADPMNUSNERSA,2021-09-01,2024-01-31,122745000.0,877.0
ADPMNUSNERSA,2021-09-01,2024-03-06,122745000.0,877.0
ADPMNUSNERSA,2021-09-01,2024-04-03,122745000.0,877.0
ADPMNUSNERSA,2021-09-01,2024-05-01,122745000.0,877.0
ADPMNUSNERSA,2021-09-01,2024-06-05,122745000.0,877.0
ADPMNUSNERSA,2021-09-01,2024-07-03,122745000.0,877.0
ADPMNUSNERSA,2021-09-01,2024-07-31,122745000.0,877.0
ADPMNUSNERSA,2021-09-01,2024-09-05,122745000.0,877.0
ADPMNUSNERSA,2021-09-01,2024-10-02,122745000.0,877.0
ADPMNUSNERSA,2021-09-01,2024-10-30,122745000.0,877.0
ADPMNUSNERSA,2021-09-01,2024-12-04,122745000.0,877.0
ADPMNUSNERSA,2021-09-01,2025-01-08,122745000.0,877.0
ADPMNUSNERSA,2021-09-01,2025-02-05,124871000.0,895.0
ADPMNUSNERSA,2021-09-01,2025-03-05,124937000.0,983.0
ADPMNUSNERSA,2021-09-01,2025-04-02,124871000.0,895.0
ADPMNUSNERSA,2021-09-01,2025-04-30,124871000.0,895.0
ADPMNUSNERSA,2021-09-01,2025-06-04,124871000.0,895.0
ADPMNUSNERSA,2021-09-01,2025-07-02,124871000.0,895.0
ADPMNUSNERSA,2021-09-01,2025-07-30,124871000.0,895.0
ADPMNUSNERSA,2021-09-01,2025-09-04,124871000.0,895.0
ADPMNUSNERSA,2021-09-01,2025-10-01,124871000.0,895.0
ADPMNUSNERSA,2021-09-01,2025-11-05,124871000.0,895.0
ADPMNUSNERSA,2021-09-01,2025-12-03,124871000.0,895.0
ADPMNUSNERSA,2021-09-01,2026-01-07,124871000.0,895.0
ADPMNUSNERSA,2021-09-01,2026-02-04,121476000.0,714.0
ADPMNUSNERSA,2021-09-01,2026-03-04,121476000.0,714.0
ADPMNUSNERSA,2021-09-01,2026-04-01,121476000.0,714.0
ADPMNUSNERSA,2021-09-01,2026-05-06,121476000.0,714.0
ADPMNUSNERSA,2021-09-01,2026-06-03,121476000.0,714.0
ADPMNUSNERSA,2021-09-01,2026-07-01,121476000.0,714.0
ADPMNUSNERSA,2021-09-01,2026-08-05,121476000.0,714.0
ADPMNUSNERSA,2021-10-01,2022-08-31,117938000.0,306.0
ADPMNUSNERSA,2021-10-01,2022-10-05,117938000.0,306.0
ADPMNUSNERSA,2021-10-01,2022-11-02,117938000.0,306.0
ADPMNUSNERSA,2021-10-01,2022-11-30,117938000.0,306.0
ADPMNUSNERSA,2021-10-01,2023-01-05,117938000.0,306.0
ADPMNUSNERSA,2021-10-01,2023-02-01,121736000.0,694.0
ADPMNUSNERSA,2021-10-01,2023-03-08,121736000.0,694.0
ADPMNUSNERSA,2021-10-01,2023-04-05,121736000.0,694.0
ADPMNUSNERSA,2021-10-01,2023-05-03,121736000.0,694.0
ADPMNUSNERSA,2021-10-01,2023-06-01,121736000.0,694.0
ADPMNUSNERSA,2021-10-01,2023-07-06,121736000.0,694.0
ADPMNUSNERSA,2021-10-01,2023-08-02,121736000.0,694.0
ADPMNUSNERSA,2021-10-01,2023-08-30,121736000.0,694.0
ADPMNUSNERSA,2021-10-01,2023-10-04,121736000.0,694.0
ADPMNUSNERSA,2021-10-01,2023-11-01,121736000.0,694.0
ADPMNUSNERSA,2021-10-01,2023-12-06,121736000.0,694.0
ADPMNUSNERSA,2021-10-01,2024-01-04,121736000.0,694.0
ADPMNUSNERSA,2021-10-01,2024-01-31,123412000.0,667.0
ADPMNUSNERSA,2021-10-01,2024-03-06,123412000.0,667.0
ADPMNUSNERSA,2021-10-01,2024-04-03,123412000.0,667.0
ADPMNUSNERSA,2021-10-01,2024-05-01,123412000.0,667.0
ADPMNUSNERSA,2021-10-01,2024-06-05,123412000.0,667.0
ADPMNUSNERSA,2021-10-01,2024-07-03,123412000.0,667.0
ADPMNUSNERSA,2021-10-01,2024-07-31,123412000.0,667.0
ADPMNUSNERSA,2021-10-01,2024-09-05,123412000.0,667.0
ADPMNUSNERSA,2021-10-01,2024-10-02,123412000.0,667.0
ADPMNUSNERSA,2021-10-01,2024-10-30,123412000.0,667.0
ADPMNUSNERSA,2021-10-01,2024-12-04,123412000.0,667.0
ADPMNUSNERSA,2021-10-01,2025-01-08,123412000.0,667.0
ADPMNUSNERSA,2021-10-01,2025-02-05,125666000.0,795.0
ADPMNUSNERSA,2021-10-01,2025-03-05,125715000.0,778.0
ADPMNUSNERSA,2021-10-01,2025-04-02,125666000.0,795.0
ADPMNUSNERSA,2021-10-01,2025-04-30,125666000.0,795.0
ADPMNUSNERSA,2021-10-01,2025-06-04,125666000.0,795.0
ADPMNUSNERSA,2021-10-01,2025-07-02,125666000.0,795.0
ADPMNUSNERSA,2021-10-01,2025-07-30,125666000.0,795.0
ADPMNUSNERSA,2021-10-01,2025-09-04,125666000.0,795.0
ADPMNUSNERSA,2021-10-01,2025-10-01,125666000.0,795.0
ADPMNUSNERSA,2021-10-01,2025-11-05,125666000.0,795.0
ADPMNUSNERSA,2021-10-01,2025-12-03,125666000.0,795.0
ADPMNUSNERSA,2021-10-01,2026-01-07,125666000.0,795.0
ADPMNUSNERSA,2021-10-01,2026-02-04,122155000.0,679.0
ADPMNUSNERSA,2021-10-01,2026-03-04,122155000.0,679.0
ADPMNUSNERSA,2021-10-01,2026-04-01,122155000.0,679.0
ADPMNUSNERSA,2021-10-01,2026-05-06,122155000.0,679.0
ADPMNUSNERSA,2021-10-01,2026-06-03,122155000.0,679.0
ADPMNUSNERSA,2021-10-01,2026-07-01,122155000.0,679.0
ADPMNUSNERSA,2021-10-01,2026-08-05,122155000.0,679.0
ADPMNUSNERSA,2021-11-01,2022-08-31,118438000.0,500.0
ADPMNUSNERSA,2021-11-01,2022-10-05,118438000.0,500.0
ADPMNUSNERSA,2021-11-01,2022-11-02,118438000.0,500.0
ADPMNUSNERSA,2021-11-01,2022-11-30,118438000.0,500.0
ADPMNUSNERSA,2021-11-01,2023-01-05,118438000.0,500.0
ADPMNUSNERSA,2021-11-01,2023-02-01,122426000.0,690.0
ADPMNUSNERSA,2021-11-01,2023-03-08,122426000.0,690.0
ADPMNUSNERSA,2021-11-01,2023-04-05,122426000.0,690.0
ADPMNUSNERSA,2021-11-01,2023-05-03,122426000.0,690.0
ADPMNUSNERSA,2021-11-01,2023-06-01,122426000.0,690.0
ADPMNUSNERSA,2021-11-01,2023-07-06,122426000.0,690.0
ADPMNUSNERSA,2021-11-01,2023-08-02,122426000.0,690.0
ADPMNUSNERSA,2021-11-01,2023-08-30,122426000.0,690.0
ADPMNUSNERSA,2021-11-01,2023-10-04,122426000.0,690.0
ADPMNUSNERSA,2021-11-01,2023-11-01,122426000.0,690.0
ADPMNUSNERSA,2021-11-01,2023-12-06,122426000.0,690.0
ADPMNUSNERSA,2021-11-01,2024-01-04,122426000.0,690.0
ADPMNUSNERSA,2021-11-01,2024-01-31,124074000.0,662.0
ADPMNUSNERSA,2021-11-01,2024-03-06,124074000.0,662.0
ADPMNUSNERSA,2021-11-01,2024-04-03,124074000.0,662.0
ADPMNUSNERSA,2021-11-01,2024-05-01,124074000.0,662.0
ADPMNUSNERSA,2021-11-01,2024-06-05,124074000.0,662.0
ADPMNUSNERSA,2021-11-01,2024-07-03,124074000.0,662.0
ADPMNUSNERSA,2021-11-01,2024-07-31,124074000.0,662.0
ADPMNUSNERSA,2021-11-01,2024-09-05,124074000.0,662.0
ADPMNUSNERSA,2021-11-01,2024-10-02,124074000.0,662.0
ADPMNUSNERSA,2021-11-01,2024-10-30,124074000.0,662.0
ADPMNUSNERSA,2021-11-01,2024-12-04,124074000.0,662.0
ADPMNUSNERSA,2021-11-01,2025-01-08,124074000.0,662.0
ADPMNUSNERSA,2021-11-01,2025-02-05,126264000.0,598.0
ADPMNUSNERSA,2021-11-01,2025-03-05,126268000.0,553.0
ADPMNUSNERSA,2021-11-01,2025-04-02,126264000.0,598.0
ADPMNUSNERSA,2021-11-01,2025-04-30,126264000.0,598.0
ADPMNUSNERSA,2021-11-01,2025-06-04,126264000.0,598.0
ADPMNUSNERSA,2021-11-01,2025-07-02,126264000.0,598.0
ADPMNUSNERSA,2021-11-01,2025-07-30,126264000.0,598.0
ADPMNUSNERSA,2021-11-01,2025-09-04,126264000.0,598.0
ADPMNUSNERSA,2021-11-01,2025-10-01,126264000.0,598.0
ADPMNUSNERSA,2021-11-01,2025-11-05,126264000.0,598.0
ADPMNUSNERSA,2021-11-01,2025-12-03,126264000.0,598.0
ADPMNUSNERSA,2021-11-01,2026-01-07,126264000.0,598.0
ADPMNUSNERSA,2021-11-01,2026-02-04,123013000.0,858.0
ADPMNUSNERSA,2021-11-01,2026-03-04,123013000.0,858.0
ADPMNUSNERSA,2021-11-01,2026-04-01,123013000.0,858.0
ADPMNUSNERSA,2021-11-01,2026-05-06,123013000.0,858.0
ADPMNUSNERSA,2021-11-01,2026-06-03,123013000.0,858.0
ADPMNUSNERSA,2021-11-01,2026-07-01,123013000.0,858.0
ADPMNUSNERSA,2021-11-01,2026-08-05,123013000.0,858.0
ADPMNUSNERSA,2021-12-01,2022-08-31,118804000.0,366.0
ADPMNUSNERSA,2021-12-01,2022-10-05,118804000.0,366.0
ADPMNUSNERSA,2021-12-01,2022-11-02,118804000.0,366.0
ADPMNUSNERSA,2021-12-01,2022-11-30,118804000.0,366.0
ADPMNUSNERSA,2021-12-01,2023-01-05,118804000.0,366.0
ADPMNUSNERSA,2021-12-01,2023-02-01,123253000.0,827.0
ADPMNUSNERSA,2021-12-01,2023-03-08,123253000.0,827.0
ADPMNUSNERSA,2021-12-01,2023-04-05,123253000.0,827.0
ADPMNUSNERSA,2021-12-01,2023-05-03,123253000.0,827.0
ADPMNUSNERSA,2021-12-01,2023-06-01,123253000.0,827.0
ADPMNUSNERSA,2021-12-01,2023-07-06,123253000.0,827.0
ADPMNUSNERSA,2021-12-01,2023-08-02,123253000.0,827.0
ADPMNUSNERSA,2021-12-01,2023-08-30,123253000.0,827.0
ADPMNUSNERSA,2021-12-01,2023-10-04,123253000.0,827.0
ADPMNUSNERSA,2021-12-01,2023-11-01,123253000.0,827.0
ADPMNUSNERSA,2021-12-01,2023-12-06,123253000.0,827.0
ADPMNUSNERSA,2021-12-01,2024-01-04,123253000.0,827.0
ADPMNUSNERSA,2021-12-01,2024-01-31,124864000.0,790.0
ADPMNUSNERSA,2021-12-01,2024-03-06,124864000.0,790.0
ADPMNUSNERSA,2021-12-01,2024-04-03,124864000.0,790.0
ADPMNUSNERSA,2021-12-01,2024-05-01,124864000.0,790.0
ADPMNUSNERSA,2021-12-01,2024-06-05,124864000.0,790.0
ADPMNUSNERSA,2021-12-01,2024-07-03,124864000.0,790.0
ADPMNUSNERSA,2021-12-01,2024-07-31,124864000.0,790.0
ADPMNUSNERSA,2021-12-01,2024-09-05,124864000.0,790.0
ADPMNUSNERSA,2021-12-01,2024-10-02,124864000.0,790.0
ADPMNUSNERSA,2021-12-01,2024-10-30,124864000.0,790.0
ADPMNUSNERSA,2021-12-01,2024-12-04,124864000.0,790.0
ADPMNUSNERSA,2021-12-01,2025-01-08,124864000.0,790.0
ADPMNUSNERSA,2021-12-01,2025-02-05,126962000.0,698.0
ADPMNUSNERSA,2021-12-01,2025-03-05,126893000.0,625.0
ADPMNUSNERSA,2021-12-01,2025-04-02,126962000.0,698.0
ADPMNUSNERSA,2021-12-01,2025-04-30,126962000.0,698.0
ADPMNUSNERSA,2021-12-01,2025-06-04,126962000.0,698.0
ADPMNUSNERSA,2021-12-01,2025-07-02,126962000.0,698.0
ADPMNUSNERSA,2021-12-01,2025-07-30,126962000.0,698.0
ADPMNUSNERSA,2021-12-01,2025-09-04,126962000.0,698.0
ADPMNUSNERSA,2021-12-01,2025-10-01,126962000.0,698.0
ADPMNUSNERSA,2021-12-01,2025-11-05,126962000.0,698.0
ADPMNUSNERSA,2021-12-01,2025-12-03,126962000.0,698.0
ADPMNUSNERSA,2021-12-01,2026-01-07,126962000.0,698.0
ADPMNUSNERSA,2021-12-01,2026-02-04,123960000.0,947.0
ADPMNUSNERSA,2021-12-01,2026-03-04,123960000.0,947.0
ADPMNUSNERSA,2021-12-01,2026-04-01,123960000.0,947.0
ADPMNUSNERSA,2021-12-01,2026-05-06,123960000.0,947.0
ADPMNUSNERSA,2021-12-01,2026-06-03,123960000.0,947.0
ADPMNUSNERSA,2021-12-01,2026-07-01,123960000.0,947.0
ADPMNUSNERSA,2021-12-01,2026-08-05,123960000.0,947.0
ADPMNUSNERSA,2022-01-01,2022-08-31,119176000.0,372.0
ADPMNUSNERSA,2022-01-01,2022-10-05,119176000.0,372.0
ADPMNUSNERSA,2022-01-01,2022-11-02,119176000.0,372.0
ADPMNUSNERSA,2022-01-01,2022-11-30,119176000.0,372.0
ADPMNUSNERSA,2022-01-01,2023-01-05,119176000.0,372.0
ADPMNUSNERSA,2022-01-01,2023-02-01,123606000.0,353.0
ADPMNUSNERSA,2022-01-01,2023-03-08,123606000.0,353.0
ADPMNUSNERSA,2022-01-01,2023-04-05,123606000.0,353.0
ADPMNUSNERSA,2022-01-01,2023-05-03,123606000.0,353.0
ADPMNUSNERSA,2022-01-01,2023-06-01,123606000.0,353.0
ADPMNUSNERSA,2022-01-01,2023-07-06,123606000.0,353.0
ADPMNUSNERSA,2022-01-01,2023-08-02,123606000.0,353.0
ADPMNUSNERSA,2022-01-01,2023-08-30,123606000.0,353.0
ADPMNUSNERSA,2022-01-01,2023-10-04,123606000.0,353.0
ADPMNUSNERSA,2022-01-01,2023-11-01,123606000.0,353.0
ADPMNUSNERSA,2022-01-01,2023-12-06,123606000.0,353.0
ADPMNUSNERSA,2022-01-01,2024-01-04,123606000.0,353.0
ADPMNUSNERSA,2022-01-01,2024-01-31,125192000.0,328.0
ADPMNUSNERSA,2022-01-01,2024-03-06,125192000.0,328.0
ADPMNUSNERSA,2022-01-01,2024-04-03,125192000.0,328.0
ADPMNUSNERSA,2022-01-01,2024-05-01,125192000.0,328.0
ADPMNUSNERSA,2022-01-01,2024-06-05,125192000.0,328.0
ADPMNUSNERSA,2022-01-01,2024-07-03,125192000.0,328.0
ADPMNUSNERSA,2022-01-01,2024-07-31,125192000.0,328.0
ADPMNUSNERSA,2022-01-01,2024-09-05,125192000.0,328.0
ADPMNUSNERSA,2022-01-01,2024-10-02,125192000.0,328.0
ADPMNUSNERSA,2022-01-01,2024-10-30,125192000.0,328.0
ADPMNUSNERSA,2022-01-01,2024-12-04,125192000.0,328.0
ADPMNUSNERSA,2022-01-01,2025-01-08,125192000.0,328.0
ADPMNUSNERSA,2022-01-01,2025-02-05,127179000.0,217.0
ADPMNUSNERSA,2022-01-01,2025-03-05,127100000.0,207.0
ADPMNUSNERSA,2022-01-01,2025-04-02,127179000.0,217.0
ADPMNUSNERSA,2022-01-01,2025-04-30,127179000.0,217.0
ADPMNUSNERSA,2022-01-01,2025-06-04,127179000.0,217.0
ADPMNUSNERSA,2022-01-01,2025-07-02,127179000.0,217.0
ADPMNUSNERSA,2022-01-01,2025-07-30,127179000.0,217.0
ADPMNUSNERSA,2022-01-01,2025-09-04,127179000.0,217.0
ADPMNUSNERSA,2022-01-01,2025-10-01,127179000.0,217.0
ADPMNUSNERSA,2022-01-01,2025-11-05,127179000.0,217.0
ADPMNUSNERSA,2022-01-01,2025-12-03,127179000.0,217.0
ADPMNUSNERSA,2022-01-01,2026-01-07,127179000.0,217.0
ADPMNUSNERSA,2022-01-01,2026-02-04,124431000.0,471.0
ADPMNUSNERSA,2022-01-01,2026-03-04,124431000.0,471.0
ADPMNUSNERSA,2022-01-01,2026-04-01,124431000.0,471.0
ADPMNUSNERSA,2022-01-01,2026-05-06,124431000.0,471.0
ADPMNUSNERSA,2022-01-01,2026-06-03,124431000.0,471.0
ADPMNUSNERSA,2022-01-01,2026-07-01,124431000.0,471.0
ADPMNUSNERSA,2022-01-01,2026-08-05,124431000.0,471.0
ADPMNUSNERSA,2022-02-01,2022-08-31,119551000.0,375.0
ADPMNUSNERSA,2022-02-01,2022-10-05,119551000.0,375.0
ADPMNUSNERSA,2022-02-01,2022-11-02,119551000.0,375.0
ADPMNUSNERSA,2022-02-01,2022-11-30,119551000.0,375.0
ADPMNUSNERSA,2022-02-01,2023-01-05,119551000.0,375.0
ADPMNUSNERSA,2022-02-01,2023-02-01,124157000.0,551.0
ADPMNUSNERSA,2022-02-01,2023-03-08,124157000.0,551.0
ADPMNUSNERSA,2022-02-01,2023-04-05,124157000.0,551.0
ADPMNUSNERSA,2022-02-01,2023-05-03,124157000.0,551.0
ADPMNUSNERSA,2022-02-01,2023-06-01,124157000.0,551.0
ADPMNUSNERSA,2022-02-01,2023-07-06,124157000.0,551.0
ADPMNUSNERSA,2022-02-01,2023-08-02,124157000.0,551.0
ADPMNUSNERSA,2022-02-01,2023-08-30,124157000.0,551.0
ADPMNUSNERSA,2022-02-01,2023-10-04,124157000.0,551.0
ADPMNUSNERSA,2022-02-01,2023-11-01,124157000.0,551.0
ADPMNUSNERSA,2022-02-01,2023-12-06,124157000.0,551.0
ADPMNUSNERSA,2022-02-01,2024-01-04,124157000.0,551.0
ADPMNUSNERSA,2022-02-01,2024-01-31,125641000.0,449.0
ADPMNUSNERSA,2022-02-01,2024-03-06,125641000.0,449.0
ADPMNUSNERSA,2022-02-01,2024-04-03,125641000.0,449.0
ADPMNUSNERSA,2022-02-01,2024-05-01,125641000.0,449.0
ADPMNUSNERSA,2022-02-01,2024-06-05,125641000.0,449.0
ADPMNUSNERSA,2022-02-01,2024-07-03,125641000.0,449.0
ADPMNUSNERSA,2022-02-01,2024-07-31,125641000.0,449.0
ADPMNUSNERSA,2022-02-01,2024-09-05,125641000.0,449.0
ADPMNUSNERSA,2022-02-01,2024-10-02,125641000.0,449.0
ADPMNUSNERSA,2022-02-01,2024-10-30,125641000.0,449.0
ADPMNUSNERSA,2022-02-01,2024-12-04,125641000.0,449.0
ADPMNUSNERSA,2022-02-01,2025-01-08,125641000.0,449.0
ADPMNUSNERSA,2022-02-01,2025-02-05,127710000.0,531.0
ADPMNUSNERSA,2022-02-01,2025-03-05,127641000.0,541.0
ADPMNUSNERSA,2022-02-01,2025-04-02,127710000.0,531.0
ADPMNUSNERSA,2022-02-01,2025-04-30,127710000.0,531.0
ADPMNUSNERSA,2022-02-01,2025-06-04,127710000.0,531.0
ADPMNUSNERSA,2022-02-01,2025-07-02,127710000.0,531.0
ADPMNUSNERSA,2022-02-01,2025-07-30,127710000.0,531.0
ADPMNUSNERSA,2022-02-01,2025-09-04,127710000.0,531.0
ADPMNUSNERSA,2022-02-01,2025-10-01,127710000.0,531.0
ADPMNUSNERSA,2022-02-01,2025-11-05,127710000.0,531.0
ADPMNUSNERSA,2022-02-01,2025-12-03,127710000.0,531.0
ADPMNUSNERSA,2022-02-01,2026-01-07,127710000.0,531.0
ADPMNUSNERSA,2022-02-01,2026-02-04,125015000.0,584.0
ADPMNUSNERSA,2022-02-01,2026-03-04,125015000.0,584.0
ADPMNUSNERSA,2022-02-01,2026-04-01,125015000.0,584.0
ADPMNUSNERSA,2022-02-01,2026-05-06,125015000.0,584.0
ADPMNUSNERSA,2022-02-01,2026-06-03,125015000.0,584.0
ADPMNUSNERSA,2022-02-01,2026-07-01,125015000.0,584.0
ADPMNUSNERSA,2022-02-01,2026-08-05,125015000.0,584.0
ADPMNUSNERSA,2022-03-01,2022-08-31,119976000.0,425.0
ADPMNUSNERSA,2022-03-01,2022-10-05,119976000.0,425.0
ADPMNUSNERSA,2022-03-01,2022-11-02,119976000.0,425.0
ADPMNUSNERSA,2022-03-01,2022-11-30,119976000.0,425.0
ADPMNUSNERSA,2022-03-01,2023-01-05,119976000.0,425.0
ADPMNUSNERSA,2022-03-01,2023-02-01,124444000.0,287.0
ADPMNUSNERSA,2022-03-01,2023-03-08,124444000.0,287.0
ADPMNUSNERSA,2022-03-01,2023-04-05,124444000.0,287.0
ADPMNUSNERSA,2022-03-01,2023-05-03,124444000.0,287.0
ADPMNUSNERSA,2022-03-01,2023-06-01,124444000.0,287.0
ADPMNUSNERSA,2022-03-01,2023-07-06,124444000.0,287.0
ADPMNUSNERSA,2022-03-01,2023-08-02,124444000.0,287.0
ADPMNUSNERSA,2022-03-01,2023-08-30,124444000.0,287.0
ADPMNUSNERSA,2022-03-01,2023-10-04,124444000.0,287.0
ADPMNUSNERSA,2022-03-01,2023-11-01,124444000.0,287.0
ADPMNUSNERSA,2022-03-01,2023-12-06,124444000.0,287.0
ADPMNUSNERSA,2022-03-01,2024-01-04,124444000.0,287.0
ADPMNUSNERSA,2022-03-01,2024-01-31,126021000.0,380.0
ADPMNUSNERSA,2022-03-01,2024-03-06,126021000.0,380.0
ADPMNUSNERSA,2022-03-01,2024-04-03,126021000.0,380.0
ADPMNUSNERSA,2022-03-01,2024-05-01,126021000.0,380.0
ADPMNUSNERSA,2022-03-01,2024-06-05,126021000.0,380.0
ADPMNUSNERSA,2022-03-01,2024-07-03,126021000.0,380.0
ADPMNUSNERSA,2022-03-01,2024-07-31,126021000.0,380.0
ADPMNUSNERSA,2022-03-01,2024-09-05,126021000.0,380.0
ADPMNUSNERSA,2022-03-01,2024-10-02,126021000.0,380.0
ADPMNUSNERSA,2022-03-01,2024-10-30,126021000.0,380.0
ADPMNUSNERSA,2022-03-01,2024-12-04,126021000.0,380.0
ADPMNUSNERSA,2022-03-01,2025-01-08,126021000.0,380.0
ADPMNUSNERSA,2022-03-01,2025-02-05,127987000.0,277.0
ADPMNUSNERSA,2022-03-01,2025-03-05,127966000.0,325.0
ADPMNUSNERSA,2022-03-01,2025-04-02,127987000.0,277.0
ADPMNUSNERSA,2022-03-01,2025-04-30,127987000.0,277.0
ADPMNUSNERSA,2022-03-01,2025-06-04,127987000.0,277.0
ADPMNUSNERSA,2022-03-01,2025-07-02,127987000.0,277.0
ADPMNUSNERSA,2022-03-01,2025-07-30,127987000.0,277.0
ADPMNUSNERSA,2022-03-01,2025-09-04,127987000.0,277.0
ADPMNUSNERSA,2022-03-01,2025-10-01,127987000.0,277.0
ADPMNUSNERSA,2022-03-01,2025-11-05,127987000.0,277.0
ADPMNUSNERSA,2022-03-01,2025-12-03,127987000.0,277.0
ADPMNUSNERSA,2022-03-01,2026-01-07,127987000.0,277.0
ADPMNUSNERSA,2022-03-01,2026-02-04,125613000.0,598.0
ADPMNUSNERSA,2022-03-01,2026-03-04,125613000.0,598.0
ADPMNUSNERSA,2022-03-01,2026-04-01,125613000.0,598.0
ADPMNUSNERSA,2022-03-01,2026-05-06,125613000.0,598.0
ADPMNUSNERSA,2022-03-01,2026-06-03,125613000.0,598.0
ADPMNUSNERSA,2022-03-01,2026-07-01,125613000.0,598.0
ADPMNUSNERSA,2022-03-01,2026-08-05,125613000.0,598.0
ADPMNUSNERSA,2022-04-01,2022-08-31,120433000.0,457.0
ADPMNUSNERSA,2022-04-01,2022-10-05,120433000.0,457.0
ADPMNUSNERSA,2022-04-01,2022-11-02,120433000.0,457.0
ADPMNUSNERSA,2022-04-01,2022-11-30,120433000.0,457.0
ADPMNUSNERSA,2022-04-01,2023-01-05,120433000.0,457.0
ADPMNUSNERSA,2022-04-01,2023-02-01,124642000.0,198.0
ADPMNUSNERSA,2022-04-01,2023-03-08,124642000.0,198.0
ADPMNUSNERSA,2022-04-01,2023-04-05,124642000.0,198.0
ADPMNUSNERSA,2022-04-01,2023-05-03,124642000.0,198.0
ADPMNUSNERSA,2022-04-01,2023-06-01,124642000.0,198.0
ADPMNUSNERSA,2022-04-01,2023-07-06,124642000.0,198.0
ADPMNUSNERSA,2022-04-01,2023-08-02,124642000.0,198.0
ADPMNUSNERSA,2022-04-01,2023-08-30,124642000.0,198.0
ADPMNUSNERSA,2022-04-01,2023-10-04,124642000.0,198.0
ADPMNUSNERSA,2022-04-01,2023-11-01,124642000.0,198.0
ADPMNUSNERSA,2022-04-01,2023-12-06,124642000.0,198.0
ADPMNUSNERSA,2022-04-01,2024-01-04,124642000.0,198.0
ADPMNUSNERSA,2022-04-01,2024-01-31,126305000.0,284.0
ADPMNUSNERSA,2022-04-01,2024-03-06,126305000.0,284.0
ADPMNUSNERSA,2022-04-01,2024-04-03,126305000.0,284.0
ADPMNUSNERSA,2022-04-01,2024-05-01,126305000.0,284.0
ADPMNUSNERSA,2022-04-01,2024-06-05,126305000.0,284.0
ADPMNUSNERSA,2022-04-01,2024-07-03,126305000.0,284.0
ADPMNUSNERSA,2022-04-01,2024-07-31,126305000.0,284.0
ADPMNUSNERSA,2022-04-01,2024-09-05,126305000.0,284.0
ADPMNUSNERSA,2022-04-01,2024-10-02,126305000.0,284.0
ADPMNUSNERSA,2022-04-01,2024-10-30,126305000.0,284.0
ADPMNUSNERSA,2022-04-01,2024-12-04,126305000.0,284.0
ADPMNUSNERSA,2022-04-01,2025-01-08,126305000.0,284.0
ADPMNUSNERSA,2022-04-01,2025-02-05,128311000.0,324.0
ADPMNUSNERSA,2022-04-01,2025-03-05,128386000.0,420.0
ADPMNUSNERSA,2022-04-01,2025-04-02,128311000.0,324.0
ADPMNUSNERSA,2022-04-01,2025-04-30,128311000.0,324.0
ADPMNUSNERSA,2022-04-01,2025-06-04,128311000.0,324.0
ADPMNUSNERSA,2022-04-01,2025-07-02,128311000.0,324.0
ADPMNUSNERSA,2022-04-01,2025-07-30,128311000.0,324.0
ADPMNUSNERSA,2022-04-01,2025-09-04,128311000.0,324.0
ADPMNUSNERSA,2022-04-01,2025-10-01,128311000.0,324.0
ADPMNUSNERSA,2022-04-01,2025-11-05,128311000.0,324.0
ADPMNUSNERSA,2022-04-01,2025-12-03,128311000.0,324.0
ADPMNUSNERSA,2022-04-01,2026-01-07,128311000.0,324.0
ADPMNUSNERSA,2022-04-01,2026-02-04,126298000.0,685.0
ADPMNUSNERSA,2022-04-01,2026-03-04,126298000.0,685.0
ADPMNUSNERSA,2022-04-01,2026-04-01,126298000.0,685.0
ADPMNUSNERSA,2022-04-01,2026-05-06,126298000.0,685.0
ADPMNUSNERSA,2022-04-01,2026-06-03,126298000.0,685.0
ADPMNUSNERSA,2022-04-01,2026-07-01,126298000.0,685.0
ADPMNUSNERSA,2022-04-01,2026-08-05,126298000.0,685.0
ADPMNUSNERSA,2022-05-01,2022-08-31,120791000.0,358.0
ADPMNUSNERSA,2022-05-01,2022-10-05,120791000.0,358.0
ADPMNUSNERSA,2022-05-01,2022-11-02,120791000.0,358.0
ADPMNUSNERSA,2022-05-01,2022-11-30,120791000.0,358.0
ADPMNUSNERSA,2022-05-01,2023-01-05,120791000.0,358.0
ADPMNUSNERSA,2022-05-01,2023-02-01,124830000.0,188.0
ADPMNUSNERSA,2022-05-01,2023-03-08,124830000.0,188.0
ADPMNUSNERSA,2022-05-01,2023-04-05,124830000.0,188.0
ADPMNUSNERSA,2022-05-01,2023-05-03,124830000.0,188.0
ADPMNUSNERSA,2022-05-01,2023-06-01,124830000.0,188.0
ADPMNUSNERSA,2022-05-01,2023-07-06,124830000.0,188.0
ADPMNUSNERSA,2022-05-01,2023-08-02,124830000.0,188.0
ADPMNUSNERSA,2022-05-01,2023-08-30,124830000.0,188.0
ADPMNUSNERSA,2022-05-01,2023-10-04,124830000.0,188.0
ADPMNUSNERSA,2022-05-01,2023-11-01,124830000.0,188.0
ADPMNUSNERSA,2022-05-01,2023-12-06,124830000.0,188.0
ADPMNUSNERSA,2022-05-01,2024-01-04,124830000.0,188.0
ADPMNUSNERSA,2022-05-01,2024-01-31,126509000.0,204.0
ADPMNUSNERSA,2022-05-01,2024-03-06,126509000.0,204.0
ADPMNUSNERSA,2022-05-01,2024-04-03,126509000.0,204.0
ADPMNUSNERSA,2022-05-01,2024-05-01,126509000.0,204.0
ADPMNUSNERSA,2022-05-01,2024-06-05,126509000.0,204.0
ADPMNUSNERSA,2022-05-01,2024-07-03,126509000.0,204.0
ADPMNUSNERSA,2022-05-01,2024-07-31,126509000.0,204.0
ADPMNUSNERSA,2022-05-01,2024-09-05,126509000.0,204.0
ADPMNUSNERSA,2022-05-01,2024-10-02,126509000.0,204.0
ADPMNUSNERSA,2022-05-01,2024-10-30,126509000.0,204.0
ADPMNUSNERSA,2022-05-01,2024-12-04,126509000.0,204.0
ADPMNUSNERSA,2022-05-01,2025-01-08,126509000.0,204.0
ADPMNUSNERSA,2022-05-01,2025-02-05,128556000.0,245.0
ADPMNUSNERSA,2022-05-01,2025-03-05,128725000.0,339.0
ADPMNUSNERSA,2022-05-01,2025-04-02,128556000.0,245.0
ADPMNUSNERSA,2022-05-01,2025-04-30,128556000.0,245.0
ADPMNUSNERSA,2022-05-01,2025-06-04,128556000.0,245.0
ADPMNUSNERSA,2022-05-01,2025-07-02,128556000.0,245.0
ADPMNUSNERSA,2022-05-01,2025-07-30,128556000.0,245.0
ADPMNUSNERSA,2022-05-01,2025-09-04,128556000.0,245.0
ADPMNUSNERSA,2022-05-01,2025-10-01,128556000.0,245.0
ADPMNUSNERSA,2022-05-01,2025-11-05,128556000.0,245.0
ADPMNUSNERSA,2022-05-01,2025-12-03,128556000.0,245.0
ADPMNUSNERSA,2022-05-01,2026-01-07,128556000.0,245.0
ADPMNUSNERSA,2022-05-01,2026-02-04,126601000.0,303.0
ADPMNUSNERSA,2022-05-01,2026-03-04,126601000.0,303.0
ADPMNUSNERSA,2022-05-01,2026-04-01,126601000.0,303.0
ADPMNUSNERSA,2022-05-01,2026-05-06,126601000.0,303.0
ADPMNUSNERSA,2022-05-01,2026-06-03,126601000.0,303.0
ADPMNUSNERSA,2022-05-01,2026-07-01,126601000.0,303.0
ADPMNUSNERSA,2022-05-01,2026-08-05,126601000.0,303.0
ADPMNUSNERSA,2022-06-01,2022-08-31,121171000.0,380.0
ADPMNUSNERSA,2022-06-01,2022-10-05,121171000.0,380.0
ADPMNUSNERSA,2022-06-01,2022-11-02,121171000.0,380.0
ADPMNUSNERSA,2022-06-01,2022-11-30,121171000.0,380.0
ADPMNUSNERSA,2022-06-01,2023-01-05,121171000.0,380.0
ADPMNUSNERSA,2022-06-01,2023-02-01,125295000.0,465.0
ADPMNUSNERSA,2022-06-01,2023-03-08,125295000.0,465.0
ADPMNUSNERSA,2022-06-01,2023-04-05,125295000.0,465.0
ADPMNUSNERSA,2022-06-01,2023-05-03,125295000.0,465.0
ADPMNUSNERSA,2022-06-01,2023-06-01,125295000.0,465.0
ADPMNUSNERSA,2022-06-01,2023-07-06,125295000.0,465.0
ADPMNUSNERSA,2022-06-01,2023-08-02,125295000.0,465.0
ADPMNUSNERSA,2022-06-01,2023-08-30,125295000.0,465.0
ADPMNUSNERSA,2022-06-01,2023-10-04,125295000.0,465.0
ADPMNUSNERSA,2022-06-01,2023-11-01,125295000.0,465.0
ADPMNUSNERSA,2022-06-01,2023-12-06,125295000.0,465.0
ADPMNUSNERSA,2022-06-01,2024-01-04,125295000.0,465.0
ADPMNUSNERSA,2022-06-01,2024-01-31,126994000.0,485.0
ADPMNUSNERSA,2022-06-01,2024-03-06,126994000.0,485.0
ADPMNUSNERSA,2022-06-01,2024-04-03,126994000.0,485.0
ADPMNUSNERSA,2022-06-01,2024-05-01,126994000.0,485.0
ADPMNUSNERSA,2022-06-01,2024-06-05,126994000.0,485.0
ADPMNUSNERSA,2022-06-01,2024-07-03,126994000.0,485.0
ADPMNUSNERSA,2022-06-01,2024-07-31,126994000.0,485.0
ADPMNUSNERSA,2022-06-01,2024-09-05,126994000.0,485.0
ADPMNUSNERSA,2022-06-01,2024-10-02,126994000.0,485.0
ADPMNUSNERSA,2022-06-01,2024-10-30,126994000.0,485.0
ADPMNUSNERSA,2022-06-01,2024-12-04,126994000.0,485.0
ADPMNUSNERSA,2022-06-01,2025-01-08,126994000.0,485.0
ADPMNUSNERSA,2022-06-01,2025-02-05,129051000.0,495.0
ADPMNUSNERSA,2022-06-01,2025-03-05,129300000.0,575.0
ADPMNUSNERSA,2022-06-01,2025-04-02,129051000.0,495.0
ADPMNUSNERSA,2022-06-01,2025-04-30,129051000.0,495.0
ADPMNUSNERSA,2022-06-01,2025-06-04,129051000.0,495.0
ADPMNUSNERSA,2022-06-01,2025-07-02,129051000.0,495.0
ADPMNUSNERSA,2022-06-01,2025-07-30,129051000.0,495.0
ADPMNUSNERSA,2022-06-01,2025-09-04,129051000.0,495.0
ADPMNUSNERSA,2022-06-01,2025-10-01,129051000.0,495.0
ADPMNUSNERSA,2022-06-01,2025-11-05,129051000.0,495.0
ADPMNUSNERSA,2022-06-01,2025-12-03,129051000.0,495.0
ADPMNUSNERSA,2022-06-01,2026-01-07,129051000.0,495.0
ADPMNUSNERSA,2022-06-01,2026-02-04,127139000.0,538.0
ADPMNUSNERSA,2022-06-01,2026-03-04,127139000.0,538.0
ADPMNUSNERSA,2022-06-01,2026-04-01,127139000.0,538.0
ADPMNUSNERSA,2022-06-01,2026-05-06,127139000.0,538.0
ADPMNUSNERSA,2022-06-01,2026-06-03,127139000.0,538.0
ADPMNUSNERSA,2022-06-01,2026-07-01,127139000.0,538.0
ADPMNUSNERSA,2022-06-01,2026-08-05,127139000.0,538.0
ADPMNUSNERSA,2022-07-01,2022-08-31,121439000.0,268.0
ADPMNUSNERSA,2022-07-01,2022-10-05,121439000.0,268.0
ADPMNUSNERSA,2022-07-01,2022-11-02,121439000.0,268.0
ADPMNUSNERSA,2022-07-01,2022-11-30,121439000.0,268.0
ADPMNUSNERSA,2022-07-01,2023-01-05,121439000.0,268.0
ADPMNUSNERSA,2022-07-01,2023-02-01,125753000.0,458.0
ADPMNUSNERSA,2022-07-01,2023-03-08,125753000.0,458.0
ADPMNUSNERSA,2022-07-01,2023-04-05,125753000.0,458.0
ADPMNUSNERSA,2022-07-01,2023-05-03,125753000.0,458.0
ADPMNUSNERSA,2022-07-01,2023-06-01,125753000.0,458.0
ADPMNUSNERSA,2022-07-01,2023-07-06,125753000.0,458.0
ADPMNUSNERSA,2022-07-01,2023-08-02,125753000.0,458.0
ADPMNUSNERSA,2022-07-01,2023-08-30,125753000.0,458.0
ADPMNUSNERSA,2022-07-01,2023-10-04,125753000.0,458.0
ADPMNUSNERSA,2022-07-01,2023-11-01,125753000.0,458.0
ADPMNUSNERSA,2022-07-01,2023-12-06,125753000.0,458.0
ADPMNUSNERSA,2022-07-01,2024-01-04,125753000.0,458.0
ADPMNUSNERSA,2022-07-01,2024-01-31,127472000.0,478.0
ADPMNUSNERSA,2022-07-01,2024-03-06,127472000.0,478.0
ADPMNUSNERSA,2022-07-01,2024-04-03,127472000.0,478.0
ADPMNUSNERSA,2022-07-01,2024-05-01,127472000.0,478.0
ADPMNUSNERSA,2022-07-01,2024-06-05,127472000.0,478.0
ADPMNUSNERSA,2022-07-01,2024-07-03,127472000.0,478.0
ADPMNUSNERSA,2022-07-01,2024-07-31,127472000.0,478.0
ADPMNUSNERSA,2022-07-01,2024-09-05,127472000.0,478.0
ADPMNUSNERSA,2022-07-01,2024-10-02,127472000.0,478.0
ADPMNUSNERSA,2022-07-01,2024-10-30,127472000.0,478.0
ADPMNUSNERSA,2022-07-01,2024-12-04,127472000.0,478.0
ADPMNUSNERSA,2022-07-01,2025-01-08,127472000.0,478.0
ADPMNUSNERSA,2022-07-01,2025-02-05,129556000.0,505.0
ADPMNUSNERSA,2022-07-01,2025-03-05,129771000.0,471.0
ADPMNUSNERSA,2022-07-01,2025-04-02,129556000.0,505.0
ADPMNUSNERSA,2022-07-01,2025-04-30,129556000.0,505.0
ADPMNUSNERSA,2022-07-01,2025-06-04,129556000.0,505.0
ADPMNUSNERSA,2022-07-01,2025-07-02,129556000.0,505.0
ADPMNUSNERSA,2022-07-01,2025-07-30,129556000.0,505.0
ADPMNUSNERSA,2022-07-01,2025-09-04,129556000.0,505.0
ADPMNUSNERSA,2022-07-01,2025-10-01,129556000.0,505.0
ADPMNUSNERSA,2022-07-01,2025-11-05,129556000.0,505.0
ADPMNUSNERSA,2022-07-01,2025-12-03,129556000.0,505.0
ADPMNUSNERSA,2022-07-01,2026-01-07,129556000.0,505.0
ADPMNUSNERSA,2022-07-01,2026-02-04,127548000.0,409.0
ADPMNUSNERSA,2022-07-01,2026-03-04,127548000.0,409.0
ADPMNUSNERSA,2022-07-01,2026-04-01,127548000.0,409.0
ADPMNUSNERSA,2022-07-01,2026-05-06,127548000.0,409.0
ADPMNUSNERSA,2022-07-01,2026-06-03,127548000.0,409.0
ADPMNUSNERSA,2022-07-01,2026-07-01,127548000.0,409.0
ADPMNUSNERSA,2022-07-01,2026-08-05,127548000.0,409.0
ADPMNUSNERSA,2022-08-01,2022-08-31,121571000.0,132.0
ADPMNUSNERSA,2022-08-01,2022-10-05,121624000.0,185.0
ADPMNUSNERSA,2022-08-01,2022-11-02,121571000.0,132.0
ADPMNUSNERSA,2022-08-01,2022-11-30,121571000.0,132.0
ADPMNUSNERSA,2022-08-01,2023-01-05,121571000.0,132.0
ADPMNUSNERSA,2022-08-01,2023-02-01,126019000.0,266.0
ADPMNUSNERSA,2022-08-01,2023-03-08,126019000.0,266.0
ADPMNUSNERSA,2022-08-01,2023-04-05,126019000.0,266.0
ADPMNUSNERSA,2022-08-01,2023-05-03,126019000.0,266.0
ADPMNUSNERSA,2022-08-01,2023-06-01,126019000.0,266.0
ADPMNUSNERSA,2022-08-01,2023-07-06,126019000.0,266.0
ADPMNUSNERSA,2022-08-01,2023-08-02,126019000.0,266.0
ADPMNUSNERSA,2022-08-01,2023-08-30,126019000.0,266.0
ADPMNUSNERSA,2022-08-01,2023-10-04,126019000.0,266.0
ADPMNUSNERSA,2022-08-01,2023-11-01,126019000.0,266.0
ADPMNUSNERSA,2022-08-01,2023-12-06,126019000.0,266.0
ADPMNUSNERSA,2022-08-01,2024-01-04,126019000.0,266.0
ADPMNUSNERSA,2022-08-01,2024-01-31,127754000.0,282.0
ADPMNUSNERSA,2022-08-01,2024-03-06,127754000.0,282.0
ADPMNUSNERSA,2022-08-01,2024-04-03,127754000.0,282.0
ADPMNUSNERSA,2022-08-01,2024-05-01,127754000.0,282.0
ADPMNUSNERSA,2022-08-01,2024-06-05,127754000.0,282.0
ADPMNUSNERSA,2022-08-01,2024-07-03,127754000.0,282.0
ADPMNUSNERSA,2022-08-01,2024-07-31,127754000.0,282.0
ADPMNUSNERSA,2022-08-01,2024-09-05,127754000.0,282.0
ADPMNUSNERSA,2022-08-01,2024-10-02,127754000.0,282.0
ADPMNUSNERSA,2022-08-01,2024-10-30,127754000.0,282.0
ADPMNUSNERSA,2022-08-01,2024-12-04,127754000.0,282.0
ADPMNUSNERSA,2022-08-01,2025-01-08,127754000.0,282.0
ADPMNUSNERSA,2022-08-01,2025-02-05,129879000.0,323.0
ADPMNUSNERSA,2022-08-01,2025-03-05,129966000.0,195.0
ADPMNUSNERSA,2022-08-01,2025-04-02,129879000.0,323.0
ADPMNUSNERSA,2022-08-01,2025-04-30,129879000.0,323.0
ADPMNUSNERSA,2022-08-01,2025-06-04,129879000.0,323.0
ADPMNUSNERSA,2022-08-01,2025-07-02,129879000.0,323.0
ADPMNUSNERSA,2022-08-01,2025-07-30,129879000.0,323.0
ADPMNUSNERSA,2022-08-01,2025-09-04,129879000.0,323.0
ADPMNUSNERSA,2022-08-01,2025-10-01,129879000.0,323.0
ADPMNUSNERSA,2022-08-01,2025-11-05,129879000.0,323.0
ADPMNUSNERSA,2022-08-01,2025-12-03,129879000.0,323.0
ADPMNUSNERSA,2022-08-01,2026-01-07,129879000.0,323.0
ADPMNUSNERSA,2022-08-01,2026-02-04,127913000.0,365.0
ADPMNUSNERSA,2022-08-01,2026-03-04,127913000.0,365.0
ADPMNUSNERSA,2022-08-01,2026-04-01,127913000.0,365.0
ADPMNUSNERSA,2022-08-01,2026-05-06,127913000.0,365.0
ADPMNUSNERSA,2022-08-01,2026-06-03,127913000.0,365.0
ADPMNUSNERSA,2022-08-01,2026-07-01,127913000.0,365.0
ADPMNUSNERSA,2022-08-01,2026-08-05,127913000.0,365.0
ADPMNUSNERSA,2022-09-01,2022-10-05,121832000.0,208.0
ADPMNUSNERSA,2022-09-01,2022-11-02,121763000.0,192.0
ADPMNUSNERSA,2022-09-01,2022-11-30,121763000.0,192.0
ADPMNUSNERSA,2022-09-01,2023-01-05,121763000.0,192.0
ADPMNUSNERSA,2022-09-01,2023-02-01,126281000.0,262.0
ADPMNUSNERSA,2022-09-01,2023-03-08,126281000.0,262.0
ADPMNUSNERSA,2022-09-01,2023-04-05,126281000.0,262.0
ADPMNUSNERSA,2022-09-01,2023-05-03,126281000.0,262.0
ADPMNUSNERSA,2022-09-01,2023-06-01,126281000.0,262.0
ADPMNUSNERSA,2022-09-01,2023-07-06,126281000.0,262.0
ADPMNUSNERSA,2022-09-01,2023-08-02,126281000.0,262.0
ADPMNUSNERSA,2022-09-01,2023-08-30,126281000.0,262.0
ADPMNUSNERSA,2022-09-01,2023-10-04,126281000.0,262.0
ADPMNUSNERSA,2022-09-01,2023-11-01,126281000.0,262.0
ADPMNUSNERSA,2022-09-01,2023-12-06,126281000.0,262.0
ADPMNUSNERSA,2022-09-01,2024-01-04,126281000.0,262.0
ADPMNUSNERSA,2022-09-01,2024-01-31,128031000.0,277.0
ADPMNUSNERSA,2022-09-01,2024-03-06,128031000.0,277.0
ADPMNUSNERSA,2022-09-01,2024-04-03,128031000.0,277.0
ADPMNUSNERSA,2022-09-01,2024-05-01,128031000.0,277.0
ADPMNUSNERSA,2022-09-01,2024-06-05,128031000.0,277.0
ADPMNUSNERSA,2022-09-01,2024-07-03,128031000.0,277.0
ADPMNUSNERSA,2022-09-01,2024-07-31,128031000.0,277.0
ADPMNUSNERSA,2022-09-01,2024-09-05,128031000.0,277.0
ADPMNUSNERSA,2022-09-01,2024-10-02,128031000.0,277.0
ADPMNUSNERSA,2022-09-01,2024-10-30,128031000.0,277.0
ADPMNUSNERSA,2022-09-01,2024-12-04,128031000.0,277.0
ADPMNUSNERSA,2022-09-01,2025-01-08,128031000.0,277.0
ADPMNUSNERSA,2022-09-01,2025-02-05,130323000.0,444.0
ADPMNUSNERSA,2022-09-01,2025-03-05,130383000.0,417.0
ADPMNUSNERSA,2022-09-01,2025-04-02,130323000.0,444.0
ADPMNUSNERSA,2022-09-01,2025-04-30,130323000.0,444.0
ADPMNUSNERSA,2022-09-01,2025-06-04,130323000.0,444.0
ADPMNUSNERSA,2022-09-01,2025-07-02,130323000.0,444.0
ADPMNUSNERSA,2022-09-01,2025-07-30,130323000.0,444.0
ADPMNUSNERSA,2022-09-01,2025-09-04,130323000.0,444.0
ADPMNUSNERSA,2022-09-01,2025-10-01,130323000.0,444.0
ADPMNUSNERSA,2022-09-01,2025-11-05,130323000.0,444.0
ADPMNUSNERSA,2022-09-01,2025-12-03,130323000.0,444.0
ADPMNUSNERSA,2022-09-01,2026-01-07,130323000.0,444.0
ADPMNUSNERSA,2022-09-01,2026-02-04,128252000.0,339.0
ADPMNUSNERSA,2022-09-01,2026-03-04,128252000.0,339.0
ADPMNUSNERSA,2022-09-01,2026-04-01,128252000.0,339.0
ADPMNUSNERSA,2022-09-01,2026-05-06,128252000.0,339.0
ADPMNUSNERSA,2022-09-01,2026-06-03,128252000.0,339.0
ADPMNUSNERSA,2022-09-01,2026-07-01,128252000.0,339.0
ADPMNUSNERSA,2022-09-01,2026-08-05,128252000.0,339.0
ADPMNUSNERSA,2022-10-01,2022-11-02,122002000.0,239.0
ADPMNUSNERSA,2022-10-01,2022-11-30,122002000.0,239.0
ADPMNUSNERSA,2022-10-01,2023-01-05,122002000.0,239.0
ADPMNUSNERSA,2022-10-01,2023-02-01,126464000.0,183.0
ADPMNUSNERSA,2022-10-01,2023-03-08,126464000.0,183.0
ADPMNUSNERSA,2022-10-01,2023-04-05,126464000.0,183.0
ADPMNUSNERSA,2022-10-01,2023-05-03,126464000.0,183.0
ADPMNUSNERSA,2022-10-01,2023-06-01,126464000.0,183.0
ADPMNUSNERSA,2022-10-01,2023-07-06,126464000.0,183.0
ADPMNUSNERSA,2022-10-01,2023-08-02,126464000.0,183.0
ADPMNUSNERSA,2022-10-01,2023-08-30,126464000.0,183.0
ADPMNUSNERSA,2022-10-01,2023-10-04,126464000.0,183.0
ADPMNUSNERSA,2022-10-01,2023-11-01,126464000.0,183.0
ADPMNUSNERSA,2022-10-01,2023-12-06,126464000.0,183.0
ADPMNUSNERSA,2022-10-01,2024-01-04,126464000.0,183.0
ADPMNUSNERSA,2022-10-01,2024-01-31,128231000.0,200.0
ADPMNUSNERSA,2022-10-01,2024-03-06,128231000.0,200.0
ADPMNUSNERSA,2022-10-01,2024-04-03,128231000.0,200.0
ADPMNUSNERSA,2022-10-01,2024-05-01,128231000.0,200.0
ADPMNUSNERSA,2022-10-01,2024-06-05,128231000.0,200.0
ADPMNUSNERSA,2022-10-01,2024-07-03,128231000.0,200.0
ADPMNUSNERSA,2022-10-01,2024-07-31,128231000.0,200.0
ADPMNUSNERSA,2022-10-01,2024-09-05,128231000.0,200.0
ADPMNUSNERSA,2022-10-01,2024-10-02,128231000.0,200.0
ADPMNUSNERSA,2022-10-01,2024-10-30,128231000.0,200.0
ADPMNUSNERSA,2022-10-01,2024-12-04,128231000.0,200.0
ADPMNUSNERSA,2022-10-01,2025-01-08,128231000.0,200.0
ADPMNUSNERSA,2022-10-01,2025-02-05,130541000.0,218.0
ADPMNUSNERSA,2022-10-01,2025-03-05,130581000.0,198.0
ADPMNUSNERSA,2022-10-01,2025-04-02,130541000.0,218.0
ADPMNUSNERSA,2022-10-01,2025-04-30,130541000.0,218.0
ADPMNUSNERSA,2022-10-01,2025-06-04,130541000.0,218.0
ADPMNUSNERSA,2022-10-01,2025-07-02,130541000.0,218.0
ADPMNUSNERSA,2022-10-01,2025-07-30,130541000.0,218.0
ADPMNUSNERSA,2022-10-01,2025-09-04,130541000.0,218.0
ADPMNUSNERSA,2022-10-01,2025-10-01,130541000.0,218.0
ADPMNUSNERSA,2022-10-01,2025-11-05,130541000.0,218.0
ADPMNUSNERSA,2022-10-01,2025-12-03,130541000.0,218.0
ADPMNUSNERSA,2022-10-01,2026-01-07,130541000.0,218.0
ADPMNUSNERSA,2022-10-01,2026-02-04,128503000.0,251.0
ADPMNUSNERSA,2022-10-01,2026-03-04,128503000.0,251.0
ADPMNUSNERSA,2022-10-01,2026-04-01,128503000.0,251.0
ADPMNUSNERSA,2022-10-01,2026-05-06,128503000.0,251.0
ADPMNUSNERSA,2022-10-01,2026-06-03,128503000.0,251.0
ADPMNUSNERSA,2022-10-01,2026-07-01,128503000.0,251.0
ADPMNUSNERSA,2022-10-01,2026-08-05,128503000.0,251.0
ADPMNUSNERSA,2022-11-01,2022-11-30,122129000.0,127.0
ADPMNUSNERSA,2022-11-01,2023-01-05,122184000.0,182.0
ADPMNUSNERSA,2022-11-01,2023-02-01,126676000.0,212.0
ADPMNUSNERSA,2022-11-01,2023-03-08,126676000.0,212.0
ADPMNUSNERSA,2022-11-01,2023-04-05,126676000.0,212.0
ADPMNUSNERSA,2022-11-01,2023-05-03,126676000.0,212.0
ADPMNUSNERSA,2022-11-01,2023-06-01,126676000.0,212.0
ADPMNUSNERSA,2022-11-01,2023-07-06,126676000.0,212.0
ADPMNUSNERSA,2022-11-01,2023-08-02,126676000.0,212.0
ADPMNUSNERSA,2022-11-01,2023-08-30,126676000.0,212.0
ADPMNUSNERSA,2022-11-01,2023-10-04,126676000.0,212.0
ADPMNUSNERSA,2022-11-01,2023-11-01,126676000.0,212.0
ADPMNUSNERSA,2022-11-01,2023-12-06,126676000.0,212.0
ADPMNUSNERSA,2022-11-01,2024-01-04,126676000.0,212.0
ADPMNUSNERSA,2022-11-01,2024-01-31,128426000.0,195.0
ADPMNUSNERSA,2022-11-01,2024-03-06,128426000.0,195.0
ADPMNUSNERSA,2022-11-01,2024-04-03,128426000.0,195.0
ADPMNUSNERSA,2022-11-01,2024-05-01,128426000.0,195.0
ADPMNUSNERSA,2022-11-01,2024-06-05,128426000.0,195.0
ADPMNUSNERSA,2022-11-01,2024-07-03,128426000.0,195.0
ADPMNUSNERSA,2022-11-01,2024-07-31,128426000.0,195.0
ADPMNUSNERSA,2022-11-01,2024-09-05,128426000.0,195.0
ADPMNUSNERSA,2022-11-01,2024-10-02,128426000.0,195.0
ADPMNUSNERSA,2022-11-01,2024-10-30,128426000.0,195.0
ADPMNUSNERSA,2022-11-01,2024-12-04,128426000.0,195.0
ADPMNUSNERSA,2022-11-01,2025-01-08,128426000.0,195.0
ADPMNUSNERSA,2022-11-01,2025-02-05,130762000.0,221.0
ADPMNUSNERSA,2022-11-01,2025-03-05,130775000.0,194.0
ADPMNUSNERSA,2022-11-01,2025-04-02,130762000.0,221.0
ADPMNUSNERSA,2022-11-01,2025-04-30,130762000.0,221.0
ADPMNUSNERSA,2022-11-01,2025-06-04,130762000.0,221.0
ADPMNUSNERSA,2022-11-01,2025-07-02,130762000.0,221.0
ADPMNUSNERSA,2022-11-01,2025-07-30,130762000.0,221.0
ADPMNUSNERSA,2022-11-01,2025-09-04,130762000.0,221.0
ADPMNUSNERSA,2022-11-01,2025-10-01,130762000.0,221.0
ADPMNUSNERSA,2022-11-01,2025-11-05,130762000.0,221.0
ADPMNUSNERSA,2022-11-01,2025-12-03,130762000.0,221.0
ADPMNUSNERSA,2022-11-01,2026-01-07,130762000.0,221.0
ADPMNUSNERSA,2022-11-01,2026-02-04,128772000.0,269.0
ADPMNUSNERSA,2022-11-01,2026-03-04,128772000.0,269.0
ADPMNUSNERSA,2022-11-01,2026-04-01,128772000.0,269.0
ADPMNUSNERSA,2022-11-01,2026-05-06,128772000.0,269.0
ADPMNUSNERSA,2022-11-01,2026-06-03,128772000.0,269.0
ADPMNUSNERSA,2022-11-01,2026-07-01,128772000.0,269.0
ADPMNUSNERSA,2022-11-01,2026-08-05,128772000.0,269.0
ADPMNUSNERSA,2022-12-01,2023-01-05,122419000.0,235.0
ADPMNUSNERSA,2022-12-01,2023-02-01,126929000.0,253.0
ADPMNUSNERSA,2022-12-01,2023-03-08,126929000.0,253.0
ADPMNUSNERSA,2022-12-01,2023-04-05,126929000.0,253.0
ADPMNUSNERSA,2022-12-01,2023-05-03,126929000.0,253.0
ADPMNUSNERSA,2022-12-01,2023-06-01,126929000.0,253.0
ADPMNUSNERSA,2022-12-01,2023-07-06,126929000.0,253.0
ADPMNUSNERSA,2022-12-01,2023-08-02,126929000.0,253.0
ADPMNUSNERSA,2022-12-01,2023-08-30,126929000.0,253.0
ADPMNUSNERSA,2022-12-01,2023-10-04,126929000.0,253.0
ADPMNUSNERSA,2022-12-01,2023-11-01,126929000.0,253.0
ADPMNUSNERSA,2022-12-01,2023-12-06,126929000.0,253.0
ADPMNUSNERSA,2022-12-01,2024-01-04,126929000.0,253.0
ADPMNUSNERSA,2022-12-01,2024-01-31,128732000.0,306.0
ADPMNUSNERSA,2022-12-01,2024-03-06,128732000.0,306.0
ADPMNUSNERSA,2022-12-01,2024-04-03,128732000.0,306.0
ADPMNUSNERSA,2022-12-01,2024-05-01,128732000.0,306.0
ADPMNUSNERSA,2022-12-01,2024-06-05,128732000.0,306.0
ADPMNUSNERSA,2022-12-01,2024-07-03,128732000.0,306.0
ADPMNUSNERSA,2022-12-01,2024-07-31,128732000.0,306.0
ADPMNUSNERSA,2022-12-01,2024-09-05,128732000.0,306.0
ADPMNUSNERSA,2022-12-01,2024-10-02,128732000.0,306.0
ADPMNUSNERSA,2022-12-01,2024-10-30,128732000.0,306.0
ADPMNUSNERSA,2022-12-01,2024-12-04,128732000.0,306.0
ADPMNUSNERSA,2022-12-01,2025-01-08,128732000.0,306.0
ADPMNUSNERSA,2022-12-01,2025-02-05,130884000.0,122.0
ADPMNUSNERSA,2022-12-01,2025-03-05,130848000.0,73.0
ADPMNUSNERSA,2022-12-01,2025-04-02,130884000.0,122.0
ADPMNUSNERSA,2022-12-01,2025-04-30,130884000.0,122.0
ADPMNUSNERSA,2022-12-01,2025-06-04,130884000.0,122.0
ADPMNUSNERSA,2022-12-01,2025-07-02,130884000.0,122.0
ADPMNUSNERSA,2022-12-01,2025-07-30,130884000.0,122.0
ADPMNUSNERSA,2022-12-01,2025-09-04,130884000.0,122.0
ADPMNUSNERSA,2022-12-01,2025-10-01,130884000.0,122.0
ADPMNUSNERSA,2022-12-01,2025-11-05,130884000.0,122.0
ADPMNUSNERSA,2022-12-01,2025-12-03,130884000.0,122.0
ADPMNUSNERSA,2022-12-01,2026-01-07,130884000.0,122.0
ADPMNUSNERSA,2022-12-01,2026-02-04,128963000.0,191.0
ADPMNUSNERSA,2022-12-01,2026-03-04,128963000.0,191.0
ADPMNUSNERSA,2022-12-01,2026-04-01,128963000.0,191.0
ADPMNUSNERSA,2022-12-01,2026-05-06,128963000.0,191.0
ADPMNUSNERSA,2022-12-01,2026-06-03,128963000.0,191.0
ADPMNUSNERSA,2022-12-01,2026-07-01,128963000.0,191.0
ADPMNUSNERSA,2022-12-01,2026-08-05,128963000.0,191.0
ADPMNUSNERSA,2023-01-01,2023-02-01,127035000.0,106.0
ADPMNUSNERSA,2023-01-01,2023-03-08,127048000.0,119.0
ADPMNUSNERSA,2023-01-01,2023-04-05,127048000.0,119.0
ADPMNUSNERSA,2023-01-01,2023-05-03,127048000.0,119.0
ADPMNUSNERSA,2023-01-01,2023-06-01,127048000.0,119.0
ADPMNUSNERSA,2023-01-01,2023-07-06,127048000.0,119.0
ADPMNUSNERSA,2023-01-01,2023-08-02,127048000.0,119.0
ADPMNUSNERSA,2023-01-01,2023-08-30,127048000.0,119.0
ADPMNUSNERSA,2023-01-01,2023-10-04,127048000.0,119.0
ADPMNUSNERSA,2023-01-01,2023-11-01,127048000.0,119.0
ADPMNUSNERSA,2023-01-01,2023-12-06,127048000.0,119.0
ADPMNUSNERSA,2023-01-01,2024-01-04,127048000.0,119.0
ADPMNUSNERSA,2023-01-01,2024-01-31,128863000.0,131.0
ADPMNUSNERSA,2023-01-01,2024-03-06,128863000.0,131.0
ADPMNUSNERSA,2023-01-01,2024-04-03,128863000.0,131.0
ADPMNUSNERSA,2023-01-01,2024-05-01,128863000.0,131.0
ADPMNUSNERSA,2023-01-01,2024-06-05,128863000.0,131.0
ADPMNUSNERSA,2023-01-01,2024-07-03,128863000.0,131.0
ADPMNUSNERSA,2023-01-01,2024-07-31,128863000.0,131.0
ADPMNUSNERSA,2023-01-01,2024-09-05,128863000.0,131.0
ADPMNUSNERSA,2023-01-01,2024-10-02,128863000.0,131.0
ADPMNUSNERSA,2023-01-01,2024-10-30,128863000.0,131.0
ADPMNUSNERSA,2023-01-01,2024-12-04,128863000.0,131.0
ADPMNUSNERSA,2023-01-01,2025-01-08,128863000.0,131.0
ADPMNUSNERSA,2023-01-01,2025-02-05,131131000.0,247.0
ADPMNUSNERSA,2023-01-01,2025-03-05,131057000.0,209.0
ADPMNUSNERSA,2023-01-01,2025-04-02,131131000.0,247.0
ADPMNUSNERSA,2023-01-01,2025-04-30,131131000.0,247.0
ADPMNUSNERSA,2023-01-01,2025-06-04,131131000.0,247.0
ADPMNUSNERSA,2023-01-01,2025-07-02,131131000.0,247.0
ADPMNUSNERSA,2023-01-01,2025-07-30,131131000.0,247.0
ADPMNUSNERSA,2023-01-01,2025-09-04,131131000.0,247.0
ADPMNUSNERSA,2023-01-01,2025-10-01,131131000.0,247.0
ADPMNUSNERSA,2023-01-01,2025-11-05,131131000.0,247.0
ADPMNUSNERSA,2023-01-01,2025-12-03,131131000.0,247.0
ADPMNUSNERSA,2023-01-01,2026-01-07,131131000.0,247.0
ADPMNUSNERSA,2023-01-01,2026-02-04,129150000.0,187.0
ADPMNUSNERSA,2023-01-01,2026-03-04,129150000.0,187.0
ADPMNUSNERSA,2023-01-01,2026-04-01,129150000.0,187.0
ADPMNUSNERSA,2023-01-01,2026-05-06,129150000.0,187.0
ADPMNUSNERSA,2023-01-01,2026-06-03,129150000.0,187.0
ADPMNUSNERSA,2023-01-01,2026-07-01,129150000.0,187.0
ADPMNUSNERSA,2023-01-01,2026-08-05,129150000.0,187.0
ADPMNUSNERSA,2023-02-01,2023-03-08,127290000.0,242.0
ADPMNUSNERSA,2023-02-01,2023-04-05,127309000.0,261.0
ADPMNUSNERSA,2023-02-01,2023-05-03,127309000.0,261.0
ADPMNUSNERSA,2023-02-01,2023-06-01,127309000.0,261.0
ADPMNUSNERSA,2023-02-01,2023-07-06,127309000.0,261.0
ADPMNUSNERSA,2023-02-01,2023-08-02,127309000.0,261.0
ADPMNUSNERSA,2023-02-01,2023-08-30,127309000.0,261.0
ADPMNUSNERSA,2023-02-01,2023-10-04,127309000.0,261.0
ADPMNUSNERSA,2023-02-01,2023-11-01,127309000.0,261.0
ADPMNUSNERSA,2023-02-01,2023-12-06,127309000.0,261.0
ADPMNUSNERSA,2023-02-01,2024-01-04,127309000.0,261.0
ADPMNUSNERSA,2023-02-01,2024-01-31,129138000.0,275.0
ADPMNUSNERSA,2023-02-01,2024-03-06,129138000.0,275.0
ADPMNUSNERSA,2023-02-01,2024-04-03,129138000.0,275.0
ADPMNUSNERSA,2023-02-01,2024-05-01,129138000.0,275.0
ADPMNUSNERSA,2023-02-01,2024-06-05,129138000.0,275.0
ADPMNUSNERSA,2023-02-01,2024-07-03,129138000.0,275.0
ADPMNUSNERSA,2023-02-01,2024-07-31,129138000.0,275.0
ADPMNUSNERSA,2023-02-01,2024-09-05,129138000.0,275.0
ADPMNUSNERSA,2023-02-01,2024-10-02,129138000.0,275.0
ADPMNUSNERSA,2023-02-01,2024-10-30,129138000.0,275.0
ADPMNUSNERSA,2023-02-01,2024-12-04,129138000.0,275.0
ADPMNUSNERSA,2023-02-01,2025-01-08,129138000.0,275.0
ADPMNUSNERSA,2023-02-01,2025-02-05,131288000.0,157.0
ADPMNUSNERSA,2023-02-01,2025-03-05,131225000.0,168.0
ADPMNUSNERSA,2023-02-01,2025-04-02,131288000.0,157.0
ADPMNUSNERSA,2023-02-01,2025-04-30,131288000.0,157.0
ADPMNUSNERSA,2023-02-01,2025-06-04,131288000.0,157.0
ADPMNUSNERSA,2023-02-01,2025-07-02,131288000.0,157.0
ADPMNUSNERSA,2023-02-01,2025-07-30,131288000.0,157.0
ADPMNUSNERSA,2023-02-01,2025-09-04,131288000.0,157.0
ADPMNUSNERSA,2023-02-01,2025-10-01,131288000.0,157.0
ADPMNUSNERSA,2023-02-01,2025-11-05,131288000.0,157.0
ADPMNUSNERSA,2023-02-01,2025-12-03,131288000.0,157.0
ADPMNUSNERSA,2023-02-01,2026-01-07,131288000.0,157.0
ADPMNUSNERSA,2023-02-01,2026-02-04,129300000.0,150.0
ADPMNUSNERSA,2023-02-01,2026-03-04,129300000.0,150.0
ADPMNUSNERSA,2023-02-01,2026-04-01,129300000.0,150.0
ADPMNUSNERSA,2023-02-01,2026-05-06,129300000.0,150.0
ADPMNUSNERSA,2023-02-01,2026-06-03,129300000.0,150.0
ADPMNUSNERSA,2023-02-01,2026-07-01,129300000.0,150.0
ADPMNUSNERSA,2023-02-01,2026-08-05,129300000.0,150.0
ADPMNUSNERSA,2023-03-01,2023-04-05,127454000.0,145.0
ADPMNUSNERSA,2023-03-01,2023-05-03,127451000.0,142.0
ADPMNUSNERSA,2023-03-01,2023-06-01,127451000.0,142.0
ADPMNUSNERSA,2023-03-01,2023-07-06,127451000.0,142.0
ADPMNUSNERSA,2023-03-01,2023-08-02,127451000.0,142.0
ADPMNUSNERSA,2023-03-01,2023-08-30,127451000.0,142.0
ADPMNUSNERSA,2023-03-01,2023-10-04,127451000.0,142.0
ADPMNUSNERSA,2023-03-01,2023-11-01,127451000.0,142.0
ADPMNUSNERSA,2023-03-01,2023-12-06,127451000.0,142.0
ADPMNUSNERSA,2023-03-01,2024-01-04,127451000.0,142.0
ADPMNUSNERSA,2023-03-01,2024-01-31,129241000.0,103.0
ADPMNUSNERSA,2023-03-01,2024-03-06,129241000.0,103.0
ADPMNUSNERSA,2023-03-01,2024-04-03,129241000.0,103.0
ADPMNUSNERSA,2023-03-01,2024-05-01,129241000.0,103.0
ADPMNUSNERSA,2023-03-01,2024-06-05,129241000.0,103.0
ADPMNUSNERSA,2023-03-01,2024-07-03,129241000.0,103.0
ADPMNUSNERSA,2023-03-01,2024-07-31,129241000.0,103.0
ADPMNUSNERSA,2023-03-01,2024-09-05,129241000.0,103.0
ADPMNUSNERSA,2023-03-01,2024-10-02,129241000.0,103.0
ADPMNUSNERSA,2023-03-01,2024-10-30,129241000.0,103.0
ADPMNUSNERSA,2023-03-01,2024-12-04,129241000.0,103.0
ADPMNUSNERSA,2023-03-01,2025-01-08,129241000.0,103.0
ADPMNUSNERSA,2023-03-01,2025-02-05,131235000.0,-53.0
ADPMNUSNERSA,2023-03-01,2025-03-05,131221000.0,-4.0
ADPMNUSNERSA,2023-03-01,2025-04-02,131235000.0,-53.0
ADPMNUSNERSA,2023-03-01,2025-04-30,131235000.0,-53.0
ADPMNUSNERSA,2023-03-01,2025-06-04,131235000.0,-53.0
ADPMNUSNERSA,2023-03-01,2025-07-02,131235000.0,-53.0
ADPMNUSNERSA,2023-03-01,2025-07-30,131235000.0,-53.0
ADPMNUSNERSA,2023-03-01,2025-09-04,131235000.0,-53.0
ADPMNUSNERSA,2023-03-01,2025-10-01,131235000.0,-53.0
ADPMNUSNERSA,2023-03-01,2025-11-05,131235000.0,-53.0
ADPMNUSNERSA,2023-03-01,2025-12-03,131235000.0,-53.0
ADPMNUSNERSA,2023-03-01,2026-01-07,131235000.0,-53.0
ADPMNUSNERSA,2023-03-01,2026-02-04,129376000.0,76.0
ADPMNUSNERSA,2023-03-01,2026-03-04,129376000.0,76.0
ADPMNUSNERSA,2023-03-01,2026-04-01,129376000.0,76.0
ADPMNUSNERSA,2023-03-01,2026-05-06,129376000.0,76.0
ADPMNUSNERSA,2023-03-01,2026-06-03,129376000.0,76.0
ADPMNUSNERSA,2023-03-01,2026-07-01,129376000.0,76.0
ADPMNUSNERSA,2023-03-01,2026-08-05,129376000.0,76.0
ADPMNUSNERSA,2023-04-01,2023-05-03,127747000.0,296.0
ADPMNUSNERSA,2023-04-01,2023-06-01,127742000.0,291.0
ADPMNUSNERSA,2023-04-01,2023-07-06,127742000.0,291.0
ADPMNUSNERSA,2023-04-01,2023-08-02,127742000.0,291.0
ADPMNUSNERSA,2023-04-01,2023-08-30,127742000.0,291.0
ADPMNUSNERSA,2023-04-01,2023-10-04,127742000.0,291.0
ADPMNUSNERSA,2023-04-01,2023-11-01,127742000.0,291.0
ADPMNUSNERSA,2023-04-01,2023-12-06,127742000.0,291.0
ADPMNUSNERSA,2023-04-01,2024-01-04,127742000.0,291.0
ADPMNUSNERSA,2023-04-01,2024-01-31,129534000.0,293.0
ADPMNUSNERSA,2023-04-01,2024-03-06,129534000.0,293.0
ADPMNUSNERSA,2023-04-01,2024-04-03,129534000.0,293.0
ADPMNUSNERSA,2023-04-01,2024-05-01,129534000.0,293.0
ADPMNUSNERSA,2023-04-01,2024-06-05,129534000.0,293.0
ADPMNUSNERSA,2023-04-01,2024-07-03,129534000.0,293.0
ADPMNUSNERSA,2023-04-01,2024-07-31,129534000.0,293.0
ADPMNUSNERSA,2023-04-01,2024-09-05,129534000.0,293.0
ADPMNUSNERSA,2023-04-01,2024-10-02,129534000.0,293.0
ADPMNUSNERSA,2023-04-01,2024-10-30,129534000.0,293.0
ADPMNUSNERSA,2023-04-01,2024-12-04,129534000.0,293.0
ADPMNUSNERSA,2023-04-01,2025-01-08,129534000.0,293.0
ADPMNUSNERSA,2023-04-01,2025-02-05,131367000.0,132.0
ADPMNUSNERSA,2023-04-01,2025-03-05,131397000.0,176.0
ADPMNUSNERSA,2023-04-01,2025-04-02,131367000.0,132.0
ADPMNUSNERSA,2023-04-01,2025-04-30,131367000.0,132.0
ADPMNUSNERSA,2023-04-01,2025-06-04,131367000.0,132.0
ADPMNUSNERSA,2023-04-01,2025-07-02,131367000.0,132.0
ADPMNUSNERSA,2023-04-01,2025-07-30,131367000.0,132.0
ADPMNUSNERSA,2023-04-01,2025-09-04,131367000.0,132.0
ADPMNUSNERSA,2023-04-01,2025-10-01,131367000.0,132.0
ADPMNUSNERSA,2023-04-01,2025-11-05,131367000.0,132.0
ADPMNUSNERSA,2023-04-01,2025-12-03,131367000.0,132.0
ADPMNUSNERSA,2023-04-01,2026-01-07,131367000.0,132.0
ADPMNUSNERSA,2023-04-01,2026-02-04,129467000.0,91.0
ADPMNUSNERSA,2023-04-01,2026-03-04,129467000.0,91.0
ADPMNUSNERSA,2023-04-01,2026-04-01,129467000.0,91.0
ADPMNUSNERSA,2023-04-01,2026-05-06,129467000.0,91.0
ADPMNUSNERSA,2023-04-01,2026-06-03,129467000.0,91.0
ADPMNUSNERSA,2023-04-01,2026-07-01,129467000.0,91.0
ADPMNUSNERSA,2023-04-01,2026-08-05,129467000.0,91.0
ADPMNUSNERSA,2023-05-01,2023-06-01,128020000.0,278.0
ADPMNUSNERSA,2023-05-01,2023-07-06,128009000.0,267.0
ADPMNUSNERSA,2023-05-01,2023-08-02,128009000.0,267.0
ADPMNUSNERSA,2023-05-01,2023-08-30,128009000.0,267.0
ADPMNUSNERSA,2023-05-01,2023-10-04,128009000.0,267.0
ADPMNUSNERSA,2023-05-01,2023-11-01,128009000.0,267.0
ADPMNUSNERSA,2023-05-01,2023-12-06,128009000.0,267.0
ADPMNUSNERSA,2023-05-01,2024-01-04,128009000.0,267.0
ADPMNUSNERSA,2023-05-01,2024-01-31,129740000.0,206.0
ADPMNUSNERSA,2023-05-01,2024-03-06,129740000.0,206.0
ADPMNUSNERSA,2023-05-01,2024-04-03,129740000.0,206.0
ADPMNUSNERSA,2023-05-01,2024-05-01,129740000.0,206.0
ADPMNUSNERSA,2023-05-01,2024-06-05,129740000.0,206.0
ADPMNUSNERSA,2023-05-01,2024-07-03,129740000.0,206.0
ADPMNUSNERSA,2023-05-01,2024-07-31,129740000.0,206.0
ADPMNUSNERSA,2023-05-01,2024-09-05,129740000.0,206.0
ADPMNUSNERSA,2023-05-01,2024-10-02,129740000.0,206.0
ADPMNUSNERSA,2023-05-01,2024-10-30,129740000.0,206.0
ADPMNUSNERSA,2023-05-01,2024-12-04,129740000.0,206.0
ADPMNUSNERSA,2023-05-01,2025-01-08,129740000.0,206.0
ADPMNUSNERSA,2023-05-01,2025-02-05,131419000.0,52.0
ADPMNUSNERSA,2023-05-01,2025-03-05,131504000.0,107.0
ADPMNUSNERSA,2023-05-01,2025-04-02,131419000.0,52.0
ADPMNUSNERSA,2023-05-01,2025-04-30,131419000.0,52.0
ADPMNUSNERSA,2023-05-01,2025-06-04,131419000.0,52.0
ADPMNUSNERSA,2023-05-01,2025-07-02,131419000.0,52.0
ADPMNUSNERSA,2023-05-01,2025-07-30,131419000.0,52.0
ADPMNUSNERSA,2023-05-01,2025-09-04,131419000.0,52.0
ADPMNUSNERSA,2023-05-01,2025-10-01,131419000.0,52.0
ADPMNUSNERSA,2023-05-01,2025-11-05,131419000.0,52.0
ADPMNUSNERSA,2023-05-01,2025-12-03,131419000.0,52.0
ADPMNUSNERSA,2023-05-01,2026-01-07,131419000.0,52.0
ADPMNUSNERSA,2023-05-01,2026-02-04,129827000.0,360.0
ADPMNUSNERSA,2023-05-01,2026-03-04,129827000.0,360.0
ADPMNUSNERSA,2023-05-01,2026-04-01,129827000.0,360.0
ADPMNUSNERSA,2023-05-01,2026-05-06,129827000.0,360.0
ADPMNUSNERSA,2023-05-01,2026-06-03,129827000.0,360.0
ADPMNUSNERSA,2023-05-01,2026-07-01,129827000.0,360.0
ADPMNUSNERSA,2023-05-01,2026-08-05,129827000.0,360.0
ADPMNUSNERSA,2023-06-01,2023-07-06,128506000.0,497.0
ADPMNUSNERSA,2023-06-01,2023-08-02,128464000.0,455.0
ADPMNUSNERSA,2023-06-01,2023-08-30,128464000.0,455.0
ADPMNUSNERSA,2023-06-01,2023-10-04,128464000.0,455.0
ADPMNUSNERSA,2023-06-01,2023-11-01,128464000.0,455.0
ADPMNUSNERSA,2023-06-01,2023-12-06,128464000.0,455.0
ADPMNUSNERSA,2023-06-01,2024-01-04,128464000.0,455.0
ADPMNUSNERSA,2023-06-01,2024-01-31,130283000.0,543.0
ADPMNUSNERSA,2023-06-01,2024-03-06,130283000.0,543.0
ADPMNUSNERSA,2023-06-01,2024-04-03,130283000.0,543.0
ADPMNUSNERSA,2023-06-01,2024-05-01,130283000.0,543.0
ADPMNUSNERSA,2023-06-01,2024-06-05,130283000.0,543.0
ADPMNUSNERSA,2023-06-01,2024-07-03,130283000.0,543.0
ADPMNUSNERSA,2023-06-01,2024-07-31,130283000.0,543.0
ADPMNUSNERSA,2023-06-01,2024-09-05,130283000.0,543.0
ADPMNUSNERSA,2023-06-01,2024-10-02,130283000.0,543.0
ADPMNUSNERSA,2023-06-01,2024-10-30,130283000.0,543.0
ADPMNUSNERSA,2023-06-01,2024-12-04,130283000.0,543.0
ADPMNUSNERSA,2023-06-01,2025-01-08,130283000.0,543.0
ADPMNUSNERSA,2023-06-01,2025-02-05,131565000.0,146.0
ADPMNUSNERSA,2023-06-01,2025-03-05,131681000.0,177.0
ADPMNUSNERSA,2023-06-01,2025-04-02,131565000.0,146.0
ADPMNUSNERSA,2023-06-01,2025-04-30,131565000.0,146.0
ADPMNUSNERSA,2023-06-01,2025-06-04,131565000.0,146.0
ADPMNUSNERSA,2023-06-01,2025-07-02,131565000.0,146.0
ADPMNUSNERSA,2023-06-01,2025-07-30,131565000.0,146.0
ADPMNUSNERSA,2023-06-01,2025-09-04,131565000.0,146.0
ADPMNUSNERSA,2023-06-01,2025-10-01,131565000.0,146.0
ADPMNUSNERSA,2023-06-01,2025-11-05,131565000.0,146.0
ADPMNUSNERSA,2023-06-01,2025-12-03,131565000.0,146.0
ADPMNUSNERSA,2023-06-01,2026-01-07,131565000.0,146.0
ADPMNUSNERSA,2023-06-01,2026-02-04,130310000.0,483.0
ADPMNUSNERSA,2023-06-01,2026-03-04,130310000.0,483.0
ADPMNUSNERSA,2023-06-01,2026-04-01,130310000.0,483.0
ADPMNUSNERSA,2023-06-01,2026-05-06,130310000.0,483.0
ADPMNUSNERSA,2023-06-01,2026-06-03,130310000.0,483.0
ADPMNUSNERSA,2023-06-01,2026-07-01,130310000.0,483.0
ADPMNUSNERSA,2023-06-01,2026-08-05,130310000.0,483.0
ADPMNUSNERSA,2023-07-01,2023-08-02,128788000.0,324.0
ADPMNUSNERSA,2023-07-01,2023-08-30,128776000.0,312.0
ADPMNUSNERSA,2023-07-01,2023-10-04,128776000.0,312.0
ADPMNUSNERSA,2023-07-01,2023-11-01,128776000.0,312.0
ADPMNUSNERSA,2023-07-01,2023-12-06,128776000.0,312.0
ADPMNUSNERSA,2023-07-01,2024-01-04,128776000.0,312.0
ADPMNUSNERSA,2023-07-01,2024-01-31,130590000.0,307.0
ADPMNUSNERSA,2023-07-01,2024-03-06,130590000.0,307.0
ADPMNUSNERSA,2023-07-01,2024-04-03,130590000.0,307.0
ADPMNUSNERSA,2023-07-01,2024-05-01,130590000.0,307.0
ADPMNUSNERSA,2023-07-01,2024-06-05,130590000.0,307.0
ADPMNUSNERSA,2023-07-01,2024-07-03,130590000.0,307.0
ADPMNUSNERSA,2023-07-01,2024-07-31,130590000.0,307.0
ADPMNUSNERSA,2023-07-01,2024-09-05,130590000.0,307.0
ADPMNUSNERSA,2023-07-01,2024-10-02,130590000.0,307.0
ADPMNUSNERSA,2023-07-01,2024-10-30,130590000.0,307.0
ADPMNUSNERSA,2023-07-01,2024-12-04,130590000.0,307.0
ADPMNUSNERSA,2023-07-01,2025-01-08,130590000.0,307.0
ADPMNUSNERSA,2023-07-01,2025-02-05,131703000.0,138.0
ADPMNUSNERSA,2023-07-01,2025-03-05,131819000.0,138.0
ADPMNUSNERSA,2023-07-01,2025-04-02,131703000.0,138.0
ADPMNUSNERSA,2023-07-01,2025-04-30,131703000.0,138.0
ADPMNUSNERSA,2023-07-01,2025-06-04,131703000.0,138.0
ADPMNUSNERSA,2023-07-01,2025-07-02,131703000.0,138.0
ADPMNUSNERSA,2023-07-01,2025-07-30,131703000.0,138.0
ADPMNUSNERSA,2023-07-01,2025-09-04,131703000.0,138.0
ADPMNUSNERSA,2023-07-01,2025-10-01,131703000.0,138.0
ADPMNUSNERSA,2023-07-01,2025-11-05,131703000.0,138.0
ADPMNUSNERSA,2023-07-01,2025-12-03,131703000.0,138.0
ADPMNUSNERSA,2023-07-01,2026-01-07,131703000.0,138.0
ADPMNUSNERSA,2023-07-01,2026-02-04,130579000.0,269.0
ADPMNUSNERSA,2023-07-01,2026-03-04,130579000.0,269.0
ADPMNUSNERSA,2023-07-01,2026-04-01,130579000.0,269.0
ADPMNUSNERSA,2023-07-01,2026-05-06,130579000.0,269.0
ADPMNUSNERSA,2023-07-01,2026-06-03,130579000.0,269.0
ADPMNUSNERSA,2023-07-01,2026-07-01,130579000.0,269.0
ADPMNUSNERSA,2023-07-01,2026-08-05,130579000.0,269.0
ADPMNUSNERSA,2023-08-01,2023-08-30,128953000.0,177.0
ADPMNUSNERSA,2023-08-01,2023-10-04,128956000.0,180.0
ADPMNUSNERSA,2023-08-01,2023-11-01,128956000.0,180.0
ADPMNUSNERSA,2023-08-01,2023-12-06,128956000.0,180.0
ADPMNUSNERSA,2023-08-01,2024-01-04,128956000.0,180.0
ADPMNUSNERSA,2023-08-01,2024-01-31,130725000.0,135.0
ADPMNUSNERSA,2023-08-01,2024-03-06,130725000.0,135.0
ADPMNUSNERSA,2023-08-01,2024-04-03,130725000.0,135.0
ADPMNUSNERSA,2023-08-01,2024-05-01,130725000.0,135.0
ADPMNUSNERSA,2023-08-01,2024-06-05,130725000.0,135.0
ADPMNUSNERSA,2023-08-01,2024-07-03,130725000.0,135.0
ADPMNUSNERSA,2023-08-01,2024-07-31,130725000.0,135.0
ADPMNUSNERSA,2023-08-01,2024-09-05,130725000.0,135.0
ADPMNUSNERSA,2023-08-01,2024-10-02,130725000.0,135.0
ADPMNUSNERSA,2023-08-01,2024-10-30,130725000.0,135.0
ADPMNUSNERSA,2023-08-01,2024-12-04,130725000.0,135.0
ADPMNUSNERSA,2023-08-01,2025-01-08,130725000.0,135.0
ADPMNUSNERSA,2023-08-01,2025-02-05,131822000.0,119.0
ADPMNUSNERSA,2023-08-01,2025-03-05,131907000.0,88.0
ADPMNUSNERSA,2023-08-01,2025-04-02,131822000.0,119.0
ADPMNUSNERSA,2023-08-01,2025-04-30,131822000.0,119.0
ADPMNUSNERSA,2023-08-01,2025-06-04,131822000.0,119.0
ADPMNUSNERSA,2023-08-01,2025-07-02,131822000.0,119.0
ADPMNUSNERSA,2023-08-01,2025-07-30,131822000.0,119.0
ADPMNUSNERSA,2023-08-01,2025-09-04,131822000.0,119.0
ADPMNUSNERSA,2023-08-01,2025-10-01,131822000.0,119.0
ADPMNUSNERSA,2023-08-01,2025-11-05,131822000.0,119.0
ADPMNUSNERSA,2023-08-01,2025-12-03,131822000.0,119.0
ADPMNUSNERSA,2023-08-01,2026-01-07,131822000.0,119.0
ADPMNUSNERSA,2023-08-01,2026-02-04,130695000.0,116.0
ADPMNUSNERSA,2023-08-01,2026-03-04,130695000.0,116.0
ADPMNUSNERSA,2023-08-01,2026-04-01,130695000.0,116.0
ADPMNUSNERSA,2023-08-01,2026-05-06,130695000.0,116.0
ADPMNUSNERSA,2023-08-01,2026-06-03,130695000.0,116.0
ADPMNUSNERSA,2023-08-01,2026-07-01,130695000.0,116.0
ADPMNUSNERSA,2023-08-01,2026-08-05,130695000.0,116.0
ADPMNUSNERSA,2023-09-01,2023-10-04,129045000.0,89.0
ADPMNUSNERSA,2023-09-01,2023-11-01,129045000.0,89.0
ADPMNUSNERSA,2023-09-01,2023-12-06,129045000.0,89.0
ADPMNUSNERSA,2023-09-01,2024-01-04,129045000.0,89.0
ADPMNUSNERSA,2023-09-01,2024-01-31,130862000.0,137.0
ADPMNUSNERSA,2023-09-01,2024-03-06,130862000.0,137.0
ADPMNUSNERSA,2023-09-01,2024-04-03,130862000.0,137.0
ADPMNUSNERSA,2023-09-01,2024-05-01,130862000.0,137.0
ADPMNUSNERSA,2023-09-01,2024-06-05,130862000.0,137.0
ADPMNUSNERSA,2023-09-01,2024-07-03,130862000.0,137.0
ADPMNUSNERSA,2023-09-01,2024-07-31,130862000.0,137.0
ADPMNUSNERSA,2023-09-01,2024-09-05,130862000.0,137.0
ADPMNUSNERSA,2023-09-01,2024-10-02,130862000.0,137.0
ADPMNUSNERSA,2023-09-01,2024-10-30,130862000.0,137.0
ADPMNUSNERSA,2023-09-01,2024-12-04,130862000.0,137.0
ADPMNUSNERSA,2023-09-01,2025-01-08,130862000.0,137.0
ADPMNUSNERSA,2023-09-01,2025-02-05,131917000.0,95.0
ADPMNUSNERSA,2023-09-01,2025-03-05,131943000.0,36.0
ADPMNUSNERSA,2023-09-01,2025-04-02,131917000.0,95.0
ADPMNUSNERSA,2023-09-01,2025-04-30,131917000.0,95.0
ADPMNUSNERSA,2023-09-01,2025-06-04,131917000.0,95.0
ADPMNUSNERSA,2023-09-01,2025-07-02,131917000.0,95.0
ADPMNUSNERSA,2023-09-01,2025-07-30,131917000.0,95.0
ADPMNUSNERSA,2023-09-01,2025-09-04,131917000.0,95.0
ADPMNUSNERSA,2023-09-01,2025-10-01,131917000.0,95.0
ADPMNUSNERSA,2023-09-01,2025-11-05,131917000.0,95.0
ADPMNUSNERSA,2023-09-01,2025-12-03,131917000.0,95.0
ADPMNUSNERSA,2023-09-01,2026-01-07,131917000.0,95.0
ADPMNUSNERSA,2023-09-01,2026-02-04,130732000.0,37.0
ADPMNUSNERSA,2023-09-01,2026-03-04,130732000.0,37.0
ADPMNUSNERSA,2023-09-01,2026-04-01,130732000.0,37.0
ADPMNUSNERSA,2023-09-01,2026-05-06,130732000.0,37.0
ADPMNUSNERSA,2023-09-01,2026-06-03,130732000.0,37.0
ADPMNUSNERSA,2023-09-01,2026-07-01,130732000.0,37.0
ADPMNUSNERSA,2023-09-01,2026-08-05,130732000.0,37.0
ADPMNUSNERSA,2023-10-01,2023-11-01,129158000.0,113.0
ADPMNUSNERSA,2023-10-01,2023-12-06,129151000.0,106.0
ADPMNUSNERSA,2023-10-01,2024-01-04,129151000.0,106.0
ADPMNUSNERSA,2023-10-01,2024-01-31,130973000.0,111.0
ADPMNUSNERSA,2023-10-01,2024-03-06,130973000.0,111.0
ADPMNUSNERSA,2023-10-01,2024-04-03,130973000.0,111.0
ADPMNUSNERSA,2023-10-01,2024-05-01,130973000.0,111.0
ADPMNUSNERSA,2023-10-01,2024-06-05,130973000.0,111.0
ADPMNUSNERSA,2023-10-01,2024-07-03,130973000.0,111.0
ADPMNUSNERSA,2023-10-01,2024-07-31,130973000.0,111.0
ADPMNUSNERSA,2023-10-01,2024-09-05,130973000.0,111.0
ADPMNUSNERSA,2023-10-01,2024-10-02,130973000.0,111.0
ADPMNUSNERSA,2023-10-01,2024-10-30,130973000.0,111.0
ADPMNUSNERSA,2023-10-01,2024-12-04,130973000.0,111.0
ADPMNUSNERSA,2023-10-01,2025-01-08,130973000.0,111.0
ADPMNUSNERSA,2023-10-01,2025-02-05,132047000.0,130.0
ADPMNUSNERSA,2023-10-01,2025-03-05,132046000.0,103.0
ADPMNUSNERSA,2023-10-01,2025-04-02,132047000.0,130.0
ADPMNUSNERSA,2023-10-01,2025-04-30,132047000.0,130.0
ADPMNUSNERSA,2023-10-01,2025-06-04,132047000.0,130.0
ADPMNUSNERSA,2023-10-01,2025-07-02,132047000.0,130.0
ADPMNUSNERSA,2023-10-01,2025-07-30,132047000.0,130.0
ADPMNUSNERSA,2023-10-01,2025-09-04,132047000.0,130.0
ADPMNUSNERSA,2023-10-01,2025-10-01,132047000.0,130.0
ADPMNUSNERSA,2023-10-01,2025-11-05,132047000.0,130.0
ADPMNUSNERSA,2023-10-01,2025-12-03,132047000.0,130.0
ADPMNUSNERSA,2023-10-01,2026-01-07,132047000.0,130.0
ADPMNUSNERSA,2023-10-01,2026-02-04,130703000.0,-29.0
ADPMNUSNERSA,2023-10-01,2026-03-04,130703000.0,-29.0
ADPMNUSNERSA,2023-10-01,2026-04-01,130703000.0,-29.0
ADPMNUSNERSA,2023-10-01,2026-05-06,130703000.0,-29.0
ADPMNUSNERSA,2023-10-01,2026-06-03,130703000.0,-29.0
ADPMNUSNERSA,2023-10-01,2026-07-01,130703000.0,-29.0
ADPMNUSNERSA,2023-10-01,2026-08-05,130703000.0,-29.0
ADPMNUSNERSA,2023-11-01,2023-12-06,129254000.0,103.0
ADPMNUSNERSA,2023-11-01,2024-01-04,129252000.0,101.0
ADPMNUSNERSA,2023-11-01,2024-01-31,131077000.0,104.0
ADPMNUSNERSA,2023-11-01,2024-03-06,131077000.0,104.0
ADPMNUSNERSA,2023-11-01,2024-04-03,131077000.0,104.0
ADPMNUSNERSA,2023-11-01,2024-05-01,131077000.0,104.0
ADPMNUSNERSA,2023-11-01,2024-06-05,131077000.0,104.0
ADPMNUSNERSA,2023-11-01,2024-07-03,131077000.0,104.0
ADPMNUSNERSA,2023-11-01,2024-07-31,131077000.0,104.0
ADPMNUSNERSA,2023-11-01,2024-09-05,131077000.0,104.0
ADPMNUSNERSA,2023-11-01,2024-10-02,131077000.0,104.0
ADPMNUSNERSA,2023-11-01,2024-10-30,131077000.0,104.0
ADPMNUSNERSA,2023-11-01,2024-12-04,131077000.0,104.0
ADPMNUSNERSA,2023-11-01,2025-01-08,131077000.0,104.0
ADPMNUSNERSA,2023-11-01,2025-02-05,132147000.0,100.0
ADPMNUSNERSA,2023-11-01,2025-03-05,132124000.0,78.0
ADPMNUSNERSA,2023-11-01,2025-04-02,132147000.0,100.0
ADPMNUSNERSA,2023-11-01,2025-04-30,132147000.0,100.0
ADPMNUSNERSA,2023-11-01,2025-06-04,132147000.0,100.0
ADPMNUSNERSA,2023-11-01,2025-07-02,132147000.0,100.0
ADPMNUSNERSA,2023-11-01,2025-07-30,132147000.0,100.0
ADPMNUSNERSA,2023-11-01,2025-09-04,132147000.0,100.0
ADPMNUSNERSA,2023-11-01,2025-10-01,132147000.0,100.0
ADPMNUSNERSA,2023-11-01,2025-11-05,132147000.0,100.0
ADPMNUSNERSA,2023-11-01,2025-12-03,132147000.0,100.0
ADPMNUSNERSA,2023-11-01,2026-01-07,132147000.0,100.0
ADPMNUSNERSA,2023-11-01,2026-02-04,130808000.0,105.0
ADPMNUSNERSA,2023-11-01,2026-03-04,130808000.0,105.0
ADPMNUSNERSA,2023-11-01,2026-04-01,130808000.0,105.0
ADPMNUSNERSA,2023-11-01,2026-05-06,130808000.0,105.0
ADPMNUSNERSA,2023-11-01,2026-06-03,130808000.0,105.0
ADPMNUSNERSA,2023-11-01,2026-07-01,130808000.0,105.0
ADPMNUSNERSA,2023-11-01,2026-08-05,130808000.0,105.0
ADPMNUSNERSA,2023-12-01,2024-01-04,129416000.0,164.0
ADPMNUSNERSA,2023-12-01,2024-01-31,131235000.0,158.0
ADPMNUSNERSA,2023-12-01,2024-03-06,131235000.0,158.0
ADPMNUSNERSA,2023-12-01,2024-04-03,131235000.0,158.0
ADPMNUSNERSA,2023-12-01,2024-05-01,131235000.0,158.0
ADPMNUSNERSA,2023-12-01,2024-06-05,131235000.0,158.0
ADPMNUSNERSA,2023-12-01,2024-07-03,131235000.0,158.0
ADPMNUSNERSA,2023-12-01,2024-07-31,131235000.0,158.0
ADPMNUSNERSA,2023-12-01,2024-09-05,131235000.0,158.0
ADPMNUSNERSA,2023-12-01,2024-10-02,131235000.0,158.0
ADPMNUSNERSA,2023-12-01,2024-10-30,131235000.0,158.0
ADPMNUSNERSA,2023-12-01,2024-12-04,131235000.0,158.0
ADPMNUSNERSA,2023-12-01,2025-01-08,131235000.0,158.0
ADPMNUSNERSA,2023-12-01,2025-02-05,132242000.0,95.0
ADPMNUSNERSA,2023-12-01,2025-03-05,132190000.0,66.0
ADPMNUSNERSA,2023-12-01,2025-04-02,132242000.0,95.0
ADPMNUSNERSA,2023-12-01,2025-04-30,132242000.0,95.0
ADPMNUSNERSA,2023-12-01,2025-06-04,132242000.0,95.0
ADPMNUSNERSA,2023-12-01,2025-07-02,132242000.0,95.0
ADPMNUSNERSA,2023-12-01,2025-07-30,132242000.0,95.0
ADPMNUSNERSA,2023-12-01,2025-09-04,132242000.0,95.0
ADPMNUSNERSA,2023-12-01,2025-10-01,132242000.0,95.0
ADPMNUSNERSA,2023-12-01,2025-11-05,132242000.0,95.0
ADPMNUSNERSA,2023-12-01,2025-12-03,132242000.0,95.0
ADPMNUSNERSA,2023-12-01,2026-01-07,132242000.0,95.0
ADPMNUSNERSA,2023-12-01,2026-02-04,131090000.0,282.0
ADPMNUSNERSA,2023-12-01,2026-03-04,131090000.0,282.0
ADPMNUSNERSA,2023-12-01,2026-04-01,131090000.0,282.0
ADPMNUSNERSA,2023-12-01,2026-05-06,131090000.0,282.0
ADPMNUSNERSA,2023-12-01,2026-06-03,131090000.0,282.0
ADPMNUSNERSA,2023-12-01,2026-07-01,131090000.0,282.0
ADPMNUSNERSA,2023-12-01,2026-08-05,131090000.0,282.0
ADPMNUSNERSA,2024-01-01,2024-01-31,131342000.0,107.0
ADPMNUSNERSA,2024-01-01,2024-03-06,131346000.0,111.0
ADPMNUSNERSA,2024-01-01,2024-04-03,131346000.0,111.0
ADPMNUSNERSA,2024-01-01,2024-05-01,131346000.0,111.0
ADPMNUSNERSA,2024-01-01,2024-06-05,131346000.0,111.0
ADPMNUSNERSA,2024-01-01,2024-07-03,131346000.0,111.0
ADPMNUSNERSA,2024-01-01,2024-07-31,131346000.0,111.0
ADPMNUSNERSA,2024-01-01,2024-09-05,131346000.0,111.0
ADPMNUSNERSA,2024-01-01,2024-10-02,131346000.0,111.0
ADPMNUSNERSA,2024-01-01,2024-10-30,131346000.0,111.0
ADPMNUSNERSA,2024-01-01,2024-12-04,131346000.0,111.0
ADPMNUSNERSA,2024-01-01,2025-01-08,131346000.0,111.0
ADPMNUSNERSA,2024-01-01,2025-02-05,132371000.0,129.0
ADPMNUSNERSA,2024-01-01,2025-03-05,132287000.0,97.0
ADPMNUSNERSA,2024-01-01,2025-04-02,132371000.0,129.0
ADPMNUSNERSA,2024-01-01,2025-04-30,132371000.0,129.0
ADPMNUSNERSA,2024-01-01,2025-06-04,132371000.0,129.0
ADPMNUSNERSA,2024-01-01,2025-07-02,132371000.0,129.0
ADPMNUSNERSA,2024-01-01,2025-07-30,132371000.0,129.0
ADPMNUSNERSA,2024-01-01,2025-09-04,132371000.0,129.0
ADPMNUSNERSA,2024-01-01,2025-10-01,132371000.0,129.0
ADPMNUSNERSA,2024-01-01,2025-11-05,132371000.0,129.0
ADPMNUSNERSA,2024-01-01,2025-12-03,132371000.0,129.0
ADPMNUSNERSA,2024-01-01,2026-01-07,132371000.0,129.0
ADPMNUSNERSA,2024-01-01,2026-02-04,131330000.0,240.0
ADPMNUSNERSA,2024-01-01,2026-03-04,131330000.0,240.0
ADPMNUSNERSA,2024-01-01,2026-04-01,131330000.0,240.0
ADPMNUSNERSA,2024-01-01,2026-05-06,131330000.0,240.0
ADPMNUSNERSA,2024-01-01,2026-06-03,131330000.0,240.0
ADPMNUSNERSA,2024-01-01,2026-07-01,131330000.0,240.0
ADPMNUSNERSA,2024-01-01,2026-08-05,131330000.0,240.0
ADPMNUSNERSA,2024-02-01,2024-03-06,131486000.0,140.0
ADPMNUSNERSA,2024-02-01,2024-04-03,131501000.0,155.0
ADPMNUSNERSA,2024-02-01,2024-05-01,131522000.0,176.0
ADPMNUSNERSA,2024-02-01,2024-06-05,131521000.0,175.0
ADPMNUSNERSA,2024-02-01,2024-07-03,131521000.0,175.0
ADPMNUSNERSA,2024-02-01,2024-07-31,131521000.0,175.0
ADPMNUSNERSA,2024-02-01,2024-09-05,131521000.0,175.0
ADPMNUSNERSA,2024-02-01,2024-10-02,131521000.0,175.0
ADPMNUSNERSA,2024-02-01,2024-10-30,131521000.0,175.0
ADPMNUSNERSA,2024-02-01,2024-12-04,131521000.0,175.0
ADPMNUSNERSA,2024-02-01,2025-01-08,131521000.0,175.0
ADPMNUSNERSA,2024-02-01,2025-02-05,132462000.0,91.0
ADPMNUSNERSA,2024-02-01,2025-03-05,132405000.0,118.0
ADPMNUSNERSA,2024-02-01,2025-04-02,132462000.0,91.0
ADPMNUSNERSA,2024-02-01,2025-04-30,132462000.0,91.0
ADPMNUSNERSA,2024-02-01,2025-06-04,132462000.0,91.0
ADPMNUSNERSA,2024-02-01,2025-07-02,132462000.0,91.0
ADPMNUSNERSA,2024-02-01,2025-07-30,132462000.0,91.0
ADPMNUSNERSA,2024-02-01,2025-09-04,132462000.0,91.0
ADPMNUSNERSA,2024-02-01,2025-10-01,132462000.0,91.0
ADPMNUSNERSA,2024-02-01,2025-11-05,132462000.0,91.0
ADPMNUSNERSA,2024-02-01,2025-12-03,132462000.0,91.0
ADPMNUSNERSA,2024-02-01,2026-01-07,132462000.0,91.0
ADPMNUSNERSA,2024-02-01,2026-02-04,131223000.0,-107.0
ADPMNUSNERSA,2024-02-01,2026-03-04,131223000.0,-107.0
ADPMNUSNERSA,2024-02-01,2026-04-01,131223000.0,-107.0
ADPMNUSNERSA,2024-02-01,2026-05-06,131223000.0,-107.0
ADPMNUSNERSA,2024-02-01,2026-06-03,131223000.0,-107.0
ADPMNUSNERSA,2024-02-01,2026-07-01,131223000.0,-107.0
ADPMNUSNERSA,2024-02-01,2026-08-05,131223000.0,-107.0
ADPMNUSNERSA,2024-03-01,2024-04-03,131685000.0,184.0
ADPMNUSNERSA,2024-03-01,2024-05-01,131730000.0,208.0
ADPMNUSNERSA,2024-03-01,2024-06-05,131732000.0,211.0
ADPMNUSNERSA,2024-03-01,2024-07-03,131732000.0,211.0
ADPMNUSNERSA,2024-03-01,2024-07-31,131732000.0,211.0
ADPMNUSNERSA,2024-03-01,2024-09-05,131732000.0,211.0
ADPMNUSNERSA,2024-03-01,2024-10-02,131732000.0,211.0
ADPMNUSNERSA,2024-03-01,2024-10-30,131732000.0,211.0
ADPMNUSNERSA,2024-03-01,2024-12-04,131732000.0,211.0
ADPMNUSNERSA,2024-03-01,2025-01-08,131732000.0,211.0
ADPMNUSNERSA,2024-03-01,2025-02-05,132544000.0,82.0
ADPMNUSNERSA,2024-03-01,2025-03-05,132522000.0,117.0
ADPMNUSNERSA,2024-03-01,2025-04-02,132544000.0,82.0
ADPMNUSNERSA,2024-03-01,2025-04-30,132544000.0,82.0
ADPMNUSNERSA,2024-03-01,2025-06-04,132544000.0,82.0
ADPMNUSNERSA,2024-03-01,2025-07-02,132544000.0,82.0
ADPMNUSNERSA,2024-03-01,2025-07-30,132544000.0,82.0
ADPMNUSNERSA,2024-03-01,2025-09-04,132544000.0,82.0
ADPMNUSNERSA,2024-03-01,2025-10-01,132544000.0,82.0
ADPMNUSNERSA,2024-03-01,2025-11-05,132544000.0,82.0
ADPMNUSNERSA,2024-03-01,2025-12-03,132544000.0,82.0
ADPMNUSNERSA,2024-03-01,2026-01-07,132544000.0,82.0
ADPMNUSNERSA,2024-03-01,2026-02-04,131120000.0,-103.0
ADPMNUSNERSA,2024-03-01,2026-03-04,131120000.0,-103.0
ADPMNUSNERSA,2024-03-01,2026-04-01,131120000.0,-103.0
ADPMNUSNERSA,2024-03-01,2026-05-06,131120000.0,-103.0
ADPMNUSNERSA,2024-03-01,2026-06-03,131120000.0,-103.0
ADPMNUSNERSA,2024-03-01,2026-07-01,131120000.0,-103.0
ADPMNUSNERSA,2024-03-01,2026-08-05,131120000.0,-103.0
ADPMNUSNERSA,2024-04-01,2024-05-01,131922000.0,192.0
ADPMNUSNERSA,2024-04-01,2024-06-05,131920000.0,188.0
ADPMNUSNERSA,2024-04-01,2024-07-03,131920000.0,188.0
ADPMNUSNERSA,2024-04-01,2024-07-31,131920000.0,188.0
ADPMNUSNERSA,2024-04-01,2024-09-05,131920000.0,188.0
ADPMNUSNERSA,2024-04-01,2024-10-02,131920000.0,188.0
ADPMNUSNERSA,2024-04-01,2024-10-30,131920000.0,188.0
ADPMNUSNERSA,2024-04-01,2024-12-04,131920000.0,188.0
ADPMNUSNERSA,2024-04-01,2025-01-08,131920000.0,188.0
ADPMNUSNERSA,2024-04-01,2025-02-05,132657000.0,113.0
ADPMNUSNERSA,2024-04-01,2025-03-05,132668000.0,146.0
ADPMNUSNERSA,2024-04-01,2025-04-02,132657000.0,113.0
ADPMNUSNERSA,2024-04-01,2025-04-30,132657000.0,113.0
ADPMNUSNERSA,2024-04-01,2025-06-04,132657000.0,113.0
ADPMNUSNERSA,2024-04-01,2025-07-02,132657000.0,113.0
ADPMNUSNERSA,2024-04-01,2025-07-30,132657000.0,113.0
ADPMNUSNERSA,2024-04-01,2025-09-04,132657000.0,113.0
ADPMNUSNERSA,2024-04-01,2025-10-01,132657000.0,113.0
ADPMNUSNERSA,2024-04-01,2025-11-05,132657000.0,113.0
ADPMNUSNERSA,2024-04-01,2025-12-03,132657000.0,113.0
ADPMNUSNERSA,2024-04-01,2026-01-07,132657000.0,113.0
ADPMNUSNERSA,2024-04-01,2026-02-04,131164000.0,44.0
ADPMNUSNERSA,2024-04-01,2026-03-04,131164000.0,44.0
ADPMNUSNERSA,2024-04-01,2026-04-01,131164000.0,44.0
ADPMNUSNERSA,2024-04-01,2026-05-06,131164000.0,44.0
ADPMNUSNERSA,2024-04-01,2026-06-03,131164000.0,44.0
ADPMNUSNERSA,2024-04-01,2026-07-01,131164000.0,44.0
ADPMNUSNERSA,2024-04-01,2026-08-05,131164000.0,44.0
ADPMNUSNERSA,2024-05-01,2024-06-05,132072000.0,152.0
ADPMNUSNERSA,2024-05-01,2024-07-03,132077000.0,157.0
ADPMNUSNERSA,2024-05-01,2024-07-31,132077000.0,157.0
ADPMNUSNERSA,2024-05-01,2024-09-05,132077000.0,157.0
ADPMNUSNERSA,2024-05-01,2024-10-02,132077000.0,157.0
ADPMNUSNERSA,2024-05-01,2024-10-30,132077000.0,157.0
ADPMNUSNERSA,2024-05-01,2024-12-04,132077000.0,157.0
ADPMNUSNERSA,2024-05-01,2025-01-08,132077000.0,157.0
ADPMNUSNERSA,2024-05-01,2025-02-05,132821000.0,164.0
ADPMNUSNERSA,2024-05-01,2025-03-05,132868000.0,200.0
ADPMNUSNERSA,2024-05-01,2025-04-02,132821000.0,164.0
ADPMNUSNERSA,2024-05-01,2025-04-30,132821000.0,164.0
ADPMNUSNERSA,2024-05-01,2025-06-04,132821000.0,164.0
ADPMNUSNERSA,2024-05-01,2025-07-02,132821000.0,164.0
ADPMNUSNERSA,2024-05-01,2025-07-30,132821000.0,164.0
ADPMNUSNERSA,2024-05-01,2025-09-04,132821000.0,164.0
ADPMNUSNERSA,2024-05-01,2025-10-01,132821000.0,164.0
ADPMNUSNERSA,2024-05-01,2025-11-05,132821000.0,164.0
ADPMNUSNERSA,2024-05-01,2025-12-03,132821000.0,164.0
ADPMNUSNERSA,2024-05-01,2026-01-07,132821000.0,164.0
ADPMNUSNERSA,2024-05-01,2026-02-04,131365000.0,201.0
ADPMNUSNERSA,2024-05-01,2026-03-04,131365000.0,201.0
ADPMNUSNERSA,2024-05-01,2026-04-01,131365000.0,201.0
ADPMNUSNERSA,2024-05-01,2026-05-06,131365000.0,201.0
ADPMNUSNERSA,2024-05-01,2026-06-03,131365000.0,201.0
ADPMNUSNERSA,2024-05-01,2026-07-01,131365000.0,201.0
ADPMNUSNERSA,2024-05-01,2026-08-05,131365000.0,201.0
ADPMNUSNERSA,2024-06-01,2024-07-03,132227000.0,150.0
ADPMNUSNERSA,2024-06-01,2024-07-31,132232000.0,155.0
ADPMNUSNERSA,2024-06-01,2024-09-05,132232000.0,155.0
ADPMNUSNERSA,2024-06-01,2024-10-02,132232000.0,155.0
ADPMNUSNERSA,2024-06-01,2024-10-30,132232000.0,155.0
ADPMNUSNERSA,2024-06-01,2024-12-04,132232000.0,155.0
ADPMNUSNERSA,2024-06-01,2025-01-08,132232000.0,155.0
ADPMNUSNERSA,2024-06-01,2025-02-05,132957000.0,136.0
ADPMNUSNERSA,2024-06-01,2025-03-05,133002000.0,134.0
ADPMNUSNERSA,2024-06-01,2025-04-02,132957000.0,136.0
ADPMNUSNERSA,2024-06-01,2025-04-30,132957000.0,136.0
ADPMNUSNERSA,2024-06-01,2025-06-04,132957000.0,136.0
ADPMNUSNERSA,2024-06-01,2025-07-02,132957000.0,136.0
ADPMNUSNERSA,2024-06-01,2025-07-30,132957000.0,136.0
ADPMNUSNERSA,2024-06-01,2025-09-04,132957000.0,136.0
ADPMNUSNERSA,2024-06-01,2025-10-01,132957000.0,136.0
ADPMNUSNERSA,2024-06-01,2025-11-05,132957000.0,136.0
ADPMNUSNERSA,2024-06-01,2025-12-03,132957000.0,136.0
ADPMNUSNERSA,2024-06-01,2026-01-07,132957000.0,136.0
ADPMNUSNERSA,2024-06-01,2026-02-04,131469000.0,104.0
ADPMNUSNERSA,2024-06-01,2026-03-04,131469000.0,104.0
ADPMNUSNERSA,2024-06-01,2026-04-01,131469000.0,104.0
ADPMNUSNERSA,2024-06-01,2026-05-06,131469000.0,104.0
ADPMNUSNERSA,2024-06-01,2026-06-03,131469000.0,104.0
ADPMNUSNERSA,2024-06-01,2026-07-01,131469000.0,104.0
ADPMNUSNERSA,2024-06-01,2026-08-05,131469000.0,104.0
ADPMNUSNERSA,2024-07-01,2024-07-31,132354000.0,122.0
ADPMNUSNERSA,2024-07-01,2024-09-05,132343000.0,111.0
ADPMNUSNERSA,2024-07-01,2024-10-02,132343000.0,111.0
ADPMNUSNERSA,2024-07-01,2024-10-30,132343000.0,111.0
ADPMNUSNERSA,2024-07-01,2024-12-04,132343000.0,111.0
ADPMNUSNERSA,2024-07-01,2025-01-08,132343000.0,111.0
ADPMNUSNERSA,2024-07-01,2025-02-05,132999000.0,42.0
ADPMNUSNERSA,2024-07-01,2025-03-05,133038000.0,36.0
ADPMNUSNERSA,2024-07-01,2025-04-02,132999000.0,42.0
ADPMNUSNERSA,2024-07-01,2025-04-30,132999000.0,42.0
ADPMNUSNERSA,2024-07-01,2025-06-04,132999000.0,42.0
ADPMNUSNERSA,2024-07-01,2025-07-02,132999000.0,42.0
ADPMNUSNERSA,2024-07-01,2025-07-30,132999000.0,42.0
ADPMNUSNERSA,2024-07-01,2025-09-04,132999000.0,42.0
ADPMNUSNERSA,2024-07-01,2025-10-01,132999000.0,42.0
ADPMNUSNERSA,2024-07-01,2025-11-05,132999000.0,42.0
ADPMNUSNERSA,2024-07-01,2025-12-03,132999000.0,42.0
ADPMNUSNERSA,2024-07-01,2026-01-07,132999000.0,42.0
ADPMNUSNERSA,2024-07-01,2026-02-04,131589000.0,120.0
ADPMNUSNERSA,2024-07-01,2026-03-04,131589000.0,120.0
ADPMNUSNERSA,2024-07-01,2026-04-01,131589000.0,120.0
ADPMNUSNERSA,2024-07-01,2026-05-06,131589000.0,120.0
ADPMNUSNERSA,2024-07-01,2026-06-03,131589000.0,120.0
ADPMNUSNERSA,2024-07-01,2026-07-01,131589000.0,120.0
ADPMNUSNERSA,2024-07-01,2026-08-05,131589000.0,120.0
ADPMNUSNERSA,2024-08-01,2024-09-05,132442000.0,99.0
ADPMNUSNERSA,2024-08-01,2024-10-02,132446000.0,103.0
ADPMNUSNERSA,2024-08-01,2024-10-30,132446000.0,103.0
ADPMNUSNERSA,2024-08-01,2024-12-04,132446000.0,103.0
ADPMNUSNERSA,2024-08-01,2025-01-08,132446000.0,103.0
ADPMNUSNERSA,2024-08-01,2025-02-05,133179000.0,180.0
ADPMNUSNERSA,2024-08-01,2025-03-05,133191000.0,153.0
ADPMNUSNERSA,2024-08-01,2025-04-02,133179000.0,180.0
ADPMNUSNERSA,2024-08-01,2025-04-30,133179000.0,180.0
ADPMNUSNERSA,2024-08-01,2025-06-04,133179000.0,180.0
ADPMNUSNERSA,2024-08-01,2025-07-02,133179000.0,180.0
ADPMNUSNERSA,2024-08-01,2025-07-30,133179000.0,180.0
ADPMNUSNERSA,2024-08-01,2025-09-04,133179000.0,180.0
ADPMNUSNERSA,2024-08-01,2025-10-01,133179000.0,180.0
ADPMNUSNERSA,2024-08-01,2025-11-05,133179000.0,180.0
ADPMNUSNERSA,2024-08-01,2025-12-03,133179000.0,180.0
ADPMNUSNERSA,2024-08-01,2026-01-07,133179000.0,180.0
ADPMNUSNERSA,2024-08-01,2026-02-04,131635000.0,46.0
ADPMNUSNERSA,2024-08-01,2026-03-04,131635000.0,46.0
ADPMNUSNERSA,2024-08-01,2026-04-01,131635000.0,46.0
ADPMNUSNERSA,2024-08-01,2026-05-06,131635000.0,46.0
ADPMNUSNERSA,2024-08-01,2026-06-03,131635000.0,46.0
ADPMNUSNERSA,2024-08-01,2026-07-01,131635000.0,46.0
ADPMNUSNERSA,2024-08-01,2026-08-05,131635000.0,46.0
ADPMNUSNERSA,2024-09-01,2024-10-02,132589000.0,143.0
ADPMNUSNERSA,2024-09-01,2024-10-30,132605000.0,159.0
ADPMNUSNERSA,2024-09-01,2024-12-04,132605000.0,159.0
ADPMNUSNERSA,2024-09-01,2025-01-08,132605000.0,159.0
ADPMNUSNERSA,2024-09-01,2025-02-05,133373000.0,194.0
ADPMNUSNERSA,2024-09-01,2025-03-05,133328000.0,137.0
ADPMNUSNERSA,2024-09-01,2025-04-02,133373000.0,194.0
ADPMNUSNERSA,2024-09-01,2025-04-30,133373000.0,194.0
ADPMNUSNERSA,2024-09-01,2025-06-04,133373000.0,194.0
ADPMNUSNERSA,2024-09-01,2025-07-02,133373000.0,194.0
ADPMNUSNERSA,2024-09-01,2025-07-30,133373000.0,194.0
ADPMNUSNERSA,2024-09-01,2025-09-04,133373000.0,194.0
ADPMNUSNERSA,2024-09-01,2025-10-01,133373000.0,194.0
ADPMNUSNERSA,2024-09-01,2025-11-05,133373000.0,194.0
ADPMNUSNERSA,2024-09-01,2025-12-03,133373000.0,194.0
ADPMNUSNERSA,2024-09-01,2026-01-07,133373000.0,194.0
ADPMNUSNERSA,2024-09-01,2026-02-04,131614000.0,-21.0
ADPMNUSNERSA,2024-09-01,2026-03-04,131614000.0,-21.0
ADPMNUSNERSA,2024-09-01,2026-04-01,131614000.0,-21.0
ADPMNUSNERSA,2024-09-01,2026-05-06,131614000.0,-21.0
ADPMNUSNERSA,2024-09-01,2026-06-03,131614000.0,-21.0
ADPMNUSNERSA,2024-09-01,2026-07-01,131614000.0,-21.0
ADPMNUSNERSA,2024-09-01,2026-08-05,131614000.0,-21.0
ADPMNUSNERSA,2024-10-01,2024-10-30,132838000.0,233.0
ADPMNUSNERSA,2024-10-01,2024-12-04,132789000.0,184.0
ADPMNUSNERSA,2024-10-01,2025-01-08,132789000.0,184.0
ADPMNUSNERSA,2024-10-01,2025-02-05,133594000.0,221.0
ADPMNUSNERSA,2024-10-01,2025-03-05,133521000.0,193.0
ADPMNUSNERSA,2024-10-01,2025-04-02,133594000.0,221.0
ADPMNUSNERSA,2024-10-01,2025-04-30,133594000.0,221.0
ADPMNUSNERSA,2024-10-01,2025-06-04,133594000.0,221.0
ADPMNUSNERSA,2024-10-01,2025-07-02,133594000.0,221.0
ADPMNUSNERSA,2024-10-01,2025-07-30,133594000.0,221.0
ADPMNUSNERSA,2024-10-01,2025-09-04,133594000.0,221.0
ADPMNUSNERSA,2024-10-01,2025-10-01,133594000.0,221.0
ADPMNUSNERSA,2024-10-01,2025-11-05,133594000.0,221.0
ADPMNUSNERSA,2024-10-01,2025-12-03,133594000.0,221.0
ADPMNUSNERSA,2024-10-01,2026-01-07,133594000.0,221.0
ADPMNUSNERSA,2024-10-01,2026-02-04,131602000.0,-12.0
ADPMNUSNERSA,2024-10-01,2026-03-04,131602000.0,-12.0
ADPMNUSNERSA,2024-10-01,2026-04-01,131602000.0,-12.0
ADPMNUSNERSA,2024-10-01,2026-05-06,131602000.0,-12.0
ADPMNUSNERSA,2024-10-01,2026-06-03,131602000.0,-12.0
ADPMNUSNERSA,2024-10-01,2026-07-01,131602000.0,-12.0
ADPMNUSNERSA,2024-10-01,2026-08-05,131602000.0,-12.0
ADPMNUSNERSA,2024-11-01,2024-12-04,132935000.0,146.0
ADPMNUSNERSA,2024-11-01,2025-01-08,132935000.0,146.0
ADPMNUSNERSA,2024-11-01,2025-02-05,133798000.0,204.0
ADPMNUSNERSA,2024-11-01,2025-03-05,133690000.0,169.0
ADPMNUSNERSA,2024-11-01,2025-04-02,133798000.0,204.0
ADPMNUSNERSA,2024-11-01,2025-04-30,133798000.0,204.0
ADPMNUSNERSA,2024-11-01,2025-06-04,133798000.0,204.0
ADPMNUSNERSA,2024-11-01,2025-07-02,133798000.0,204.0
ADPMNUSNERSA,2024-11-01,2025-07-30,133798000.0,204.0
ADPMNUSNERSA,2024-11-01,2025-09-04,133798000.0,204.0
ADPMNUSNERSA,2024-11-01,2025-10-01,133798000.0,204.0
ADPMNUSNERSA,2024-11-01,2025-11-05,133798000.0,204.0
ADPMNUSNERSA,2024-11-01,2025-12-03,133798000.0,204.0
ADPMNUSNERSA,2024-11-01,2026-01-07,133798000.0,204.0
ADPMNUSNERSA,2024-11-01,2026-02-04,131704000.0,102.0
ADPMNUSNERSA,2024-11-01,2026-03-04,131704000.0,102.0
ADPMNUSNERSA,2024-11-01,2026-04-01,131704000.0,102.0
ADPMNUSNERSA,2024-11-01,2026-05-06,131704000.0,102.0
ADPMNUSNERSA,2024-11-01,2026-06-03,131704000.0,102.0
ADPMNUSNERSA,2024-11-01,2026-07-01,131704000.0,102.0
ADPMNUSNERSA,2024-11-01,2026-08-05,131704000.0,102.0
ADPMNUSNERSA,2024-12-01,2025-01-08,133057000.0,122.0
ADPMNUSNERSA,2024-12-01,2025-02-05,133974000.0,176.0
ADPMNUSNERSA,2024-12-01,2025-03-05,133851000.0,161.0
ADPMNUSNERSA,2024-12-01,2025-04-02,133974000.0,176.0
ADPMNUSNERSA,2024-12-01,2025-04-30,133974000.0,176.0
ADPMNUSNERSA,2024-12-01,2025-06-04,133974000.0,176.0
ADPMNUSNERSA,2024-12-01,2025-07-02,133974000.0,176.0
ADPMNUSNERSA,2024-12-01,2025-07-30,133974000.0,176.0
ADPMNUSNERSA,2024-12-01,2025-09-04,133974000.0,176.0
ADPMNUSNERSA,2024-12-01,2025-10-01,133974000.0,176.0
ADPMNUSNERSA,2024-12-01,2025-11-05,133974000.0,176.0
ADPMNUSNERSA,2024-12-01,2025-12-03,133974000.0,176.0
ADPMNUSNERSA,2024-12-01,2026-01-07,133974000.0,176.0
ADPMNUSNERSA,2024-12-01,2026-02-04,131861000.0,157.0
ADPMNUSNERSA,2024-12-01,2026-03-04,131861000.0,157.0
ADPMNUSNERSA,2024-12-01,2026-04-01,131861000.0,157.0
ADPMNUSNERSA,2024-12-01,2026-05-06,131861000.0,157.0
ADPMNUSNERSA,2024-12-01,2026-06-03,131861000.0,157.0
ADPMNUSNERSA,2024-12-01,2026-07-01,131861000.0,157.0
ADPMNUSNERSA,2024-12-01,2026-08-05,131861000.0,157.0
ADPMNUSNERSA,2025-01-01,2025-02-05,134157000.0,183.0
ADPMNUSNERSA,2025-01-01,2025-03-05,134037000.0,186.0
ADPMNUSNERSA,2025-01-01,2025-04-02,134160000.0,186.0
ADPMNUSNERSA,2025-01-01,2025-04-30,134160000.0,186.0
ADPMNUSNERSA,2025-01-01,2025-06-04,134160000.0,186.0
ADPMNUSNERSA,2025-01-01,2025-07-02,134160000.0,186.0
ADPMNUSNERSA,2025-01-01,2025-07-30,134160000.0,186.0
ADPMNUSNERSA,2025-01-01,2025-09-04,134160000.0,186.0
ADPMNUSNERSA,2025-01-01,2025-10-01,134160000.0,186.0
ADPMNUSNERSA,2025-01-01,2025-11-05,134160000.0,186.0
ADPMNUSNERSA,2025-01-01,2025-12-03,134160000.0,186.0
ADPMNUSNERSA,2025-01-01,2026-01-07,134160000.0,186.0
ADPMNUSNERSA,2025-01-01,2026-02-04,132001000.0,140.0
ADPMNUSNERSA,2025-01-01,2026-03-04,132001000.0,140.0
ADPMNUSNERSA,2025-01-01,2026-04-01,132001000.0,140.0
ADPMNUSNERSA,2025-01-01,2026-05-06,132001000.0,140.0
ADPMNUSNERSA,2025-01-01,2026-06-03,132001000.0,140.0
ADPMNUSNERSA,2025-01-01,2026-07-01,132001000.0,140.0
ADPMNUSNERSA,2025-01-01,2026-08-05,132001000.0,140.0
ADPMNUSNERSA,2025-02-01,2025-03-05,134114000.0,77.0
ADPMNUSNERSA,2025-02-01,2025-04-02,134244000.0,84.0
ADPMNUSNERSA,2025-02-01,2025-04-30,134244000.0,84.0
ADPMNUSNERSA,2025-02-01,2025-06-04,134244000.0,84.0
ADPMNUSNERSA,2025-02-01,2025-07-02,134244000.0,84.0
ADPMNUSNERSA,2025-02-01,2025-07-30,134244000.0,84.0
ADPMNUSNERSA,2025-02-01,2025-09-04,134244000.0,84.0
ADPMNUSNERSA,2025-02-01,2025-10-01,134244000.0,84.0
ADPMNUSNERSA,2025-02-01,2025-11-05,134244000.0,84.0
ADPMNUSNERSA,2025-02-01,2025-12-03,134244000.0,84.0
ADPMNUSNERSA,2025-02-01,2026-01-07,134244000.0,84.0
ADPMNUSNERSA,2025-02-01,2026-02-04,132015000.0,14.0
ADPMNUSNERSA,2025-02-01,2026-03-04,132015000.0,14.0
ADPMNUSNERSA,2025-02-01,2026-04-01,132015000.0,14.0
ADPMNUSNERSA,2025-02-01,2026-05-06,132015000.0,14.0
ADPMNUSNERSA,2025-02-01,2026-06-03,132015000.0,14.0
ADPMNUSNERSA,2025-02-01,2026-07-01,132015000.0,14.0
ADPMNUSNERSA,2025-02-01,2026-08-05,132015000.0,14.0
ADPMNUSNERSA,2025-03-01,2025-04-02,134399000.0,155.0
ADPMNUSNERSA,2025-03-01,2025-04-30,134391000.0,147.0
ADPMNUSNERSA,2025-03-01,2025-06-04,134391000.0,147.0
ADPMNUSNERSA,2025-03-01,2025-07-02,134391000.0,147.0
ADPMNUSNERSA,2025-03-01,2025-07-30,134391000.0,147.0
ADPMNUSNERSA,2025-03-01,2025-09-04,134391000.0,147.0
ADPMNUSNERSA,2025-03-01,2025-10-01,134391000.0,147.0
ADPMNUSNERSA,2025-03-01,2025-11-05,134391000.0,147.0
ADPMNUSNERSA,2025-03-01,2025-12-03,134391000.0,147.0
ADPMNUSNERSA,2025-03-01,2026-01-07,134391000.0,147.0
ADPMNUSNERSA,2025-03-01,2026-02-04,131962000.0,-53.0
ADPMNUSNERSA,2025-03-01,2026-03-04,131962000.0,-53.0
ADPMNUSNERSA,2025-03-01,2026-04-01,131962000.0,-53.0
ADPMNUSNERSA,2025-03-01,2026-05-06,131962000.0,-53.0
ADPMNUSNERSA,2025-03-01,2026-06-03,131962000.0,-53.0
ADPMNUSNERSA,2025-03-01,2026-07-01,131962000.0,-53.0
ADPMNUSNERSA,2025-03-01,2026-08-05,131962000.0,-53.0
ADPMNUSNERSA,2025-04-01,2025-04-30,134453000.0,62.0
ADPMNUSNERSA,2025-04-01,2025-06-04,134451000.0,60.0
ADPMNUSNERSA,2025-04-01,2025-07-02,134451000.0,60.0
ADPMNUSNERSA,2025-04-01,2025-07-30,134451000.0,60.0
ADPMNUSNERSA,2025-04-01,2025-09-04,134451000.0,60.0
ADPMNUSNERSA,2025-04-01,2025-10-01,134451000.0,60.0
ADPMNUSNERSA,2025-04-01,2025-11-05,134451000.0,60.0
ADPMNUSNERSA,2025-04-01,2025-12-03,134451000.0,60.0
ADPMNUSNERSA,2025-04-01,2026-01-07,134451000.0,60.0
ADPMNUSNERSA,2025-04-01,2026-02-04,131939000.0,-23.0
ADPMNUSNERSA,2025-04-01,2026-03-04,131939000.0,-23.0
ADPMNUSNERSA,2025-04-01,2026-04-01,131939000.0,-23.0
ADPMNUSNERSA,2025-04-01,2026-05-06,131939000.0,-23.0
ADPMNUSNERSA,2025-04-01,2026-06-03,131939000.0,-23.0
ADPMNUSNERSA,2025-04-01,2026-07-01,131939000.0,-23.0
ADPMNUSNERSA,2025-04-01,2026-08-05,131939000.0,-23.0
ADPMNUSNERSA,2025-05-01,2025-06-04,134488000.0,37.0
ADPMNUSNERSA,2025-05-01,2025-07-02,134480000.0,29.0
ADPMNUSNERSA,2025-05-01,2025-07-30,134480000.0,29.0
ADPMNUSNERSA,2025-05-01,2025-09-04,134480000.0,29.0
ADPMNUSNERSA,2025-05-01,2025-10-01,134480000.0,29.0
ADPMNUSNERSA,2025-05-01,2025-11-05,134480000.0,29.0
ADPMNUSNERSA,2025-05-01,2025-12-03,134480000.0,29.0
ADPMNUSNERSA,2025-05-01,2026-01-07,134480000.0,29.0
ADPMNUSNERSA,2025-05-01,2026-02-04,131915000.0,-24.0
ADPMNUSNERSA,2025-05-01,2026-03-04,131915000.0,-24.0
ADPMNUSNERSA,2025-05-01,2026-04-01,131915000.0,-24.0
ADPMNUSNERSA,2025-05-01,2026-05-06,131915000.0,-24.0
ADPMNUSNERSA,2025-05-01,2026-06-03,131915000.0,-24.0
ADPMNUSNERSA,2025-05-01,2026-07-01,131915000.0,-24.0
ADPMNUSNERSA,2025-05-01,2026-08-05,131915000.0,-24.0
ADPMNUSNERSA,2025-06-01,2025-07-02,134447000.0,-33.0
ADPMNUSNERSA,2025-06-01,2025-07-30,134457000.0,-23.0
ADPMNUSNERSA,2025-06-01,2025-09-04,134457000.0,-23.0
ADPMNUSNERSA,2025-06-01,2025-10-01,134457000.0,-23.0
ADPMNUSNERSA,2025-06-01,2025-11-05,134457000.0,-23.0
ADPMNUSNERSA,2025-06-01,2025-12-03,134457000.0,-23.0
ADPMNUSNERSA,2025-06-01,2026-01-07,134457000.0,-23.0
ADPMNUSNERSA,2025-06-01,2026-02-04,131914000.0,-1.0
ADPMNUSNERSA,2025-06-01,2026-03-04,131914000.0,-1.0
ADPMNUSNERSA,2025-06-01,2026-04-01,131914000.0,-1.0
ADPMNUSNERSA,2025-06-01,2026-05-06,131914000.0,-1.0
ADPMNUSNERSA,2025-06-01,2026-06-03,131914000.0,-1.0
ADPMNUSNERSA,2025-06-01,2026-07-01,131914000.0,-1.0
ADPMNUSNERSA,2025-06-01,2026-08-05,131914000.0,-1.0
ADPMNUSNERSA,2025-07-01,2025-07-30,134561000.0,104.0
ADPMNUSNERSA,2025-07-01,2025-09-04,134563000.0,106.0
ADPMNUSNERSA,2025-07-01,2025-10-01,134561000.0,104.0
ADPMNUSNERSA,2025-07-01,2025-11-05,134561000.0,104.0
ADPMNUSNERSA,2025-07-01,2025-12-03,134561000.0,104.0
ADPMNUSNERSA,2025-07-01,2026-01-07,134561000.0,104.0
ADPMNUSNERSA,2025-07-01,2026-02-04,131991000.0,77.0
ADPMNUSNERSA,2025-07-01,2026-03-04,131991000.0,77.0
ADPMNUSNERSA,2025-07-01,2026-04-01,131991000.0,77.0
ADPMNUSNERSA,2025-07-01,2026-05-06,131991000.0,77.0
ADPMNUSNERSA,2025-07-01,2026-06-03,131991000.0,77.0
ADPMNUSNERSA,2025-07-01,2026-07-01,131991000.0,77.0
ADPMNUSNERSA,2025-07-01,2026-08-05,131991000.0,77.0
ADPMNUSNERSA,2025-08-01,2025-09-04,134617000.0,54.0
ADPMNUSNERSA,2025-08-01,2025-10-01,134558000.0,-3.0
ADPMNUSNERSA,2025-08-01,2025-11-05,134558000.0,-3.0
ADPMNUSNERSA,2025-08-01,2025-12-03,134558000.0,-3.0
ADPMNUSNERSA,2025-08-01,2026-01-07,134558000.0,-3.0
ADPMNUSNERSA,2025-08-01,2026-02-04,132040000.0,49.0
ADPMNUSNERSA,2025-08-01,2026-03-04,132040000.0,49.0
ADPMNUSNERSA,2025-08-01,2026-04-01,132040000.0,49.0
ADPMNUSNERSA,2025-08-01,2026-05-06,132040000.0,49.0
ADPMNUSNERSA,2025-08-01,2026-06-03,132040000.0,49.0
ADPMNUSNERSA,2025-08-01,2026-07-01,132040000.0,49.0
ADPMNUSNERSA,2025-08-01,2026-08-05,132040000.0,49.0
ADPMNUSNERSA,2025-09-01,2025-10-01,134526000.0,-32.0
ADPMNUSNERSA,2025-09-01,2025-11-05,134529000.0,-29.0
ADPMNUSNERSA,2025-09-01,2025-12-03,134529000.0,-29.0
ADPMNUSNERSA,2025-09-01,2026-01-07,134529000.0,-29.0
ADPMNUSNERSA,2025-09-01,2026-02-04,132128000.0,88.0
ADPMNUSNERSA,2025-09-01,2026-03-04,132128000.0,88.0
ADPMNUSNERSA,2025-09-01,2026-04-01,132128000.0,88.0
ADPMNUSNERSA,2025-09-01,2026-05-06,132128000.0,88.0
ADPMNUSNERSA,2025-09-01,2026-06-03,132128000.0,88.0
ADPMNUSNERSA,2025-09-01,2026-07-01,132128000.0,88.0
ADPMNUSNERSA,2025-09-01,2026-08-05,132128000.0,88.0
ADPMNUSNERSA,2025-10-01,2025-11-05,134571000.0,42.0
ADPMNUSNERSA,2025-10-01,2025-12-03,134576000.0,47.0
ADPMNUSNERSA,2025-10-01,2026-01-07,134576000.0,47.0
ADPMNUSNERSA,2025-10-01,2026-02-04,132148000.0,20.0
ADPMNUSNERSA,2025-10-01,2026-03-04,132148000.0,20.0
ADPMNUSNERSA,2025-10-01,2026-04-01,132148000.0,20.0
ADPMNUSNERSA,2025-10-01,2026-05-06,132148000.0,20.0
ADPMNUSNERSA,2025-10-01,2026-06-03,132148000.0,20.0
ADPMNUSNERSA,2025-10-01,2026-07-01,132148000.0,20.0
ADPMNUSNERSA,2025-10-01,2026-08-05,132148000.0,20.0
ADPMNUSNERSA,2025-11-01,2025-12-03,134544000.0,-32.0
ADPMNUSNERSA,2025-11-01,2026-01-07,134547000.0,-29.0
ADPMNUSNERSA,2025-11-01,2026-02-04,132222000.0,74.0
ADPMNUSNERSA,2025-11-01,2026-03-04,132222000.0,74.0
ADPMNUSNERSA,2025-11-01,2026-04-01,132222000.0,74.0
ADPMNUSNERSA,2025-11-01,2026-05-06,132222000.0,74.0
ADPMNUSNERSA,2025-11-01,2026-06-03,132222000.0,74.0
ADPMNUSNERSA,2025-11-01,2026-07-01,132222000.0,74.0
ADPMNUSNERSA,2025-11-01,2026-08-05,132222000.0,74.0
ADPMNUSNERSA,2025-12-01,2026-01-07,134588000.0,41.0
ADPMNUSNERSA,2025-12-01,2026-02-04,132259000.0,37.0
ADPMNUSNERSA,2025-12-01,2026-03-04,132259000.0,37.0
ADPMNUSNERSA,2025-12-01,2026-04-01,132259000.0,37.0
ADPMNUSNERSA,2025-12-01,2026-05-06,132259000.0,37.0
ADPMNUSNERSA,2025-12-01,2026-06-03,132259000.0,37.0
ADPMNUSNERSA,2025-12-01,2026-07-01,132259000.0,37.0
ADPMNUSNERSA,2025-12-01,2026-08-05,132259000.0,37.0
ADPMNUSNERSA,2026-01-01,2026-02-04,132281000.0,22.0
ADPMNUSNERSA,2026-01-01,2026-03-04,132270000.0,11.0
ADPMNUSNERSA,2026-01-01,2026-04-01,132270000.0,11.0
ADPMNUSNERSA,2026-01-01,2026-05-06,132270000.0,11.0
ADPMNUSNERSA,2026-01-01,2026-06-03,132270000.0,11.0
ADPMNUSNERSA,2026-01-01,2026-07-01,132270000.0,11.0
ADPMNUSNERSA,2026-01-01,2026-08-05,132270000.0,11.0
ADPMNUSNERSA,2026-02-01,2026-03-04,132333000.0,63.0
ADPMNUSNERSA,2026-02-01,2026-04-01,132336000.0,66.0
ADPMNUSNERSA,2026-02-01,2026-05-06,132336000.0,66.0
ADPMNUSNERSA,2026-02-01,2026-06-03,132336000.0,66.0
ADPMNUSNERSA,2026-02-01,2026-07-01,132336000.0,66.0
ADPMNUSNERSA,2026-02-01,2026-08-05,132336000.0,66.0
ADPMNUSNERSA,2026-03-01,2026-04-01,132398000.0,62.0
ADPMNUSNERSA,2026-03-01,2026-05-06,132397000.0,61.0
ADPMNUSNERSA,2026-03-01,2026-06-03,132397000.0,61.0
ADPMNUSNERSA,2026-03-01,2026-07-01,132397000.0,61.0
ADPMNUSNERSA,2026-03-01,2026-08-05,132397000.0,61.0
ADPMNUSNERSA,2026-04-01,2026-05-06,132506000.0,109.0
ADPMNUSNERSA,2026-04-01,2026-06-03,132502000.0,105.0
ADPMNUSNERSA,2026-04-01,2026-07-01,132502000.0,105.0
ADPMNUSNERSA,2026-04-01,2026-08-05,132502000.0,105.0
ADPMNUSNERSA,2026-05-01,2026-06-03,132624000.0,122.0
ADPMNUSNERSA,2026-05-01,2026-07-01,132624000.0,122.0
ADPMNUSNERSA,2026-05-01,2026-08-05,132624000.0,122.0
ADPMNUSNERSA,2026-06-01,2026-07-01,132722000.0,98.0
ADPMNUSNERSA,2026-06-01,2026-08-05,132719000.0,95.0
ADPMNUSNERSA,2026-07-01,2026-08-05,132763000.0,44.0
CES9091000001,2020-01-01,2020-02-07,2860.0,12.0
CES9091000001,2020-01-01,2020-03-06,2857.0,10.0
CES9091000001,2020-01-01,2020-04-03,2855.0,8.0
CES9091000001,2020-01-01,2020-05-08,2855.0,8.0
CES9091000001,2020-01-01,2020-06-05,2855.0,8.0
CES9091000001,2020-01-01,2020-07-02,2855.0,8.0
CES9091000001,2020-01-01,2020-08-07,2855.0,8.0
CES9091000001,2020-01-01,2020-09-04,2855.0,8.0
CES9091000001,2020-01-01,2020-10-02,2855.0,8.0
CES9091000001,2020-01-01,2020-11-06,2855.0,8.0
CES9091000001,2020-01-01,2020-12-04,2855.0,8.0
CES9091000001,2020-01-01,2021-01-08,2855.0,8.0
CES9091000001,2020-01-01,2021-02-05,2852.0,10.0
CES9091000001,2020-01-01,2021-03-05,2852.0,10.0
CES9091000001,2020-01-01,2021-04-02,2852.0,10.0
CES9091000001,2020-01-01,2021-05-07,2852.0,10.0
CES9091000001,2020-01-01,2021-06-04,2852.0,10.0
CES9091000001,2020-01-01,2021-07-02,2852.0,10.0
CES9091000001,2020-01-01,2021-08-06,2852.0,10.0
CES9091000001,2020-01-01,2021-09-03,2852.0,10.0
CES9091000001,2020-01-01,2021-10-08,2852.0,10.0
CES9091000001,2020-01-01,2021-11-05,2852.0,10.0
CES9091000001,2020-01-01,2021-12-03,2852.0,10.0
CES9091000001,2020-01-01,2022-01-07,2852.0,10.0
CES9091000001,2020-01-01,2022-02-04,2855.0,19.0
CES9091000001,2020-01-01,2022-03-04,2855.0,19.0
CES9091000001,2020-01-01,2022-04-01,2855.0,19.0
CES9091000001,2020-01-01,2022-05-06,2855.0,19.0
CES9091000001,2020-01-01,2022-06-03,2855.0,19.0
CES9091000001,2020-01-01,2022-07-08,2855.0,19.0
CES9091000001,2020-01-01,2022-08-05,2855.0,19.0
CES9091000001,2020-01-01,2022-09-02,2855.0,19.0
CES9091000001,2020-01-01,2022-10-07,2855.0,19.0
CES9091000001,2020-01-01,2022-11-04,2855.0,19.0
CES9091000001,2020-01-01,2022-12-02,2855.0,19.0
CES9091000001,2020-01-01,2023-01-06,2855.0,19.0
CES9091000001,2020-01-01,2023-02-03,2856.0,20.0
CES9091000001,2020-01-01,2023-03-10,2856.0,20.0
CES9091000001,2020-01-01,2023-04-07,2856.0,20.0
CES9091000001,2020-01-01,2023-05-05,2856.0,20.0
CES9091000001,2020-01-01,2023-06-02,2856.0,20.0
CES9091000001,2020-01-01,2023-07-07,2856.0,20.0
CES9091000001,2020-01-01,2023-08-04,2856.0,20.0
CES9091000001,2020-01-01,2023-09-01,2856.0,20.0
CES9091000001,2020-01-01,2023-10-06,2856.0,20.0
CES9091000001,2020-01-01,2023-11-03,2856.0,20.0
CES9091000001,2020-01-01,2023-12-08,2856.0,20.0
CES9091000001,2020-01-01,2024-01-05,2856.0,20.0
CES9091000001,2020-01-01,2024-02-02,2851.0,14.0
CES9091000001,2020-01-01,2024-03-08,2851.0,14.0
CES9091000001,2020-01-01,2024-04-05,2851.0,14.0
CES9091000001,2020-01-01,2024-05-03,2851.0,14.0
CES9091000001,2020-01-01,2024-06-07,2851.0,14.0
CES9091000001,2020-01-01,2024-07-05,2851.0,14.0
CES9091000001,2020-01-01,2024-08-02,2851.0,14.0
CES9091000001,2020-01-01,2024-09-06,2851.0,14.0
CES9091000001,2020-01-01,2024-10-04,2851.0,14.0
CES9091000001,2020-01-01,2024-11-01,2851.0,14.0
CES9091000001,2020-01-01,2024-12-06,2851.0,14.0
CES9091000001,2020-01-01,2025-01-10,2851.0,14.0
CES9091000001,2020-01-01,2025-02-07,2855.0,18.0
CES9091000001,2020-01-01,2025-03-07,2855.0,18.0
CES9091000001,2020-01-01,2025-04-04,2855.0,18.0
CES9091000001,2020-01-01,2025-05-02,2855.0,18.0
CES9091000001,2020-01-01,2025-06-06,2855.0,18.0
CES9091000001,2020-01-01,2025-07-03,2855.0,18.0
CES9091000001,2020-01-01,2025-08-01,2855.0,18.0
CES9091000001,2020-01-01,2025-09-05,2855.0,18.0
CES9091000001,2020-01-01,2025-11-20,2855.0,18.0
CES9091000001,2020-01-01,2025-12-16,2855.0,18.0
CES9091000001,2020-01-01,2026-01-09,2855.0,18.0
CES9091000001,2020-01-01,2026-02-11,2855.0,18.0
CES9091000001,2020-01-01,2026-03-06,2855.0,18.0
CES9091000001,2020-01-01,2026-04-03,2855.0,18.0
CES9091000001,2020-01-01,2026-05-08,2855.0,18.0
CES9091000001,2020-01-01,2026-06-05,2855.0,18.0
CES9091000001,2020-01-01,2026-07-02,2855.0,18.0
CES9091000001,2020-02-01,2020-03-06,2865.0,8.0
CES9091000001,2020-02-01,2020-04-03,2863.0,8.0
CES9091000001,2020-02-01,2020-05-08,2867.0,12.0
CES9091000001,2020-02-01,2020-06-05,2867.0,12.0
CES9091000001,2020-02-01,2020-07-02,2867.0,12.0
CES9091000001,2020-02-01,2020-08-07,2867.0,12.0
CES9091000001,2020-02-01,2020-09-04,2867.0,12.0
CES9091000001,2020-02-01,2020-10-02,2867.0,12.0
CES9091000001,2020-02-01,2020-11-06,2867.0,12.0
CES9091000001,2020-02-01,2020-12-04,2867.0,12.0
CES9091000001,2020-02-01,2021-01-08,2867.0,12.0
CES9091000001,2020-02-01,2021-02-05,2863.0,11.0
CES9091000001,2020-02-01,2021-03-05,2863.0,11.0
CES9091000001,2020-02-01,2021-04-02,2863.0,11.0
CES9091000001,2020-02-01,2021-05-07,2863.0,11.0
CES9091000001,2020-02-01,2021-06-04,2863.0,11.0
CES9091000001,2020-02-01,2021-07-02,2863.0,11.0
CES9091000001,2020-02-01,2021-08-06,2863.0,11.0
CES9091000001,2020-02-01,2021-09-03,2863.0,11.0
CES9091000001,2020-02-01,2021-10-08,2863.0,11.0
CES9091000001,2020-02-01,2021-11-05,2863.0,11.0
CES9091000001,2020-02-01,2021-12-03,2863.0,11.0
CES9091000001,2020-02-01,2022-01-07,2863.0,11.0
CES9091000001,2020-02-01,2022-02-04,2861.0,6.0
CES9091000001,2020-02-01,2022-03-04,2861.0,6.0
CES9091000001,2020-02-01,2022-04-01,2861.0,6.0
CES9091000001,2020-02-01,2022-05-06,2861.0,6.0
CES9091000001,2020-02-01,2022-06-03,2861.0,6.0
CES9091000001,2020-02-01,2022-07-08,2861.0,6.0
CES9091000001,2020-02-01,2022-08-05,2861.0,6.0
CES9091000001,2020-02-01,2022-09-02,2861.0,6.0
CES9091000001,2020-02-01,2022-10-07,2861.0,6.0
CES9091000001,2020-02-01,2022-11-04,2861.0,6.0
CES9091000001,2020-02-01,2022-12-02,2861.0,6.0
CES9091000001,2020-02-01,2023-01-06,2861.0,6.0
CES9091000001,2020-02-01,2023-02-03,2855.0,-1.0
CES9091000001,2020-02-01,2023-03-10,2855.0,-1.0
CES9091000001,2020-02-01,2023-04-07,2855.0,-1.0
CES9091000001,2020-02-01,2023-05-05,2855.0,-1.0
CES9091000001,2020-02-01,2023-06-02,2855.0,-1.0
CES9091000001,2020-02-01,2023-07-07,2855.0,-1.0
CES9091000001,2020-02-01,2023-08-04,2855.0,-1.0
CES9091000001,2020-02-01,2023-09-01,2855.0,-1.0
CES9091000001,2020-02-01,2023-10-06,2855.0,-1.0
CES9091000001,2020-02-01,2023-11-03,2855.0,-1.0
CES9091000001,2020-02-01,2023-12-08,2855.0,-1.0
CES9091000001,2020-02-01,2024-01-05,2855.0,-1.0
CES9091000001,2020-02-01,2024-02-02,2851.0,0.0
CES9091000001,2020-02-01,2024-03-08,2851.0,0.0
CES9091000001,2020-02-01,2024-04-05,2851.0,0.0
CES9091000001,2020-02-01,2024-05-03,2851.0,0.0
CES9091000001,2020-02-01,2024-06-07,2851.0,0.0
CES9091000001,2020-02-01,2024-07-05,2851.0,0.0
CES9091000001,2020-02-01,2024-08-02,2851.0,0.0
CES9091000001,2020-02-01,2024-09-06,2851.0,0.0
CES9091000001,2020-02-01,2024-10-04,2851.0,0.0
CES9091000001,2020-02-01,2024-11-01,2851.0,0.0
CES9091000001,2020-02-01,2024-12-06,2851.0,0.0
CES9091000001,2020-02-01,2025-01-10,2851.0,0.0
CES9091000001,2020-02-01,2025-02-07,2857.0,2.0
CES9091000001,2020-02-01,2025-03-07,2857.0,2.0
CES9091000001,2020-02-01,2025-04-04,2857.0,2.0
CES9091000001,2020-02-01,2025-05-02,2857.0,2.0
CES9091000001,2020-02-01,2025-06-06,2857.0,2.0
CES9091000001,2020-02-01,2025-07-03,2857.0,2.0
CES9091000001,2020-02-01,2025-08-01,2857.0,2.0
CES9091000001,2020-02-01,2025-09-05,2857.0,2.0
CES9091000001,2020-02-01,2025-11-20,2857.0,2.0
CES9091000001,2020-02-01,2025-12-16,2857.0,2.0
CES9091000001,2020-02-01,2026-01-09,2857.0,2.0
CES9091000001,2020-02-01,2026-02-11,2857.0,2.0
CES9091000001,2020-02-01,2026-03-06,2857.0,2.0
CES9091000001,2020-02-01,2026-04-03,2857.0,2.0
CES9091000001,2020-02-01,2026-05-08,2857.0,2.0
CES9091000001,2020-02-01,2026-06-05,2857.0,2.0
CES9091000001,2020-02-01,2026-07-02,2857.0,2.0
CES9091000001,2020-03-01,2020-04-03,2881.0,18.0
CES9091000001,2020-03-01,2020-05-08,2886.0,19.0
CES9091000001,2020-03-01,2020-06-05,2886.0,19.0
CES9091000001,2020-03-01,2020-07-02,2886.0,19.0
CES9091000001,2020-03-01,2020-08-07,2886.0,19.0
CES9091000001,2020-03-01,2020-09-04,2886.0,19.0
CES9091000001,2020-03-01,2020-10-02,2886.0,19.0
CES9091000001,2020-03-01,2020-11-06,2886.0,19.0
CES9091000001,2020-03-01,2020-12-04,2886.0,19.0
CES9091000001,2020-03-01,2021-01-08,2886.0,19.0
CES9091000001,2020-03-01,2021-02-05,2879.0,16.0
CES9091000001,2020-03-01,2021-03-05,2879.0,16.0
CES9091000001,2020-03-01,2021-04-02,2879.0,16.0
CES9091000001,2020-03-01,2021-05-07,2879.0,16.0
CES9091000001,2020-03-01,2021-06-04,2879.0,16.0
CES9091000001,2020-03-01,2021-07-02,2879.0,16.0
CES9091000001,2020-03-01,2021-08-06,2879.0,16.0
CES9091000001,2020-03-01,2021-09-03,2879.0,16.0
CES9091000001,2020-03-01,2021-10-08,2879.0,16.0
CES9091000001,2020-03-01,2021-11-05,2879.0,16.0
CES9091000001,2020-03-01,2021-12-03,2879.0,16.0
CES9091000001,2020-03-01,2022-01-07,2879.0,16.0
CES9091000001,2020-03-01,2022-02-04,2877.0,16.0
CES9091000001,2020-03-01,2022-03-04,2877.0,16.0
CES9091000001,2020-03-01,2022-04-01,2877.0,16.0
CES9091000001,2020-03-01,2022-05-06,2877.0,16.0
CES9091000001,2020-03-01,2022-06-03,2877.0,16.0
CES9091000001,2020-03-01,2022-07-08,2877.0,16.0
CES9091000001,2020-03-01,2022-08-05,2877.0,16.0
CES9091000001,2020-03-01,2022-09-02,2877.0,16.0
CES9091000001,2020-03-01,2022-10-07,2877.0,16.0
CES9091000001,2020-03-01,2022-11-04,2877.0,16.0
CES9091000001,2020-03-01,2022-12-02,2877.0,16.0
CES9091000001,2020-03-01,2023-01-06,2877.0,16.0
CES9091000001,2020-03-01,2023-02-03,2876.0,21.0
CES9091000001,2020-03-01,2023-03-10,2876.0,21.0
CES9091000001,2020-03-01,2023-04-07,2876.0,21.0
CES9091000001,2020-03-01,2023-05-05,2876.0,21.0
CES9091000001,2020-03-01,2023-06-02,2876.0,21.0
CES9091000001,2020-03-01,2023-07-07,2876.0,21.0
CES9091000001,2020-03-01,2023-08-04,2876.0,21.0
CES9091000001,2020-03-01,2023-09-01,2876.0,21.0
CES9091000001,2020-03-01,2023-10-06,2876.0,21.0
CES9091000001,2020-03-01,2023-11-03,2876.0,21.0
CES9091000001,2020-03-01,2023-12-08,2876.0,21.0
CES9091000001,2020-03-01,2024-01-05,2876.0,21.0
CES9091000001,2020-03-01,2024-02-02,2874.0,23.0
CES9091000001,2020-03-01,2024-03-08,2874.0,23.0
CES9091000001,2020-03-01,2024-04-05,2874.0,23.0
CES9091000001,2020-03-01,2024-05-03,2874.0,23.0
CES9091000001,2020-03-01,2024-06-07,2874.0,23.0
CES9091000001,2020-03-01,2024-07-05,2874.0,23.0
CES9091000001,2020-03-01,2024-08-02,2874.0,23.0
CES9091000001,2020-03-01,2024-09-06,2874.0,23.0
CES9091000001,2020-03-01,2024-10-04,2874.0,23.0
CES9091000001,2020-03-01,2024-11-01,2874.0,23.0
CES9091000001,2020-03-01,2024-12-06,2874.0,23.0
CES9091000001,2020-03-01,2025-01-10,2874.0,23.0
CES9091000001,2020-03-01,2025-02-07,2876.0,19.0
CES9091000001,2020-03-01,2025-03-07,2876.0,19.0
CES9091000001,2020-03-01,2025-04-04,2876.0,19.0
CES9091000001,2020-03-01,2025-05-02,2876.0,19.0
CES9091000001,2020-03-01,2025-06-06,2876.0,19.0
CES9091000001,2020-03-01,2025-07-03,2876.0,19.0
CES9091000001,2020-03-01,2025-08-01,2876.0,19.0
CES9091000001,2020-03-01,2025-09-05,2876.0,19.0
CES9091000001,2020-03-01,2025-11-20,2876.0,19.0
CES9091000001,2020-03-01,2025-12-16,2876.0,19.0
CES9091000001,2020-03-01,2026-01-09,2876.0,19.0
CES9091000001,2020-03-01,2026-02-11,2876.0,19.0
CES9091000001,2020-03-01,2026-03-06,2876.0,19.0
CES9091000001,2020-03-01,2026-04-03,2876.0,19.0
CES9091000001,2020-03-01,2026-05-08,2876.0,19.0
CES9091000001,2020-03-01,2026-06-05,2876.0,19.0
CES9091000001,2020-03-01,2026-07-02,2876.0,19.0
CES9091000001,2020-04-01,2020-05-08,2887.0,1.0
CES9091000001,2020-04-01,2020-06-05,2887.0,1.0
CES9091000001,2020-04-01,2020-07-02,2893.0,7.0
CES9091000001,2020-04-01,2020-08-07,2893.0,7.0
CES9091000001,2020-04-01,2020-09-04,2893.0,7.0
CES9091000001,2020-04-01,2020-10-02,2893.0,7.0
CES9091000001,2020-04-01,2020-11-06,2893.0,7.0
CES9091000001,2020-04-01,2020-12-04,2893.0,7.0
CES9091000001,2020-04-01,2021-01-08,2893.0,7.0
CES9091000001,2020-04-01,2021-02-05,2883.0,4.0
CES9091000001,2020-04-01,2021-03-05,2883.0,4.0
CES9091000001,2020-04-01,2021-04-02,2883.0,4.0
CES9091000001,2020-04-01,2021-05-07,2883.0,4.0
CES9091000001,2020-04-01,2021-06-04,2883.0,4.0
CES9091000001,2020-04-01,2021-07-02,2883.0,4.0
CES9091000001,2020-04-01,2021-08-06,2883.0,4.0
CES9091000001,2020-04-01,2021-09-03,2883.0,4.0
CES9091000001,2020-04-01,2021-10-08,2883.0,4.0
CES9091000001,2020-04-01,2021-11-05,2883.0,4.0
CES9091000001,2020-04-01,2021-12-03,2883.0,4.0
CES9091000001,2020-04-01,2022-01-07,2883.0,4.0
CES9091000001,2020-04-01,2022-02-04,2875.0,-2.0
CES9091000001,2020-04-01,2022-03-04,2875.0,-2.0
CES9091000001,2020-04-01,2022-04-01,2875.0,-2.0
CES9091000001,2020-04-01,2022-05-06,2875.0,-2.0
CES9091000001,2020-04-01,2022-06-03,2875.0,-2.0
CES9091000001,2020-04-01,2022-07-08,2875.0,-2.0
CES9091000001,2020-04-01,2022-08-05,2875.0,-2.0
CES9091000001,2020-04-01,2022-09-02,2875.0,-2.0
CES9091000001,2020-04-01,2022-10-07,2875.0,-2.0
CES9091000001,2020-04-01,2022-11-04,2875.0,-2.0
CES9091000001,2020-04-01,2022-12-02,2875.0,-2.0
CES9091000001,2020-04-01,2023-01-06,2875.0,-2.0
CES9091000001,2020-04-01,2023-02-03,2880.0,4.0
CES9091000001,2020-04-01,2023-03-10,2880.0,4.0
CES9091000001,2020-04-01,2023-04-07,2880.0,4.0
CES9091000001,2020-04-01,2023-05-05,2880.0,4.0
CES9091000001,2020-04-01,2023-06-02,2880.0,4.0
CES9091000001,2020-04-01,2023-07-07,2880.0,4.0
CES9091000001,2020-04-01,2023-08-04,2880.0,4.0
CES9091000001,2020-04-01,2023-09-01,2880.0,4.0
CES9091000001,2020-04-01,2023-10-06,2880.0,4.0
CES9091000001,2020-04-01,2023-11-03,2880.0,4.0
CES9091000001,2020-04-01,2023-12-08,2880.0,4.0
CES9091000001,2020-04-01,2024-01-05,2880.0,4.0
CES9091000001,2020-04-01,2024-02-02,2875.0,1.0
CES9091000001,2020-04-01,2024-03-08,2875.0,1.0
CES9091000001,2020-04-01,2024-04-05,2875.0,1.0
CES9091000001,2020-04-01,2024-05-03,2875.0,1.0
CES9091000001,2020-04-01,2024-06-07,2875.0,1.0
CES9091000001,2020-04-01,2024-07-05,2875.0,1.0
CES9091000001,2020-04-01,2024-08-02,2875.0,1.0
CES9091000001,2020-04-01,2024-09-06,2875.0,1.0
CES9091000001,2020-04-01,2024-10-04,2875.0,1.0
CES9091000001,2020-04-01,2024-11-01,2875.0,1.0
CES9091000001,2020-04-01,2024-12-06,2875.0,1.0
CES9091000001,2020-04-01,2025-01-10,2875.0,1.0
CES9091000001,2020-04-01,2025-02-07,2875.0,-1.0
CES9091000001,2020-04-01,2025-03-07,2875.0,-1.0
CES9091000001,2020-04-01,2025-04-04,2875.0,-1.0
CES9091000001,2020-04-01,2025-05-02,2875.0,-1.0
CES9091000001,2020-04-01,2025-06-06,2875.0,-1.0
CES9091000001,2020-04-01,2025-07-03,2875.0,-1.0
CES9091000001,2020-04-01,2025-08-01,2875.0,-1.0
CES9091000001,2020-04-01,2025-09-05,2875.0,-1.0
CES9091000001,2020-04-01,2025-11-20,2875.0,-1.0
CES9091000001,2020-04-01,2025-12-16,2875.0,-1.0
CES9091000001,2020-04-01,2026-01-09,2875.0,-1.0
CES9091000001,2020-04-01,2026-02-11,2875.0,-1.0
CES9091000001,2020-04-01,2026-03-06,2875.0,-1.0
CES9091000001,2020-04-01,2026-04-03,2875.0,-1.0
CES9091000001,2020-04-01,2026-05-08,2875.0,-1.0
CES9091000001,2020-04-01,2026-06-05,2875.0,-1.0
CES9091000001,2020-04-01,2026-07-02,2875.0,-1.0
CES9091000001,2020-05-01,2020-06-05,2873.0,-14.0
CES9091000001,2020-05-01,2020-07-02,2884.0,-9.0
CES9091000001,2020-05-01,2020-08-07,2885.0,-8.0
CES9091000001,2020-05-01,2020-09-04,2885.0,-8.0
CES9091000001,2020-05-01,2020-10-02,2885.0,-8.0
CES9091000001,2020-05-01,2020-11-06,2885.0,-8.0
CES9091000001,2020-05-01,2020-12-04,2885.0,-8.0
CES9091000001,2020-05-01,2021-01-08,2885.0,-8.0
CES9091000001,2020-05-01,2021-02-05,2877.0,-6.0
CES9091000001,2020-05-01,2021-03-05,2877.0,-6.0
CES9091000001,2020-05-01,2021-04-02,2877.0,-6.0
CES9091000001,2020-05-01,2021-05-07,2877.0,-6.0
CES9091000001,2020-05-01,2021-06-04,2877.0,-6.0
CES9091000001,2020-05-01,2021-07-02,2877.0,-6.0
CES9091000001,2020-05-01,2021-08-06,2877.0,-6.0
CES9091000001,2020-05-01,2021-09-03,2877.0,-6.0
CES9091000001,2020-05-01,2021-10-08,2877.0,-6.0
CES9091000001,2020-05-01,2021-11-05,2877.0,-6.0
CES9091000001,2020-05-01,2021-12-03,2877.0,-6.0
CES9091000001,2020-05-01,2022-01-07,2877.0,-6.0
CES9091000001,2020-05-01,2022-02-04,2877.0,2.0
CES9091000001,2020-05-01,2022-03-04,2877.0,2.0
CES9091000001,2020-05-01,2022-04-01,2877.0,2.0
CES9091000001,2020-05-01,2022-05-06,2877.0,2.0
CES9091000001,2020-05-01,2022-06-03,2877.0,2.0
CES9091000001,2020-05-01,2022-07-08,2877.0,2.0
CES9091000001,2020-05-01,2022-08-05,2877.0,2.0
CES9091000001,2020-05-01,2022-09-02,2877.0,2.0
CES9091000001,2020-05-01,2022-10-07,2877.0,2.0
CES9091000001,2020-05-01,2022-11-04,2877.0,2.0
CES9091000001,2020-05-01,2022-12-02,2877.0,2.0
CES9091000001,2020-05-01,2023-01-06,2877.0,2.0
CES9091000001,2020-05-01,2023-02-03,2878.0,-2.0
CES9091000001,2020-05-01,2023-03-10,2878.0,-2.0
CES9091000001,2020-05-01,2023-04-07,2878.0,-2.0
CES9091000001,2020-05-01,2023-05-05,2878.0,-2.0
CES9091000001,2020-05-01,2023-06-02,2878.0,-2.0
CES9091000001,2020-05-01,2023-07-07,2878.0,-2.0
CES9091000001,2020-05-01,2023-08-04,2878.0,-2.0
CES9091000001,2020-05-01,2023-09-01,2878.0,-2.0
CES9091000001,2020-05-01,2023-10-06,2878.0,-2.0
CES9091000001,2020-05-01,2023-11-03,2878.0,-2.0
CES9091000001,2020-05-01,2023-12-08,2878.0,-2.0
CES9091000001,2020-05-01,2024-01-05,2878.0,-2.0
CES9091000001,2020-05-01,2024-02-02,2878.0,3.0
CES9091000001,2020-05-01,2024-03-08,2878.0,3.0
CES9091000001,2020-05-01,2024-04-05,2878.0,3.0
CES9091000001,2020-05-01,2024-05-03,2878.0,3.0
CES9091000001,2020-05-01,2024-06-07,2878.0,3.0
CES9091000001,2020-05-01,2024-07-05,2878.0,3.0
CES9091000001,2020-05-01,2024-08-02,2878.0,3.0
CES9091000001,2020-05-01,2024-09-06,2878.0,3.0
CES9091000001,2020-05-01,2024-10-04,2878.0,3.0
CES9091000001,2020-05-01,2024-11-01,2878.0,3.0
CES9091000001,2020-05-01,2024-12-06,2878.0,3.0
CES9091000001,2020-05-01,2025-01-10,2878.0,3.0
CES9091000001,2020-05-01,2025-02-07,2876.0,1.0
CES9091000001,2020-05-01,2025-03-07,2876.0,1.0
CES9091000001,2020-05-01,2025-04-04,2876.0,1.0
CES9091000001,2020-05-01,2025-05-02,2876.0,1.0
CES9091000001,2020-05-01,2025-06-06,2876.0,1.0
CES9091000001,2020-05-01,2025-07-03,2876.0,1.0
CES9091000001,2020-05-01,2025-08-01,2876.0,1.0
CES9091000001,2020-05-01,2025-09-05,2876.0,1.0
CES9091000001,2020-05-01,2025-11-20,2876.0,1.0
CES9091000001,2020-05-01,2025-12-16,2876.0,1.0
CES9091000001,2020-05-01,2026-01-09,2876.0,1.0
CES9091000001,2020-05-01,2026-02-11,2876.0,1.0
CES9091000001,2020-05-01,2026-03-06,2876.0,1.0
CES9091000001,2020-05-01,2026-04-03,2876.0,1.0
CES9091000001,2020-05-01,2026-05-08,2876.0,1.0
CES9091000001,2020-05-01,2026-06-05,2876.0,1.0
CES9091000001,2020-05-01,2026-07-02,2876.0,1.0
CES9091000001,2020-06-01,2020-07-02,2885.0,1.0
CES9091000001,2020-06-01,2020-08-07,2885.0,0.0
CES9091000001,2020-06-01,2020-09-04,2883.0,-2.0
CES9091000001,2020-06-01,2020-10-02,2883.0,-2.0
CES9091000001,2020-06-01,2020-11-06,2883.0,-2.0
CES9091000001,2020-06-01,2020-12-04,2883.0,-2.0
CES9091000001,2020-06-01,2021-01-08,2883.0,-2.0
CES9091000001,2020-06-01,2021-02-05,2876.0,-1.0
CES9091000001,2020-06-01,2021-03-05,2876.0,-1.0
CES9091000001,2020-06-01,2021-04-02,2876.0,-1.0
CES9091000001,2020-06-01,2021-05-07,2876.0,-1.0
CES9091000001,2020-06-01,2021-06-04,2876.0,-1.0
CES9091000001,2020-06-01,2021-07-02,2876.0,-1.0
CES9091000001,2020-06-01,2021-08-06,2876.0,-1.0
CES9091000001,2020-06-01,2021-09-03,2876.0,-1.0
CES9091000001,2020-06-01,2021-10-08,2876.0,-1.0
CES9091000001,2020-06-01,2021-11-05,2876.0,-1.0
CES9091000001,2020-06-01,2021-12-03,2876.0,-1.0
CES9091000001,2020-06-01,2022-01-07,2876.0,-1.0
CES9091000001,2020-06-01,2022-02-04,2882.0,5.0
CES9091000001,2020-06-01,2022-03-04,2882.0,5.0
CES9091000001,2020-06-01,2022-04-01,2882.0,5.0
CES9091000001,2020-06-01,2022-05-06,2882.0,5.0
CES9091000001,2020-06-01,2022-06-03,2882.0,5.0
CES9091000001,2020-06-01,2022-07-08,2882.0,5.0
CES9091000001,2020-06-01,2022-08-05,2882.0,5.0
CES9091000001,2020-06-01,2022-09-02,2882.0,5.0
CES9091000001,2020-06-01,2022-10-07,2882.0,5.0
CES9091000001,2020-06-01,2022-11-04,2882.0,5.0
CES9091000001,2020-06-01,2022-12-02,2882.0,5.0
CES9091000001,2020-06-01,2023-01-06,2882.0,5.0
CES9091000001,2020-06-01,2023-02-03,2884.0,6.0
CES9091000001,2020-06-01,2023-03-10,2884.0,6.0
CES9091000001,2020-06-01,2023-04-07,2884.0,6.0
CES9091000001,2020-06-01,2023-05-05,2884.0,6.0
CES9091000001,2020-06-01,2023-06-02,2884.0,6.0
CES9091000001,2020-06-01,2023-07-07,2884.0,6.0
CES9091000001,2020-06-01,2023-08-04,2884.0,6.0
CES9091000001,2020-06-01,2023-09-01,2884.0,6.0
CES9091000001,2020-06-01,2023-10-06,2884.0,6.0
CES9091000001,2020-06-01,2023-11-03,2884.0,6.0
CES9091000001,2020-06-01,2023-12-08,2884.0,6.0
CES9091000001,2020-06-01,2024-01-05,2884.0,6.0
CES9091000001,2020-06-01,2024-02-02,2884.0,6.0
CES9091000001,2020-06-01,2024-03-08,2884.0,6.0
CES9091000001,2020-06-01,2024-04-05,2884.0,6.0
CES9091000001,2020-06-01,2024-05-03,2884.0,6.0
CES9091000001,2020-06-01,2024-06-07,2884.0,6.0
CES9091000001,2020-06-01,2024-07-05,2884.0,6.0
CES9091000001,2020-06-01,2024-08-02,2884.0,6.0
CES9091000001,2020-06-01,2024-09-06,2884.0,6.0
CES9091000001,2020-06-01,2024-10-04,2884.0,6.0
CES9091000001,2020-06-01,2024-11-01,2884.0,6.0
CES9091000001,2020-06-01,2024-12-06,2884.0,6.0
CES9091000001,2020-06-01,2025-01-10,2884.0,6.0
CES9091000001,2020-06-01,2025-02-07,2883.0,7.0
CES9091000001,2020-06-01,2025-03-07,2883.0,7.0
CES9091000001,2020-06-01,2025-04-04,2883.0,7.0
CES9091000001,2020-06-01,2025-05-02,2883.0,7.0
CES9091000001,2020-06-01,2025-06-06,2883.0,7.0
CES9091000001,2020-06-01,2025-07-03,2883.0,7.0
CES9091000001,2020-06-01,2025-08-01,2883.0,7.0
CES9091000001,2020-06-01,2025-09-05,2883.0,7.0
CES9091000001,2020-06-01,2025-11-20,2883.0,7.0
CES9091000001,2020-06-01,2025-12-16,2883.0,7.0
CES9091000001,2020-06-01,2026-01-09,2883.0,7.0
CES9091000001,2020-06-01,2026-02-11,2883.0,7.0
CES9091000001,2020-06-01,2026-03-06,2883.0,7.0
CES9091000001,2020-06-01,2026-04-03,2883.0,7.0
CES9091000001,2020-06-01,2026-05-08,2883.0,7.0
CES9091000001,2020-06-01,2026-06-05,2883.0,7.0
CES9091000001,2020-06-01,2026-07-02,2883.0,7.0
CES9091000001,2020-07-01,2020-08-07,2912.0,27.0
CES9091000001,2020-07-01,2020-09-04,2912.0,29.0
CES9091000001,2020-07-01,2020-10-02,2912.0,29.0
CES9091000001,2020-07-01,2020-11-06,2912.0,29.0
CES9091000001,2020-07-01,2020-12-04,2912.0,29.0
CES9091000001,2020-07-01,2021-01-08,2912.0,29.0
CES9091000001,2020-07-01,2021-02-05,2897.0,21.0
CES9091000001,2020-07-01,2021-03-05,2897.0,21.0
CES9091000001,2020-07-01,2021-04-02,2897.0,21.0
CES9091000001,2020-07-01,2021-05-07,2897.0,21.0
CES9091000001,2020-07-01,2021-06-04,2897.0,21.0
CES9091000001,2020-07-01,2021-07-02,2897.0,21.0
CES9091000001,2020-07-01,2021-08-06,2897.0,21.0
CES9091000001,2020-07-01,2021-09-03,2897.0,21.0
CES9091000001,2020-07-01,2021-10-08,2897.0,21.0
CES9091000001,2020-07-01,2021-11-05,2897.0,21.0
CES9091000001,2020-07-01,2021-12-03,2897.0,21.0
CES9091000001,2020-07-01,2022-01-07,2897.0,21.0
CES9091000001,2020-07-01,2022-02-04,2907.0,25.0
CES9091000001,2020-07-01,2022-03-04,2907.0,25.0
CES9091000001,2020-07-01,2022-04-01,2907.0,25.0
CES9091000001,2020-07-01,2022-05-06,2907.0,25.0
CES9091000001,2020-07-01,2022-06-03,2907.0,25.0
CES9091000001,2020-07-01,2022-07-08,2907.0,25.0
CES9091000001,2020-07-01,2022-08-05,2907.0,25.0
CES9091000001,2020-07-01,2022-09-02,2907.0,25.0
CES9091000001,2020-07-01,2022-10-07,2907.0,25.0
CES9091000001,2020-07-01,2022-11-04,2907.0,25.0
CES9091000001,2020-07-01,2022-12-02,2907.0,25.0
CES9091000001,2020-07-01,2023-01-06,2907.0,25.0
CES9091000001,2020-07-01,2023-02-03,2907.0,23.0
CES9091000001,2020-07-01,2023-03-10,2907.0,23.0
CES9091000001,2020-07-01,2023-04-07,2907.0,23.0
CES9091000001,2020-07-01,2023-05-05,2907.0,23.0
CES9091000001,2020-07-01,2023-06-02,2907.0,23.0
CES9091000001,2020-07-01,2023-07-07,2907.0,23.0
CES9091000001,2020-07-01,2023-08-04,2907.0,23.0
CES9091000001,2020-07-01,2023-09-01,2907.0,23.0
CES9091000001,2020-07-01,2023-10-06,2907.0,23.0
CES9091000001,2020-07-01,2023-11-03,2907.0,23.0
CES9091000001,2020-07-01,2023-12-08,2907.0,23.0
CES9091000001,2020-07-01,2024-01-05,2907.0,23.0
CES9091000001,2020-07-01,2024-02-02,2908.0,24.0
CES9091000001,2020-07-01,2024-03-08,2908.0,24.0
CES9091000001,2020-07-01,2024-04-05,2908.0,24.0
CES9091000001,2020-07-01,2024-05-03,2908.0,24.0
CES9091000001,2020-07-01,2024-06-07,2908.0,24.0
CES9091000001,2020-07-01,2024-07-05,2908.0,24.0
CES9091000001,2020-07-01,2024-08-02,2908.0,24.0
CES9091000001,2020-07-01,2024-09-06,2908.0,24.0
CES9091000001,2020-07-01,2024-10-04,2908.0,24.0
CES9091000001,2020-07-01,2024-11-01,2908.0,24.0
CES9091000001,2020-07-01,2024-12-06,2908.0,24.0
CES9091000001,2020-07-01,2025-01-10,2908.0,24.0
CES9091000001,2020-07-01,2025-02-07,2908.0,25.0
CES9091000001,2020-07-01,2025-03-07,2908.0,25.0
CES9091000001,2020-07-01,2025-04-04,2908.0,25.0
CES9091000001,2020-07-01,2025-05-02,2908.0,25.0
CES9091000001,2020-07-01,2025-06-06,2908.0,25.0
CES9091000001,2020-07-01,2025-07-03,2908.0,25.0
CES9091000001,2020-07-01,2025-08-01,2908.0,25.0
CES9091000001,2020-07-01,2025-09-05,2908.0,25.0
CES9091000001,2020-07-01,2025-11-20,2908.0,25.0
CES9091000001,2020-07-01,2025-12-16,2908.0,25.0
CES9091000001,2020-07-01,2026-01-09,2908.0,25.0
CES9091000001,2020-07-01,2026-02-11,2908.0,25.0
CES9091000001,2020-07-01,2026-03-06,2908.0,25.0
CES9091000001,2020-07-01,2026-04-03,2908.0,25.0
CES9091000001,2020-07-01,2026-05-08,2908.0,25.0
CES9091000001,2020-07-01,2026-06-05,2908.0,25.0
CES9091000001,2020-07-01,2026-07-02,2908.0,25.0
CES9091000001,2020-08-01,2020-09-04,3163.0,251.0
CES9091000001,2020-08-01,2020-10-02,3162.0,250.0
CES9091000001,2020-08-01,2020-11-06,3164.0,252.0
CES9091000001,2020-08-01,2020-12-04,3164.0,252.0
CES9091000001,2020-08-01,2021-01-08,3164.0,252.0
CES9091000001,2020-08-01,2021-02-05,3153.0,256.0
CES9091000001,2020-08-01,2021-03-05,3153.0,256.0
CES9091000001,2020-08-01,2021-04-02,3153.0,256.0
CES9091000001,2020-08-01,2021-05-07,3153.0,256.0
CES9091000001,2020-08-01,2021-06-04,3153.0,256.0
CES9091000001,2020-08-01,2021-07-02,3153.0,256.0
CES9091000001,2020-08-01,2021-08-06,3153.0,256.0
CES9091000001,2020-08-01,2021-09-03,3153.0,256.0
CES9091000001,2020-08-01,2021-10-08,3153.0,256.0
CES9091000001,2020-08-01,2021-11-05,3153.0,256.0
CES9091000001,2020-08-01,2021-12-03,3153.0,256.0
CES9091000001,2020-08-01,2022-01-07,3153.0,256.0
CES9091000001,2020-08-01,2022-02-04,3156.0,249.0
CES9091000001,2020-08-01,2022-03-04,3156.0,249.0
CES9091000001,2020-08-01,2022-04-01,3156.0,249.0
CES9091000001,2020-08-01,2022-05-06,3156.0,249.0
CES9091000001,2020-08-01,2022-06-03,3156.0,249.0
CES9091000001,2020-08-01,2022-07-08,3156.0,249.0
CES9091000001,2020-08-01,2022-08-05,3156.0,249.0
CES9091000001,2020-08-01,2022-09-02,3156.0,249.0
CES9091000001,2020-08-01,2022-10-07,3156.0,249.0
CES9091000001,2020-08-01,2022-11-04,3156.0,249.0
CES9091000001,2020-08-01,2022-12-02,3156.0,249.0
CES9091000001,2020-08-01,2023-01-06,3156.0,249.0
CES9091000001,2020-08-01,2023-02-03,3158.0,251.0
CES9091000001,2020-08-01,2023-03-10,3158.0,251.0
CES9091000001,2020-08-01,2023-04-07,3158.0,251.0
CES9091000001,2020-08-01,2023-05-05,3158.0,251.0
CES9091000001,2020-08-01,2023-06-02,3158.0,251.0
CES9091000001,2020-08-01,2023-07-07,3158.0,251.0
CES9091000001,2020-08-01,2023-08-04,3158.0,251.0
CES9091000001,2020-08-01,2023-09-01,3158.0,251.0
CES9091000001,2020-08-01,2023-10-06,3158.0,251.0
CES9091000001,2020-08-01,2023-11-03,3158.0,251.0
CES9091000001,2020-08-01,2023-12-08,3158.0,251.0
CES9091000001,2020-08-01,2024-01-05,3158.0,251.0
CES9091000001,2020-08-01,2024-02-02,3157.0,249.0
CES9091000001,2020-08-01,2024-03-08,3157.0,249.0
CES9091000001,2020-08-01,2024-04-05,3157.0,249.0
CES9091000001,2020-08-01,2024-05-03,3157.0,249.0
CES9091000001,2020-08-01,2024-06-07,3157.0,249.0
CES9091000001,2020-08-01,2024-07-05,3157.0,249.0
CES9091000001,2020-08-01,2024-08-02,3157.0,249.0
CES9091000001,2020-08-01,2024-09-06,3157.0,249.0
CES9091000001,2020-08-01,2024-10-04,3157.0,249.0
CES9091000001,2020-08-01,2024-11-01,3157.0,249.0
CES9091000001,2020-08-01,2024-12-06,3157.0,249.0
CES9091000001,2020-08-01,2025-01-10,3157.0,249.0
CES9091000001,2020-08-01,2025-02-07,3156.0,248.0
CES9091000001,2020-08-01,2025-03-07,3156.0,248.0
CES9091000001,2020-08-01,2025-04-04,3156.0,248.0
CES9091000001,2020-08-01,2025-05-02,3156.0,248.0
CES9091000001,2020-08-01,2025-06-06,3156.0,248.0
CES9091000001,2020-08-01,2025-07-03,3156.0,248.0
CES9091000001,2020-08-01,2025-08-01,3156.0,248.0
CES9091000001,2020-08-01,2025-09-05,3156.0,248.0
CES9091000001,2020-08-01,2025-11-20,3156.0,248.0
CES9091000001,2020-08-01,2025-12-16,3156.0,248.0
CES9091000001,2020-08-01,2026-01-09,3156.0,248.0
CES9091000001,2020-08-01,2026-02-11,3156.0,248.0
CES9091000001,2020-08-01,2026-03-06,3156.0,248.0
CES9091000001,2020-08-01,2026-04-03,3156.0,248.0
CES9091000001,2020-08-01,2026-05-08,3156.0,248.0
CES9091000001,2020-08-01,2026-06-05,3156.0,248.0
CES9091000001,2020-08-01,2026-07-02,3156.0,248.0
CES9091000001,2020-09-01,2020-10-02,3128.0,-34.0
CES9091000001,2020-09-01,2020-11-06,3131.0,-33.0
CES9091000001,2020-09-01,2020-12-04,3128.0,-36.0
CES9091000001,2020-09-01,2021-01-08,3128.0,-36.0
CES9091000001,2020-09-01,2021-02-05,3117.0,-36.0
CES9091000001,2020-09-01,2021-03-05,3117.0,-36.0
CES9091000001,2020-09-01,2021-04-02,3117.0,-36.0
CES9091000001,2020-09-01,2021-05-07,3117.0,-36.0
CES9091000001,2020-09-01,2021-06-04,3117.0,-36.0
CES9091000001,2020-09-01,2021-07-02,3117.0,-36.0
CES9091000001,2020-09-01,2021-08-06,3117.0,-36.0
CES9091000001,2020-09-01,2021-09-03,3117.0,-36.0
CES9091000001,2020-09-01,2021-10-08,3117.0,-36.0
CES9091000001,2020-09-01,2021-11-05,3117.0,-36.0
CES9091000001,2020-09-01,2021-12-03,3117.0,-36.0
CES9091000001,2020-09-01,2022-01-07,3117.0,-36.0
CES9091000001,2020-09-01,2022-02-04,3122.0,-34.0
CES9091000001,2020-09-01,2022-03-04,3122.0,-34.0
CES9091000001,2020-09-01,2022-04-01,3122.0,-34.0
CES9091000001,2020-09-01,2022-05-06,3122.0,-34.0
CES9091000001,2020-09-01,2022-06-03,3122.0,-34.0
CES9091000001,2020-09-01,2022-07-08,3122.0,-34.0
CES9091000001,2020-09-01,2022-08-05,3122.0,-34.0
CES9091000001,2020-09-01,2022-09-02,3122.0,-34.0
CES9091000001,2020-09-01,2022-10-07,3122.0,-34.0
CES9091000001,2020-09-01,2022-11-04,3122.0,-34.0
CES9091000001,2020-09-01,2022-12-02,3122.0,-34.0
CES9091000001,2020-09-01,2023-01-06,3122.0,-34.0
CES9091000001,2020-09-01,2023-02-03,3122.0,-36.0
CES9091000001,2020-09-01,2023-03-10,3122.0,-36.0
CES9091000001,2020-09-01,2023-04-07,3122.0,-36.0
CES9091000001,2020-09-01,2023-05-05,3122.0,-36.0
CES9091000001,2020-09-01,2023-06-02,3122.0,-36.0
CES9091000001,2020-09-01,2023-07-07,3122.0,-36.0
CES9091000001,2020-09-01,2023-08-04,3122.0,-36.0
CES9091000001,2020-09-01,2023-09-01,3122.0,-36.0
CES9091000001,2020-09-01,2023-10-06,3122.0,-36.0
CES9091000001,2020-09-01,2023-11-03,3122.0,-36.0
CES9091000001,2020-09-01,2023-12-08,3122.0,-36.0
CES9091000001,2020-09-01,2024-01-05,3122.0,-36.0
CES9091000001,2020-09-01,2024-02-02,3121.0,-36.0
CES9091000001,2020-09-01,2024-03-08,3121.0,-36.0
CES9091000001,2020-09-01,2024-04-05,3121.0,-36.0
CES9091000001,2020-09-01,2024-05-03,3121.0,-36.0
CES9091000001,2020-09-01,2024-06-07,3121.0,-36.0
CES9091000001,2020-09-01,2024-07-05,3121.0,-36.0
CES9091000001,2020-09-01,2024-08-02,3121.0,-36.0
CES9091000001,2020-09-01,2024-09-06,3121.0,-36.0
CES9091000001,2020-09-01,2024-10-04,3121.0,-36.0
CES9091000001,2020-09-01,2024-11-01,3121.0,-36.0
CES9091000001,2020-09-01,2024-12-06,3121.0,-36.0
CES9091000001,2020-09-01,2025-01-10,3121.0,-36.0
CES9091000001,2020-09-01,2025-02-07,3123.0,-33.0
CES9091000001,2020-09-01,2025-03-07,3123.0,-33.0
CES9091000001,2020-09-01,2025-04-04,3123.0,-33.0
CES9091000001,2020-09-01,2025-05-02,3123.0,-33.0
CES9091000001,2020-09-01,2025-06-06,3123.0,-33.0
CES9091000001,2020-09-01,2025-07-03,3123.0,-33.0
CES9091000001,2020-09-01,2025-08-01,3123.0,-33.0
CES9091000001,2020-09-01,2025-09-05,3123.0,-33.0
CES9091000001,2020-09-01,2025-11-20,3123.0,-33.0
CES9091000001,2020-09-01,2025-12-16,3123.0,-33.0
CES9091000001,2020-09-01,2026-01-09,3123.0,-33.0
CES9091000001,2020-09-01,2026-02-11,3123.0,-33.0
CES9091000001,2020-09-01,2026-03-06,3123.0,-33.0
CES9091000001,2020-09-01,2026-04-03,3123.0,-33.0
CES9091000001,2020-09-01,2026-05-08,3123.0,-33.0
CES9091000001,2020-09-01,2026-06-05,3123.0,-33.0
CES9091000001,2020-09-01,2026-07-02,3123.0,-33.0
CES9091000001,2020-10-01,2020-11-06,2993.0,-138.0
CES9091000001,2020-10-01,2020-12-04,2986.0,-142.0
CES9091000001,2020-10-01,2021-01-08,2988.0,-140.0
CES9091000001,2020-10-01,2021-02-05,2975.0,-142.0
CES9091000001,2020-10-01,2021-03-05,2975.0,-142.0
CES9091000001,2020-10-01,2021-04-02,2975.0,-142.0
CES9091000001,2020-10-01,2021-05-07,2975.0,-142.0
CES9091000001,2020-10-01,2021-06-04,2975.0,-142.0
CES9091000001,2020-10-01,2021-07-02,2975.0,-142.0
CES9091000001,2020-10-01,2021-08-06,2975.0,-142.0
CES9091000001,2020-10-01,2021-09-03,2975.0,-142.0
CES9091000001,2020-10-01,2021-10-08,2975.0,-142.0
CES9091000001,2020-10-01,2021-11-05,2975.0,-142.0
CES9091000001,2020-10-01,2021-12-03,2975.0,-142.0
CES9091000001,2020-10-01,2022-01-07,2975.0,-142.0
CES9091000001,2020-10-01,2022-02-04,2982.0,-140.0
CES9091000001,2020-10-01,2022-03-04,2982.0,-140.0
CES9091000001,2020-10-01,2022-04-01,2982.0,-140.0
CES9091000001,2020-10-01,2022-05-06,2982.0,-140.0
CES9091000001,2020-10-01,2022-06-03,2982.0,-140.0
CES9091000001,2020-10-01,2022-07-08,2982.0,-140.0
CES9091000001,2020-10-01,2022-08-05,2982.0,-140.0
CES9091000001,2020-10-01,2022-09-02,2982.0,-140.0
CES9091000001,2020-10-01,2022-10-07,2982.0,-140.0
CES9091000001,2020-10-01,2022-11-04,2982.0,-140.0
CES9091000001,2020-10-01,2022-12-02,2982.0,-140.0
CES9091000001,2020-10-01,2023-01-06,2982.0,-140.0
CES9091000001,2020-10-01,2023-02-03,2978.0,-144.0
CES9091000001,2020-10-01,2023-03-10,2978.0,-144.0
CES9091000001,2020-10-01,2023-04-07,2978.0,-144.0
CES9091000001,2020-10-01,2023-05-05,2978.0,-144.0
CES9091000001,2020-10-01,2023-06-02,2978.0,-144.0
CES9091000001,2020-10-01,2023-07-07,2978.0,-144.0
CES9091000001,2020-10-01,2023-08-04,2978.0,-144.0
CES9091000001,2020-10-01,2023-09-01,2978.0,-144.0
CES9091000001,2020-10-01,2023-10-06,2978.0,-144.0
CES9091000001,2020-10-01,2023-11-03,2978.0,-144.0
CES9091000001,2020-10-01,2023-12-08,2978.0,-144.0
CES9091000001,2020-10-01,2024-01-05,2978.0,-144.0
CES9091000001,2020-10-01,2024-02-02,2980.0,-141.0
CES9091000001,2020-10-01,2024-03-08,2980.0,-141.0
CES9091000001,2020-10-01,2024-04-05,2980.0,-141.0
CES9091000001,2020-10-01,2024-05-03,2980.0,-141.0
CES9091000001,2020-10-01,2024-06-07,2980.0,-141.0
CES9091000001,2020-10-01,2024-07-05,2980.0,-141.0
CES9091000001,2020-10-01,2024-08-02,2980.0,-141.0
CES9091000001,2020-10-01,2024-09-06,2980.0,-141.0
CES9091000001,2020-10-01,2024-10-04,2980.0,-141.0
CES9091000001,2020-10-01,2024-11-01,2980.0,-141.0
CES9091000001,2020-10-01,2024-12-06,2980.0,-141.0
CES9091000001,2020-10-01,2025-01-10,2980.0,-141.0
CES9091000001,2020-10-01,2025-02-07,2981.0,-142.0
CES9091000001,2020-10-01,2025-03-07,2981.0,-142.0
CES9091000001,2020-10-01,2025-04-04,2981.0,-142.0
CES9091000001,2020-10-01,2025-05-02,2981.0,-142.0
CES9091000001,2020-10-01,2025-06-06,2981.0,-142.0
CES9091000001,2020-10-01,2025-07-03,2981.0,-142.0
CES9091000001,2020-10-01,2025-08-01,2981.0,-142.0
CES9091000001,2020-10-01,2025-09-05,2981.0,-142.0
CES9091000001,2020-10-01,2025-11-20,2981.0,-142.0
CES9091000001,2020-10-01,2025-12-16,2981.0,-142.0
CES9091000001,2020-10-01,2026-01-09,2981.0,-142.0
CES9091000001,2020-10-01,2026-02-11,2981.0,-142.0
CES9091000001,2020-10-01,2026-03-06,2981.0,-142.0
CES9091000001,2020-10-01,2026-04-03,2981.0,-142.0
CES9091000001,2020-10-01,2026-05-08,2981.0,-142.0
CES9091000001,2020-10-01,2026-06-05,2981.0,-142.0
CES9091000001,2020-10-01,2026-07-02,2981.0,-142.0
CES9091000001,2020-11-01,2020-12-04,2900.0,-86.0
CES9091000001,2020-11-01,2021-01-08,2902.0,-86.0
CES9091000001,2020-11-01,2021-02-05,2888.0,-87.0
CES9091000001,2020-11-01,2021-03-05,2888.0,-87.0
CES9091000001,2020-11-01,2021-04-02,2888.0,-87.0
CES9091000001,2020-11-01,2021-05-07,2888.0,-87.0
CES9091000001,2020-11-01,2021-06-04,2888.0,-87.0
CES9091000001,2020-11-01,2021-07-02,2888.0,-87.0
CES9091000001,2020-11-01,2021-08-06,2888.0,-87.0
CES9091000001,2020-11-01,2021-09-03,2888.0,-87.0
CES9091000001,2020-11-01,2021-10-08,2888.0,-87.0
CES9091000001,2020-11-01,2021-11-05,2888.0,-87.0
CES9091000001,2020-11-01,2021-12-03,2888.0,-87.0
CES9091000001,2020-11-01,2022-01-07,2888.0,-87.0
CES9091000001,2020-11-01,2022-02-04,2894.0,-88.0
CES9091000001,2020-11-01,2022-03-04,2894.0,-88.0
CES9091000001,2020-11-01,2022-04-01,2894.0,-88.0
CES9091000001,2020-11-01,2022-05-06,2894.0,-88.0
CES9091000001,2020-11-01,2022-06-03,2894.0,-88.0
CES9091000001,2020-11-01,2022-07-08,2894.0,-88.0
CES9091000001,2020-11-01,2022-08-05,2894.0,-88.0
CES9091000001,2020-11-01,2022-09-02,2894.0,-88.0
CES9091000001,2020-11-01,2022-10-07,2894.0,-88.0
CES9091000001,2020-11-01,2022-11-04,2894.0,-88.0
CES9091000001,2020-11-01,2022-12-02,2894.0,-88.0
CES9091000001,2020-11-01,2023-01-06,2894.0,-88.0
CES9091000001,2020-11-01,2023-02-03,2889.0,-89.0
CES9091000001,2020-11-01,2023-03-10,2889.0,-89.0
CES9091000001,2020-11-01,2023-04-07,2889.0,-89.0
CES9091000001,2020-11-01,2023-05-05,2889.0,-89.0
CES9091000001,2020-11-01,2023-06-02,2889.0,-89.0
CES9091000001,2020-11-01,2023-07-07,2889.0,-89.0
CES9091000001,2020-11-01,2023-08-04,2889.0,-89.0
CES9091000001,2020-11-01,2023-09-01,2889.0,-89.0
CES9091000001,2020-11-01,2023-10-06,2889.0,-89.0
CES9091000001,2020-11-01,2023-11-03,2889.0,-89.0
CES9091000001,2020-11-01,2023-12-08,2889.0,-89.0
CES9091000001,2020-11-01,2024-01-05,2889.0,-89.0
CES9091000001,2020-11-01,2024-02-02,2895.0,-85.0
CES9091000001,2020-11-01,2024-03-08,2895.0,-85.0
CES9091000001,2020-11-01,2024-04-05,2895.0,-85.0
CES9091000001,2020-11-01,2024-05-03,2895.0,-85.0
CES9091000001,2020-11-01,2024-06-07,2895.0,-85.0
CES9091000001,2020-11-01,2024-07-05,2895.0,-85.0
CES9091000001,2020-11-01,2024-08-02,2895.0,-85.0
CES9091000001,2020-11-01,2024-09-06,2895.0,-85.0
CES9091000001,2020-11-01,2024-10-04,2895.0,-85.0
CES9091000001,2020-11-01,2024-11-01,2895.0,-85.0
CES9091000001,2020-11-01,2024-12-06,2895.0,-85.0
CES9091000001,2020-11-01,2025-01-10,2895.0,-85.0
CES9091000001,2020-11-01,2025-02-07,2892.0,-89.0
CES9091000001,2020-11-01,2025-03-07,2892.0,-89.0
CES9091000001,2020-11-01,2025-04-04,2892.0,-89.0
CES9091000001,2020-11-01,2025-05-02,2892.0,-89.0
CES9091000001,2020-11-01,2025-06-06,2892.0,-89.0
CES9091000001,2020-11-01,2025-07-03,2892.0,-89.0
CES9091000001,2020-11-01,2025-08-01,2892.0,-89.0
CES9091000001,2020-11-01,2025-09-05,2892.0,-89.0
CES9091000001,2020-11-01,2025-11-20,2892.0,-89.0
CES9091000001,2020-11-01,2025-12-16,2892.0,-89.0
CES9091000001,2020-11-01,2026-01-09,2892.0,-89.0
CES9091000001,2020-11-01,2026-02-11,2892.0,-89.0
CES9091000001,2020-11-01,2026-03-06,2892.0,-89.0
CES9091000001,2020-11-01,2026-04-03,2892.0,-89.0
CES9091000001,2020-11-01,2026-05-08,2892.0,-89.0
CES9091000001,2020-11-01,2026-06-05,2892.0,-89.0
CES9091000001,2020-11-01,2026-07-02,2892.0,-89.0
CES9091000001,2020-12-01,2021-01-08,2908.0,6.0
CES9091000001,2020-12-01,2021-02-05,2889.0,1.0
CES9091000001,2020-12-01,2021-03-05,2892.0,4.0
CES9091000001,2020-12-01,2021-04-02,2892.0,4.0
CES9091000001,2020-12-01,2021-05-07,2892.0,4.0
CES9091000001,2020-12-01,2021-06-04,2892.0,4.0
CES9091000001,2020-12-01,2021-07-02,2892.0,4.0
CES9091000001,2020-12-01,2021-08-06,2892.0,4.0
CES9091000001,2020-12-01,2021-09-03,2892.0,4.0
CES9091000001,2020-12-01,2021-10-08,2892.0,4.0
CES9091000001,2020-12-01,2021-11-05,2892.0,4.0
CES9091000001,2020-12-01,2021-12-03,2892.0,4.0
CES9091000001,2020-12-01,2022-01-07,2892.0,4.0
CES9091000001,2020-12-01,2022-02-04,2893.0,-1.0
CES9091000001,2020-12-01,2022-03-04,2893.0,-1.0
CES9091000001,2020-12-01,2022-04-01,2893.0,-1.0
CES9091000001,2020-12-01,2022-05-06,2893.0,-1.0
CES9091000001,2020-12-01,2022-06-03,2893.0,-1.0
CES9091000001,2020-12-01,2022-07-08,2893.0,-1.0
CES9091000001,2020-12-01,2022-08-05,2893.0,-1.0
CES9091000001,2020-12-01,2022-09-02,2893.0,-1.0
CES9091000001,2020-12-01,2022-10-07,2893.0,-1.0
CES9091000001,2020-12-01,2022-11-04,2893.0,-1.0
CES9091000001,2020-12-01,2022-12-02,2893.0,-1.0
CES9091000001,2020-12-01,2023-01-06,2893.0,-1.0
CES9091000001,2020-12-01,2023-02-03,2895.0,6.0
CES9091000001,2020-12-01,2023-03-10,2895.0,6.0
CES9091000001,2020-12-01,2023-04-07,2895.0,6.0
CES9091000001,2020-12-01,2023-05-05,2895.0,6.0
CES9091000001,2020-12-01,2023-06-02,2895.0,6.0
CES9091000001,2020-12-01,2023-07-07,2895.0,6.0
CES9091000001,2020-12-01,2023-08-04,2895.0,6.0
CES9091000001,2020-12-01,2023-09-01,2895.0,6.0
CES9091000001,2020-12-01,2023-10-06,2895.0,6.0
CES9091000001,2020-12-01,2023-11-03,2895.0,6.0
CES9091000001,2020-12-01,2023-12-08,2895.0,6.0
CES9091000001,2020-12-01,2024-01-05,2895.0,6.0
CES9091000001,2020-12-01,2024-02-02,2895.0,0.0
CES9091000001,2020-12-01,2024-03-08,2895.0,0.0
CES9091000001,2020-12-01,2024-04-05,2895.0,0.0
CES9091000001,2020-12-01,2024-05-03,2895.0,0.0
CES9091000001,2020-12-01,2024-06-07,2895.0,0.0
CES9091000001,2020-12-01,2024-07-05,2895.0,0.0
CES9091000001,2020-12-01,2024-08-02,2895.0,0.0
CES9091000001,2020-12-01,2024-09-06,2895.0,0.0
CES9091000001,2020-12-01,2024-10-04,2895.0,0.0
CES9091000001,2020-12-01,2024-11-01,2895.0,0.0
CES9091000001,2020-12-01,2024-12-06,2895.0,0.0
CES9091000001,2020-12-01,2025-01-10,2895.0,0.0
CES9091000001,2020-12-01,2025-02-07,2897.0,5.0
CES9091000001,2020-12-01,2025-03-07,2897.0,5.0
CES9091000001,2020-12-01,2025-04-04,2897.0,5.0
CES9091000001,2020-12-01,2025-05-02,2897.0,5.0
CES9091000001,2020-12-01,2025-06-06,2897.0,5.0
CES9091000001,2020-12-01,2025-07-03,2897.0,5.0
CES9091000001,2020-12-01,2025-08-01,2897.0,5.0
CES9091000001,2020-12-01,2025-09-05,2897.0,5.0
CES9091000001,2020-12-01,2025-11-20,2897.0,5.0
CES9091000001,2020-12-01,2025-12-16,2897.0,5.0
CES9091000001,2020-12-01,2026-01-09,2897.0,5.0
CES9091000001,2020-12-01,2026-02-11,2897.0,5.0
CES9091000001,2020-12-01,2026-03-06,2897.0,5.0
CES9091000001,2020-12-01,2026-04-03,2897.0,5.0
CES9091000001,2020-12-01,2026-05-08,2897.0,5.0
CES9091000001,2020-12-01,2026-06-05,2897.0,5.0
CES9091000001,2020-12-01,2026-07-02,2897.0,5.0
CES9091000001,2021-01-01,2021-02-05,2865.0,-24.0
CES9091000001,2021-01-01,2021-03-05,2868.0,-24.0
CES9091000001,2021-01-01,2021-04-02,2876.0,-16.0
CES9091000001,2021-01-01,2021-05-07,2876.0,-16.0
CES9091000001,2021-01-01,2021-06-04,2876.0,-16.0
CES9091000001,2021-01-01,2021-07-02,2876.0,-16.0
CES9091000001,2021-01-01,2021-08-06,2876.0,-16.0
CES9091000001,2021-01-01,2021-09-03,2876.0,-16.0
CES9091000001,2021-01-01,2021-10-08,2876.0,-16.0
CES9091000001,2021-01-01,2021-11-05,2876.0,-16.0
CES9091000001,2021-01-01,2021-12-03,2876.0,-16.0
CES9091000001,2021-01-01,2022-01-07,2876.0,-16.0
CES9091000001,2021-01-01,2022-02-04,2886.0,-7.0
CES9091000001,2021-01-01,2022-03-04,2886.0,-7.0
CES9091000001,2021-01-01,2022-04-01,2886.0,-7.0
CES9091000001,2021-01-01,2022-05-06,2886.0,-7.0
CES9091000001,2021-01-01,2022-06-03,2886.0,-7.0
CES9091000001,2021-01-01,2022-07-08,2886.0,-7.0
CES9091000001,2021-01-01,2022-08-05,2886.0,-7.0
CES9091000001,2021-01-01,2022-09-02,2886.0,-7.0
CES9091000001,2021-01-01,2022-10-07,2886.0,-7.0
CES9091000001,2021-01-01,2022-11-04,2886.0,-7.0
CES9091000001,2021-01-01,2022-12-02,2886.0,-7.0
CES9091000001,2021-01-01,2023-01-06,2886.0,-7.0
CES9091000001,2021-01-01,2023-02-03,2887.0,-8.0
CES9091000001,2021-01-01,2023-03-10,2887.0,-8.0
CES9091000001,2021-01-01,2023-04-07,2887.0,-8.0
CES9091000001,2021-01-01,2023-05-05,2887.0,-8.0
CES9091000001,2021-01-01,2023-06-02,2887.0,-8.0
CES9091000001,2021-01-01,2023-07-07,2887.0,-8.0
CES9091000001,2021-01-01,2023-08-04,2887.0,-8.0
CES9091000001,2021-01-01,2023-09-01,2887.0,-8.0
CES9091000001,2021-01-01,2023-10-06,2887.0,-8.0
CES9091000001,2021-01-01,2023-11-03,2887.0,-8.0
CES9091000001,2021-01-01,2023-12-08,2887.0,-8.0
CES9091000001,2021-01-01,2024-01-05,2887.0,-8.0
CES9091000001,2021-01-01,2024-02-02,2883.0,-12.0
CES9091000001,2021-01-01,2024-03-08,2883.0,-12.0
CES9091000001,2021-01-01,2024-04-05,2883.0,-12.0
CES9091000001,2021-01-01,2024-05-03,2883.0,-12.0
CES9091000001,2021-01-01,2024-06-07,2883.0,-12.0
CES9091000001,2021-01-01,2024-07-05,2883.0,-12.0
CES9091000001,2021-01-01,2024-08-02,2883.0,-12.0
CES9091000001,2021-01-01,2024-09-06,2883.0,-12.0
CES9091000001,2021-01-01,2024-10-04,2883.0,-12.0
CES9091000001,2021-01-01,2024-11-01,2883.0,-12.0
CES9091000001,2021-01-01,2024-12-06,2883.0,-12.0
CES9091000001,2021-01-01,2025-01-10,2883.0,-12.0
CES9091000001,2021-01-01,2025-02-07,2886.0,-11.0
CES9091000001,2021-01-01,2025-03-07,2886.0,-11.0
CES9091000001,2021-01-01,2025-04-04,2886.0,-11.0
CES9091000001,2021-01-01,2025-05-02,2886.0,-11.0
CES9091000001,2021-01-01,2025-06-06,2886.0,-11.0
CES9091000001,2021-01-01,2025-07-03,2886.0,-11.0
CES9091000001,2021-01-01,2025-08-01,2886.0,-11.0
CES9091000001,2021-01-01,2025-09-05,2886.0,-11.0
CES9091000001,2021-01-01,2025-11-20,2886.0,-11.0
CES9091000001,2021-01-01,2025-12-16,2886.0,-11.0
CES9091000001,2021-01-01,2026-01-09,2886.0,-11.0
CES9091000001,2021-01-01,2026-02-11,2884.0,-13.0
CES9091000001,2021-01-01,2026-03-06,2884.0,-13.0
CES9091000001,2021-01-01,2026-04-03,2884.0,-13.0
CES9091000001,2021-01-01,2026-05-08,2884.0,-13.0
CES9091000001,2021-01-01,2026-06-05,2884.0,-13.0
CES9091000001,2021-01-01,2026-07-02,2884.0,-13.0
CES9091000001,2021-02-01,2021-03-05,2865.0,-3.0
CES9091000001,2021-02-01,2021-04-02,2875.0,-1.0
CES9091000001,2021-02-01,2021-05-07,2882.0,6.0
CES9091000001,2021-02-01,2021-06-04,2882.0,6.0
CES9091000001,2021-02-01,2021-07-02,2882.0,6.0
CES9091000001,2021-02-01,2021-08-06,2882.0,6.0
CES9091000001,2021-02-01,2021-09-03,2882.0,6.0
CES9091000001,2021-02-01,2021-10-08,2882.0,6.0
CES9091000001,2021-02-01,2021-11-05,2882.0,6.0
CES9091000001,2021-02-01,2021-12-03,2882.0,6.0
CES9091000001,2021-02-01,2022-01-07,2882.0,6.0
CES9091000001,2021-02-01,2022-02-04,2888.0,2.0
CES9091000001,2021-02-01,2022-03-04,2888.0,2.0
CES9091000001,2021-02-01,2022-04-01,2888.0,2.0
CES9091000001,2021-02-01,2022-05-06,2888.0,2.0
CES9091000001,2021-02-01,2022-06-03,2888.0,2.0
CES9091000001,2021-02-01,2022-07-08,2888.0,2.0
CES9091000001,2021-02-01,2022-08-05,2888.0,2.0
CES9091000001,2021-02-01,2022-09-02,2888.0,2.0
CES9091000001,2021-02-01,2022-10-07,2888.0,2.0
CES9091000001,2021-02-01,2022-11-04,2888.0,2.0
CES9091000001,2021-02-01,2022-12-02,2888.0,2.0
CES9091000001,2021-02-01,2023-01-06,2888.0,2.0
CES9091000001,2021-02-01,2023-02-03,2881.0,-6.0
CES9091000001,2021-02-01,2023-03-10,2881.0,-6.0
CES9091000001,2021-02-01,2023-04-07,2881.0,-6.0
CES9091000001,2021-02-01,2023-05-05,2881.0,-6.0
CES9091000001,2021-02-01,2023-06-02,2881.0,-6.0
CES9091000001,2021-02-01,2023-07-07,2881.0,-6.0
CES9091000001,2021-02-01,2023-08-04,2881.0,-6.0
CES9091000001,2021-02-01,2023-09-01,2881.0,-6.0
CES9091000001,2021-02-01,2023-10-06,2881.0,-6.0
CES9091000001,2021-02-01,2023-11-03,2881.0,-6.0
CES9091000001,2021-02-01,2023-12-08,2881.0,-6.0
CES9091000001,2021-02-01,2024-01-05,2881.0,-6.0
CES9091000001,2021-02-01,2024-02-02,2878.0,-5.0
CES9091000001,2021-02-01,2024-03-08,2878.0,-5.0
CES9091000001,2021-02-01,2024-04-05,2878.0,-5.0
CES9091000001,2021-02-01,2024-05-03,2878.0,-5.0
CES9091000001,2021-02-01,2024-06-07,2878.0,-5.0
CES9091000001,2021-02-01,2024-07-05,2878.0,-5.0
CES9091000001,2021-02-01,2024-08-02,2878.0,-5.0
CES9091000001,2021-02-01,2024-09-06,2878.0,-5.0
CES9091000001,2021-02-01,2024-10-04,2878.0,-5.0
CES9091000001,2021-02-01,2024-11-01,2878.0,-5.0
CES9091000001,2021-02-01,2024-12-06,2878.0,-5.0
CES9091000001,2021-02-01,2025-01-10,2878.0,-5.0
CES9091000001,2021-02-01,2025-02-07,2882.0,-4.0
CES9091000001,2021-02-01,2025-03-07,2882.0,-4.0
CES9091000001,2021-02-01,2025-04-04,2882.0,-4.0
CES9091000001,2021-02-01,2025-05-02,2882.0,-4.0
CES9091000001,2021-02-01,2025-06-06,2882.0,-4.0
CES9091000001,2021-02-01,2025-07-03,2882.0,-4.0
CES9091000001,2021-02-01,2025-08-01,2882.0,-4.0
CES9091000001,2021-02-01,2025-09-05,2882.0,-4.0
CES9091000001,2021-02-01,2025-11-20,2882.0,-4.0
CES9091000001,2021-02-01,2025-12-16,2882.0,-4.0
CES9091000001,2021-02-01,2026-01-09,2882.0,-4.0
CES9091000001,2021-02-01,2026-02-11,2883.0,-1.0
CES9091000001,2021-02-01,2026-03-06,2883.0,-1.0
CES9091000001,2021-02-01,2026-04-03,2883.0,-1.0
CES9091000001,2021-02-01,2026-05-08,2883.0,-1.0
CES9091000001,2021-02-01,2026-06-05,2883.0,-1.0
CES9091000001,2021-02-01,2026-07-02,2883.0,-1.0
CES9091000001,2021-03-01,2021-04-02,2882.0,7.0
CES9091000001,2021-03-01,2021-05-07,2888.0,6.0
CES9091000001,2021-03-01,2021-06-04,2888.0,6.0
CES9091000001,2021-03-01,2021-07-02,2888.0,6.0
CES9091000001,2021-03-01,2021-08-06,2888.0,6.0
CES9091000001,2021-03-01,2021-09-03,2888.0,6.0
CES9091000001,2021-03-01,2021-10-08,2888.0,6.0
CES9091000001,2021-03-01,2021-11-05,2888.0,6.0
CES9091000001,2021-03-01,2021-12-03,2888.0,6.0
CES9091000001,2021-03-01,2022-01-07,2888.0,6.0
CES9091000001,2021-03-01,2022-02-04,2888.0,0.0
CES9091000001,2021-03-01,2022-03-04,2888.0,0.0
CES9091000001,2021-03-01,2022-04-01,2888.0,0.0
CES9091000001,2021-03-01,2022-05-06,2888.0,0.0
CES9091000001,2021-03-01,2022-06-03,2888.0,0.0
CES9091000001,2021-03-01,2022-07-08,2888.0,0.0
CES9091000001,2021-03-01,2022-08-05,2888.0,0.0
CES9091000001,2021-03-01,2022-09-02,2888.0,0.0
CES9091000001,2021-03-01,2022-10-07,2888.0,0.0
CES9091000001,2021-03-01,2022-11-04,2888.0,0.0
CES9091000001,2021-03-01,2022-12-02,2888.0,0.0
CES9091000001,2021-03-01,2023-01-06,2888.0,0.0
CES9091000001,2021-03-01,2023-02-03,2887.0,6.0
CES9091000001,2021-03-01,2023-03-10,2887.0,6.0
CES9091000001,2021-03-01,2023-04-07,2887.0,6.0
CES9091000001,2021-03-01,2023-05-05,2887.0,6.0
CES9091000001,2021-03-01,2023-06-02,2887.0,6.0
CES9091000001,2021-03-01,2023-07-07,2887.0,6.0
CES9091000001,2021-03-01,2023-08-04,2887.0,6.0
CES9091000001,2021-03-01,2023-09-01,2887.0,6.0
CES9091000001,2021-03-01,2023-10-06,2887.0,6.0
CES9091000001,2021-03-01,2023-11-03,2887.0,6.0
CES9091000001,2021-03-01,2023-12-08,2887.0,6.0
CES9091000001,2021-03-01,2024-01-05,2887.0,6.0
CES9091000001,2021-03-01,2024-02-02,2884.0,6.0
CES9091000001,2021-03-01,2024-03-08,2884.0,6.0
CES9091000001,2021-03-01,2024-04-05,2884.0,6.0
CES9091000001,2021-03-01,2024-05-03,2884.0,6.0
CES9091000001,2021-03-01,2024-06-07,2884.0,6.0
CES9091000001,2021-03-01,2024-07-05,2884.0,6.0
CES9091000001,2021-03-01,2024-08-02,2884.0,6.0
CES9091000001,2021-03-01,2024-09-06,2884.0,6.0
CES9091000001,2021-03-01,2024-10-04,2884.0,6.0
CES9091000001,2021-03-01,2024-11-01,2884.0,6.0
CES9091000001,2021-03-01,2024-12-06,2884.0,6.0
CES9091000001,2021-03-01,2025-01-10,2884.0,6.0
CES9091000001,2021-03-01,2025-02-07,2885.0,3.0
CES9091000001,2021-03-01,2025-03-07,2885.0,3.0
CES9091000001,2021-03-01,2025-04-04,2885.0,3.0
CES9091000001,2021-03-01,2025-05-02,2885.0,3.0
CES9091000001,2021-03-01,2025-06-06,2885.0,3.0
CES9091000001,2021-03-01,2025-07-03,2885.0,3.0
CES9091000001,2021-03-01,2025-08-01,2885.0,3.0
CES9091000001,2021-03-01,2025-09-05,2885.0,3.0
CES9091000001,2021-03-01,2025-11-20,2885.0,3.0
CES9091000001,2021-03-01,2025-12-16,2885.0,3.0
CES9091000001,2021-03-01,2026-01-09,2885.0,3.0
CES9091000001,2021-03-01,2026-02-11,2885.0,2.0
CES9091000001,2021-03-01,2026-03-06,2885.0,2.0
CES9091000001,2021-03-01,2026-04-03,2885.0,2.0
CES9091000001,2021-03-01,2026-05-08,2885.0,2.0
CES9091000001,2021-03-01,2026-06-05,2885.0,2.0
CES9091000001,2021-03-01,2026-07-02,2885.0,2.0
CES9091000001,2021-04-01,2021-05-07,2897.0,9.0
CES9091000001,2021-04-01,2021-06-04,2898.0,10.0
CES9091000001,2021-04-01,2021-07-02,2891.0,3.0
CES9091000001,2021-04-01,2021-08-06,2891.0,3.0
CES9091000001,2021-04-01,2021-09-03,2891.0,3.0
CES9091000001,2021-04-01,2021-10-08,2891.0,3.0
CES9091000001,2021-04-01,2021-11-05,2891.0,3.0
CES9091000001,2021-04-01,2021-12-03,2891.0,3.0
CES9091000001,2021-04-01,2022-01-07,2891.0,3.0
CES9091000001,2021-04-01,2022-02-04,2895.0,7.0
CES9091000001,2021-04-01,2022-03-04,2895.0,7.0
CES9091000001,2021-04-01,2022-04-01,2895.0,7.0
CES9091000001,2021-04-01,2022-05-06,2895.0,7.0
CES9091000001,2021-04-01,2022-06-03,2895.0,7.0
CES9091000001,2021-04-01,2022-07-08,2895.0,7.0
CES9091000001,2021-04-01,2022-08-05,2895.0,7.0
CES9091000001,2021-04-01,2022-09-02,2895.0,7.0
CES9091000001,2021-04-01,2022-10-07,2895.0,7.0
CES9091000001,2021-04-01,2022-11-04,2895.0,7.0
CES9091000001,2021-04-01,2022-12-02,2895.0,7.0
CES9091000001,2021-04-01,2023-01-06,2895.0,7.0
CES9091000001,2021-04-01,2023-02-03,2899.0,12.0
CES9091000001,2021-04-01,2023-03-10,2899.0,12.0
CES9091000001,2021-04-01,2023-04-07,2899.0,12.0
CES9091000001,2021-04-01,2023-05-05,2899.0,12.0
CES9091000001,2021-04-01,2023-06-02,2899.0,12.0
CES9091000001,2021-04-01,2023-07-07,2899.0,12.0
CES9091000001,2021-04-01,2023-08-04,2899.0,12.0
CES9091000001,2021-04-01,2023-09-01,2899.0,12.0
CES9091000001,2021-04-01,2023-10-06,2899.0,12.0
CES9091000001,2021-04-01,2023-11-03,2899.0,12.0
CES9091000001,2021-04-01,2023-12-08,2899.0,12.0
CES9091000001,2021-04-01,2024-01-05,2899.0,12.0
CES9091000001,2021-04-01,2024-02-02,2894.0,10.0
CES9091000001,2021-04-01,2024-03-08,2894.0,10.0
CES9091000001,2021-04-01,2024-04-05,2894.0,10.0
CES9091000001,2021-04-01,2024-05-03,2894.0,10.0
CES9091000001,2021-04-01,2024-06-07,2894.0,10.0
CES9091000001,2021-04-01,2024-07-05,2894.0,10.0
CES9091000001,2021-04-01,2024-08-02,2894.0,10.0
CES9091000001,2021-04-01,2024-09-06,2894.0,10.0
CES9091000001,2021-04-01,2024-10-04,2894.0,10.0
CES9091000001,2021-04-01,2024-11-01,2894.0,10.0
CES9091000001,2021-04-01,2024-12-06,2894.0,10.0
CES9091000001,2021-04-01,2025-01-10,2894.0,10.0
CES9091000001,2021-04-01,2025-02-07,2895.0,10.0
CES9091000001,2021-04-01,2025-03-07,2895.0,10.0
CES9091000001,2021-04-01,2025-04-04,2895.0,10.0
CES9091000001,2021-04-01,2025-05-02,2895.0,10.0
CES9091000001,2021-04-01,2025-06-06,2895.0,10.0
CES9091000001,2021-04-01,2025-07-03,2895.0,10.0
CES9091000001,2021-04-01,2025-08-01,2895.0,10.0
CES9091000001,2021-04-01,2025-09-05,2895.0,10.0
CES9091000001,2021-04-01,2025-11-20,2895.0,10.0
CES9091000001,2021-04-01,2025-12-16,2895.0,10.0
CES9091000001,2021-04-01,2026-01-09,2895.0,10.0
CES9091000001,2021-04-01,2026-02-11,2894.0,9.0
CES9091000001,2021-04-01,2026-03-06,2894.0,9.0
CES9091000001,2021-04-01,2026-04-03,2894.0,9.0
CES9091000001,2021-04-01,2026-05-08,2894.0,9.0
CES9091000001,2021-04-01,2026-06-05,2894.0,9.0
CES9091000001,2021-04-01,2026-07-02,2894.0,9.0
CES9091000001,2021-05-01,2021-06-04,2887.0,-11.0
CES9091000001,2021-05-01,2021-07-02,2881.0,-10.0
CES9091000001,2021-05-01,2021-08-06,2883.0,-8.0
CES9091000001,2021-05-01,2021-09-03,2883.0,-8.0
CES9091000001,2021-05-01,2021-10-08,2883.0,-8.0
CES9091000001,2021-05-01,2021-11-05,2883.0,-8.0
CES9091000001,2021-05-01,2021-12-03,2883.0,-8.0
CES9091000001,2021-05-01,2022-01-07,2883.0,-8.0
CES9091000001,2021-05-01,2022-02-04,2889.0,-6.0
CES9091000001,2021-05-01,2022-03-04,2889.0,-6.0
CES9091000001,2021-05-01,2022-04-01,2889.0,-6.0
CES9091000001,2021-05-01,2022-05-06,2889.0,-6.0
CES9091000001,2021-05-01,2022-06-03,2889.0,-6.0
CES9091000001,2021-05-01,2022-07-08,2889.0,-6.0
CES9091000001,2021-05-01,2022-08-05,2889.0,-6.0
CES9091000001,2021-05-01,2022-09-02,2889.0,-6.0
CES9091000001,2021-05-01,2022-10-07,2889.0,-6.0
CES9091000001,2021-05-01,2022-11-04,2889.0,-6.0
CES9091000001,2021-05-01,2022-12-02,2889.0,-6.0
CES9091000001,2021-05-01,2023-01-06,2889.0,-6.0
CES9091000001,2021-05-01,2023-02-03,2891.0,-8.0
CES9091000001,2021-05-01,2023-03-10,2891.0,-8.0
CES9091000001,2021-05-01,2023-04-07,2891.0,-8.0
CES9091000001,2021-05-01,2023-05-05,2891.0,-8.0
CES9091000001,2021-05-01,2023-06-02,2891.0,-8.0
CES9091000001,2021-05-01,2023-07-07,2891.0,-8.0
CES9091000001,2021-05-01,2023-08-04,2891.0,-8.0
CES9091000001,2021-05-01,2023-09-01,2891.0,-8.0
CES9091000001,2021-05-01,2023-10-06,2891.0,-8.0
CES9091000001,2021-05-01,2023-11-03,2891.0,-8.0
CES9091000001,2021-05-01,2023-12-08,2891.0,-8.0
CES9091000001,2021-05-01,2024-01-05,2891.0,-8.0
CES9091000001,2021-05-01,2024-02-02,2889.0,-5.0
CES9091000001,2021-05-01,2024-03-08,2889.0,-5.0
CES9091000001,2021-05-01,2024-04-05,2889.0,-5.0
CES9091000001,2021-05-01,2024-05-03,2889.0,-5.0
CES9091000001,2021-05-01,2024-06-07,2889.0,-5.0
CES9091000001,2021-05-01,2024-07-05,2889.0,-5.0
CES9091000001,2021-05-01,2024-08-02,2889.0,-5.0
CES9091000001,2021-05-01,2024-09-06,2889.0,-5.0
CES9091000001,2021-05-01,2024-10-04,2889.0,-5.0
CES9091000001,2021-05-01,2024-11-01,2889.0,-5.0
CES9091000001,2021-05-01,2024-12-06,2889.0,-5.0
CES9091000001,2021-05-01,2025-01-10,2889.0,-5.0
CES9091000001,2021-05-01,2025-02-07,2887.0,-8.0
CES9091000001,2021-05-01,2025-03-07,2887.0,-8.0
CES9091000001,2021-05-01,2025-04-04,2887.0,-8.0
CES9091000001,2021-05-01,2025-05-02,2887.0,-8.0
CES9091000001,2021-05-01,2025-06-06,2887.0,-8.0
CES9091000001,2021-05-01,2025-07-03,2887.0,-8.0
CES9091000001,2021-05-01,2025-08-01,2887.0,-8.0
CES9091000001,2021-05-01,2025-09-05,2887.0,-8.0
CES9091000001,2021-05-01,2025-11-20,2887.0,-8.0
CES9091000001,2021-05-01,2025-12-16,2887.0,-8.0
CES9091000001,2021-05-01,2026-01-09,2887.0,-8.0
CES9091000001,2021-05-01,2026-02-11,2886.0,-8.0
CES9091000001,2021-05-01,2026-03-06,2886.0,-8.0
CES9091000001,2021-05-01,2026-04-03,2886.0,-8.0
CES9091000001,2021-05-01,2026-05-08,2886.0,-8.0
CES9091000001,2021-05-01,2026-06-05,2886.0,-8.0
CES9091000001,2021-05-01,2026-07-02,2886.0,-8.0
CES9091000001,2021-06-01,2021-07-02,2876.0,-5.0
CES9091000001,2021-06-01,2021-08-06,2870.0,-13.0
CES9091000001,2021-06-01,2021-09-03,2876.0,-7.0
CES9091000001,2021-06-01,2021-10-08,2876.0,-7.0
CES9091000001,2021-06-01,2021-11-05,2876.0,-7.0
CES9091000001,2021-06-01,2021-12-03,2876.0,-7.0
CES9091000001,2021-06-01,2022-01-07,2876.0,-7.0
CES9091000001,2021-06-01,2022-02-04,2885.0,-4.0
CES9091000001,2021-06-01,2022-03-04,2885.0,-4.0
CES9091000001,2021-06-01,2022-04-01,2885.0,-4.0
CES9091000001,2021-06-01,2022-05-06,2885.0,-4.0
CES9091000001,2021-06-01,2022-06-03,2885.0,-4.0
CES9091000001,2021-06-01,2022-07-08,2885.0,-4.0
CES9091000001,2021-06-01,2022-08-05,2885.0,-4.0
CES9091000001,2021-06-01,2022-09-02,2885.0,-4.0
CES9091000001,2021-06-01,2022-10-07,2885.0,-4.0
CES9091000001,2021-06-01,2022-11-04,2885.0,-4.0
CES9091000001,2021-06-01,2022-12-02,2885.0,-4.0
CES9091000001,2021-06-01,2023-01-06,2885.0,-4.0
CES9091000001,2021-06-01,2023-02-03,2889.0,-2.0
CES9091000001,2021-06-01,2023-03-10,2889.0,-2.0
CES9091000001,2021-06-01,2023-04-07,2889.0,-2.0
CES9091000001,2021-06-01,2023-05-05,2889.0,-2.0
CES9091000001,2021-06-01,2023-06-02,2889.0,-2.0
CES9091000001,2021-06-01,2023-07-07,2889.0,-2.0
CES9091000001,2021-06-01,2023-08-04,2889.0,-2.0
CES9091000001,2021-06-01,2023-09-01,2889.0,-2.0
CES9091000001,2021-06-01,2023-10-06,2889.0,-2.0
CES9091000001,2021-06-01,2023-11-03,2889.0,-2.0
CES9091000001,2021-06-01,2023-12-08,2889.0,-2.0
CES9091000001,2021-06-01,2024-01-05,2889.0,-2.0
CES9091000001,2021-06-01,2024-02-02,2889.0,0.0
CES9091000001,2021-06-01,2024-03-08,2889.0,0.0
CES9091000001,2021-06-01,2024-04-05,2889.0,0.0
CES9091000001,2021-06-01,2024-05-03,2889.0,0.0
CES9091000001,2021-06-01,2024-06-07,2889.0,0.0
CES9091000001,2021-06-01,2024-07-05,2889.0,0.0
CES9091000001,2021-06-01,2024-08-02,2889.0,0.0
CES9091000001,2021-06-01,2024-09-06,2889.0,0.0
CES9091000001,2021-06-01,2024-10-04,2889.0,0.0
CES9091000001,2021-06-01,2024-11-01,2889.0,0.0
CES9091000001,2021-06-01,2024-12-06,2889.0,0.0
CES9091000001,2021-06-01,2025-01-10,2889.0,0.0
CES9091000001,2021-06-01,2025-02-07,2888.0,1.0
CES9091000001,2021-06-01,2025-03-07,2888.0,1.0
CES9091000001,2021-06-01,2025-04-04,2888.0,1.0
CES9091000001,2021-06-01,2025-05-02,2888.0,1.0
CES9091000001,2021-06-01,2025-06-06,2888.0,1.0
CES9091000001,2021-06-01,2025-07-03,2888.0,1.0
CES9091000001,2021-06-01,2025-08-01,2888.0,1.0
CES9091000001,2021-06-01,2025-09-05,2888.0,1.0
CES9091000001,2021-06-01,2025-11-20,2888.0,1.0
CES9091000001,2021-06-01,2025-12-16,2888.0,1.0
CES9091000001,2021-06-01,2026-01-09,2888.0,1.0
CES9091000001,2021-06-01,2026-02-11,2887.0,1.0
CES9091000001,2021-06-01,2026-03-06,2887.0,1.0
CES9091000001,2021-06-01,2026-04-03,2887.0,1.0
CES9091000001,2021-06-01,2026-05-08,2887.0,1.0
CES9091000001,2021-06-01,2026-06-05,2887.0,1.0
CES9091000001,2021-06-01,2026-07-02,2887.0,1.0
CES9091000001,2021-07-01,2021-08-06,2888.0,18.0
CES9091000001,2021-07-01,2021-09-03,2885.0,9.0
CES9091000001,2021-07-01,2021-10-08,2883.0,7.0
CES9091000001,2021-07-01,2021-11-05,2883.0,7.0
CES9091000001,2021-07-01,2021-12-03,2883.0,7.0
CES9091000001,2021-07-01,2022-01-07,2883.0,7.0
CES9091000001,2021-07-01,2022-02-04,2887.0,2.0
CES9091000001,2021-07-01,2022-03-04,2887.0,2.0
CES9091000001,2021-07-01,2022-04-01,2887.0,2.0
CES9091000001,2021-07-01,2022-05-06,2887.0,2.0
CES9091000001,2021-07-01,2022-06-03,2887.0,2.0
CES9091000001,2021-07-01,2022-07-08,2887.0,2.0
CES9091000001,2021-07-01,2022-08-05,2887.0,2.0
CES9091000001,2021-07-01,2022-09-02,2887.0,2.0
CES9091000001,2021-07-01,2022-10-07,2887.0,2.0
CES9091000001,2021-07-01,2022-11-04,2887.0,2.0
CES9091000001,2021-07-01,2022-12-02,2887.0,2.0
CES9091000001,2021-07-01,2023-01-06,2887.0,2.0
CES9091000001,2021-07-01,2023-02-03,2888.0,-1.0
CES9091000001,2021-07-01,2023-03-10,2888.0,-1.0
CES9091000001,2021-07-01,2023-04-07,2888.0,-1.0
CES9091000001,2021-07-01,2023-05-05,2888.0,-1.0
CES9091000001,2021-07-01,2023-06-02,2888.0,-1.0
CES9091000001,2021-07-01,2023-07-07,2888.0,-1.0
CES9091000001,2021-07-01,2023-08-04,2888.0,-1.0
CES9091000001,2021-07-01,2023-09-01,2888.0,-1.0
CES9091000001,2021-07-01,2023-10-06,2888.0,-1.0
CES9091000001,2021-07-01,2023-11-03,2888.0,-1.0
CES9091000001,2021-07-01,2023-12-08,2888.0,-1.0
CES9091000001,2021-07-01,2024-01-05,2888.0,-1.0
CES9091000001,2021-07-01,2024-02-02,2890.0,1.0
CES9091000001,2021-07-01,2024-03-08,2890.0,1.0
CES9091000001,2021-07-01,2024-04-05,2890.0,1.0
CES9091000001,2021-07-01,2024-05-03,2890.0,1.0
CES9091000001,2021-07-01,2024-06-07,2890.0,1.0
CES9091000001,2021-07-01,2024-07-05,2890.0,1.0
CES9091000001,2021-07-01,2024-08-02,2890.0,1.0
CES9091000001,2021-07-01,2024-09-06,2890.0,1.0
CES9091000001,2021-07-01,2024-10-04,2890.0,1.0
CES9091000001,2021-07-01,2024-11-01,2890.0,1.0
CES9091000001,2021-07-01,2024-12-06,2890.0,1.0
CES9091000001,2021-07-01,2025-01-10,2890.0,1.0
CES9091000001,2021-07-01,2025-02-07,2888.0,0.0
CES9091000001,2021-07-01,2025-03-07,2888.0,0.0
CES9091000001,2021-07-01,2025-04-04,2888.0,0.0
CES9091000001,2021-07-01,2025-05-02,2888.0,0.0
CES9091000001,2021-07-01,2025-06-06,2888.0,0.0
CES9091000001,2021-07-01,2025-07-03,2888.0,0.0
CES9091000001,2021-07-01,2025-08-01,2888.0,0.0
CES9091000001,2021-07-01,2025-09-05,2888.0,0.0
CES9091000001,2021-07-01,2025-11-20,2888.0,0.0
CES9091000001,2021-07-01,2025-12-16,2888.0,0.0
CES9091000001,2021-07-01,2026-01-09,2888.0,0.0
CES9091000001,2021-07-01,2026-02-11,2892.0,5.0
CES9091000001,2021-07-01,2026-03-06,2892.0,5.0
CES9091000001,2021-07-01,2026-04-03,2892.0,5.0
CES9091000001,2021-07-01,2026-05-08,2892.0,5.0
CES9091000001,2021-07-01,2026-06-05,2892.0,5.0
CES9091000001,2021-07-01,2026-07-02,2892.0,5.0
CES9091000001,2021-08-01,2021-09-03,2888.0,3.0
CES9091000001,2021-08-01,2021-10-08,2886.0,3.0
CES9091000001,2021-08-01,2021-11-05,2884.0,1.0
CES9091000001,2021-08-01,2021-12-03,2884.0,1.0
CES9091000001,2021-08-01,2022-01-07,2884.0,1.0
CES9091000001,2021-08-01,2022-02-04,2886.0,-1.0
CES9091000001,2021-08-01,2022-03-04,2886.0,-1.0
CES9091000001,2021-08-01,2022-04-01,2886.0,-1.0
CES9091000001,2021-08-01,2022-05-06,2886.0,-1.0
CES9091000001,2021-08-01,2022-06-03,2886.0,-1.0
CES9091000001,2021-08-01,2022-07-08,2886.0,-1.0
CES9091000001,2021-08-01,2022-08-05,2886.0,-1.0
CES9091000001,2021-08-01,2022-09-02,2886.0,-1.0
CES9091000001,2021-08-01,2022-10-07,2886.0,-1.0
CES9091000001,2021-08-01,2022-11-04,2886.0,-1.0
CES9091000001,2021-08-01,2022-12-02,2886.0,-1.0
CES9091000001,2021-08-01,2023-01-06,2886.0,-1.0
CES9091000001,2021-08-01,2023-02-03,2890.0,2.0
CES9091000001,2021-08-01,2023-03-10,2890.0,2.0
CES9091000001,2021-08-01,2023-04-07,2890.0,2.0
CES9091000001,2021-08-01,2023-05-05,2890.0,2.0
CES9091000001,2021-08-01,2023-06-02,2890.0,2.0
CES9091000001,2021-08-01,2023-07-07,2890.0,2.0
CES9091000001,2021-08-01,2023-08-04,2890.0,2.0
CES9091000001,2021-08-01,2023-09-01,2890.0,2.0
CES9091000001,2021-08-01,2023-10-06,2890.0,2.0
CES9091000001,2021-08-01,2023-11-03,2890.0,2.0
CES9091000001,2021-08-01,2023-12-08,2890.0,2.0
CES9091000001,2021-08-01,2024-01-05,2890.0,2.0
CES9091000001,2021-08-01,2024-02-02,2888.0,-2.0
CES9091000001,2021-08-01,2024-03-08,2888.0,-2.0
CES9091000001,2021-08-01,2024-04-05,2888.0,-2.0
CES9091000001,2021-08-01,2024-05-03,2888.0,-2.0
CES9091000001,2021-08-01,2024-06-07,2888.0,-2.0
CES9091000001,2021-08-01,2024-07-05,2888.0,-2.0
CES9091000001,2021-08-01,2024-08-02,2888.0,-2.0
CES9091000001,2021-08-01,2024-09-06,2888.0,-2.0
CES9091000001,2021-08-01,2024-10-04,2888.0,-2.0
CES9091000001,2021-08-01,2024-11-01,2888.0,-2.0
CES9091000001,2021-08-01,2024-12-06,2888.0,-2.0
CES9091000001,2021-08-01,2025-01-10,2888.0,-2.0
CES9091000001,2021-08-01,2025-02-07,2887.0,-1.0
CES9091000001,2021-08-01,2025-03-07,2887.0,-1.0
CES9091000001,2021-08-01,2025-04-04,2887.0,-1.0
CES9091000001,2021-08-01,2025-05-02,2887.0,-1.0
CES9091000001,2021-08-01,2025-06-06,2887.0,-1.0
CES9091000001,2021-08-01,2025-07-03,2887.0,-1.0
CES9091000001,2021-08-01,2025-08-01,2887.0,-1.0
CES9091000001,2021-08-01,2025-09-05,2887.0,-1.0
CES9091000001,2021-08-01,2025-11-20,2887.0,-1.0
CES9091000001,2021-08-01,2025-12-16,2887.0,-1.0
CES9091000001,2021-08-01,2026-01-09,2887.0,-1.0
CES9091000001,2021-08-01,2026-02-11,2888.0,-4.0
CES9091000001,2021-08-01,2026-03-06,2888.0,-4.0
CES9091000001,2021-08-01,2026-04-03,2888.0,-4.0
CES9091000001,2021-08-01,2026-05-08,2888.0,-4.0
CES9091000001,2021-08-01,2026-06-05,2888.0,-4.0
CES9091000001,2021-08-01,2026-07-02,2888.0,-4.0
CES9091000001,2021-09-01,2021-10-08,2886.0,0.0
CES9091000001,2021-09-01,2021-11-05,2885.0,1.0
CES9091000001,2021-09-01,2021-12-03,2882.0,-2.0
CES9091000001,2021-09-01,2022-01-07,2882.0,-2.0
CES9091000001,2021-09-01,2022-02-04,2885.0,-1.0
CES9091000001,2021-09-01,2022-03-04,2885.0,-1.0
CES9091000001,2021-09-01,2022-04-01,2885.0,-1.0
CES9091000001,2021-09-01,2022-05-06,2885.0,-1.0
CES9091000001,2021-09-01,2022-06-03,2885.0,-1.0
CES9091000001,2021-09-01,2022-07-08,2885.0,-1.0
CES9091000001,2021-09-01,2022-08-05,2885.0,-1.0
CES9091000001,2021-09-01,2022-09-02,2885.0,-1.0
CES9091000001,2021-09-01,2022-10-07,2885.0,-1.0
CES9091000001,2021-09-01,2022-11-04,2885.0,-1.0
CES9091000001,2021-09-01,2022-12-02,2885.0,-1.0
CES9091000001,2021-09-01,2023-01-06,2885.0,-1.0
CES9091000001,2021-09-01,2023-02-03,2887.0,-3.0
CES9091000001,2021-09-01,2023-03-10,2887.0,-3.0
CES9091000001,2021-09-01,2023-04-07,2887.0,-3.0
CES9091000001,2021-09-01,2023-05-05,2887.0,-3.0
CES9091000001,2021-09-01,2023-06-02,2887.0,-3.0
CES9091000001,2021-09-01,2023-07-07,2887.0,-3.0
CES9091000001,2021-09-01,2023-08-04,2887.0,-3.0
CES9091000001,2021-09-01,2023-09-01,2887.0,-3.0
CES9091000001,2021-09-01,2023-10-06,2887.0,-3.0
CES9091000001,2021-09-01,2023-11-03,2887.0,-3.0
CES9091000001,2021-09-01,2023-12-08,2887.0,-3.0
CES9091000001,2021-09-01,2024-01-05,2887.0,-3.0
CES9091000001,2021-09-01,2024-02-02,2887.0,-1.0
CES9091000001,2021-09-01,2024-03-08,2887.0,-1.0
CES9091000001,2021-09-01,2024-04-05,2887.0,-1.0
CES9091000001,2021-09-01,2024-05-03,2887.0,-1.0
CES9091000001,2021-09-01,2024-06-07,2887.0,-1.0
CES9091000001,2021-09-01,2024-07-05,2887.0,-1.0
CES9091000001,2021-09-01,2024-08-02,2887.0,-1.0
CES9091000001,2021-09-01,2024-09-06,2887.0,-1.0
CES9091000001,2021-09-01,2024-10-04,2887.0,-1.0
CES9091000001,2021-09-01,2024-11-01,2887.0,-1.0
CES9091000001,2021-09-01,2024-12-06,2887.0,-1.0
CES9091000001,2021-09-01,2025-01-10,2887.0,-1.0
CES9091000001,2021-09-01,2025-02-07,2886.0,-1.0
CES9091000001,2021-09-01,2025-03-07,2886.0,-1.0
CES9091000001,2021-09-01,2025-04-04,2886.0,-1.0
CES9091000001,2021-09-01,2025-05-02,2886.0,-1.0
CES9091000001,2021-09-01,2025-06-06,2886.0,-1.0
CES9091000001,2021-09-01,2025-07-03,2886.0,-1.0
CES9091000001,2021-09-01,2025-08-01,2886.0,-1.0
CES9091000001,2021-09-01,2025-09-05,2886.0,-1.0
CES9091000001,2021-09-01,2025-11-20,2886.0,-1.0
CES9091000001,2021-09-01,2025-12-16,2886.0,-1.0
CES9091000001,2021-09-01,2026-01-09,2886.0,-1.0
CES9091000001,2021-09-01,2026-02-11,2887.0,-1.0
CES9091000001,2021-09-01,2026-03-06,2887.0,-1.0
CES9091000001,2021-09-01,2026-04-03,2887.0,-1.0
CES9091000001,2021-09-01,2026-05-08,2887.0,-1.0
CES9091000001,2021-09-01,2026-06-05,2887.0,-1.0
CES9091000001,2021-09-01,2026-07-02,2887.0,-1.0
CES9091000001,2021-10-01,2021-11-05,2882.0,-3.0
CES9091000001,2021-10-01,2021-12-03,2877.0,-5.0
CES9091000001,2021-10-01,2022-01-07,2878.0,-4.0
CES9091000001,2021-10-01,2022-02-04,2880.0,-5.0
CES9091000001,2021-10-01,2022-03-04,2880.0,-5.0
CES9091000001,2021-10-01,2022-04-01,2880.0,-5.0
CES9091000001,2021-10-01,2022-05-06,2880.0,-5.0
CES9091000001,2021-10-01,2022-06-03,2880.0,-5.0
CES9091000001,2021-10-01,2022-07-08,2880.0,-5.0
CES9091000001,2021-10-01,2022-08-05,2880.0,-5.0
CES9091000001,2021-10-01,2022-09-02,2880.0,-5.0
CES9091000001,2021-10-01,2022-10-07,2880.0,-5.0
CES9091000001,2021-10-01,2022-11-04,2880.0,-5.0
CES9091000001,2021-10-01,2022-12-02,2880.0,-5.0
CES9091000001,2021-10-01,2023-01-06,2880.0,-5.0
CES9091000001,2021-10-01,2023-02-03,2877.0,-10.0
CES9091000001,2021-10-01,2023-03-10,2877.0,-10.0
CES9091000001,2021-10-01,2023-04-07,2877.0,-10.0
CES9091000001,2021-10-01,2023-05-05,2877.0,-10.0
CES9091000001,2021-10-01,2023-06-02,2877.0,-10.0
CES9091000001,2021-10-01,2023-07-07,2877.0,-10.0
CES9091000001,2021-10-01,2023-08-04,2877.0,-10.0
CES9091000001,2021-10-01,2023-09-01,2877.0,-10.0
CES9091000001,2021-10-01,2023-10-06,2877.0,-10.0
CES9091000001,2021-10-01,2023-11-03,2877.0,-10.0
CES9091000001,2021-10-01,2023-12-08,2877.0,-10.0
CES9091000001,2021-10-01,2024-01-05,2877.0,-10.0
CES9091000001,2021-10-01,2024-02-02,2878.0,-9.0
CES9091000001,2021-10-01,2024-03-08,2878.0,-9.0
CES9091000001,2021-10-01,2024-04-05,2878.0,-9.0
CES9091000001,2021-10-01,2024-05-03,2878.0,-9.0
CES9091000001,2021-10-01,2024-06-07,2878.0,-9.0
CES9091000001,2021-10-01,2024-07-05,2878.0,-9.0
CES9091000001,2021-10-01,2024-08-02,2878.0,-9.0
CES9091000001,2021-10-01,2024-09-06,2878.0,-9.0
CES9091000001,2021-10-01,2024-10-04,2878.0,-9.0
CES9091000001,2021-10-01,2024-11-01,2878.0,-9.0
CES9091000001,2021-10-01,2024-12-06,2878.0,-9.0
CES9091000001,2021-10-01,2025-01-10,2878.0,-9.0
CES9091000001,2021-10-01,2025-02-07,2876.0,-10.0
CES9091000001,2021-10-01,2025-03-07,2876.0,-10.0
CES9091000001,2021-10-01,2025-04-04,2876.0,-10.0
CES9091000001,2021-10-01,2025-05-02,2876.0,-10.0
CES9091000001,2021-10-01,2025-06-06,2876.0,-10.0
CES9091000001,2021-10-01,2025-07-03,2876.0,-10.0
CES9091000001,2021-10-01,2025-08-01,2876.0,-10.0
CES9091000001,2021-10-01,2025-09-05,2876.0,-10.0
CES9091000001,2021-10-01,2025-11-20,2876.0,-10.0
CES9091000001,2021-10-01,2025-12-16,2876.0,-10.0
CES9091000001,2021-10-01,2026-01-09,2876.0,-10.0
CES9091000001,2021-10-01,2026-02-11,2878.0,-9.0
CES9091000001,2021-10-01,2026-03-06,2878.0,-9.0
CES9091000001,2021-10-01,2026-04-03,2878.0,-9.0
CES9091000001,2021-10-01,2026-05-08,2878.0,-9.0
CES9091000001,2021-10-01,2026-06-05,2878.0,-9.0
CES9091000001,2021-10-01,2026-07-02,2878.0,-9.0
CES9091000001,2021-11-01,2021-12-03,2879.0,2.0
CES9091000001,2021-11-01,2022-01-07,2882.0,4.0
CES9091000001,2021-11-01,2022-02-04,2884.0,4.0
CES9091000001,2021-11-01,2022-03-04,2884.0,4.0
CES9091000001,2021-11-01,2022-04-01,2884.0,4.0
CES9091000001,2021-11-01,2022-05-06,2884.0,4.0
CES9091000001,2021-11-01,2022-06-03,2884.0,4.0
CES9091000001,2021-11-01,2022-07-08,2884.0,4.0
CES9091000001,2021-11-01,2022-08-05,2884.0,4.0
CES9091000001,2021-11-01,2022-09-02,2884.0,4.0
CES9091000001,2021-11-01,2022-10-07,2884.0,4.0
CES9091000001,2021-11-01,2022-11-04,2884.0,4.0
CES9091000001,2021-11-01,2022-12-02,2884.0,4.0
CES9091000001,2021-11-01,2023-01-06,2884.0,4.0
CES9091000001,2021-11-01,2023-02-03,2882.0,5.0
CES9091000001,2021-11-01,2023-03-10,2882.0,5.0
CES9091000001,2021-11-01,2023-04-07,2882.0,5.0
CES9091000001,2021-11-01,2023-05-05,2882.0,5.0
CES9091000001,2021-11-01,2023-06-02,2882.0,5.0
CES9091000001,2021-11-01,2023-07-07,2882.0,5.0
CES9091000001,2021-11-01,2023-08-04,2882.0,5.0
CES9091000001,2021-11-01,2023-09-01,2882.0,5.0
CES9091000001,2021-11-01,2023-10-06,2882.0,5.0
CES9091000001,2021-11-01,2023-11-03,2882.0,5.0
CES9091000001,2021-11-01,2023-12-08,2882.0,5.0
CES9091000001,2021-11-01,2024-01-05,2882.0,5.0
CES9091000001,2021-11-01,2024-02-02,2890.0,12.0
CES9091000001,2021-11-01,2024-03-08,2890.0,12.0
CES9091000001,2021-11-01,2024-04-05,2890.0,12.0
CES9091000001,2021-11-01,2024-05-03,2890.0,12.0
CES9091000001,2021-11-01,2024-06-07,2890.0,12.0
CES9091000001,2021-11-01,2024-07-05,2890.0,12.0
CES9091000001,2021-11-01,2024-08-02,2890.0,12.0
CES9091000001,2021-11-01,2024-09-06,2890.0,12.0
CES9091000001,2021-11-01,2024-10-04,2890.0,12.0
CES9091000001,2021-11-01,2024-11-01,2890.0,12.0
CES9091000001,2021-11-01,2024-12-06,2890.0,12.0
CES9091000001,2021-11-01,2025-01-10,2890.0,12.0
CES9091000001,2021-11-01,2025-02-07,2888.0,12.0
CES9091000001,2021-11-01,2025-03-07,2888.0,12.0
CES9091000001,2021-11-01,2025-04-04,2888.0,12.0
CES9091000001,2021-11-01,2025-05-02,2888.0,12.0
CES9091000001,2021-11-01,2025-06-06,2888.0,12.0
CES9091000001,2021-11-01,2025-07-03,2888.0,12.0
CES9091000001,2021-11-01,2025-08-01,2888.0,12.0
CES9091000001,2021-11-01,2025-09-05,2888.0,12.0
CES9091000001,2021-11-01,2025-11-20,2888.0,12.0
CES9091000001,2021-11-01,2025-12-16,2888.0,12.0
CES9091000001,2021-11-01,2026-01-09,2888.0,12.0
CES9091000001,2021-11-01,2026-02-11,2889.0,11.0
CES9091000001,2021-11-01,2026-03-06,2889.0,11.0
CES9091000001,2021-11-01,2026-04-03,2889.0,11.0
CES9091000001,2021-11-01,2026-05-08,2889.0,11.0
CES9091000001,2021-11-01,2026-06-05,2889.0,11.0
CES9091000001,2021-11-01,2026-07-02,2889.0,11.0
CES9091000001,2021-12-01,2022-01-07,2880.0,-2.0
CES9091000001,2021-12-01,2022-02-04,2875.0,-9.0
CES9091000001,2021-12-01,2022-03-04,2876.0,-8.0
CES9091000001,2021-12-01,2022-04-01,2876.0,-8.0
CES9091000001,2021-12-01,2022-05-06,2876.0,-8.0
CES9091000001,2021-12-01,2022-06-03,2876.0,-8.0
CES9091000001,2021-12-01,2022-07-08,2876.0,-8.0
CES9091000001,2021-12-01,2022-08-05,2876.0,-8.0
CES9091000001,2021-12-01,2022-09-02,2876.0,-8.0
CES9091000001,2021-12-01,2022-10-07,2876.0,-8.0
CES9091000001,2021-12-01,2022-11-04,2876.0,-8.0
CES9091000001,2021-12-01,2022-12-02,2876.0,-8.0
CES9091000001,2021-12-01,2023-01-06,2876.0,-8.0
CES9091000001,2021-12-01,2023-02-03,2873.0,-9.0
CES9091000001,2021-12-01,2023-03-10,2873.0,-9.0
CES9091000001,2021-12-01,2023-04-07,2873.0,-9.0
CES9091000001,2021-12-01,2023-05-05,2873.0,-9.0
CES9091000001,2021-12-01,2023-06-02,2873.0,-9.0
CES9091000001,2021-12-01,2023-07-07,2873.0,-9.0
CES9091000001,2021-12-01,2023-08-04,2873.0,-9.0
CES9091000001,2021-12-01,2023-09-01,2873.0,-9.0
CES9091000001,2021-12-01,2023-10-06,2873.0,-9.0
CES9091000001,2021-12-01,2023-11-03,2873.0,-9.0
CES9091000001,2021-12-01,2023-12-08,2873.0,-9.0
CES9091000001,2021-12-01,2024-01-05,2873.0,-9.0
CES9091000001,2021-12-01,2024-02-02,2884.0,-6.0
CES9091000001,2021-12-01,2024-03-08,2884.0,-6.0
CES9091000001,2021-12-01,2024-04-05,2884.0,-6.0
CES9091000001,2021-12-01,2024-05-03,2884.0,-6.0
CES9091000001,2021-12-01,2024-06-07,2884.0,-6.0
CES9091000001,2021-12-01,2024-07-05,2884.0,-6.0
CES9091000001,2021-12-01,2024-08-02,2884.0,-6.0
CES9091000001,2021-12-01,2024-09-06,2884.0,-6.0
CES9091000001,2021-12-01,2024-10-04,2884.0,-6.0
CES9091000001,2021-12-01,2024-11-01,2884.0,-6.0
CES9091000001,2021-12-01,2024-12-06,2884.0,-6.0
CES9091000001,2021-12-01,2025-01-10,2884.0,-6.0
CES9091000001,2021-12-01,2025-02-07,2881.0,-7.0
CES9091000001,2021-12-01,2025-03-07,2881.0,-7.0
CES9091000001,2021-12-01,2025-04-04,2881.0,-7.0
CES9091000001,2021-12-01,2025-05-02,2881.0,-7.0
CES9091000001,2021-12-01,2025-06-06,2881.0,-7.0
CES9091000001,2021-12-01,2025-07-03,2881.0,-7.0
CES9091000001,2021-12-01,2025-08-01,2881.0,-7.0
CES9091000001,2021-12-01,2025-09-05,2881.0,-7.0
CES9091000001,2021-12-01,2025-11-20,2881.0,-7.0
CES9091000001,2021-12-01,2025-12-16,2881.0,-7.0
CES9091000001,2021-12-01,2026-01-09,2881.0,-7.0
CES9091000001,2021-12-01,2026-02-11,2882.0,-7.0
CES9091000001,2021-12-01,2026-03-06,2882.0,-7.0
CES9091000001,2021-12-01,2026-04-03,2882.0,-7.0
CES9091000001,2021-12-01,2026-05-08,2882.0,-7.0
CES9091000001,2021-12-01,2026-06-05,2882.0,-7.0
CES9091000001,2021-12-01,2026-07-02,2882.0,-7.0
CES9091000001,2022-01-01,2022-02-04,2874.0,-1.0
CES9091000001,2022-01-01,2022-03-04,2875.0,-1.0
CES9091000001,2022-01-01,2022-04-01,2879.0,3.0
CES9091000001,2022-01-01,2022-05-06,2879.0,3.0
CES9091000001,2022-01-01,2022-06-03,2879.0,3.0
CES9091000001,2022-01-01,2022-07-08,2879.0,3.0
CES9091000001,2022-01-01,2022-08-05,2879.0,3.0
CES9091000001,2022-01-01,2022-09-02,2879.0,3.0
CES9091000001,2022-01-01,2022-10-07,2879.0,3.0
CES9091000001,2022-01-01,2022-11-04,2879.0,3.0
CES9091000001,2022-01-01,2022-12-02,2879.0,3.0
CES9091000001,2022-01-01,2023-01-06,2879.0,3.0
CES9091000001,2022-01-01,2023-02-03,2874.0,1.0
CES9091000001,2022-01-01,2023-03-10,2874.0,1.0
CES9091000001,2022-01-01,2023-04-07,2874.0,1.0
CES9091000001,2022-01-01,2023-05-05,2874.0,1.0
CES9091000001,2022-01-01,2023-06-02,2874.0,1.0
CES9091000001,2022-01-01,2023-07-07,2874.0,1.0
CES9091000001,2022-01-01,2023-08-04,2874.0,1.0
CES9091000001,2022-01-01,2023-09-01,2874.0,1.0
CES9091000001,2022-01-01,2023-10-06,2874.0,1.0
CES9091000001,2022-01-01,2023-11-03,2874.0,1.0
CES9091000001,2022-01-01,2023-12-08,2874.0,1.0
CES9091000001,2022-01-01,2024-01-05,2874.0,1.0
CES9091000001,2022-01-01,2024-02-02,2878.0,-6.0
CES9091000001,2022-01-01,2024-03-08,2878.0,-6.0
CES9091000001,2022-01-01,2024-04-05,2878.0,-6.0
CES9091000001,2022-01-01,2024-05-03,2878.0,-6.0
CES9091000001,2022-01-01,2024-06-07,2878.0,-6.0
CES9091000001,2022-01-01,2024-07-05,2878.0,-6.0
CES9091000001,2022-01-01,2024-08-02,2878.0,-6.0
CES9091000001,2022-01-01,2024-09-06,2878.0,-6.0
CES9091000001,2022-01-01,2024-10-04,2878.0,-6.0
CES9091000001,2022-01-01,2024-11-01,2878.0,-6.0
CES9091000001,2022-01-01,2024-12-06,2878.0,-6.0
CES9091000001,2022-01-01,2025-01-10,2878.0,-6.0
CES9091000001,2022-01-01,2025-02-07,2878.0,-3.0
CES9091000001,2022-01-01,2025-03-07,2878.0,-3.0
CES9091000001,2022-01-01,2025-04-04,2878.0,-3.0
CES9091000001,2022-01-01,2025-05-02,2878.0,-3.0
CES9091000001,2022-01-01,2025-06-06,2878.0,-3.0
CES9091000001,2022-01-01,2025-07-03,2878.0,-3.0
CES9091000001,2022-01-01,2025-08-01,2878.0,-3.0
CES9091000001,2022-01-01,2025-09-05,2878.0,-3.0
CES9091000001,2022-01-01,2025-11-20,2878.0,-3.0
CES9091000001,2022-01-01,2025-12-16,2878.0,-3.0
CES9091000001,2022-01-01,2026-01-09,2878.0,-3.0
CES9091000001,2022-01-01,2026-02-11,2879.0,-3.0
CES9091000001,2022-01-01,2026-03-06,2879.0,-3.0
CES9091000001,2022-01-01,2026-04-03,2879.0,-3.0
CES9091000001,2022-01-01,2026-05-08,2879.0,-3.0
CES9091000001,2022-01-01,2026-06-05,2879.0,-3.0
CES9091000001,2022-01-01,2026-07-02,2879.0,-3.0
CES9091000001,2022-02-01,2022-03-04,2875.0,0.0
CES9091000001,2022-02-01,2022-04-01,2881.0,2.0
CES9091000001,2022-02-01,2022-05-06,2878.0,-1.0
CES9091000001,2022-02-01,2022-06-03,2878.0,-1.0
CES9091000001,2022-02-01,2022-07-08,2878.0,-1.0
CES9091000001,2022-02-01,2022-08-05,2878.0,-1.0
CES9091000001,2022-02-01,2022-09-02,2878.0,-1.0
CES9091000001,2022-02-01,2022-10-07,2878.0,-1.0
CES9091000001,2022-02-01,2022-11-04,2878.0,-1.0
CES9091000001,2022-02-01,2022-12-02,2878.0,-1.0
CES9091000001,2022-02-01,2023-01-06,2878.0,-1.0
CES9091000001,2022-02-01,2023-02-03,2874.0,0.0
CES9091000001,2022-02-01,2023-03-10,2874.0,0.0
CES9091000001,2022-02-01,2023-04-07,2874.0,0.0
CES9091000001,2022-02-01,2023-05-05,2874.0,0.0
CES9091000001,2022-02-01,2023-06-02,2874.0,0.0
CES9091000001,2022-02-01,2023-07-07,2874.0,0.0
CES9091000001,2022-02-01,2023-08-04,2874.0,0.0
CES9091000001,2022-02-01,2023-09-01,2874.0,0.0
CES9091000001,2022-02-01,2023-10-06,2874.0,0.0
CES9091000001,2022-02-01,2023-11-03,2874.0,0.0
CES9091000001,2022-02-01,2023-12-08,2874.0,0.0
CES9091000001,2022-02-01,2024-01-05,2874.0,0.0
CES9091000001,2022-02-01,2024-02-02,2871.0,-7.0
CES9091000001,2022-02-01,2024-03-08,2871.0,-7.0
CES9091000001,2022-02-01,2024-04-05,2871.0,-7.0
CES9091000001,2022-02-01,2024-05-03,2871.0,-7.0
CES9091000001,2022-02-01,2024-06-07,2871.0,-7.0
CES9091000001,2022-02-01,2024-07-05,2871.0,-7.0
CES9091000001,2022-02-01,2024-08-02,2871.0,-7.0
CES9091000001,2022-02-01,2024-09-06,2871.0,-7.0
CES9091000001,2022-02-01,2024-10-04,2871.0,-7.0
CES9091000001,2022-02-01,2024-11-01,2871.0,-7.0
CES9091000001,2022-02-01,2024-12-06,2871.0,-7.0
CES9091000001,2022-02-01,2025-01-10,2871.0,-7.0
CES9091000001,2022-02-01,2025-02-07,2874.0,-4.0
CES9091000001,2022-02-01,2025-03-07,2874.0,-4.0
CES9091000001,2022-02-01,2025-04-04,2874.0,-4.0
CES9091000001,2022-02-01,2025-05-02,2874.0,-4.0
CES9091000001,2022-02-01,2025-06-06,2874.0,-4.0
CES9091000001,2022-02-01,2025-07-03,2874.0,-4.0
CES9091000001,2022-02-01,2025-08-01,2874.0,-4.0
CES9091000001,2022-02-01,2025-09-05,2874.0,-4.0
CES9091000001,2022-02-01,2025-11-20,2874.0,-4.0
CES9091000001,2022-02-01,2025-12-16,2874.0,-4.0
CES9091000001,2022-02-01,2026-01-09,2874.0,-4.0
CES9091000001,2022-02-01,2026-02-11,2874.0,-5.0
CES9091000001,2022-02-01,2026-03-06,2874.0,-5.0
CES9091000001,2022-02-01,2026-04-03,2874.0,-5.0
CES9091000001,2022-02-01,2026-05-08,2874.0,-5.0
CES9091000001,2022-02-01,2026-06-05,2874.0,-5.0
CES9091000001,2022-02-01,2026-07-02,2874.0,-5.0
CES9091000001,2022-03-01,2022-04-01,2880.0,-1.0
CES9091000001,2022-03-01,2022-05-06,2876.0,-2.0
CES9091000001,2022-03-01,2022-06-03,2876.0,-2.0
CES9091000001,2022-03-01,2022-07-08,2876.0,-2.0
CES9091000001,2022-03-01,2022-08-05,2876.0,-2.0
CES9091000001,2022-03-01,2022-09-02,2876.0,-2.0
CES9091000001,2022-03-01,2022-10-07,2876.0,-2.0
CES9091000001,2022-03-01,2022-11-04,2876.0,-2.0
CES9091000001,2022-03-01,2022-12-02,2876.0,-2.0
CES9091000001,2022-03-01,2023-01-06,2876.0,-2.0
CES9091000001,2022-03-01,2023-02-03,2873.0,-1.0
CES9091000001,2022-03-01,2023-03-10,2873.0,-1.0
CES9091000001,2022-03-01,2023-04-07,2873.0,-1.0
CES9091000001,2022-03-01,2023-05-05,2873.0,-1.0
CES9091000001,2022-03-01,2023-06-02,2873.0,-1.0
CES9091000001,2022-03-01,2023-07-07,2873.0,-1.0
CES9091000001,2022-03-01,2023-08-04,2873.0,-1.0
CES9091000001,2022-03-01,2023-09-01,2873.0,-1.0
CES9091000001,2022-03-01,2023-10-06,2873.0,-1.0
CES9091000001,2022-03-01,2023-11-03,2873.0,-1.0
CES9091000001,2022-03-01,2023-12-08,2873.0,-1.0
CES9091000001,2022-03-01,2024-01-05,2873.0,-1.0
CES9091000001,2022-03-01,2024-02-02,2869.0,-2.0
CES9091000001,2022-03-01,2024-03-08,2869.0,-2.0
CES9091000001,2022-03-01,2024-04-05,2869.0,-2.0
CES9091000001,2022-03-01,2024-05-03,2869.0,-2.0
CES9091000001,2022-03-01,2024-06-07,2869.0,-2.0
CES9091000001,2022-03-01,2024-07-05,2869.0,-2.0
CES9091000001,2022-03-01,2024-08-02,2869.0,-2.0
CES9091000001,2022-03-01,2024-09-06,2869.0,-2.0
CES9091000001,2022-03-01,2024-10-04,2869.0,-2.0
CES9091000001,2022-03-01,2024-11-01,2869.0,-2.0
CES9091000001,2022-03-01,2024-12-06,2869.0,-2.0
CES9091000001,2022-03-01,2025-01-10,2869.0,-2.0
CES9091000001,2022-03-01,2025-02-07,2869.0,-5.0
CES9091000001,2022-03-01,2025-03-07,2869.0,-5.0
CES9091000001,2022-03-01,2025-04-04,2869.0,-5.0
CES9091000001,2022-03-01,2025-05-02,2869.0,-5.0
CES9091000001,2022-03-01,2025-06-06,2869.0,-5.0
CES9091000001,2022-03-01,2025-07-03,2869.0,-5.0
CES9091000001,2022-03-01,2025-08-01,2869.0,-5.0
CES9091000001,2022-03-01,2025-09-05,2869.0,-5.0
CES9091000001,2022-03-01,2025-11-20,2869.0,-5.0
CES9091000001,2022-03-01,2025-12-16,2869.0,-5.0
CES9091000001,2022-03-01,2026-01-09,2869.0,-5.0
CES9091000001,2022-03-01,2026-02-11,2867.0,-7.0
CES9091000001,2022-03-01,2026-03-06,2867.0,-7.0
CES9091000001,2022-03-01,2026-04-03,2867.0,-7.0
CES9091000001,2022-03-01,2026-05-08,2867.0,-7.0
CES9091000001,2022-03-01,2026-06-05,2867.0,-7.0
CES9091000001,2022-03-01,2026-07-02,2867.0,-7.0
CES9091000001,2022-04-01,2022-05-06,2870.0,-6.0
CES9091000001,2022-04-01,2022-06-03,2875.0,-1.0
CES9091000001,2022-04-01,2022-07-08,2867.0,-9.0
CES9091000001,2022-04-01,2022-08-05,2867.0,-9.0
CES9091000001,2022-04-01,2022-09-02,2867.0,-9.0
CES9091000001,2022-04-01,2022-10-07,2867.0,-9.0
CES9091000001,2022-04-01,2022-11-04,2867.0,-9.0
CES9091000001,2022-04-01,2022-12-02,2867.0,-9.0
CES9091000001,2022-04-01,2023-01-06,2867.0,-9.0
CES9091000001,2022-04-01,2023-02-03,2871.0,-2.0
CES9091000001,2022-04-01,2023-03-10,2871.0,-2.0
CES9091000001,2022-04-01,2023-04-07,2871.0,-2.0
CES9091000001,2022-04-01,2023-05-05,2871.0,-2.0
CES9091000001,2022-04-01,2023-06-02,2871.0,-2.0
CES9091000001,2022-04-01,2023-07-07,2871.0,-2.0
CES9091000001,2022-04-01,2023-08-04,2871.0,-2.0
CES9091000001,2022-04-01,2023-09-01,2871.0,-2.0
CES9091000001,2022-04-01,2023-10-06,2871.0,-2.0
CES9091000001,2022-04-01,2023-11-03,2871.0,-2.0
CES9091000001,2022-04-01,2023-12-08,2871.0,-2.0
CES9091000001,2022-04-01,2024-01-05,2871.0,-2.0
CES9091000001,2022-04-01,2024-02-02,2865.0,-4.0
CES9091000001,2022-04-01,2024-03-08,2865.0,-4.0
CES9091000001,2022-04-01,2024-04-05,2865.0,-4.0
CES9091000001,2022-04-01,2024-05-03,2865.0,-4.0
CES9091000001,2022-04-01,2024-06-07,2865.0,-4.0
CES9091000001,2022-04-01,2024-07-05,2865.0,-4.0
CES9091000001,2022-04-01,2024-08-02,2865.0,-4.0
CES9091000001,2022-04-01,2024-09-06,2865.0,-4.0
CES9091000001,2022-04-01,2024-10-04,2865.0,-4.0
CES9091000001,2022-04-01,2024-11-01,2865.0,-4.0
CES9091000001,2022-04-01,2024-12-06,2865.0,-4.0
CES9091000001,2022-04-01,2025-01-10,2865.0,-4.0
CES9091000001,2022-04-01,2025-02-07,2867.0,-2.0
CES9091000001,2022-04-01,2025-03-07,2867.0,-2.0
CES9091000001,2022-04-01,2025-04-04,2867.0,-2.0
CES9091000001,2022-04-01,2025-05-02,2867.0,-2.0
CES9091000001,2022-04-01,2025-06-06,2867.0,-2.0
CES9091000001,2022-04-01,2025-07-03,2867.0,-2.0
CES9091000001,2022-04-01,2025-08-01,2867.0,-2.0
CES9091000001,2022-04-01,2025-09-05,2867.0,-2.0
CES9091000001,2022-04-01,2025-11-20,2867.0,-2.0
CES9091000001,2022-04-01,2025-12-16,2867.0,-2.0
CES9091000001,2022-04-01,2026-01-09,2867.0,-2.0
CES9091000001,2022-04-01,2026-02-11,2866.0,-1.0
CES9091000001,2022-04-01,2026-03-06,2866.0,-1.0
CES9091000001,2022-04-01,2026-04-03,2866.0,-1.0
CES9091000001,2022-04-01,2026-05-08,2866.0,-1.0
CES9091000001,2022-04-01,2026-06-05,2866.0,-1.0
CES9091000001,2022-04-01,2026-07-02,2866.0,-1.0
CES9091000001,2022-05-01,2022-06-03,2880.0,5.0
CES9091000001,2022-05-01,2022-07-08,2866.0,-1.0
CES9091000001,2022-05-01,2022-08-05,2868.0,1.0
CES9091000001,2022-05-01,2022-09-02,2868.0,1.0
CES9091000001,2022-05-01,2022-10-07,2868.0,1.0
CES9091000001,2022-05-01,2022-11-04,2868.0,1.0
CES9091000001,2022-05-01,2022-12-02,2868.0,1.0
CES9091000001,2022-05-01,2023-01-06,2868.0,1.0
CES9091000001,2022-05-01,2023-02-03,2868.0,-3.0
CES9091000001,2022-05-01,2023-03-10,2868.0,-3.0
CES9091000001,2022-05-01,2023-04-07,2868.0,-3.0
CES9091000001,2022-05-01,2023-05-05,2868.0,-3.0
CES9091000001,2022-05-01,2023-06-02,2868.0,-3.0
CES9091000001,2022-05-01,2023-07-07,2868.0,-3.0
CES9091000001,2022-05-01,2023-08-04,2868.0,-3.0
CES9091000001,2022-05-01,2023-09-01,2868.0,-3.0
CES9091000001,2022-05-01,2023-10-06,2868.0,-3.0
CES9091000001,2022-05-01,2023-11-03,2868.0,-3.0
CES9091000001,2022-05-01,2023-12-08,2868.0,-3.0
CES9091000001,2022-05-01,2024-01-05,2868.0,-3.0
CES9091000001,2022-05-01,2024-02-02,2864.0,-1.0
CES9091000001,2022-05-01,2024-03-08,2864.0,-1.0
CES9091000001,2022-05-01,2024-04-05,2864.0,-1.0
CES9091000001,2022-05-01,2024-05-03,2864.0,-1.0
CES9091000001,2022-05-01,2024-06-07,2864.0,-1.0
CES9091000001,2022-05-01,2024-07-05,2864.0,-1.0
CES9091000001,2022-05-01,2024-08-02,2864.0,-1.0
CES9091000001,2022-05-01,2024-09-06,2864.0,-1.0
CES9091000001,2022-05-01,2024-10-04,2864.0,-1.0
CES9091000001,2022-05-01,2024-11-01,2864.0,-1.0
CES9091000001,2022-05-01,2024-12-06,2864.0,-1.0
CES9091000001,2022-05-01,2025-01-10,2864.0,-1.0
CES9091000001,2022-05-01,2025-02-07,2863.0,-4.0
CES9091000001,2022-05-01,2025-03-07,2863.0,-4.0
CES9091000001,2022-05-01,2025-04-04,2863.0,-4.0
CES9091000001,2022-05-01,2025-05-02,2863.0,-4.0
CES9091000001,2022-05-01,2025-06-06,2863.0,-4.0
CES9091000001,2022-05-01,2025-07-03,2863.0,-4.0
CES9091000001,2022-05-01,2025-08-01,2863.0,-4.0
CES9091000001,2022-05-01,2025-09-05,2863.0,-4.0
CES9091000001,2022-05-01,2025-11-20,2863.0,-4.0
CES9091000001,2022-05-01,2025-12-16,2863.0,-4.0
CES9091000001,2022-05-01,2026-01-09,2863.0,-4.0
CES9091000001,2022-05-01,2026-02-11,2862.0,-4.0
CES9091000001,2022-05-01,2026-03-06,2862.0,-4.0
CES9091000001,2022-05-01,2026-04-03,2862.0,-4.0
CES9091000001,2022-05-01,2026-05-08,2862.0,-4.0
CES9091000001,2022-05-01,2026-06-05,2862.0,-4.0
CES9091000001,2022-05-01,2026-07-02,2862.0,-4.0
CES9091000001,2022-06-01,2022-07-08,2853.0,-13.0
CES9091000001,2022-06-01,2022-08-05,2859.0,-9.0
CES9091000001,2022-06-01,2022-09-02,2856.0,-12.0
CES9091000001,2022-06-01,2022-10-07,2856.0,-12.0
CES9091000001,2022-06-01,2022-11-04,2856.0,-12.0
CES9091000001,2022-06-01,2022-12-02,2856.0,-12.0
CES9091000001,2022-06-01,2023-01-06,2856.0,-12.0
CES9091000001,2022-06-01,2023-02-03,2851.0,-17.0
CES9091000001,2022-06-01,2023-03-10,2851.0,-17.0
CES9091000001,2022-06-01,2023-04-07,2851.0,-17.0
CES9091000001,2022-06-01,2023-05-05,2851.0,-17.0
CES9091000001,2022-06-01,2023-06-02,2851.0,-17.0
CES9091000001,2022-06-01,2023-07-07,2851.0,-17.0
CES9091000001,2022-06-01,2023-08-04,2851.0,-17.0
CES9091000001,2022-06-01,2023-09-01,2851.0,-17.0
CES9091000001,2022-06-01,2023-10-06,2851.0,-17.0
CES9091000001,2022-06-01,2023-11-03,2851.0,-17.0
CES9091000001,2022-06-01,2023-12-08,2851.0,-17.0
CES9091000001,2022-06-01,2024-01-05,2851.0,-17.0
CES9091000001,2022-06-01,2024-02-02,2851.0,-13.0
CES9091000001,2022-06-01,2024-03-08,2851.0,-13.0
CES9091000001,2022-06-01,2024-04-05,2851.0,-13.0
CES9091000001,2022-06-01,2024-05-03,2851.0,-13.0
CES9091000001,2022-06-01,2024-06-07,2851.0,-13.0
CES9091000001,2022-06-01,2024-07-05,2851.0,-13.0
CES9091000001,2022-06-01,2024-08-02,2851.0,-13.0
CES9091000001,2022-06-01,2024-09-06,2851.0,-13.0
CES9091000001,2022-06-01,2024-10-04,2851.0,-13.0
CES9091000001,2022-06-01,2024-11-01,2851.0,-13.0
CES9091000001,2022-06-01,2024-12-06,2851.0,-13.0
CES9091000001,2022-06-01,2025-01-10,2851.0,-13.0
CES9091000001,2022-06-01,2025-02-07,2852.0,-11.0
CES9091000001,2022-06-01,2025-03-07,2852.0,-11.0
CES9091000001,2022-06-01,2025-04-04,2852.0,-11.0
CES9091000001,2022-06-01,2025-05-02,2852.0,-11.0
CES9091000001,2022-06-01,2025-06-06,2852.0,-11.0
CES9091000001,2022-06-01,2025-07-03,2852.0,-11.0
CES9091000001,2022-06-01,2025-08-01,2852.0,-11.0
CES9091000001,2022-06-01,2025-09-05,2852.0,-11.0
CES9091000001,2022-06-01,2025-11-20,2852.0,-11.0
CES9091000001,2022-06-01,2025-12-16,2852.0,-11.0
CES9091000001,2022-06-01,2026-01-09,2852.0,-11.0
CES9091000001,2022-06-01,2026-02-11,2853.0,-9.0
CES9091000001,2022-06-01,2026-03-06,2853.0,-9.0
CES9091000001,2022-06-01,2026-04-03,2853.0,-9.0
CES9091000001,2022-06-01,2026-05-08,2853.0,-9.0
CES9091000001,2022-06-01,2026-06-05,2853.0,-9.0
CES9091000001,2022-06-01,2026-07-02,2853.0,-9.0
CES9091000001,2022-07-01,2022-08-05,2869.0,10.0
CES9091000001,2022-07-01,2022-09-02,2865.0,9.0
CES9091000001,2022-07-01,2022-10-07,2864.0,8.0
CES9091000001,2022-07-01,2022-11-04,2864.0,8.0
CES9091000001,2022-07-01,2022-12-02,2864.0,8.0
CES9091000001,2022-07-01,2023-01-06,2864.0,8.0
CES9091000001,2022-07-01,2023-02-03,2867.0,16.0
CES9091000001,2022-07-01,2023-03-10,2867.0,16.0
CES9091000001,2022-07-01,2023-04-07,2867.0,16.0
CES9091000001,2022-07-01,2023-05-05,2867.0,16.0
CES9091000001,2022-07-01,2023-06-02,2867.0,16.0
CES9091000001,2022-07-01,2023-07-07,2867.0,16.0
CES9091000001,2022-07-01,2023-08-04,2867.0,16.0
CES9091000001,2022-07-01,2023-09-01,2867.0,16.0
CES9091000001,2022-07-01,2023-10-06,2867.0,16.0
CES9091000001,2022-07-01,2023-11-03,2867.0,16.0
CES9091000001,2022-07-01,2023-12-08,2867.0,16.0
CES9091000001,2022-07-01,2024-01-05,2867.0,16.0
CES9091000001,2022-07-01,2024-02-02,2864.0,13.0
CES9091000001,2022-07-01,2024-03-08,2864.0,13.0
CES9091000001,2022-07-01,2024-04-05,2864.0,13.0
CES9091000001,2022-07-01,2024-05-03,2864.0,13.0
CES9091000001,2022-07-01,2024-06-07,2864.0,13.0
CES9091000001,2022-07-01,2024-07-05,2864.0,13.0
CES9091000001,2022-07-01,2024-08-02,2864.0,13.0
CES9091000001,2022-07-01,2024-09-06,2864.0,13.0
CES9091000001,2022-07-01,2024-10-04,2864.0,13.0
CES9091000001,2022-07-01,2024-11-01,2864.0,13.0
CES9091000001,2022-07-01,2024-12-06,2864.0,13.0
CES9091000001,2022-07-01,2025-01-10,2864.0,13.0
CES9091000001,2022-07-01,2025-02-07,2862.0,10.0
CES9091000001,2022-07-01,2025-03-07,2862.0,10.0
CES9091000001,2022-07-01,2025-04-04,2862.0,10.0
CES9091000001,2022-07-01,2025-05-02,2862.0,10.0
CES9091000001,2022-07-01,2025-06-06,2862.0,10.0
CES9091000001,2022-07-01,2025-07-03,2862.0,10.0
CES9091000001,2022-07-01,2025-08-01,2862.0,10.0
CES9091000001,2022-07-01,2025-09-05,2862.0,10.0
CES9091000001,2022-07-01,2025-11-20,2862.0,10.0
CES9091000001,2022-07-01,2025-12-16,2862.0,10.0
CES9091000001,2022-07-01,2026-01-09,2862.0,10.0
CES9091000001,2022-07-01,2026-02-11,2862.0,9.0
CES9091000001,2022-07-01,2026-03-06,2862.0,9.0
CES9091000001,2022-07-01,2026-04-03,2862.0,9.0
CES9091000001,2022-07-01,2026-05-08,2862.0,9.0
CES9091000001,2022-07-01,2026-06-05,2862.0,9.0
CES9091000001,2022-07-01,2026-07-02,2862.0,9.0
CES9091000001,2022-08-01,2022-09-02,2863.0,-2.0
CES9091000001,2022-08-01,2022-10-07,2862.0,-2.0
CES9091000001,2022-08-01,2022-11-04,2864.0,0.0
CES9091000001,2022-08-01,2022-12-02,2864.0,0.0
CES9091000001,2022-08-01,2023-01-06,2864.0,0.0
CES9091000001,2022-08-01,2023-02-03,2865.0,-2.0
CES9091000001,2022-08-01,2023-03-10,2865.0,-2.0
CES9091000001,2022-08-01,2023-04-07,2865.0,-2.0
CES9091000001,2022-08-01,2023-05-05,2865.0,-2.0
CES9091000001,2022-08-01,2023-06-02,2865.0,-2.0
CES9091000001,2022-08-01,2023-07-07,2865.0,-2.0
CES9091000001,2022-08-01,2023-08-04,2865.0,-2.0
CES9091000001,2022-08-01,2023-09-01,2865.0,-2.0
CES9091000001,2022-08-01,2023-10-06,2865.0,-2.0
CES9091000001,2022-08-01,2023-11-03,2865.0,-2.0
CES9091000001,2022-08-01,2023-12-08,2865.0,-2.0
CES9091000001,2022-08-01,2024-01-05,2865.0,-2.0
CES9091000001,2022-08-01,2024-02-02,2859.0,-5.0
CES9091000001,2022-08-01,2024-03-08,2859.0,-5.0
CES9091000001,2022-08-01,2024-04-05,2859.0,-5.0
CES9091000001,2022-08-01,2024-05-03,2859.0,-5.0
CES9091000001,2022-08-01,2024-06-07,2859.0,-5.0
CES9091000001,2022-08-01,2024-07-05,2859.0,-5.0
CES9091000001,2022-08-01,2024-08-02,2859.0,-5.0
CES9091000001,2022-08-01,2024-09-06,2859.0,-5.0
CES9091000001,2022-08-01,2024-10-04,2859.0,-5.0
CES9091000001,2022-08-01,2024-11-01,2859.0,-5.0
CES9091000001,2022-08-01,2024-12-06,2859.0,-5.0
CES9091000001,2022-08-01,2025-01-10,2859.0,-5.0
CES9091000001,2022-08-01,2025-02-07,2859.0,-3.0
CES9091000001,2022-08-01,2025-03-07,2859.0,-3.0
CES9091000001,2022-08-01,2025-04-04,2859.0,-3.0
CES9091000001,2022-08-01,2025-05-02,2859.0,-3.0
CES9091000001,2022-08-01,2025-06-06,2859.0,-3.0
CES9091000001,2022-08-01,2025-07-03,2859.0,-3.0
CES9091000001,2022-08-01,2025-08-01,2859.0,-3.0
CES9091000001,2022-08-01,2025-09-05,2859.0,-3.0
CES9091000001,2022-08-01,2025-11-20,2859.0,-3.0
CES9091000001,2022-08-01,2025-12-16,2859.0,-3.0
CES9091000001,2022-08-01,2026-01-09,2859.0,-3.0
CES9091000001,2022-08-01,2026-02-11,2861.0,-1.0
CES9091000001,2022-08-01,2026-03-06,2861.0,-1.0
CES9091000001,2022-08-01,2026-04-03,2861.0,-1.0
CES9091000001,2022-08-01,2026-05-08,2861.0,-1.0
CES9091000001,2022-08-01,2026-06-05,2861.0,-1.0
CES9091000001,2022-08-01,2026-07-02,2861.0,-1.0
CES9091000001,2022-09-01,2022-10-07,2864.0,2.0
CES9091000001,2022-09-01,2022-11-04,2867.0,3.0
CES9091000001,2022-09-01,2022-12-02,2867.0,3.0
CES9091000001,2022-09-01,2023-01-06,2867.0,3.0
CES9091000001,2022-09-01,2023-02-03,2867.0,2.0
CES9091000001,2022-09-01,2023-03-10,2867.0,2.0
CES9091000001,2022-09-01,2023-04-07,2867.0,2.0
CES9091000001,2022-09-01,2023-05-05,2867.0,2.0
CES9091000001,2022-09-01,2023-06-02,2867.0,2.0
CES9091000001,2022-09-01,2023-07-07,2867.0,2.0
CES9091000001,2022-09-01,2023-08-04,2867.0,2.0
CES9091000001,2022-09-01,2023-09-01,2867.0,2.0
CES9091000001,2022-09-01,2023-10-06,2867.0,2.0
CES9091000001,2022-09-01,2023-11-03,2867.0,2.0
CES9091000001,2022-09-01,2023-12-08,2867.0,2.0
CES9091000001,2022-09-01,2024-01-05,2867.0,2.0
CES9091000001,2022-09-01,2024-02-02,2863.0,4.0
CES9091000001,2022-09-01,2024-03-08,2863.0,4.0
CES9091000001,2022-09-01,2024-04-05,2863.0,4.0
CES9091000001,2022-09-01,2024-05-03,2863.0,4.0
CES9091000001,2022-09-01,2024-06-07,2863.0,4.0
CES9091000001,2022-09-01,2024-07-05,2863.0,4.0
CES9091000001,2022-09-01,2024-08-02,2863.0,4.0
CES9091000001,2022-09-01,2024-09-06,2863.0,4.0
CES9091000001,2022-09-01,2024-10-04,2863.0,4.0
CES9091000001,2022-09-01,2024-11-01,2863.0,4.0
CES9091000001,2022-09-01,2024-12-06,2863.0,4.0
CES9091000001,2022-09-01,2025-01-10,2863.0,4.0
CES9091000001,2022-09-01,2025-02-07,2863.0,4.0
CES9091000001,2022-09-01,2025-03-07,2863.0,4.0
CES9091000001,2022-09-01,2025-04-04,2863.0,4.0
CES9091000001,2022-09-01,2025-05-02,2863.0,4.0
CES9091000001,2022-09-01,2025-06-06,2863.0,4.0
CES9091000001,2022-09-01,2025-07-03,2863.0,4.0
CES9091000001,2022-09-01,2025-08-01,2863.0,4.0
CES9091000001,2022-09-01,2025-09-05,2863.0,4.0
CES9091000001,2022-09-01,2025-11-20,2863.0,4.0
CES9091000001,2022-09-01,2025-12-16,2863.0,4.0
CES9091000001,2022-09-01,2026-01-09,2863.0,4.0
CES9091000001,2022-09-01,2026-02-11,2865.0,4.0
CES9091000001,2022-09-01,2026-03-06,2865.0,4.0
CES9091000001,2022-09-01,2026-04-03,2865.0,4.0
CES9091000001,2022-09-01,2026-05-08,2865.0,4.0
CES9091000001,2022-09-01,2026-06-05,2865.0,4.0
CES9091000001,2022-09-01,2026-07-02,2865.0,4.0
CES9091000001,2022-10-01,2022-11-04,2873.0,6.0
CES9091000001,2022-10-01,2022-12-02,2872.0,5.0
CES9091000001,2022-10-01,2023-01-06,2872.0,5.0
CES9091000001,2022-10-01,2023-02-03,2871.0,4.0
CES9091000001,2022-10-01,2023-03-10,2871.0,4.0
CES9091000001,2022-10-01,2023-04-07,2871.0,4.0
CES9091000001,2022-10-01,2023-05-05,2871.0,4.0
CES9091000001,2022-10-01,2023-06-02,2871.0,4.0
CES9091000001,2022-10-01,2023-07-07,2871.0,4.0
CES9091000001,2022-10-01,2023-08-04,2871.0,4.0
CES9091000001,2022-10-01,2023-09-01,2871.0,4.0
CES9091000001,2022-10-01,2023-10-06,2871.0,4.0
CES9091000001,2022-10-01,2023-11-03,2871.0,4.0
CES9091000001,2022-10-01,2023-12-08,2871.0,4.0
CES9091000001,2022-10-01,2024-01-05,2871.0,4.0
CES9091000001,2022-10-01,2024-02-02,2871.0,8.0
CES9091000001,2022-10-01,2024-03-08,2871.0,8.0
CES9091000001,2022-10-01,2024-04-05,2871.0,8.0
CES9091000001,2022-10-01,2024-05-03,2871.0,8.0
CES9091000001,2022-10-01,2024-06-07,2871.0,8.0
CES9091000001,2022-10-01,2024-07-05,2871.0,8.0
CES9091000001,2022-10-01,2024-08-02,2871.0,8.0
CES9091000001,2022-10-01,2024-09-06,2871.0,8.0
CES9091000001,2022-10-01,2024-10-04,2871.0,8.0
CES9091000001,2022-10-01,2024-11-01,2871.0,8.0
CES9091000001,2022-10-01,2024-12-06,2871.0,8.0
CES9091000001,2022-10-01,2025-01-10,2871.0,8.0
CES9091000001,2022-10-01,2025-02-07,2869.0,6.0
CES9091000001,2022-10-01,2025-03-07,2869.0,6.0
CES9091000001,2022-10-01,2025-04-04,2869.0,6.0
CES9091000001,2022-10-01,2025-05-02,2869.0,6.0
CES9091000001,2022-10-01,2025-06-06,2869.0,6.0
CES9091000001,2022-10-01,2025-07-03,2869.0,6.0
CES9091000001,2022-10-01,2025-08-01,2869.0,6.0
CES9091000001,2022-10-01,2025-09-05,2869.0,6.0
CES9091000001,2022-10-01,2025-11-20,2869.0,6.0
CES9091000001,2022-10-01,2025-12-16,2869.0,6.0
CES9091000001,2022-10-01,2026-01-09,2869.0,6.0
CES9091000001,2022-10-01,2026-02-11,2870.0,5.0
CES9091000001,2022-10-01,2026-03-06,2870.0,5.0
CES9091000001,2022-10-01,2026-04-03,2870.0,5.0
CES9091000001,2022-10-01,2026-05-08,2870.0,5.0
CES9091000001,2022-10-01,2026-06-05,2870.0,5.0
CES9091000001,2022-10-01,2026-07-02,2870.0,5.0
CES9091000001,2022-11-01,2022-12-02,2871.0,-1.0
CES9091000001,2022-11-01,2023-01-06,2874.0,2.0
CES9091000001,2022-11-01,2023-02-03,2873.0,2.0
CES9091000001,2022-11-01,2023-03-10,2873.0,2.0
CES9091000001,2022-11-01,2023-04-07,2873.0,2.0
CES9091000001,2022-11-01,2023-05-05,2873.0,2.0
CES9091000001,2022-11-01,2023-06-02,2873.0,2.0
CES9091000001,2022-11-01,2023-07-07,2873.0,2.0
CES9091000001,2022-11-01,2023-08-04,2873.0,2.0
CES9091000001,2022-11-01,2023-09-01,2873.0,2.0
CES9091000001,2022-11-01,2023-10-06,2873.0,2.0
CES9091000001,2022-11-01,2023-11-03,2873.0,2.0
CES9091000001,2022-11-01,2023-12-08,2873.0,2.0
CES9091000001,2022-11-01,2024-01-05,2873.0,2.0
CES9091000001,2022-11-01,2024-02-02,2875.0,4.0
CES9091000001,2022-11-01,2024-03-08,2875.0,4.0
CES9091000001,2022-11-01,2024-04-05,2875.0,4.0
CES9091000001,2022-11-01,2024-05-03,2875.0,4.0
CES9091000001,2022-11-01,2024-06-07,2875.0,4.0
CES9091000001,2022-11-01,2024-07-05,2875.0,4.0
CES9091000001,2022-11-01,2024-08-02,2875.0,4.0
CES9091000001,2022-11-01,2024-09-06,2875.0,4.0
CES9091000001,2022-11-01,2024-10-04,2875.0,4.0
CES9091000001,2022-11-01,2024-11-01,2875.0,4.0
CES9091000001,2022-11-01,2024-12-06,2875.0,4.0
CES9091000001,2022-11-01,2025-01-10,2875.0,4.0
CES9091000001,2022-11-01,2025-02-07,2875.0,6.0
CES9091000001,2022-11-01,2025-03-07,2875.0,6.0
CES9091000001,2022-11-01,2025-04-04,2875.0,6.0
CES9091000001,2022-11-01,2025-05-02,2875.0,6.0
CES9091000001,2022-11-01,2025-06-06,2875.0,6.0
CES9091000001,2022-11-01,2025-07-03,2875.0,6.0
CES9091000001,2022-11-01,2025-08-01,2875.0,6.0
CES9091000001,2022-11-01,2025-09-05,2875.0,6.0
CES9091000001,2022-11-01,2025-11-20,2875.0,6.0
CES9091000001,2022-11-01,2025-12-16,2875.0,6.0
CES9091000001,2022-11-01,2026-01-09,2875.0,6.0
CES9091000001,2022-11-01,2026-02-11,2877.0,7.0
CES9091000001,2022-11-01,2026-03-06,2877.0,7.0
CES9091000001,2022-11-01,2026-04-03,2877.0,7.0
CES9091000001,2022-11-01,2026-05-08,2877.0,7.0
CES9091000001,2022-11-01,2026-06-05,2877.0,7.0
CES9091000001,2022-11-01,2026-07-02,2877.0,7.0
CES9091000001,2022-12-01,2023-01-06,2875.0,1.0
CES9091000001,2022-12-01,2023-02-03,2873.0,0.0
CES9091000001,2022-12-01,2023-03-10,2874.0,1.0
CES9091000001,2022-12-01,2023-04-07,2874.0,1.0
CES9091000001,2022-12-01,2023-05-05,2874.0,1.0
CES9091000001,2022-12-01,2023-06-02,2874.0,1.0
CES9091000001,2022-12-01,2023-07-07,2874.0,1.0
CES9091000001,2022-12-01,2023-08-04,2874.0,1.0
CES9091000001,2022-12-01,2023-09-01,2874.0,1.0
CES9091000001,2022-12-01,2023-10-06,2874.0,1.0
CES9091000001,2022-12-01,2023-11-03,2874.0,1.0
CES9091000001,2022-12-01,2023-12-08,2874.0,1.0
CES9091000001,2022-12-01,2024-01-05,2874.0,1.0
CES9091000001,2022-12-01,2024-02-02,2876.0,1.0
CES9091000001,2022-12-01,2024-03-08,2876.0,1.0
CES9091000001,2022-12-01,2024-04-05,2876.0,1.0
CES9091000001,2022-12-01,2024-05-03,2876.0,1.0
CES9091000001,2022-12-01,2024-06-07,2876.0,1.0
CES9091000001,2022-12-01,2024-07-05,2876.0,1.0
CES9091000001,2022-12-01,2024-08-02,2876.0,1.0
CES9091000001,2022-12-01,2024-09-06,2876.0,1.0
CES9091000001,2022-12-01,2024-10-04,2876.0,1.0
CES9091000001,2022-12-01,2024-11-01,2876.0,1.0
CES9091000001,2022-12-01,2024-12-06,2876.0,1.0
CES9091000001,2022-12-01,2025-01-10,2876.0,1.0
CES9091000001,2022-12-01,2025-02-07,2873.0,-2.0
CES9091000001,2022-12-01,2025-03-07,2873.0,-2.0
CES9091000001,2022-12-01,2025-04-04,2873.0,-2.0
CES9091000001,2022-12-01,2025-05-02,2873.0,-2.0
CES9091000001,2022-12-01,2025-06-06,2873.0,-2.0
CES9091000001,2022-12-01,2025-07-03,2873.0,-2.0
CES9091000001,2022-12-01,2025-08-01,2873.0,-2.0
CES9091000001,2022-12-01,2025-09-05,2873.0,-2.0
CES9091000001,2022-12-01,2025-11-20,2873.0,-2.0
CES9091000001,2022-12-01,2025-12-16,2873.0,-2.0
CES9091000001,2022-12-01,2026-01-09,2873.0,-2.0
CES9091000001,2022-12-01,2026-02-11,2874.0,-3.0
CES9091000001,2022-12-01,2026-03-06,2874.0,-3.0
CES9091000001,2022-12-01,2026-04-03,2874.0,-3.0
CES9091000001,2022-12-01,2026-05-08,2874.0,-3.0
CES9091000001,2022-12-01,2026-06-05,2874.0,-3.0
CES9091000001,2022-12-01,2026-07-02,2874.0,-3.0
CES9091000001,2023-01-01,2023-02-03,2878.0,5.0
CES9091000001,2023-01-01,2023-03-10,2881.0,7.0
CES9091000001,2023-01-01,2023-04-07,2886.0,12.0
CES9091000001,2023-01-01,2023-05-05,2886.0,12.0
CES9091000001,2023-01-01,2023-06-02,2886.0,12.0
CES9091000001,2023-01-01,2023-07-07,2886.0,12.0
CES9091000001,2023-01-01,2023-08-04,2886.0,12.0
CES9091000001,2023-01-01,2023-09-01,2886.0,12.0
CES9091000001,2023-01-01,2023-10-06,2886.0,12.0
CES9091000001,2023-01-01,2023-11-03,2886.0,12.0
CES9091000001,2023-01-01,2023-12-08,2886.0,12.0
CES9091000001,2023-01-01,2024-01-05,2886.0,12.0
CES9091000001,2023-01-01,2024-02-02,2882.0,6.0
CES9091000001,2023-01-01,2024-03-08,2882.0,6.0
CES9091000001,2023-01-01,2024-04-05,2882.0,6.0
CES9091000001,2023-01-01,2024-05-03,2882.0,6.0
CES9091000001,2023-01-01,2024-06-07,2882.0,6.0
CES9091000001,2023-01-01,2024-07-05,2882.0,6.0
CES9091000001,2023-01-01,2024-08-02,2882.0,6.0
CES9091000001,2023-01-01,2024-09-06,2882.0,6.0
CES9091000001,2023-01-01,2024-10-04,2882.0,6.0
CES9091000001,2023-01-01,2024-11-01,2882.0,6.0
CES9091000001,2023-01-01,2024-12-06,2882.0,6.0
CES9091000001,2023-01-01,2025-01-10,2882.0,6.0
CES9091000001,2023-01-01,2025-02-07,2882.0,9.0
CES9091000001,2023-01-01,2025-03-07,2882.0,9.0
CES9091000001,2023-01-01,2025-04-04,2882.0,9.0
CES9091000001,2023-01-01,2025-05-02,2882.0,9.0
CES9091000001,2023-01-01,2025-06-06,2882.0,9.0
CES9091000001,2023-01-01,2025-07-03,2882.0,9.0
CES9091000001,2023-01-01,2025-08-01,2882.0,9.0
CES9091000001,2023-01-01,2025-09-05,2882.0,9.0
CES9091000001,2023-01-01,2025-11-20,2882.0,9.0
CES9091000001,2023-01-01,2025-12-16,2882.0,9.0
CES9091000001,2023-01-01,2026-01-09,2882.0,9.0
CES9091000001,2023-01-01,2026-02-11,2880.0,6.0
CES9091000001,2023-01-01,2026-03-06,2880.0,6.0
CES9091000001,2023-01-01,2026-04-03,2880.0,6.0
CES9091000001,2023-01-01,2026-05-08,2880.0,6.0
CES9091000001,2023-01-01,2026-06-05,2880.0,6.0
CES9091000001,2023-01-01,2026-07-02,2880.0,6.0
CES9091000001,2023-02-01,2023-03-10,2888.0,7.0
CES9091000001,2023-02-01,2023-04-07,2895.0,9.0
CES9091000001,2023-02-01,2023-05-05,2895.0,9.0
CES9091000001,2023-02-01,2023-06-02,2895.0,9.0
CES9091000001,2023-02-01,2023-07-07,2895.0,9.0
CES9091000001,2023-02-01,2023-08-04,2895.0,9.0
CES9091000001,2023-02-01,2023-09-01,2895.0,9.0
CES9091000001,2023-02-01,2023-10-06,2895.0,9.0
CES9091000001,2023-02-01,2023-11-03,2895.0,9.0
CES9091000001,2023-02-01,2023-12-08,2895.0,9.0
CES9091000001,2023-02-01,2024-01-05,2895.0,9.0
CES9091000001,2023-02-01,2024-02-02,2892.0,10.0
CES9091000001,2023-02-01,2024-03-08,2892.0,10.0
CES9091000001,2023-02-01,2024-04-05,2892.0,10.0
CES9091000001,2023-02-01,2024-05-03,2892.0,10.0
CES9091000001,2023-02-01,2024-06-07,2892.0,10.0
CES9091000001,2023-02-01,2024-07-05,2892.0,10.0
CES9091000001,2023-02-01,2024-08-02,2892.0,10.0
CES9091000001,2023-02-01,2024-09-06,2892.0,10.0
CES9091000001,2023-02-01,2024-10-04,2892.0,10.0
CES9091000001,2023-02-01,2024-11-01,2892.0,10.0
CES9091000001,2023-02-01,2024-12-06,2892.0,10.0
CES9091000001,2023-02-01,2025-01-10,2892.0,10.0
CES9091000001,2023-02-01,2025-02-07,2890.0,8.0
CES9091000001,2023-02-01,2025-03-07,2890.0,8.0
CES9091000001,2023-02-01,2025-04-04,2890.0,8.0
CES9091000001,2023-02-01,2025-05-02,2890.0,8.0
CES9091000001,2023-02-01,2025-06-06,2890.0,8.0
CES9091000001,2023-02-01,2025-07-03,2890.0,8.0
CES9091000001,2023-02-01,2025-08-01,2890.0,8.0
CES9091000001,2023-02-01,2025-09-05,2890.0,8.0
CES9091000001,2023-02-01,2025-11-20,2890.0,8.0
CES9091000001,2023-02-01,2025-12-16,2890.0,8.0
CES9091000001,2023-02-01,2026-01-09,2890.0,8.0
CES9091000001,2023-02-01,2026-02-11,2887.0,7.0
CES9091000001,2023-02-01,2026-03-06,2887.0,7.0
CES9091000001,2023-02-01,2026-04-03,2887.0,7.0
CES9091000001,2023-02-01,2026-05-08,2887.0,7.0
CES9091000001,2023-02-01,2026-06-05,2887.0,7.0
CES9091000001,2023-02-01,2026-07-02,2887.0,7.0
CES9091000001,2023-03-01,2023-04-07,2903.0,8.0
CES9091000001,2023-03-01,2023-05-05,2903.0,8.0
CES9091000001,2023-03-01,2023-06-02,2906.0,11.0
CES9091000001,2023-03-01,2023-07-07,2906.0,11.0
CES9091000001,2023-03-01,2023-08-04,2906.0,11.0
CES9091000001,2023-03-01,2023-09-01,2906.0,11.0
CES9091000001,2023-03-01,2023-10-06,2906.0,11.0
CES9091000001,2023-03-01,2023-11-03,2906.0,11.0
CES9091000001,2023-03-01,2023-12-08,2906.0,11.0
CES9091000001,2023-03-01,2024-01-05,2906.0,11.0
CES9091000001,2023-03-01,2024-02-02,2900.0,8.0
CES9091000001,2023-03-01,2024-03-08,2900.0,8.0
CES9091000001,2023-03-01,2024-04-05,2900.0,8.0
CES9091000001,2023-03-01,2024-05-03,2900.0,8.0
CES9091000001,2023-03-01,2024-06-07,2900.0,8.0
CES9091000001,2023-03-01,2024-07-05,2900.0,8.0
CES9091000001,2023-03-01,2024-08-02,2900.0,8.0
CES9091000001,2023-03-01,2024-09-06,2900.0,8.0
CES9091000001,2023-03-01,2024-10-04,2900.0,8.0
CES9091000001,2023-03-01,2024-11-01,2900.0,8.0
CES9091000001,2023-03-01,2024-12-06,2900.0,8.0
CES9091000001,2023-03-01,2025-01-10,2900.0,8.0
CES9091000001,2023-03-01,2025-02-07,2897.0,7.0
CES9091000001,2023-03-01,2025-03-07,2897.0,7.0
CES9091000001,2023-03-01,2025-04-04,2897.0,7.0
CES9091000001,2023-03-01,2025-05-02,2897.0,7.0
CES9091000001,2023-03-01,2025-06-06,2897.0,7.0
CES9091000001,2023-03-01,2025-07-03,2897.0,7.0
CES9091000001,2023-03-01,2025-08-01,2897.0,7.0
CES9091000001,2023-03-01,2025-09-05,2897.0,7.0
CES9091000001,2023-03-01,2025-11-20,2897.0,7.0
CES9091000001,2023-03-01,2025-12-16,2897.0,7.0
CES9091000001,2023-03-01,2026-01-09,2897.0,7.0
CES9091000001,2023-03-01,2026-02-11,2893.0,6.0
CES9091000001,2023-03-01,2026-03-06,2893.0,6.0
CES9091000001,2023-03-01,2026-04-03,2893.0,6.0
CES9091000001,2023-03-01,2026-05-08,2893.0,6.0
CES9091000001,2023-03-01,2026-06-05,2893.0,6.0
CES9091000001,2023-03-01,2026-07-02,2893.0,6.0
CES9091000001,2023-04-01,2023-05-05,2906.0,3.0
CES9091000001,2023-04-01,2023-06-02,2911.0,5.0
CES9091000001,2023-04-01,2023-07-07,2910.0,4.0
CES9091000001,2023-04-01,2023-08-04,2910.0,4.0
CES9091000001,2023-04-01,2023-09-01,2910.0,4.0
CES9091000001,2023-04-01,2023-10-06,2910.0,4.0
CES9091000001,2023-04-01,2023-11-03,2910.0,4.0
CES9091000001,2023-04-01,2023-12-08,2910.0,4.0
CES9091000001,2023-04-01,2024-01-05,2910.0,4.0
CES9091000001,2023-04-01,2024-02-02,2908.0,8.0
CES9091000001,2023-04-01,2024-03-08,2908.0,8.0
CES9091000001,2023-04-01,2024-04-05,2908.0,8.0
CES9091000001,2023-04-01,2024-05-03,2908.0,8.0
CES9091000001,2023-04-01,2024-06-07,2908.0,8.0
CES9091000001,2023-04-01,2024-07-05,2908.0,8.0
CES9091000001,2023-04-01,2024-08-02,2908.0,8.0
CES9091000001,2023-04-01,2024-09-06,2908.0,8.0
CES9091000001,2023-04-01,2024-10-04,2908.0,8.0
CES9091000001,2023-04-01,2024-11-01,2908.0,8.0
CES9091000001,2023-04-01,2024-12-06,2908.0,8.0
CES9091000001,2023-04-01,2025-01-10,2908.0,8.0
CES9091000001,2023-04-01,2025-02-07,2905.0,8.0
CES9091000001,2023-04-01,2025-03-07,2905.0,8.0
CES9091000001,2023-04-01,2025-04-04,2905.0,8.0
CES9091000001,2023-04-01,2025-05-02,2905.0,8.0
CES9091000001,2023-04-01,2025-06-06,2905.0,8.0
CES9091000001,2023-04-01,2025-07-03,2905.0,8.0
CES9091000001,2023-04-01,2025-08-01,2905.0,8.0
CES9091000001,2023-04-01,2025-09-05,2905.0,8.0
CES9091000001,2023-04-01,2025-11-20,2905.0,8.0
CES9091000001,2023-04-01,2025-12-16,2905.0,8.0
CES9091000001,2023-04-01,2026-01-09,2905.0,8.0
CES9091000001,2023-04-01,2026-02-11,2904.0,11.0
CES9091000001,2023-04-01,2026-03-06,2904.0,11.0
CES9091000001,2023-04-01,2026-04-03,2904.0,11.0
CES9091000001,2023-04-01,2026-05-08,2904.0,11.0
CES9091000001,2023-04-01,2026-06-05,2904.0,11.0
CES9091000001,2023-04-01,2026-07-02,2904.0,11.0
CES9091000001,2023-05-01,2023-06-02,2918.0,7.0
CES9091000001,2023-05-01,2023-07-07,2913.0,3.0
CES9091000001,2023-05-01,2023-08-04,2919.0,9.0
CES9091000001,2023-05-01,2023-09-01,2919.0,9.0
CES9091000001,2023-05-01,2023-10-06,2919.0,9.0
CES9091000001,2023-05-01,2023-11-03,2919.0,9.0
CES9091000001,2023-05-01,2023-12-08,2919.0,9.0
CES9091000001,2023-05-01,2024-01-05,2919.0,9.0
CES9091000001,2023-05-01,2024-02-02,2914.0,6.0
CES9091000001,2023-05-01,2024-03-08,2914.0,6.0
CES9091000001,2023-05-01,2024-04-05,2914.0,6.0
CES9091000001,2023-05-01,2024-05-03,2914.0,6.0
CES9091000001,2023-05-01,2024-06-07,2914.0,6.0
CES9091000001,2023-05-01,2024-07-05,2914.0,6.0
CES9091000001,2023-05-01,2024-08-02,2914.0,6.0
CES9091000001,2023-05-01,2024-09-06,2914.0,6.0
CES9091000001,2023-05-01,2024-10-04,2914.0,6.0
CES9091000001,2023-05-01,2024-11-01,2914.0,6.0
CES9091000001,2023-05-01,2024-12-06,2914.0,6.0
CES9091000001,2023-05-01,2025-01-10,2914.0,6.0
CES9091000001,2023-05-01,2025-02-07,2914.0,9.0
CES9091000001,2023-05-01,2025-03-07,2914.0,9.0
CES9091000001,2023-05-01,2025-04-04,2914.0,9.0
CES9091000001,2023-05-01,2025-05-02,2914.0,9.0
CES9091000001,2023-05-01,2025-06-06,2914.0,9.0
CES9091000001,2023-05-01,2025-07-03,2914.0,9.0
CES9091000001,2023-05-01,2025-08-01,2914.0,9.0
CES9091000001,2023-05-01,2025-09-05,2914.0,9.0
CES9091000001,2023-05-01,2025-11-20,2914.0,9.0
CES9091000001,2023-05-01,2025-12-16,2914.0,9.0
CES9091000001,2023-05-01,2026-01-09,2914.0,9.0
CES9091000001,2023-05-01,2026-02-11,2915.0,11.0
CES9091000001,2023-05-01,2026-03-06,2915.0,11.0
CES9091000001,2023-05-01,2026-04-03,2915.0,11.0
CES9091000001,2023-05-01,2026-05-08,2915.0,11.0
CES9091000001,2023-05-01,2026-06-05,2915.0,11.0
CES9091000001,2023-05-01,2026-07-02,2915.0,11.0
CES9091000001,2023-06-01,2023-07-07,2914.0,1.0
CES9091000001,2023-06-01,2023-08-04,2922.0,3.0
CES9091000001,2023-06-01,2023-09-01,2925.0,6.0
CES9091000001,2023-06-01,2023-10-06,2925.0,6.0
CES9091000001,2023-06-01,2023-11-03,2925.0,6.0
CES9091000001,2023-06-01,2023-12-08,2925.0,6.0
CES9091000001,2023-06-01,2024-01-05,2925.0,6.0
CES9091000001,2023-06-01,2024-02-02,2920.0,6.0
CES9091000001,2023-06-01,2024-03-08,2920.0,6.0
CES9091000001,2023-06-01,2024-04-05,2920.0,6.0
CES9091000001,2023-06-01,2024-05-03,2920.0,6.0
CES9091000001,2023-06-01,2024-06-07,2920.0,6.0
CES9091000001,2023-06-01,2024-07-05,2920.0,6.0
CES9091000001,2023-06-01,2024-08-02,2920.0,6.0
CES9091000001,2023-06-01,2024-09-06,2920.0,6.0
CES9091000001,2023-06-01,2024-10-04,2920.0,6.0
CES9091000001,2023-06-01,2024-11-01,2920.0,6.0
CES9091000001,2023-06-01,2024-12-06,2920.0,6.0
CES9091000001,2023-06-01,2025-01-10,2920.0,6.0
CES9091000001,2023-06-01,2025-02-07,2923.0,9.0
CES9091000001,2023-06-01,2025-03-07,2923.0,9.0
CES9091000001,2023-06-01,2025-04-04,2923.0,9.0
CES9091000001,2023-06-01,2025-05-02,2923.0,9.0
CES9091000001,2023-06-01,2025-06-06,2923.0,9.0
CES9091000001,2023-06-01,2025-07-03,2923.0,9.0
CES9091000001,2023-06-01,2025-08-01,2923.0,9.0
CES9091000001,2023-06-01,2025-09-05,2923.0,9.0
CES9091000001,2023-06-01,2025-11-20,2923.0,9.0
CES9091000001,2023-06-01,2025-12-16,2923.0,9.0
CES9091000001,2023-06-01,2026-01-09,2923.0,9.0
CES9091000001,2023-06-01,2026-02-11,2925.0,10.0
CES9091000001,2023-06-01,2026-03-06,2925.0,10.0
CES9091000001,2023-06-01,2026-04-03,2925.0,10.0
CES9091000001,2023-06-01,2026-05-08,2925.0,10.0
CES9091000001,2023-06-01,2026-06-05,2925.0,10.0
CES9091000001,2023-06-01,2026-07-02,2925.0,10.0
CES9091000001,2023-07-01,2023-08-04,2929.0,7.0
CES9091000001,2023-07-01,2023-09-01,2931.0,6.0
CES9091000001,2023-07-01,2023-10-06,2935.0,10.0
CES9091000001,2023-07-01,2023-11-03,2935.0,10.0
CES9091000001,2023-07-01,2023-12-08,2935.0,10.0
CES9091000001,2023-07-01,2024-01-05,2935.0,10.0
CES9091000001,2023-07-01,2024-02-02,2928.0,8.0
CES9091000001,2023-07-01,2024-03-08,2928.0,8.0
CES9091000001,2023-07-01,2024-04-05,2928.0,8.0
CES9091000001,2023-07-01,2024-05-03,2928.0,8.0
CES9091000001,2023-07-01,2024-06-07,2928.0,8.0
CES9091000001,2023-07-01,2024-07-05,2928.0,8.0
CES9091000001,2023-07-01,2024-08-02,2928.0,8.0
CES9091000001,2023-07-01,2024-09-06,2928.0,8.0
CES9091000001,2023-07-01,2024-10-04,2928.0,8.0
CES9091000001,2023-07-01,2024-11-01,2928.0,8.0
CES9091000001,2023-07-01,2024-12-06,2928.0,8.0
CES9091000001,2023-07-01,2025-01-10,2928.0,8.0
CES9091000001,2023-07-01,2025-02-07,2928.0,5.0
CES9091000001,2023-07-01,2025-03-07,2928.0,5.0
CES9091000001,2023-07-01,2025-04-04,2928.0,5.0
CES9091000001,2023-07-01,2025-05-02,2928.0,5.0
CES9091000001,2023-07-01,2025-06-06,2928.0,5.0
CES9091000001,2023-07-01,2025-07-03,2928.0,5.0
CES9091000001,2023-07-01,2025-08-01,2928.0,5.0
CES9091000001,2023-07-01,2025-09-05,2928.0,5.0
CES9091000001,2023-07-01,2025-11-20,2928.0,5.0
CES9091000001,2023-07-01,2025-12-16,2928.0,5.0
CES9091000001,2023-07-01,2026-01-09,2928.0,5.0
CES9091000001,2023-07-01,2026-02-11,2930.0,5.0
CES9091000001,2023-07-01,2026-03-06,2930.0,5.0
CES9091000001,2023-07-01,2026-04-03,2930.0,5.0
CES9091000001,2023-07-01,2026-05-08,2930.0,5.0
CES9091000001,2023-07-01,2026-06-05,2930.0,5.0
CES9091000001,2023-07-01,2026-07-02,2930.0,5.0
CES9091000001,2023-08-01,2023-09-01,2941.0,10.0
CES9091000001,2023-08-01,2023-10-06,2946.0,11.0
CES9091000001,2023-08-01,2023-11-03,2944.0,9.0
CES9091000001,2023-08-01,2023-12-08,2944.0,9.0
CES9091000001,2023-08-01,2024-01-05,2944.0,9.0
CES9091000001,2023-08-01,2024-02-02,2939.0,11.0
CES9091000001,2023-08-01,2024-03-08,2939.0,11.0
CES9091000001,2023-08-01,2024-04-05,2939.0,11.0
CES9091000001,2023-08-01,2024-05-03,2939.0,11.0
CES9091000001,2023-08-01,2024-06-07,2939.0,11.0
CES9091000001,2023-08-01,2024-07-05,2939.0,11.0
CES9091000001,2023-08-01,2024-08-02,2939.0,11.0
CES9091000001,2023-08-01,2024-09-06,2939.0,11.0
CES9091000001,2023-08-01,2024-10-04,2939.0,11.0
CES9091000001,2023-08-01,2024-11-01,2939.0,11.0
CES9091000001,2023-08-01,2024-12-06,2939.0,11.0
CES9091000001,2023-08-01,2025-01-10,2939.0,11.0
CES9091000001,2023-08-01,2025-02-07,2942.0,14.0
CES9091000001,2023-08-01,2025-03-07,2942.0,14.0
CES9091000001,2023-08-01,2025-04-04,2942.0,14.0
CES9091000001,2023-08-01,2025-05-02,2942.0,14.0
CES9091000001,2023-08-01,2025-06-06,2942.0,14.0
CES9091000001,2023-08-01,2025-07-03,2942.0,14.0
CES9091000001,2023-08-01,2025-08-01,2942.0,14.0
CES9091000001,2023-08-01,2025-09-05,2942.0,14.0
CES9091000001,2023-08-01,2025-11-20,2942.0,14.0
CES9091000001,2023-08-01,2025-12-16,2942.0,14.0
CES9091000001,2023-08-01,2026-01-09,2942.0,14.0
CES9091000001,2023-08-01,2026-02-11,2946.0,16.0
CES9091000001,2023-08-01,2026-03-06,2946.0,16.0
CES9091000001,2023-08-01,2026-04-03,2946.0,16.0
CES9091000001,2023-08-01,2026-05-08,2946.0,16.0
CES9091000001,2023-08-01,2026-06-05,2946.0,16.0
CES9091000001,2023-08-01,2026-07-02,2946.0,16.0
CES9091000001,2023-09-01,2023-10-06,2952.0,6.0
CES9091000001,2023-09-01,2023-11-03,2948.0,4.0
CES9091000001,2023-09-01,2023-12-08,2949.0,5.0
CES9091000001,2023-09-01,2024-01-05,2949.0,5.0
CES9091000001,2023-09-01,2024-02-02,2945.0,6.0
CES9091000001,2023-09-01,2024-03-08,2945.0,6.0
CES9091000001,2023-09-01,2024-04-05,2945.0,6.0
CES9091000001,2023-09-01,2024-05-03,2945.0,6.0
CES9091000001,2023-09-01,2024-06-07,2945.0,6.0
CES9091000001,2023-09-01,2024-07-05,2945.0,6.0
CES9091000001,2023-09-01,2024-08-02,2945.0,6.0
CES9091000001,2023-09-01,2024-09-06,2945.0,6.0
CES9091000001,2023-09-01,2024-10-04,2945.0,6.0
CES9091000001,2023-09-01,2024-11-01,2945.0,6.0
CES9091000001,2023-09-01,2024-12-06,2945.0,6.0
CES9091000001,2023-09-01,2025-01-10,2945.0,6.0
CES9091000001,2023-09-01,2025-02-07,2948.0,6.0
CES9091000001,2023-09-01,2025-03-07,2948.0,6.0
CES9091000001,2023-09-01,2025-04-04,2948.0,6.0
CES9091000001,2023-09-01,2025-05-02,2948.0,6.0
CES9091000001,2023-09-01,2025-06-06,2948.0,6.0
CES9091000001,2023-09-01,2025-07-03,2948.0,6.0
CES9091000001,2023-09-01,2025-08-01,2948.0,6.0
CES9091000001,2023-09-01,2025-09-05,2948.0,6.0
CES9091000001,2023-09-01,2025-11-20,2948.0,6.0
CES9091000001,2023-09-01,2025-12-16,2948.0,6.0
CES9091000001,2023-09-01,2026-01-09,2948.0,6.0
CES9091000001,2023-09-01,2026-02-11,2951.0,5.0
CES9091000001,2023-09-01,2026-03-06,2951.0,5.0
CES9091000001,2023-09-01,2026-04-03,2951.0,5.0
CES9091000001,2023-09-01,2026-05-08,2951.0,5.0
CES9091000001,2023-09-01,2026-06-05,2951.0,5.0
CES9091000001,2023-09-01,2026-07-02,2951.0,5.0
CES9091000001,2023-10-01,2023-11-03,2951.0,3.0
CES9091000001,2023-10-01,2023-12-08,2953.0,4.0
CES9091000001,2023-10-01,2024-01-05,2956.0,7.0
CES9091000001,2023-10-01,2024-02-02,2953.0,8.0
CES9091000001,2023-10-01,2024-03-08,2953.0,8.0
CES9091000001,2023-10-01,2024-04-05,2953.0,8.0
CES9091000001,2023-10-01,2024-05-03,2953.0,8.0
CES9091000001,2023-10-01,2024-06-07,2953.0,8.0
CES9091000001,2023-10-01,2024-07-05,2953.0,8.0
CES9091000001,2023-10-01,2024-08-02,2953.0,8.0
CES9091000001,2023-10-01,2024-09-06,2953.0,8.0
CES9091000001,2023-10-01,2024-10-04,2953.0,8.0
CES9091000001,2023-10-01,2024-11-01,2953.0,8.0
CES9091000001,2023-10-01,2024-12-06,2953.0,8.0
CES9091000001,2023-10-01,2025-01-10,2953.0,8.0
CES9091000001,2023-10-01,2025-02-07,2955.0,7.0
CES9091000001,2023-10-01,2025-03-07,2955.0,7.0
CES9091000001,2023-10-01,2025-04-04,2955.0,7.0
CES9091000001,2023-10-01,2025-05-02,2955.0,7.0
CES9091000001,2023-10-01,2025-06-06,2955.0,7.0
CES9091000001,2023-10-01,2025-07-03,2955.0,7.0
CES9091000001,2023-10-01,2025-08-01,2955.0,7.0
CES9091000001,2023-10-01,2025-09-05,2955.0,7.0
CES9091000001,2023-10-01,2025-11-20,2955.0,7.0
CES9091000001,2023-10-01,2025-12-16,2955.0,7.0
CES9091000001,2023-10-01,2026-01-09,2955.0,7.0
CES9091000001,2023-10-01,2026-02-11,2956.0,5.0
CES9091000001,2023-10-01,2026-03-06,2956.0,5.0
CES9091000001,2023-10-01,2026-04-03,2956.0,5.0
CES9091000001,2023-10-01,2026-05-08,2956.0,5.0
CES9091000001,2023-10-01,2026-06-05,2956.0,5.0
CES9091000001,2023-10-01,2026-07-02,2956.0,5.0
CES9091000001,2023-11-01,2023-12-08,2953.0,0.0
CES9091000001,2023-11-01,2024-01-05,2958.0,2.0
CES9091000001,2023-11-01,2024-02-02,2952.0,-1.0
CES9091000001,2023-11-01,2024-03-08,2952.0,-1.0
CES9091000001,2023-11-01,2024-04-05,2952.0,-1.0
CES9091000001,2023-11-01,2024-05-03,2952.0,-1.0
CES9091000001,2023-11-01,2024-06-07,2952.0,-1.0
CES9091000001,2023-11-01,2024-07-05,2952.0,-1.0
CES9091000001,2023-11-01,2024-08-02,2952.0,-1.0
CES9091000001,2023-11-01,2024-09-06,2952.0,-1.0
CES9091000001,2023-11-01,2024-10-04,2952.0,-1.0
CES9091000001,2023-11-01,2024-11-01,2952.0,-1.0
CES9091000001,2023-11-01,2024-12-06,2952.0,-1.0
CES9091000001,2023-11-01,2025-01-10,2952.0,-1.0
CES9091000001,2023-11-01,2025-02-07,2957.0,2.0
CES9091000001,2023-11-01,2025-03-07,2957.0,2.0
CES9091000001,2023-11-01,2025-04-04,2957.0,2.0
CES9091000001,2023-11-01,2025-05-02,2957.0,2.0
CES9091000001,2023-11-01,2025-06-06,2957.0,2.0
CES9091000001,2023-11-01,2025-07-03,2957.0,2.0
CES9091000001,2023-11-01,2025-08-01,2957.0,2.0
CES9091000001,2023-11-01,2025-09-05,2957.0,2.0
CES9091000001,2023-11-01,2025-11-20,2957.0,2.0
CES9091000001,2023-11-01,2025-12-16,2957.0,2.0
CES9091000001,2023-11-01,2026-01-09,2957.0,2.0
CES9091000001,2023-11-01,2026-02-11,2960.0,4.0
CES9091000001,2023-11-01,2026-03-06,2960.0,4.0
CES9091000001,2023-11-01,2026-04-03,2960.0,4.0
CES9091000001,2023-11-01,2026-05-08,2960.0,4.0
CES9091000001,2023-11-01,2026-06-05,2960.0,4.0
CES9091000001,2023-11-01,2026-07-02,2960.0,4.0
CES9091000001,2023-12-01,2024-01-05,2965.0,7.0
CES9091000001,2023-12-01,2024-02-02,2957.0,5.0
CES9091000001,2023-12-01,2024-03-08,2961.0,9.0
CES9091000001,2023-12-01,2024-04-05,2961.0,9.0
CES9091000001,2023-12-01,2024-05-03,2961.0,9.0
CES9091000001,2023-12-01,2024-06-07,2961.0,9.0
CES9091000001,2023-12-01,2024-07-05,2961.0,9.0
CES9091000001,2023-12-01,2024-08-02,2961.0,9.0
CES9091000001,2023-12-01,2024-09-06,2961.0,9.0
CES9091000001,2023-12-01,2024-10-04,2961.0,9.0
CES9091000001,2023-12-01,2024-11-01,2961.0,9.0
CES9091000001,2023-12-01,2024-12-06,2961.0,9.0
CES9091000001,2023-12-01,2025-01-10,2961.0,9.0
CES9091000001,2023-12-01,2025-02-07,2966.0,9.0
CES9091000001,2023-12-01,2025-03-07,2966.0,9.0
CES9091000001,2023-12-01,2025-04-04,2966.0,9.0
CES9091000001,2023-12-01,2025-05-02,2966.0,9.0
CES9091000001,2023-12-01,2025-06-06,2966.0,9.0
CES9091000001,2023-12-01,2025-07-03,2966.0,9.0
CES9091000001,2023-12-01,2025-08-01,2966.0,9.0
CES9091000001,2023-12-01,2025-09-05,2966.0,9.0
CES9091000001,2023-12-01,2025-11-20,2966.0,9.0
CES9091000001,2023-12-01,2025-12-16,2966.0,9.0
CES9091000001,2023-12-01,2026-01-09,2966.0,9.0
CES9091000001,2023-12-01,2026-02-11,2964.0,4.0
CES9091000001,2023-12-01,2026-03-06,2964.0,4.0
CES9091000001,2023-12-01,2026-04-03,2964.0,4.0
CES9091000001,2023-12-01,2026-05-08,2964.0,4.0
CES9091000001,2023-12-01,2026-06-05,2964.0,4.0
CES9091000001,2023-12-01,2026-07-02,2964.0,4.0
CES9091000001,2024-01-01,2024-02-02,2968.0,11.0
CES9091000001,2024-01-01,2024-03-08,2973.0,12.0
CES9091000001,2024-01-01,2024-04-05,2974.0,13.0
CES9091000001,2024-01-01,2024-05-03,2974.0,13.0
CES9091000001,2024-01-01,2024-06-07,2974.0,13.0
CES9091000001,2024-01-01,2024-07-05,2974.0,13.0
CES9091000001,2024-01-01,2024-08-02,2974.0,13.0
CES9091000001,2024-01-01,2024-09-06,2974.0,13.0
CES9091000001,2024-01-01,2024-10-04,2974.0,13.0
CES9091000001,2024-01-01,2024-11-01,2974.0,13.0
CES9091000001,2024-01-01,2024-12-06,2974.0,13.0
CES9091000001,2024-01-01,2025-01-10,2974.0,13.0
CES9091000001,2024-01-01,2025-02-07,2977.0,11.0
CES9091000001,2024-01-01,2025-03-07,2977.0,11.0
CES9091000001,2024-01-01,2025-04-04,2977.0,11.0
CES9091000001,2024-01-01,2025-05-02,2977.0,11.0
CES9091000001,2024-01-01,2025-06-06,2977.0,11.0
CES9091000001,2024-01-01,2025-07-03,2977.0,11.0
CES9091000001,2024-01-01,2025-08-01,2977.0,11.0
CES9091000001,2024-01-01,2025-09-05,2977.0,11.0
CES9091000001,2024-01-01,2025-11-20,2977.0,11.0
CES9091000001,2024-01-01,2025-12-16,2977.0,11.0
CES9091000001,2024-01-01,2026-01-09,2977.0,11.0
CES9091000001,2024-01-01,2026-02-11,2971.0,7.0
CES9091000001,2024-01-01,2026-03-06,2971.0,7.0
CES9091000001,2024-01-01,2026-04-03,2971.0,7.0
CES9091000001,2024-01-01,2026-05-08,2971.0,7.0
CES9091000001,2024-01-01,2026-06-05,2971.0,7.0
CES9091000001,2024-01-01,2026-07-02,2971.0,7.0
CES9091000001,2024-02-01,2024-03-08,2982.0,9.0
CES9091000001,2024-02-01,2024-04-05,2984.0,10.0
CES9091000001,2024-02-01,2024-05-03,2981.0,7.0
CES9091000001,2024-02-01,2024-06-07,2981.0,7.0
CES9091000001,2024-02-01,2024-07-05,2981.0,7.0
CES9091000001,2024-02-01,2024-08-02,2981.0,7.0
CES9091000001,2024-02-01,2024-09-06,2981.0,7.0
CES9091000001,2024-02-01,2024-10-04,2981.0,7.0
CES9091000001,2024-02-01,2024-11-01,2981.0,7.0
CES9091000001,2024-02-01,2024-12-06,2981.0,7.0
CES9091000001,2024-02-01,2025-01-10,2981.0,7.0
CES9091000001,2024-02-01,2025-02-07,2985.0,8.0
CES9091000001,2024-02-01,2025-03-07,2985.0,8.0
CES9091000001,2024-02-01,2025-04-04,2985.0,8.0
CES9091000001,2024-02-01,2025-05-02,2985.0,8.0
CES9091000001,2024-02-01,2025-06-06,2985.0,8.0
CES9091000001,2024-02-01,2025-07-03,2985.0,8.0
CES9091000001,2024-02-01,2025-08-01,2985.0,8.0
CES9091000001,2024-02-01,2025-09-05,2985.0,8.0
CES9091000001,2024-02-01,2025-11-20,2985.0,8.0
CES9091000001,2024-02-01,2025-12-16,2985.0,8.0
CES9091000001,2024-02-01,2026-01-09,2985.0,8.0
CES9091000001,2024-02-01,2026-02-11,2980.0,9.0
CES9091000001,2024-02-01,2026-03-06,2980.0,9.0
CES9091000001,2024-02-01,2026-04-03,2980.0,9.0
CES9091000001,2024-02-01,2026-05-08,2980.0,9.0
CES9091000001,2024-02-01,2026-06-05,2980.0,9.0
CES9091000001,2024-02-01,2026-07-02,2980.0,9.0
CES9091000001,2024-03-01,2024-04-05,2993.0,9.0
CES9091000001,2024-03-01,2024-05-03,2991.0,10.0
CES9091000001,2024-03-01,2024-06-07,2993.0,12.0
CES9091000001,2024-03-01,2024-07-05,2993.0,12.0
CES9091000001,2024-03-01,2024-08-02,2993.0,12.0
CES9091000001,2024-03-01,2024-09-06,2993.0,12.0
CES9091000001,2024-03-01,2024-10-04,2993.0,12.0
CES9091000001,2024-03-01,2024-11-01,2993.0,12.0
CES9091000001,2024-03-01,2024-12-06,2993.0,12.0
CES9091000001,2024-03-01,2025-01-10,2993.0,12.0
CES9091000001,2024-03-01,2025-02-07,2997.0,12.0
CES9091000001,2024-03-01,2025-03-07,2997.0,12.0
CES9091000001,2024-03-01,2025-04-04,2997.0,12.0
CES9091000001,2024-03-01,2025-05-02,2997.0,12.0
CES9091000001,2024-03-01,2025-06-06,2997.0,12.0
CES9091000001,2024-03-01,2025-07-03,2997.0,12.0
CES9091000001,2024-03-01,2025-08-01,2997.0,12.0
CES9091000001,2024-03-01,2025-09-05,2997.0,12.0
CES9091000001,2024-03-01,2025-11-20,2997.0,12.0
CES9091000001,2024-03-01,2025-12-16,2997.0,12.0
CES9091000001,2024-03-01,2026-01-09,2997.0,12.0
CES9091000001,2024-03-01,2026-02-11,2989.0,9.0
CES9091000001,2024-03-01,2026-03-06,2989.0,9.0
CES9091000001,2024-03-01,2026-04-03,2989.0,9.0
CES9091000001,2024-03-01,2026-05-08,2989.0,9.0
CES9091000001,2024-03-01,2026-06-05,2989.0,9.0
CES9091000001,2024-03-01,2026-07-02,2989.0,9.0
CES9091000001,2024-04-01,2024-05-03,2993.0,2.0
CES9091000001,2024-04-01,2024-06-07,2995.0,2.0
CES9091000001,2024-04-01,2024-07-05,2993.0,0.0
CES9091000001,2024-04-01,2024-08-02,2993.0,0.0
CES9091000001,2024-04-01,2024-09-06,2993.0,0.0
CES9091000001,2024-04-01,2024-10-04,2993.0,0.0
CES9091000001,2024-04-01,2024-11-01,2993.0,0.0
CES9091000001,2024-04-01,2024-12-06,2993.0,0.0
CES9091000001,2024-04-01,2025-01-10,2993.0,0.0
CES9091000001,2024-04-01,2025-02-07,2995.0,-2.0
CES9091000001,2024-04-01,2025-03-07,2995.0,-2.0
CES9091000001,2024-04-01,2025-04-04,2995.0,-2.0
CES9091000001,2024-04-01,2025-05-02,2995.0,-2.0
CES9091000001,2024-04-01,2025-06-06,2995.0,-2.0
CES9091000001,2024-04-01,2025-07-03,2995.0,-2.0
CES9091000001,2024-04-01,2025-08-01,2995.0,-2.0
CES9091000001,2024-04-01,2025-09-05,2995.0,-2.0
CES9091000001,2024-04-01,2025-11-20,2995.0,-2.0
CES9091000001,2024-04-01,2025-12-16,2995.0,-2.0
CES9091000001,2024-04-01,2026-01-09,2995.0,-2.0
CES9091000001,2024-04-01,2026-02-11,2992.0,3.0
CES9091000001,2024-04-01,2026-03-06,2992.0,3.0
CES9091000001,2024-04-01,2026-04-03,2992.0,3.0
CES9091000001,2024-04-01,2026-05-08,2992.0,3.0
CES9091000001,2024-04-01,2026-06-05,2992.0,3.0
CES9091000001,2024-04-01,2026-07-02,2992.0,3.0
CES9091000001,2024-05-01,2024-06-07,2999.0,4.0
CES9091000001,2024-05-01,2024-07-05,2996.0,3.0
CES9091000001,2024-05-01,2024-08-02,2994.0,1.0
CES9091000001,2024-05-01,2024-09-06,2994.0,1.0
CES9091000001,2024-05-01,2024-10-04,2994.0,1.0
CES9091000001,2024-05-01,2024-11-01,2994.0,1.0
CES9091000001,2024-05-01,2024-12-06,2994.0,1.0
CES9091000001,2024-05-01,2025-01-10,2994.0,1.0
CES9091000001,2024-05-01,2025-02-07,2998.0,3.0
CES9091000001,2024-05-01,2025-03-07,2998.0,3.0
CES9091000001,2024-05-01,2025-04-04,2998.0,3.0
CES9091000001,2024-05-01,2025-05-02,2998.0,3.0
CES9091000001,2024-05-01,2025-06-06,2998.0,3.0
CES9091000001,2024-05-01,2025-07-03,2998.0,3.0
CES9091000001,2024-05-01,2025-08-01,2998.0,3.0
CES9091000001,2024-05-01,2025-09-05,2998.0,3.0
CES9091000001,2024-05-01,2025-11-20,2998.0,3.0
CES9091000001,2024-05-01,2025-12-16,2998.0,3.0
CES9091000001,2024-05-01,2026-01-09,2998.0,3.0
CES9091000001,2024-05-01,2026-02-11,3001.0,9.0
CES9091000001,2024-05-01,2026-03-06,3001.0,9.0
CES9091000001,2024-05-01,2026-04-03,3001.0,9.0
CES9091000001,2024-05-01,2026-05-08,3001.0,9.0
CES9091000001,2024-05-01,2026-06-05,3001.0,9.0
CES9091000001,2024-05-01,2026-07-02,3001.0,9.0
CES9091000001,2024-06-01,2024-07-05,3001.0,5.0
CES9091000001,2024-06-01,2024-08-02,2996.0,2.0
CES9091000001,2024-06-01,2024-09-06,2996.0,2.0
CES9091000001,2024-06-01,2024-10-04,2996.0,2.0
CES9091000001,2024-06-01,2024-11-01,2996.0,2.0
CES9091000001,2024-06-01,2024-12-06,2996.0,2.0
CES9091000001,2024-06-01,2025-01-10,2996.0,2.0
CES9091000001,2024-06-01,2025-02-07,3000.0,2.0
CES9091000001,2024-06-01,2025-03-07,3000.0,2.0
CES9091000001,2024-06-01,2025-04-04,3000.0,2.0
CES9091000001,2024-06-01,2025-05-02,3000.0,2.0
CES9091000001,2024-06-01,2025-06-06,3000.0,2.0
CES9091000001,2024-06-01,2025-07-03,3000.0,2.0
CES9091000001,2024-06-01,2025-08-01,3000.0,2.0
CES9091000001,2024-06-01,2025-09-05,3000.0,2.0
CES9091000001,2024-06-01,2025-11-20,3000.0,2.0
CES9091000001,2024-06-01,2025-12-16,3000.0,2.0
CES9091000001,2024-06-01,2026-01-09,3000.0,2.0
CES9091000001,2024-06-01,2026-02-11,3005.0,4.0
CES9091000001,2024-06-01,2026-03-06,3005.0,4.0
CES9091000001,2024-06-01,2026-04-03,3005.0,4.0
CES9091000001,2024-06-01,2026-05-08,3005.0,4.0
CES9091000001,2024-06-01,2026-06-05,3005.0,4.0
CES9091000001,2024-06-01,2026-07-02,3005.0,4.0
CES9091000001,2024-07-01,2024-08-02,2997.0,1.0
CES9091000001,2024-07-01,2024-09-06,2996.0,0.0
CES9091000001,2024-07-01,2024-10-04,2996.0,0.0
CES9091000001,2024-07-01,2024-11-01,2996.0,0.0
CES9091000001,2024-07-01,2024-12-06,2996.0,0.0
CES9091000001,2024-07-01,2025-01-10,2996.0,0.0
CES9091000001,2024-07-01,2025-02-07,3002.0,2.0
CES9091000001,2024-07-01,2025-03-07,3002.0,2.0
CES9091000001,2024-07-01,2025-04-04,3002.0,2.0
CES9091000001,2024-07-01,2025-05-02,3002.0,2.0
CES9091000001,2024-07-01,2025-06-06,3002.0,2.0
CES9091000001,2024-07-01,2025-07-03,3002.0,2.0
CES9091000001,2024-07-01,2025-08-01,3002.0,2.0
CES9091000001,2024-07-01,2025-09-05,3002.0,2.0
CES9091000001,2024-07-01,2025-11-20,3002.0,2.0
CES9091000001,2024-07-01,2025-12-16,3002.0,2.0
CES9091000001,2024-07-01,2026-01-09,3002.0,2.0
CES9091000001,2024-07-01,2026-02-11,3007.0,2.0
CES9091000001,2024-07-01,2026-03-06,3007.0,2.0
CES9091000001,2024-07-01,2026-04-03,3007.0,2.0
CES9091000001,2024-07-01,2026-05-08,3007.0,2.0
CES9091000001,2024-07-01,2026-06-05,3007.0,2.0
CES9091000001,2024-07-01,2026-07-02,3007.0,2.0
CES9091000001,2024-08-01,2024-09-06,2997.0,1.0
CES9091000001,2024-08-01,2024-10-04,2997.0,1.0
CES9091000001,2024-08-01,2024-11-01,2997.0,1.0
CES9091000001,2024-08-01,2024-12-06,2997.0,1.0
CES9091000001,2024-08-01,2025-01-10,2997.0,1.0
CES9091000001,2024-08-01,2025-02-07,3004.0,2.0
CES9091000001,2024-08-01,2025-03-07,3004.0,2.0
CES9091000001,2024-08-01,2025-04-04,3004.0,2.0
CES9091000001,2024-08-01,2025-05-02,3004.0,2.0
CES9091000001,2024-08-01,2025-06-06,3004.0,2.0
CES9091000001,2024-08-01,2025-07-03,3004.0,2.0
CES9091000001,2024-08-01,2025-08-01,3004.0,2.0
CES9091000001,2024-08-01,2025-09-05,3004.0,2.0
CES9091000001,2024-08-01,2025-11-20,3004.0,2.0
CES9091000001,2024-08-01,2025-12-16,3004.0,2.0
CES9091000001,2024-08-01,2026-01-09,3004.0,2.0
CES9091000001,2024-08-01,2026-02-11,3011.0,4.0
CES9091000001,2024-08-01,2026-03-06,3011.0,4.0
CES9091000001,2024-08-01,2026-04-03,3011.0,4.0
CES9091000001,2024-08-01,2026-05-08,3011.0,4.0
CES9091000001,2024-08-01,2026-06-05,3011.0,4.0
CES9091000001,2024-08-01,2026-07-02,3011.0,4.0
CES9091000001,2024-09-01,2024-10-04,2999.0,2.0
CES9091000001,2024-09-01,2024-11-01,3001.0,4.0
CES9091000001,2024-09-01,2024-12-06,3001.0,4.0
CES9091000001,2024-09-01,2025-01-10,3001.0,4.0
CES9091000001,2024-09-01,2025-02-07,3008.0,4.0
CES9091000001,2024-09-01,2025-03-07,3008.0,4.0
CES9091000001,2024-09-01,2025-04-04,3008.0,4.0
CES9091000001,2024-09-01,2025-05-02,3008.0,4.0
CES9091000001,2024-09-01,2025-06-06,3008.0,4.0
CES9091000001,2024-09-01,2025-07-03,3008.0,4.0
CES9091000001,2024-09-01,2025-08-01,3008.0,4.0
CES9091000001,2024-09-01,2025-09-05,3008.0,4.0
CES9091000001,2024-09-01,2025-11-20,3008.0,4.0
CES9091000001,2024-09-01,2025-12-16,3008.0,4.0
CES9091000001,2024-09-01,2026-01-09,3008.0,4.0
CES9091000001,2024-09-01,2026-02-11,3012.0,1.0
CES9091000001,2024-09-01,2026-03-06,3012.0,1.0
CES9091000001,2024-09-01,2026-04-03,3012.0,1.0
CES9091000001,2024-09-01,2026-05-08,3012.0,1.0
CES9091000001,2024-09-01,2026-06-05,3012.0,1.0
CES9091000001,2024-09-01,2026-07-02,3012.0,1.0
CES9091000001,2024-10-01,2024-11-01,3002.0,1.0
CES9091000001,2024-10-01,2024-12-06,3003.0,2.0
CES9091000001,2024-10-01,2025-01-10,3004.0,3.0
CES9091000001,2024-10-01,2025-02-07,3011.0,3.0
CES9091000001,2024-10-01,2025-03-07,3011.0,3.0
CES9091000001,2024-10-01,2025-04-04,3011.0,3.0
CES9091000001,2024-10-01,2025-05-02,3011.0,3.0
CES9091000001,2024-10-01,2025-06-06,3011.0,3.0
CES9091000001,2024-10-01,2025-07-03,3011.0,3.0
CES9091000001,2024-10-01,2025-08-01,3011.0,3.0
CES9091000001,2024-10-01,2025-09-05,3011.0,3.0
CES9091000001,2024-10-01,2025-11-20,3011.0,3.0
CES9091000001,2024-10-01,2025-12-16,3011.0,3.0
CES9091000001,2024-10-01,2026-01-09,3011.0,3.0
CES9091000001,2024-10-01,2026-02-11,3013.0,1.0
CES9091000001,2024-10-01,2026-03-06,3013.0,1.0
CES9091000001,2024-10-01,2026-04-03,3013.0,1.0
CES9091000001,2024-10-01,2026-05-08,3013.0,1.0
CES9091000001,2024-10-01,2026-06-05,3013.0,1.0
CES9091000001,2024-10-01,2026-07-02,3013.0,1.0
CES9091000001,2024-11-01,2024-12-06,3001.0,-2.0
CES9091000001,2024-11-01,2025-01-10,3004.0,0.0
CES9091000001,2024-11-01,2025-02-07,3009.0,-2.0
CES9091000001,2024-11-01,2025-03-07,3009.0,-2.0
CES9091000001,2024-11-01,2025-04-04,3009.0,-2.0
CES9091000001,2024-11-01,2025-05-02,3009.0,-2.0
CES9091000001,2024-11-01,2025-06-06,3009.0,-2.0
CES9091000001,2024-11-01,2025-07-03,3009.0,-2.0
CES9091000001,2024-11-01,2025-08-01,3009.0,-2.0
CES9091000001,2024-11-01,2025-09-05,3009.0,-2.0
CES9091000001,2024-11-01,2025-11-20,3009.0,-2.0
CES9091000001,2024-11-01,2025-12-16,3009.0,-2.0
CES9091000001,2024-11-01,2026-01-09,3009.0,-2.0
CES9091000001,2024-11-01,2026-02-11,3009.0,-4.0
CES9091000001,2024-11-01,2026-03-06,3009.0,-4.0
CES9091000001,2024-11-01,2026-04-03,3009.0,-4.0
CES9091000001,2024-11-01,2026-05-08,3009.0,-4.0
CES9091000001,2024-11-01,2026-06-05,3009.0,-4.0
CES9091000001,2024-11-01,2026-07-02,3009.0,-4.0
CES9091000001,2024-12-01,2025-01-10,3010.0,6.0
CES9091000001,2024-12-01,2025-02-07,3015.0,6.0
CES9091000001,2024-12-01,2025-03-07,3012.0,3.0
CES9091000001,2024-12-01,2025-04-04,3012.0,3.0
CES9091000001,2024-12-01,2025-05-02,3012.0,3.0
CES9091000001,2024-12-01,2025-06-06,3012.0,3.0
CES9091000001,2024-12-01,2025-07-03,3012.0,3.0
CES9091000001,2024-12-01,2025-08-01,3012.0,3.0
CES9091000001,2024-12-01,2025-09-05,3012.0,3.0
CES9091000001,2024-12-01,2025-11-20,3012.0,3.0
CES9091000001,2024-12-01,2025-12-16,3012.0,3.0
CES9091000001,2024-12-01,2026-01-09,3012.0,3.0
CES9091000001,2024-12-01,2026-02-11,3009.0,0.0
CES9091000001,2024-12-01,2026-03-06,3009.0,0.0
CES9091000001,2024-12-01,2026-04-03,3009.0,0.0
CES9091000001,2024-12-01,2026-05-08,3009.0,0.0
CES9091000001,2024-12-01,2026-06-05,3009.0,0.0
CES9091000001,2024-12-01,2026-07-02,3009.0,0.0
CES9091000001,2025-01-01,2025-02-07,3024.0,9.0
CES9091000001,2025-01-01,2025-03-07,3017.0,5.0
CES9091000001,2025-01-01,2025-04-04,3015.0,3.0
CES9091000001,2025-01-01,2025-05-02,3015.0,3.0
CES9091000001,2025-01-01,2025-06-06,3015.0,3.0
CES9091000001,2025-01-01,2025-07-03,3015.0,3.0
CES9091000001,2025-01-01,2025-08-01,3015.0,3.0
CES9091000001,2025-01-01,2025-09-05,3015.0,3.0
CES9091000001,2025-01-01,2025-11-20,3015.0,3.0
CES9091000001,2025-01-01,2025-12-16,3015.0,3.0
CES9091000001,2025-01-01,2026-01-09,3015.0,3.0
CES9091000001,2025-01-01,2026-02-11,3010.0,1.0
CES9091000001,2025-01-01,2026-03-06,3010.0,1.0
CES9091000001,2025-01-01,2026-04-03,3010.0,1.0
CES9091000001,2025-01-01,2026-05-08,3010.0,1.0
CES9091000001,2025-01-01,2026-06-05,3010.0,1.0
CES9091000001,2025-01-01,2026-07-02,3010.0,1.0
CES9091000001,2025-02-01,2025-03-07,3007.0,-10.0
CES9091000001,2025-02-01,2025-04-04,3004.0,-11.0
CES9091000001,2025-02-01,2025-05-02,3002.0,-13.0
CES9091000001,2025-02-01,2025-06-06,3002.0,-13.0
CES9091000001,2025-02-01,2025-07-03,3002.0,-13.0
CES9091000001,2025-02-01,2025-08-01,3002.0,-13.0
CES9091000001,2025-02-01,2025-09-05,3002.0,-13.0
CES9091000001,2025-02-01,2025-11-20,3002.0,-13.0
CES9091000001,2025-02-01,2025-12-16,3002.0,-13.0
CES9091000001,2025-02-01,2026-01-09,3002.0,-13.0
CES9091000001,2025-02-01,2026-02-11,2997.0,-13.0
CES9091000001,2025-02-01,2026-03-06,2997.0,-13.0
CES9091000001,2025-02-01,2026-04-03,2997.0,-13.0
CES9091000001,2025-02-01,2026-05-08,2997.0,-13.0
CES9091000001,2025-02-01,2026-06-05,2997.0,-13.0
CES9091000001,2025-02-01,2026-07-02,2997.0,-13.0
CES9091000001,2025-03-01,2025-04-04,3000.0,-4.0
CES9091000001,2025-03-01,2025-05-02,2998.0,-4.0
CES9091000001,2025-03-01,2025-06-06,2991.0,-11.0
CES9091000001,2025-03-01,2025-07-03,2991.0,-11.0
CES9091000001,2025-03-01,2025-08-01,2991.0,-11.0
CES9091000001,2025-03-01,2025-09-05,2991.0,-11.0
CES9091000001,2025-03-01,2025-11-20,2991.0,-11.0
CES9091000001,2025-03-01,2025-12-16,2991.0,-11.0
CES9091000001,2025-03-01,2026-01-09,2991.0,-11.0
CES9091000001,2025-03-01,2026-02-11,2988.0,-9.0
CES9091000001,2025-03-01,2026-03-06,2988.0,-9.0
CES9091000001,2025-03-01,2026-04-03,2988.0,-9.0
CES9091000001,2025-03-01,2026-05-08,2988.0,-9.0
CES9091000001,2025-03-01,2026-06-05,2988.0,-9.0
CES9091000001,2025-03-01,2026-07-02,2988.0,-9.0
CES9091000001,2025-04-01,2025-05-02,2989.0,-9.0
CES9091000001,2025-04-01,2025-06-06,2978.0,-13.0
CES9091000001,2025-04-01,2025-07-03,2978.0,-13.0
CES9091000001,2025-04-01,2025-08-01,2978.0,-13.0
CES9091000001,2025-04-01,2025-09-05,2978.0,-13.0
CES9091000001,2025-04-01,2025-11-20,2978.0,-13.0
CES9091000001,2025-04-01,2025-12-16,2978.0,-13.0
CES9091000001,2025-04-01,2026-01-09,2978.0,-13.0
CES9091000001,2025-04-01,2026-02-11,2976.0,-12.0
CES9091000001,2025-04-01,2026-03-06,2976.0,-12.0
CES9091000001,2025-04-01,2026-04-03,2976.0,-12.0
CES9091000001,2025-04-01,2026-05-08,2976.0,-12.0
CES9091000001,2025-04-01,2026-06-05,2976.0,-12.0
CES9091000001,2025-04-01,2026-07-02,2976.0,-12.0
CES9091000001,2025-05-01,2025-06-06,2956.0,-22.0
CES9091000001,2025-05-01,2025-07-03,2953.0,-25.0
CES9091000001,2025-05-01,2025-08-01,2952.0,-26.0
CES9091000001,2025-05-01,2025-09-05,2952.0,-26.0
CES9091000001,2025-05-01,2025-11-20,2952.0,-26.0
CES9091000001,2025-05-01,2025-12-16,2952.0,-26.0
CES9091000001,2025-05-01,2026-01-09,2952.0,-26.0
CES9091000001,2025-05-01,2026-02-11,2952.0,-24.0
CES9091000001,2025-05-01,2026-03-06,2952.0,-24.0
CES9091000001,2025-05-01,2026-04-03,2952.0,-24.0
CES9091000001,2025-05-01,2026-05-08,2952.0,-24.0
CES9091000001,2025-05-01,2026-06-05,2952.0,-24.0
CES9091000001,2025-05-01,2026-07-02,2952.0,-24.0
CES9091000001,2025-06-01,2025-07-03,2946.0,-7.0
CES9091000001,2025-06-01,2025-08-01,2943.0,-9.0
CES9091000001,2025-06-01,2025-09-05,2943.0,-9.0
CES9091000001,2025-06-01,2025-11-20,2943.0,-9.0
CES9091000001,2025-06-01,2025-12-16,2943.0,-9.0
CES9091000001,2025-06-01,2026-01-09,2943.0,-9.0
CES9091000001,2025-06-01,2026-02-11,2944.0,-8.0
CES9091000001,2025-06-01,2026-03-06,2944.0,-8.0
CES9091000001,2025-06-01,2026-04-03,2944.0,-8.0
CES9091000001,2025-06-01,2026-05-08,2944.0,-8.0
CES9091000001,2025-06-01,2026-06-05,2944.0,-8.0
CES9091000001,2025-06-01,2026-07-02,2944.0,-8.0
CES9091000001,2025-07-01,2025-08-01,2931.0,-12.0
CES9091000001,2025-07-01,2025-09-05,2933.0,-10.0
CES9091000001,2025-07-01,2025-11-20,2935.0,-8.0
CES9091000001,2025-07-01,2025-12-16,2935.0,-8.0
CES9091000001,2025-07-01,2026-01-09,2935.0,-8.0
CES9091000001,2025-07-01,2026-02-11,2935.0,-9.0
CES9091000001,2025-07-01,2026-03-06,2935.0,-9.0
CES9091000001,2025-07-01,2026-04-03,2935.0,-9.0
CES9091000001,2025-07-01,2026-05-08,2935.0,-9.0
CES9091000001,2025-07-01,2026-06-05,2935.0,-9.0
CES9091000001,2025-07-01,2026-07-02,2935.0,-9.0
CES9091000001,2025-08-01,2025-09-05,2918.0,-15.0
CES9091000001,2025-08-01,2025-11-20,2921.0,-14.0
CES9091000001,2025-08-01,2025-12-16,2916.0,-19.0
CES9091000001,2025-08-01,2026-01-09,2916.0,-19.0
CES9091000001,2025-08-01,2026-02-11,2916.0,-19.0
CES9091000001,2025-08-01,2026-03-06,2916.0,-19.0
CES9091000001,2025-08-01,2026-04-03,2916.0,-19.0
CES9091000001,2025-08-01,2026-05-08,2916.0,-19.0
CES9091000001,2025-08-01,2026-06-05,2916.0,-19.0
CES9091000001,2025-08-01,2026-07-02,2916.0,-19.0
CES9091000001,2025-09-01,2025-11-20,2918.0,-3.0
CES9091000001,2025-09-01,2025-12-16,2912.0,-4.0
CES9091000001,2025-09-01,2026-01-09,2912.0,-4.0
CES9091000001,2025-09-01,2026-02-11,2914.0,-2.0
CES9091000001,2025-09-01,2026-03-06,2914.0,-2.0
CES9091000001,2025-09-01,2026-04-03,2914.0,-2.0
CES9091000001,2025-09-01,2026-05-08,2914.0,-2.0
CES9091000001,2025-09-01,2026-06-05,2914.0,-2.0
CES9091000001,2025-09-01,2026-07-02,2914.0,-2.0
CES9091000001,2025-10-01,2025-12-16,2750.0,-162.0
CES9091000001,2025-10-01,2026-01-09,2733.0,-179.0
CES9091000001,2025-10-01,2026-02-11,2748.0,-166.0
CES9091000001,2025-10-01,2026-03-06,2748.0,-166.0
CES9091000001,2025-10-01,2026-04-03,2748.0,-166.0
CES9091000001,2025-10-01,2026-05-08,2748.0,-166.0
CES9091000001,2025-10-01,2026-06-05,2748.0,-166.0
CES9091000001,2025-10-01,2026-07-02,2748.0,-166.0
CES9091000001,2025-11-01,2025-12-16,2744.0,-6.0
CES9091000001,2025-11-01,2026-01-09,2736.0,3.0
CES9091000001,2025-11-01,2026-02-11,2733.0,-15.0
CES9091000001,2025-11-01,2026-03-06,2733.0,-15.0
CES9091000001,2025-11-01,2026-04-03,2733.0,-15.0
CES9091000001,2025-11-01,2026-05-08,2733.0,-15.0
CES9091000001,2025-11-01,2026-06-05,2733.0,-15.0
CES9091000001,2025-11-01,2026-07-02,2733.0,-15.0
CES9091000001,2025-12-01,2026-01-09,2738.0,2.0
CES9091000001,2025-12-01,2026-02-11,2720.0,-13.0
CES9091000001,2025-12-01,2026-03-06,2722.0,-11.0
CES9091000001,2025-12-01,2026-04-03,2722.0,-11.0
CES9091000001,2025-12-01,2026-05-08,2722.0,-11.0
CES9091000001,2025-12-01,2026-06-05,2722.0,-11.0
CES9091000001,2025-12-01,2026-07-02,2722.0,-11.0
CES9091000001,2026-01-01,2026-02-11,2686.0,-34.0
CES9091000001,2026-01-01,2026-03-06,2693.0,-29.0
CES9091000001,2026-01-01,2026-04-03,2685.0,-37.0
CES9091000001,2026-01-01,2026-05-08,2685.0,-37.0
CES9091000001,2026-01-01,2026-06-05,2685.0,-37.0
CES9091000001,2026-01-01,2026-07-02,2685.0,-37.0
CES9091000001,2026-02-01,2026-03-06,2683.0,-10.0
CES9091000001,2026-02-01,2026-04-03,2676.0,-9.0
CES9091000001,2026-02-01,2026-05-08,2689.0,4.0
CES9091000001,2026-02-01,2026-06-05,2689.0,4.0
CES9091000001,2026-02-01,2026-07-02,2689.0,4.0
CES9091000001,2026-03-01,2026-04-03,2658.0,-18.0
CES9091000001,2026-03-01,2026-05-08,2674.0,-15.0
CES9091000001,2026-03-01,2026-06-05,2682.0,-7.0
CES9091000001,2026-03-01,2026-07-02,2682.0,-7.0
CES9091000001,2026-04-01,2026-05-08,2665.0,-9.0
CES9091000001,2026-04-01,2026-06-05,2676.0,-6.0
CES9091000001,2026-04-01,2026-07-02,2681.0,-1.0
CES9091000001,2026-05-01,2026-06-05,2677.0,1.0
CES9091000001,2026-05-01,2026-07-02,2684.0,3.0
CES9091000001,2026-06-01,2026-07-02,2686.0,2.0
CES9092000001,2020-01-01,2020-02-07,5165.0,-13.0
CES9092000001,2020-01-01,2020-03-06,5199.0,15.0
CES9092000001,2020-01-01,2020-04-03,5190.0,6.0
CES9092000001,2020-01-01,2020-05-08,5190.0,6.0
CES9092000001,2020-01-01,2020-06-05,5190.0,6.0
CES9092000001,2020-01-01,2020-07-02,5190.0,6.0
CES9092000001,2020-01-01,2020-08-07,5190.0,6.0
CES9092000001,2020-01-01,2020-09-04,5190.0,6.0
CES9092000001,2020-01-01,2020-10-02,5190.0,6.0
CES9092000001,2020-01-01,2020-11-06,5190.0,6.0
CES9092000001,2020-01-01,2020-12-04,5190.0,6.0
CES9092000001,2020-01-01,2021-01-08,5190.0,6.0
CES9092000001,2020-01-01,2021-02-05,5284.0,27.0
CES9092000001,2020-01-01,2021-03-05,5284.0,27.0
CES9092000001,2020-01-01,2021-04-02,5284.0,27.0
CES9092000001,2020-01-01,2021-05-07,5284.0,27.0
CES9092000001,2020-01-01,2021-06-04,5284.0,27.0
CES9092000001,2020-01-01,2021-07-02,5284.0,27.0
CES9092000001,2020-01-01,2021-08-06,5284.0,27.0
CES9092000001,2020-01-01,2021-09-03,5284.0,27.0
CES9092000001,2020-01-01,2021-10-08,5284.0,27.0
CES9092000001,2020-01-01,2021-11-05,5284.0,27.0
CES9092000001,2020-01-01,2021-12-03,5284.0,27.0
CES9092000001,2020-01-01,2022-01-07,5284.0,27.0
CES9092000001,2020-01-01,2022-02-04,5264.0,17.0
CES9092000001,2020-01-01,2022-03-04,5264.0,17.0
CES9092000001,2020-01-01,2022-04-01,5264.0,17.0
CES9092000001,2020-01-01,2022-05-06,5264.0,17.0
CES9092000001,2020-01-01,2022-06-03,5264.0,17.0
CES9092000001,2020-01-01,2022-07-08,5264.0,17.0
CES9092000001,2020-01-01,2022-08-05,5264.0,17.0
CES9092000001,2020-01-01,2022-09-02,5264.0,17.0
CES9092000001,2020-01-01,2022-10-07,5264.0,17.0
CES9092000001,2020-01-01,2022-11-04,5264.0,17.0
CES9092000001,2020-01-01,2022-12-02,5264.0,17.0
CES9092000001,2020-01-01,2023-01-06,5264.0,17.0
CES9092000001,2020-01-01,2023-02-03,5271.0,23.0
CES9092000001,2020-01-01,2023-03-10,5271.0,23.0
CES9092000001,2020-01-01,2023-04-07,5271.0,23.0
CES9092000001,2020-01-01,2023-05-05,5271.0,23.0
CES9092000001,2020-01-01,2023-06-02,5271.0,23.0
CES9092000001,2020-01-01,2023-07-07,5271.0,23.0
CES9092000001,2020-01-01,2023-08-04,5271.0,23.0
CES9092000001,2020-01-01,2023-09-01,5271.0,23.0
CES9092000001,2020-01-01,2023-10-06,5271.0,23.0
CES9092000001,2020-01-01,2023-11-03,5271.0,23.0
CES9092000001,2020-01-01,2023-12-08,5271.0,23.0
CES9092000001,2020-01-01,2024-01-05,5271.0,23.0
CES9092000001,2020-01-01,2024-02-02,5270.0,19.0
CES9092000001,2020-01-01,2024-03-08,5270.0,19.0
CES9092000001,2020-01-01,2024-04-05,5270.0,19.0
CES9092000001,2020-01-01,2024-05-03,5270.0,19.0
CES9092000001,2020-01-01,2024-06-07,5270.0,19.0
CES9092000001,2020-01-01,2024-07-05,5270.0,19.0
CES9092000001,2020-01-01,2024-08-02,5270.0,19.0
CES9092000001,2020-01-01,2024-09-06,5270.0,19.0
CES9092000001,2020-01-01,2024-10-04,5270.0,19.0
CES9092000001,2020-01-01,2024-11-01,5270.0,19.0
CES9092000001,2020-01-01,2024-12-06,5270.0,19.0
CES9092000001,2020-01-01,2025-01-10,5270.0,19.0
CES9092000001,2020-01-01,2025-02-07,5262.0,11.0
CES9092000001,2020-01-01,2025-03-07,5262.0,11.0
CES9092000001,2020-01-01,2025-04-04,5262.0,11.0
CES9092000001,2020-01-01,2025-05-02,5262.0,11.0
CES9092000001,2020-01-01,2025-06-06,5262.0,11.0
CES9092000001,2020-01-01,2025-07-03,5262.0,11.0
CES9092000001,2020-01-01,2025-08-01,5262.0,11.0
CES9092000001,2020-01-01,2025-09-05,5262.0,11.0
CES9092000001,2020-01-01,2025-11-20,5262.0,11.0
CES9092000001,2020-01-01,2025-12-16,5262.0,11.0
CES9092000001,2020-01-01,2026-01-09,5262.0,11.0
CES9092000001,2020-01-01,2026-02-11,5262.0,11.0
CES9092000001,2020-01-01,2026-03-06,5262.0,11.0
CES9092000001,2020-01-01,2026-04-03,5262.0,11.0
CES9092000001,2020-01-01,2026-05-08,5262.0,11.0
CES9092000001,2020-01-01,2026-06-05,5262.0,11.0
CES9092000001,2020-01-01,2026-07-02,5262.0,11.0
CES9092000001,2020-02-01,2020-03-06,5217.0,18.0
CES9092000001,2020-02-01,2020-04-03,5198.0,8.0
CES9092000001,2020-02-01,2020-05-08,5199.0,9.0
CES9092000001,2020-02-01,2020-06-05,5199.0,9.0
CES9092000001,2020-02-01,2020-07-02,5199.0,9.0
CES9092000001,2020-02-01,2020-08-07,5199.0,9.0
CES9092000001,2020-02-01,2020-09-04,5199.0,9.0
CES9092000001,2020-02-01,2020-10-02,5199.0,9.0
CES9092000001,2020-02-01,2020-11-06,5199.0,9.0
CES9092000001,2020-02-01,2020-12-04,5199.0,9.0
CES9092000001,2020-02-01,2021-01-08,5199.0,9.0
CES9092000001,2020-02-01,2021-02-05,5303.0,19.0
CES9092000001,2020-02-01,2021-03-05,5303.0,19.0
CES9092000001,2020-02-01,2021-04-02,5303.0,19.0
CES9092000001,2020-02-01,2021-05-07,5303.0,19.0
CES9092000001,2020-02-01,2021-06-04,5303.0,19.0
CES9092000001,2020-02-01,2021-07-02,5303.0,19.0
CES9092000001,2020-02-01,2021-08-06,5303.0,19.0
CES9092000001,2020-02-01,2021-09-03,5303.0,19.0
CES9092000001,2020-02-01,2021-10-08,5303.0,19.0
CES9092000001,2020-02-01,2021-11-05,5303.0,19.0
CES9092000001,2020-02-01,2021-12-03,5303.0,19.0
CES9092000001,2020-02-01,2022-01-07,5303.0,19.0
CES9092000001,2020-02-01,2022-02-04,5310.0,46.0
CES9092000001,2020-02-01,2022-03-04,5310.0,46.0
CES9092000001,2020-02-01,2022-04-01,5310.0,46.0
CES9092000001,2020-02-01,2022-05-06,5310.0,46.0
CES9092000001,2020-02-01,2022-06-03,5310.0,46.0
CES9092000001,2020-02-01,2022-07-08,5310.0,46.0
CES9092000001,2020-02-01,2022-08-05,5310.0,46.0
CES9092000001,2020-02-01,2022-09-02,5310.0,46.0
CES9092000001,2020-02-01,2022-10-07,5310.0,46.0
CES9092000001,2020-02-01,2022-11-04,5310.0,46.0
CES9092000001,2020-02-01,2022-12-02,5310.0,46.0
CES9092000001,2020-02-01,2023-01-06,5310.0,46.0
CES9092000001,2020-02-01,2023-02-03,5317.0,46.0
CES9092000001,2020-02-01,2023-03-10,5317.0,46.0
CES9092000001,2020-02-01,2023-04-07,5317.0,46.0
CES9092000001,2020-02-01,2023-05-05,5317.0,46.0
CES9092000001,2020-02-01,2023-06-02,5317.0,46.0
CES9092000001,2020-02-01,2023-07-07,5317.0,46.0
CES9092000001,2020-02-01,2023-08-04,5317.0,46.0
CES9092000001,2020-02-01,2023-09-01,5317.0,46.0
CES9092000001,2020-02-01,2023-10-06,5317.0,46.0
CES9092000001,2020-02-01,2023-11-03,5317.0,46.0
CES9092000001,2020-02-01,2023-12-08,5317.0,46.0
CES9092000001,2020-02-01,2024-01-05,5317.0,46.0
CES9092000001,2020-02-01,2024-02-02,5319.0,49.0
CES9092000001,2020-02-01,2024-03-08,5319.0,49.0
CES9092000001,2020-02-01,2024-04-05,5319.0,49.0
CES9092000001,2020-02-01,2024-05-03,5319.0,49.0
CES9092000001,2020-02-01,2024-06-07,5319.0,49.0
CES9092000001,2020-02-01,2024-07-05,5319.0,49.0
CES9092000001,2020-02-01,2024-08-02,5319.0,49.0
CES9092000001,2020-02-01,2024-09-06,5319.0,49.0
CES9092000001,2020-02-01,2024-10-04,5319.0,49.0
CES9092000001,2020-02-01,2024-11-01,5319.0,49.0
CES9092000001,2020-02-01,2024-12-06,5319.0,49.0
CES9092000001,2020-02-01,2025-01-10,5319.0,49.0
CES9092000001,2020-02-01,2025-02-07,5308.0,46.0
CES9092000001,2020-02-01,2025-03-07,5308.0,46.0
CES9092000001,2020-02-01,2025-04-04,5308.0,46.0
CES9092000001,2020-02-01,2025-05-02,5308.0,46.0
CES9092000001,2020-02-01,2025-06-06,5308.0,46.0
CES9092000001,2020-02-01,2025-07-03,5308.0,46.0
CES9092000001,2020-02-01,2025-08-01,5308.0,46.0
CES9092000001,2020-02-01,2025-09-05,5308.0,46.0
CES9092000001,2020-02-01,2025-11-20,5308.0,46.0
CES9092000001,2020-02-01,2025-12-16,5308.0,46.0
CES9092000001,2020-02-01,2026-01-09,5308.0,46.0
CES9092000001,2020-02-01,2026-02-11,5308.0,46.0
CES9092000001,2020-02-01,2026-03-06,5308.0,46.0
CES9092000001,2020-02-01,2026-04-03,5308.0,46.0
CES9092000001,2020-02-01,2026-05-08,5308.0,46.0
CES9092000001,2020-02-01,2026-06-05,5308.0,46.0
CES9092000001,2020-02-01,2026-07-02,5308.0,46.0
CES9092000001,2020-03-01,2020-04-03,5184.0,-14.0
CES9092000001,2020-03-01,2020-05-08,5153.0,-46.0
CES9092000001,2020-03-01,2020-06-05,5162.0,-37.0
CES9092000001,2020-03-01,2020-07-02,5162.0,-37.0
CES9092000001,2020-03-01,2020-08-07,5162.0,-37.0
CES9092000001,2020-03-01,2020-09-04,5162.0,-37.0
CES9092000001,2020-03-01,2020-10-02,5162.0,-37.0
CES9092000001,2020-03-01,2020-11-06,5162.0,-37.0
CES9092000001,2020-03-01,2020-12-04,5162.0,-37.0
CES9092000001,2020-03-01,2021-01-08,5162.0,-37.0
CES9092000001,2020-03-01,2021-02-05,5242.0,-61.0
CES9092000001,2020-03-01,2021-03-05,5242.0,-61.0
CES9092000001,2020-03-01,2021-04-02,5242.0,-61.0
CES9092000001,2020-03-01,2021-05-07,5242.0,-61.0
CES9092000001,2020-03-01,2021-06-04,5242.0,-61.0
CES9092000001,2020-03-01,2021-07-02,5242.0,-61.0
CES9092000001,2020-03-01,2021-08-06,5242.0,-61.0
CES9092000001,2020-03-01,2021-09-03,5242.0,-61.0
CES9092000001,2020-03-01,2021-10-08,5242.0,-61.0
CES9092000001,2020-03-01,2021-11-05,5242.0,-61.0
CES9092000001,2020-03-01,2021-12-03,5242.0,-61.0
CES9092000001,2020-03-01,2022-01-07,5242.0,-61.0
CES9092000001,2020-03-01,2022-02-04,5247.0,-63.0
CES9092000001,2020-03-01,2022-03-04,5247.0,-63.0
CES9092000001,2020-03-01,2022-04-01,5247.0,-63.0
CES9092000001,2020-03-01,2022-05-06,5247.0,-63.0
CES9092000001,2020-03-01,2022-06-03,5247.0,-63.0
CES9092000001,2020-03-01,2022-07-08,5247.0,-63.0
CES9092000001,2020-03-01,2022-08-05,5247.0,-63.0
CES9092000001,2020-03-01,2022-09-02,5247.0,-63.0
CES9092000001,2020-03-01,2022-10-07,5247.0,-63.0
CES9092000001,2020-03-01,2022-11-04,5247.0,-63.0
CES9092000001,2020-03-01,2022-12-02,5247.0,-63.0
CES9092000001,2020-03-01,2023-01-06,5247.0,-63.0
CES9092000001,2020-03-01,2023-02-03,5266.0,-51.0
CES9092000001,2020-03-01,2023-03-10,5266.0,-51.0
CES9092000001,2020-03-01,2023-04-07,5266.0,-51.0
CES9092000001,2020-03-01,2023-05-05,5266.0,-51.0
CES9092000001,2020-03-01,2023-06-02,5266.0,-51.0
CES9092000001,2020-03-01,2023-07-07,5266.0,-51.0
CES9092000001,2020-03-01,2023-08-04,5266.0,-51.0
CES9092000001,2020-03-01,2023-09-01,5266.0,-51.0
CES9092000001,2020-03-01,2023-10-06,5266.0,-51.0
CES9092000001,2020-03-01,2023-11-03,5266.0,-51.0
CES9092000001,2020-03-01,2023-12-08,5266.0,-51.0
CES9092000001,2020-03-01,2024-01-05,5266.0,-51.0
CES9092000001,2020-03-01,2024-02-02,5266.0,-53.0
CES9092000001,2020-03-01,2024-03-08,5266.0,-53.0
CES9092000001,2020-03-01,2024-04-05,5266.0,-53.0
CES9092000001,2020-03-01,2024-05-03,5266.0,-53.0
CES9092000001,2020-03-01,2024-06-07,5266.0,-53.0
CES9092000001,2020-03-01,2024-07-05,5266.0,-53.0
CES9092000001,2020-03-01,2024-08-02,5266.0,-53.0
CES9092000001,2020-03-01,2024-09-06,5266.0,-53.0
CES9092000001,2020-03-01,2024-10-04,5266.0,-53.0
CES9092000001,2020-03-01,2024-11-01,5266.0,-53.0
CES9092000001,2020-03-01,2024-12-06,5266.0,-53.0
CES9092000001,2020-03-01,2025-01-10,5266.0,-53.0
CES9092000001,2020-03-01,2025-02-07,5263.0,-45.0
CES9092000001,2020-03-01,2025-03-07,5263.0,-45.0
CES9092000001,2020-03-01,2025-04-04,5263.0,-45.0
CES9092000001,2020-03-01,2025-05-02,5263.0,-45.0
CES9092000001,2020-03-01,2025-06-06,5263.0,-45.0
CES9092000001,2020-03-01,2025-07-03,5263.0,-45.0
CES9092000001,2020-03-01,2025-08-01,5263.0,-45.0
CES9092000001,2020-03-01,2025-09-05,5263.0,-45.0
CES9092000001,2020-03-01,2025-11-20,5263.0,-45.0
CES9092000001,2020-03-01,2025-12-16,5263.0,-45.0
CES9092000001,2020-03-01,2026-01-09,5263.0,-45.0
CES9092000001,2020-03-01,2026-02-11,5263.0,-45.0
CES9092000001,2020-03-01,2026-03-06,5263.0,-45.0
CES9092000001,2020-03-01,2026-04-03,5263.0,-45.0
CES9092000001,2020-03-01,2026-05-08,5263.0,-45.0
CES9092000001,2020-03-01,2026-06-05,5263.0,-45.0
CES9092000001,2020-03-01,2026-07-02,5263.0,-45.0
CES9092000001,2020-04-01,2020-05-08,4973.0,-180.0
CES9092000001,2020-04-01,2020-06-05,4995.0,-167.0
CES9092000001,2020-04-01,2020-07-02,4993.0,-169.0
CES9092000001,2020-04-01,2020-08-07,4993.0,-169.0
CES9092000001,2020-04-01,2020-09-04,4993.0,-169.0
CES9092000001,2020-04-01,2020-10-02,4993.0,-169.0
CES9092000001,2020-04-01,2020-11-06,4993.0,-169.0
CES9092000001,2020-04-01,2020-12-04,4993.0,-169.0
CES9092000001,2020-04-01,2021-01-08,4993.0,-169.0
CES9092000001,2020-04-01,2021-02-05,5074.0,-168.0
CES9092000001,2020-04-01,2021-03-05,5074.0,-168.0
CES9092000001,2020-04-01,2021-04-02,5074.0,-168.0
CES9092000001,2020-04-01,2021-05-07,5074.0,-168.0
CES9092000001,2020-04-01,2021-06-04,5074.0,-168.0
CES9092000001,2020-04-01,2021-07-02,5074.0,-168.0
CES9092000001,2020-04-01,2021-08-06,5074.0,-168.0
CES9092000001,2020-04-01,2021-09-03,5074.0,-168.0
CES9092000001,2020-04-01,2021-10-08,5074.0,-168.0
CES9092000001,2020-04-01,2021-11-05,5074.0,-168.0
CES9092000001,2020-04-01,2021-12-03,5074.0,-168.0
CES9092000001,2020-04-01,2022-01-07,5074.0,-168.0
CES9092000001,2020-04-01,2022-02-04,5091.0,-156.0
CES9092000001,2020-04-01,2022-03-04,5091.0,-156.0
CES9092000001,2020-04-01,2022-04-01,5091.0,-156.0
CES9092000001,2020-04-01,2022-05-06,5091.0,-156.0
CES9092000001,2020-04-01,2022-06-03,5091.0,-156.0
CES9092000001,2020-04-01,2022-07-08,5091.0,-156.0
CES9092000001,2020-04-01,2022-08-05,5091.0,-156.0
CES9092000001,2020-04-01,2022-09-02,5091.0,-156.0
CES9092000001,2020-04-01,2022-10-07,5091.0,-156.0
CES9092000001,2020-04-01,2022-11-04,5091.0,-156.0
CES9092000001,2020-04-01,2022-12-02,5091.0,-156.0
CES9092000001,2020-04-01,2023-01-06,5091.0,-156.0
CES9092000001,2020-04-01,2023-02-03,5117.0,-149.0
CES9092000001,2020-04-01,2023-03-10,5117.0,-149.0
CES9092000001,2020-04-01,2023-04-07,5117.0,-149.0
CES9092000001,2020-04-01,2023-05-05,5117.0,-149.0
CES9092000001,2020-04-01,2023-06-02,5117.0,-149.0
CES9092000001,2020-04-01,2023-07-07,5117.0,-149.0
CES9092000001,2020-04-01,2023-08-04,5117.0,-149.0
CES9092000001,2020-04-01,2023-09-01,5117.0,-149.0
CES9092000001,2020-04-01,2023-10-06,5117.0,-149.0
CES9092000001,2020-04-01,2023-11-03,5117.0,-149.0
CES9092000001,2020-04-01,2023-12-08,5117.0,-149.0
CES9092000001,2020-04-01,2024-01-05,5117.0,-149.0
CES9092000001,2020-04-01,2024-02-02,5115.0,-151.0
CES9092000001,2020-04-01,2024-03-08,5115.0,-151.0
CES9092000001,2020-04-01,2024-04-05,5115.0,-151.0
CES9092000001,2020-04-01,2024-05-03,5115.0,-151.0
CES9092000001,2020-04-01,2024-06-07,5115.0,-151.0
CES9092000001,2020-04-01,2024-07-05,5115.0,-151.0
CES9092000001,2020-04-01,2024-08-02,5115.0,-151.0
CES9092000001,2020-04-01,2024-09-06,5115.0,-151.0
CES9092000001,2020-04-01,2024-10-04,5115.0,-151.0
CES9092000001,2020-04-01,2024-11-01,5115.0,-151.0
CES9092000001,2020-04-01,2024-12-06,5115.0,-151.0
CES9092000001,2020-04-01,2025-01-10,5115.0,-151.0
CES9092000001,2020-04-01,2025-02-07,5113.0,-150.0
CES9092000001,2020-04-01,2025-03-07,5113.0,-150.0
CES9092000001,2020-04-01,2025-04-04,5113.0,-150.0
CES9092000001,2020-04-01,2025-05-02,5113.0,-150.0
CES9092000001,2020-04-01,2025-06-06,5113.0,-150.0
CES9092000001,2020-04-01,2025-07-03,5113.0,-150.0
CES9092000001,2020-04-01,2025-08-01,5113.0,-150.0
CES9092000001,2020-04-01,2025-09-05,5113.0,-150.0
CES9092000001,2020-04-01,2025-11-20,5113.0,-150.0
CES9092000001,2020-04-01,2025-12-16,5113.0,-150.0
CES9092000001,2020-04-01,2026-01-09,5113.0,-150.0
CES9092000001,2020-04-01,2026-02-11,5113.0,-150.0
CES9092000001,2020-04-01,2026-03-06,5113.0,-150.0
CES9092000001,2020-04-01,2026-04-03,5113.0,-150.0
CES9092000001,2020-04-01,2026-05-08,5113.0,-150.0
CES9092000001,2020-04-01,2026-06-05,5113.0,-150.0
CES9092000001,2020-04-01,2026-07-02,5113.0,-150.0
CES9092000001,2020-05-01,2020-06-05,4911.0,-84.0
CES9092000001,2020-05-01,2020-07-02,4940.0,-53.0
CES9092000001,2020-05-01,2020-08-07,4956.0,-37.0
CES9092000001,2020-05-01,2020-09-04,4956.0,-37.0
CES9092000001,2020-05-01,2020-10-02,4956.0,-37.0
CES9092000001,2020-05-01,2020-11-06,4956.0,-37.0
CES9092000001,2020-05-01,2020-12-04,4956.0,-37.0
CES9092000001,2020-05-01,2021-01-08,4956.0,-37.0
CES9092000001,2020-05-01,2021-02-05,5031.0,-43.0
CES9092000001,2020-05-01,2021-03-05,5031.0,-43.0
CES9092000001,2020-05-01,2021-04-02,5031.0,-43.0
CES9092000001,2020-05-01,2021-05-07,5031.0,-43.0
CES9092000001,2020-05-01,2021-06-04,5031.0,-43.0
CES9092000001,2020-05-01,2021-07-02,5031.0,-43.0
CES9092000001,2020-05-01,2021-08-06,5031.0,-43.0
CES9092000001,2020-05-01,2021-09-03,5031.0,-43.0
CES9092000001,2020-05-01,2021-10-08,5031.0,-43.0
CES9092000001,2020-05-01,2021-11-05,5031.0,-43.0
CES9092000001,2020-05-01,2021-12-03,5031.0,-43.0
CES9092000001,2020-05-01,2022-01-07,5031.0,-43.0
CES9092000001,2020-05-01,2022-02-04,5080.0,-11.0
CES9092000001,2020-05-01,2022-03-04,5080.0,-11.0
CES9092000001,2020-05-01,2022-04-01,5080.0,-11.0
CES9092000001,2020-05-01,2022-05-06,5080.0,-11.0
CES9092000001,2020-05-01,2022-06-03,5080.0,-11.0
CES9092000001,2020-05-01,2022-07-08,5080.0,-11.0
CES9092000001,2020-05-01,2022-08-05,5080.0,-11.0
CES9092000001,2020-05-01,2022-09-02,5080.0,-11.0
CES9092000001,2020-05-01,2022-10-07,5080.0,-11.0
CES9092000001,2020-05-01,2022-11-04,5080.0,-11.0
CES9092000001,2020-05-01,2022-12-02,5080.0,-11.0
CES9092000001,2020-05-01,2023-01-06,5080.0,-11.0
CES9092000001,2020-05-01,2023-02-03,5060.0,-57.0
CES9092000001,2020-05-01,2023-03-10,5060.0,-57.0
CES9092000001,2020-05-01,2023-04-07,5060.0,-57.0
CES9092000001,2020-05-01,2023-05-05,5060.0,-57.0
CES9092000001,2020-05-01,2023-06-02,5060.0,-57.0
CES9092000001,2020-05-01,2023-07-07,5060.0,-57.0
CES9092000001,2020-05-01,2023-08-04,5060.0,-57.0
CES9092000001,2020-05-01,2023-09-01,5060.0,-57.0
CES9092000001,2020-05-01,2023-10-06,5060.0,-57.0
CES9092000001,2020-05-01,2023-11-03,5060.0,-57.0
CES9092000001,2020-05-01,2023-12-08,5060.0,-57.0
CES9092000001,2020-05-01,2024-01-05,5060.0,-57.0
CES9092000001,2020-05-01,2024-02-02,5057.0,-58.0
CES9092000001,2020-05-01,2024-03-08,5057.0,-58.0
CES9092000001,2020-05-01,2024-04-05,5057.0,-58.0
CES9092000001,2020-05-01,2024-05-03,5057.0,-58.0
CES9092000001,2020-05-01,2024-06-07,5057.0,-58.0
CES9092000001,2020-05-01,2024-07-05,5057.0,-58.0
CES9092000001,2020-05-01,2024-08-02,5057.0,-58.0
CES9092000001,2020-05-01,2024-09-06,5057.0,-58.0
CES9092000001,2020-05-01,2024-10-04,5057.0,-58.0
CES9092000001,2020-05-01,2024-11-01,5057.0,-58.0
CES9092000001,2020-05-01,2024-12-06,5057.0,-58.0
CES9092000001,2020-05-01,2025-01-10,5057.0,-58.0
CES9092000001,2020-05-01,2025-02-07,5059.0,-54.0
CES9092000001,2020-05-01,2025-03-07,5059.0,-54.0
CES9092000001,2020-05-01,2025-04-04,5059.0,-54.0
CES9092000001,2020-05-01,2025-05-02,5059.0,-54.0
CES9092000001,2020-05-01,2025-06-06,5059.0,-54.0
CES9092000001,2020-05-01,2025-07-03,5059.0,-54.0
CES9092000001,2020-05-01,2025-08-01,5059.0,-54.0
CES9092000001,2020-05-01,2025-09-05,5059.0,-54.0
CES9092000001,2020-05-01,2025-11-20,5059.0,-54.0
CES9092000001,2020-05-01,2025-12-16,5059.0,-54.0
CES9092000001,2020-05-01,2026-01-09,5059.0,-54.0
CES9092000001,2020-05-01,2026-02-11,5059.0,-54.0
CES9092000001,2020-05-01,2026-03-06,5059.0,-54.0
CES9092000001,2020-05-01,2026-04-03,5059.0,-54.0
CES9092000001,2020-05-01,2026-05-08,5059.0,-54.0
CES9092000001,2020-05-01,2026-06-05,5059.0,-54.0
CES9092000001,2020-05-01,2026-07-02,5059.0,-54.0
CES9092000001,2020-06-01,2020-07-02,4915.0,-25.0
CES9092000001,2020-06-01,2020-08-07,4966.0,10.0
CES9092000001,2020-06-01,2020-09-04,4973.0,17.0
CES9092000001,2020-06-01,2020-10-02,4973.0,17.0
CES9092000001,2020-06-01,2020-11-06,4973.0,17.0
CES9092000001,2020-06-01,2020-12-04,4973.0,17.0
CES9092000001,2020-06-01,2021-01-08,4973.0,17.0
CES9092000001,2020-06-01,2021-02-05,5043.0,12.0
CES9092000001,2020-06-01,2021-03-05,5043.0,12.0
CES9092000001,2020-06-01,2021-04-02,5043.0,12.0
CES9092000001,2020-06-01,2021-05-07,5043.0,12.0
CES9092000001,2020-06-01,2021-06-04,5043.0,12.0
CES9092000001,2020-06-01,2021-07-02,5043.0,12.0
CES9092000001,2020-06-01,2021-08-06,5043.0,12.0
CES9092000001,2020-06-01,2021-09-03,5043.0,12.0
CES9092000001,2020-06-01,2021-10-08,5043.0,12.0
CES9092000001,2020-06-01,2021-11-05,5043.0,12.0
CES9092000001,2020-06-01,2021-12-03,5043.0,12.0
CES9092000001,2020-06-01,2022-01-07,5043.0,12.0
CES9092000001,2020-06-01,2022-02-04,5076.0,-4.0
CES9092000001,2020-06-01,2022-03-04,5076.0,-4.0
CES9092000001,2020-06-01,2022-04-01,5076.0,-4.0
CES9092000001,2020-06-01,2022-05-06,5076.0,-4.0
CES9092000001,2020-06-01,2022-06-03,5076.0,-4.0
CES9092000001,2020-06-01,2022-07-08,5076.0,-4.0
CES9092000001,2020-06-01,2022-08-05,5076.0,-4.0
CES9092000001,2020-06-01,2022-09-02,5076.0,-4.0
CES9092000001,2020-06-01,2022-10-07,5076.0,-4.0
CES9092000001,2020-06-01,2022-11-04,5076.0,-4.0
CES9092000001,2020-06-01,2022-12-02,5076.0,-4.0
CES9092000001,2020-06-01,2023-01-06,5076.0,-4.0
CES9092000001,2020-06-01,2023-02-03,5061.0,1.0
CES9092000001,2020-06-01,2023-03-10,5061.0,1.0
CES9092000001,2020-06-01,2023-04-07,5061.0,1.0
CES9092000001,2020-06-01,2023-05-05,5061.0,1.0
CES9092000001,2020-06-01,2023-06-02,5061.0,1.0
CES9092000001,2020-06-01,2023-07-07,5061.0,1.0
CES9092000001,2020-06-01,2023-08-04,5061.0,1.0
CES9092000001,2020-06-01,2023-09-01,5061.0,1.0
CES9092000001,2020-06-01,2023-10-06,5061.0,1.0
CES9092000001,2020-06-01,2023-11-03,5061.0,1.0
CES9092000001,2020-06-01,2023-12-08,5061.0,1.0
CES9092000001,2020-06-01,2024-01-05,5061.0,1.0
CES9092000001,2020-06-01,2024-02-02,5059.0,2.0
CES9092000001,2020-06-01,2024-03-08,5059.0,2.0
CES9092000001,2020-06-01,2024-04-05,5059.0,2.0
CES9092000001,2020-06-01,2024-05-03,5059.0,2.0
CES9092000001,2020-06-01,2024-06-07,5059.0,2.0
CES9092000001,2020-06-01,2024-07-05,5059.0,2.0
CES9092000001,2020-06-01,2024-08-02,5059.0,2.0
CES9092000001,2020-06-01,2024-09-06,5059.0,2.0
CES9092000001,2020-06-01,2024-10-04,5059.0,2.0
CES9092000001,2020-06-01,2024-11-01,5059.0,2.0
CES9092000001,2020-06-01,2024-12-06,5059.0,2.0
CES9092000001,2020-06-01,2025-01-10,5059.0,2.0
CES9092000001,2020-06-01,2025-02-07,5069.0,10.0
CES9092000001,2020-06-01,2025-03-07,5069.0,10.0
CES9092000001,2020-06-01,2025-04-04,5069.0,10.0
CES9092000001,2020-06-01,2025-05-02,5069.0,10.0
CES9092000001,2020-06-01,2025-06-06,5069.0,10.0
CES9092000001,2020-06-01,2025-07-03,5069.0,10.0
CES9092000001,2020-06-01,2025-08-01,5069.0,10.0
CES9092000001,2020-06-01,2025-09-05,5069.0,10.0
CES9092000001,2020-06-01,2025-11-20,5069.0,10.0
CES9092000001,2020-06-01,2025-12-16,5069.0,10.0
CES9092000001,2020-06-01,2026-01-09,5069.0,10.0
CES9092000001,2020-06-01,2026-02-11,5069.0,10.0
CES9092000001,2020-06-01,2026-03-06,5069.0,10.0
CES9092000001,2020-06-01,2026-04-03,5069.0,10.0
CES9092000001,2020-06-01,2026-05-08,5069.0,10.0
CES9092000001,2020-06-01,2026-06-05,5069.0,10.0
CES9092000001,2020-06-01,2026-07-02,5069.0,10.0
CES9092000001,2020-07-01,2020-08-07,4999.0,33.0
CES9092000001,2020-07-01,2020-09-04,4983.0,10.0
CES9092000001,2020-07-01,2020-10-02,4964.0,-9.0
CES9092000001,2020-07-01,2020-11-06,4964.0,-9.0
CES9092000001,2020-07-01,2020-12-04,4964.0,-9.0
CES9092000001,2020-07-01,2021-01-08,4964.0,-9.0
CES9092000001,2020-07-01,2021-02-05,5039.0,-4.0
CES9092000001,2020-07-01,2021-03-05,5039.0,-4.0
CES9092000001,2020-07-01,2021-04-02,5039.0,-4.0
CES9092000001,2020-07-01,2021-05-07,5039.0,-4.0
CES9092000001,2020-07-01,2021-06-04,5039.0,-4.0
CES9092000001,2020-07-01,2021-07-02,5039.0,-4.0
CES9092000001,2020-07-01,2021-08-06,5039.0,-4.0
CES9092000001,2020-07-01,2021-09-03,5039.0,-4.0
CES9092000001,2020-07-01,2021-10-08,5039.0,-4.0
CES9092000001,2020-07-01,2021-11-05,5039.0,-4.0
CES9092000001,2020-07-01,2021-12-03,5039.0,-4.0
CES9092000001,2020-07-01,2022-01-07,5039.0,-4.0
CES9092000001,2020-07-01,2022-02-04,5084.0,8.0
CES9092000001,2020-07-01,2022-03-04,5084.0,8.0
CES9092000001,2020-07-01,2022-04-01,5084.0,8.0
CES9092000001,2020-07-01,2022-05-06,5084.0,8.0
CES9092000001,2020-07-01,2022-06-03,5084.0,8.0
CES9092000001,2020-07-01,2022-07-08,5084.0,8.0
CES9092000001,2020-07-01,2022-08-05,5084.0,8.0
CES9092000001,2020-07-01,2022-09-02,5084.0,8.0
CES9092000001,2020-07-01,2022-10-07,5084.0,8.0
CES9092000001,2020-07-01,2022-11-04,5084.0,8.0
CES9092000001,2020-07-01,2022-12-02,5084.0,8.0
CES9092000001,2020-07-01,2023-01-06,5084.0,8.0
CES9092000001,2020-07-01,2023-02-03,5071.0,10.0
CES9092000001,2020-07-01,2023-03-10,5071.0,10.0
CES9092000001,2020-07-01,2023-04-07,5071.0,10.0
CES9092000001,2020-07-01,2023-05-05,5071.0,10.0
CES9092000001,2020-07-01,2023-06-02,5071.0,10.0
CES9092000001,2020-07-01,2023-07-07,5071.0,10.0
CES9092000001,2020-07-01,2023-08-04,5071.0,10.0
CES9092000001,2020-07-01,2023-09-01,5071.0,10.0
CES9092000001,2020-07-01,2023-10-06,5071.0,10.0
CES9092000001,2020-07-01,2023-11-03,5071.0,10.0
CES9092000001,2020-07-01,2023-12-08,5071.0,10.0
CES9092000001,2020-07-01,2024-01-05,5071.0,10.0
CES9092000001,2020-07-01,2024-02-02,5070.0,11.0
CES9092000001,2020-07-01,2024-03-08,5070.0,11.0
CES9092000001,2020-07-01,2024-04-05,5070.0,11.0
CES9092000001,2020-07-01,2024-05-03,5070.0,11.0
CES9092000001,2020-07-01,2024-06-07,5070.0,11.0
CES9092000001,2020-07-01,2024-07-05,5070.0,11.0
CES9092000001,2020-07-01,2024-08-02,5070.0,11.0
CES9092000001,2020-07-01,2024-09-06,5070.0,11.0
CES9092000001,2020-07-01,2024-10-04,5070.0,11.0
CES9092000001,2020-07-01,2024-11-01,5070.0,11.0
CES9092000001,2020-07-01,2024-12-06,5070.0,11.0
CES9092000001,2020-07-01,2025-01-10,5070.0,11.0
CES9092000001,2020-07-01,2025-02-07,5080.0,11.0
CES9092000001,2020-07-01,2025-03-07,5080.0,11.0
CES9092000001,2020-07-01,2025-04-04,5080.0,11.0
CES9092000001,2020-07-01,2025-05-02,5080.0,11.0
CES9092000001,2020-07-01,2025-06-06,5080.0,11.0
CES9092000001,2020-07-01,2025-07-03,5080.0,11.0
CES9092000001,2020-07-01,2025-08-01,5080.0,11.0
CES9092000001,2020-07-01,2025-09-05,5080.0,11.0
CES9092000001,2020-07-01,2025-11-20,5080.0,11.0
CES9092000001,2020-07-01,2025-12-16,5080.0,11.0
CES9092000001,2020-07-01,2026-01-09,5080.0,11.0
CES9092000001,2020-07-01,2026-02-11,5080.0,11.0
CES9092000001,2020-07-01,2026-03-06,5080.0,11.0
CES9092000001,2020-07-01,2026-04-03,5080.0,11.0
CES9092000001,2020-07-01,2026-05-08,5080.0,11.0
CES9092000001,2020-07-01,2026-06-05,5080.0,11.0
CES9092000001,2020-07-01,2026-07-02,5080.0,11.0
CES9092000001,2020-08-01,2020-09-04,4981.0,-2.0
CES9092000001,2020-08-01,2020-10-02,4983.0,19.0
CES9092000001,2020-08-01,2020-11-06,4988.0,24.0
CES9092000001,2020-08-01,2020-12-04,4988.0,24.0
CES9092000001,2020-08-01,2021-01-08,4988.0,24.0
CES9092000001,2020-08-01,2021-02-05,5060.0,21.0
CES9092000001,2020-08-01,2021-03-05,5060.0,21.0
CES9092000001,2020-08-01,2021-04-02,5060.0,21.0
CES9092000001,2020-08-01,2021-05-07,5060.0,21.0
CES9092000001,2020-08-01,2021-06-04,5060.0,21.0
CES9092000001,2020-08-01,2021-07-02,5060.0,21.0
CES9092000001,2020-08-01,2021-08-06,5060.0,21.0
CES9092000001,2020-08-01,2021-09-03,5060.0,21.0
CES9092000001,2020-08-01,2021-10-08,5060.0,21.0
CES9092000001,2020-08-01,2021-11-05,5060.0,21.0
CES9092000001,2020-08-01,2021-12-03,5060.0,21.0
CES9092000001,2020-08-01,2022-01-07,5060.0,21.0
CES9092000001,2020-08-01,2022-02-04,5114.0,30.0
CES9092000001,2020-08-01,2022-03-04,5114.0,30.0
CES9092000001,2020-08-01,2022-04-01,5114.0,30.0
CES9092000001,2020-08-01,2022-05-06,5114.0,30.0
CES9092000001,2020-08-01,2022-06-03,5114.0,30.0
CES9092000001,2020-08-01,2022-07-08,5114.0,30.0
CES9092000001,2020-08-01,2022-08-05,5114.0,30.0
CES9092000001,2020-08-01,2022-09-02,5114.0,30.0
CES9092000001,2020-08-01,2022-10-07,5114.0,30.0
CES9092000001,2020-08-01,2022-11-04,5114.0,30.0
CES9092000001,2020-08-01,2022-12-02,5114.0,30.0
CES9092000001,2020-08-01,2023-01-06,5114.0,30.0
CES9092000001,2020-08-01,2023-02-03,5116.0,45.0
CES9092000001,2020-08-01,2023-03-10,5116.0,45.0
CES9092000001,2020-08-01,2023-04-07,5116.0,45.0
CES9092000001,2020-08-01,2023-05-05,5116.0,45.0
CES9092000001,2020-08-01,2023-06-02,5116.0,45.0
CES9092000001,2020-08-01,2023-07-07,5116.0,45.0
CES9092000001,2020-08-01,2023-08-04,5116.0,45.0
CES9092000001,2020-08-01,2023-09-01,5116.0,45.0
CES9092000001,2020-08-01,2023-10-06,5116.0,45.0
CES9092000001,2020-08-01,2023-11-03,5116.0,45.0
CES9092000001,2020-08-01,2023-12-08,5116.0,45.0
CES9092000001,2020-08-01,2024-01-05,5116.0,45.0
CES9092000001,2020-08-01,2024-02-02,5115.0,45.0
CES9092000001,2020-08-01,2024-03-08,5115.0,45.0
CES9092000001,2020-08-01,2024-04-05,5115.0,45.0
CES9092000001,2020-08-01,2024-05-03,5115.0,45.0
CES9092000001,2020-08-01,2024-06-07,5115.0,45.0
CES9092000001,2020-08-01,2024-07-05,5115.0,45.0
CES9092000001,2020-08-01,2024-08-02,5115.0,45.0
CES9092000001,2020-08-01,2024-09-06,5115.0,45.0
CES9092000001,2020-08-01,2024-10-04,5115.0,45.0
CES9092000001,2020-08-01,2024-11-01,5115.0,45.0
CES9092000001,2020-08-01,2024-12-06,5115.0,45.0
CES9092000001,2020-08-01,2025-01-10,5115.0,45.0
CES9092000001,2020-08-01,2025-02-07,5120.0,40.0
CES9092000001,2020-08-01,2025-03-07,5120.0,40.0
CES9092000001,2020-08-01,2025-04-04,5120.0,40.0
CES9092000001,2020-08-01,2025-05-02,5120.0,40.0
CES9092000001,2020-08-01,2025-06-06,5120.0,40.0
CES9092000001,2020-08-01,2025-07-03,5120.0,40.0
CES9092000001,2020-08-01,2025-08-01,5120.0,40.0
CES9092000001,2020-08-01,2025-09-05,5120.0,40.0
CES9092000001,2020-08-01,2025-11-20,5120.0,40.0
CES9092000001,2020-08-01,2025-12-16,5120.0,40.0
CES9092000001,2020-08-01,2026-01-09,5120.0,40.0
CES9092000001,2020-08-01,2026-02-11,5120.0,40.0
CES9092000001,2020-08-01,2026-03-06,5120.0,40.0
CES9092000001,2020-08-01,2026-04-03,5120.0,40.0
CES9092000001,2020-08-01,2026-05-08,5120.0,40.0
CES9092000001,2020-08-01,2026-06-05,5120.0,40.0
CES9092000001,2020-08-01,2026-07-02,5120.0,40.0
CES9092000001,2020-09-01,2020-10-02,4935.0,-48.0
CES9092000001,2020-09-01,2020-11-06,4909.0,-79.0
CES9092000001,2020-09-01,2020-12-04,4921.0,-67.0
CES9092000001,2020-09-01,2021-01-08,4921.0,-67.0
CES9092000001,2020-09-01,2021-02-05,5010.0,-50.0
CES9092000001,2020-09-01,2021-03-05,5010.0,-50.0
CES9092000001,2020-09-01,2021-04-02,5010.0,-50.0
CES9092000001,2020-09-01,2021-05-07,5010.0,-50.0
CES9092000001,2020-09-01,2021-06-04,5010.0,-50.0
CES9092000001,2020-09-01,2021-07-02,5010.0,-50.0
CES9092000001,2020-09-01,2021-08-06,5010.0,-50.0
CES9092000001,2020-09-01,2021-09-03,5010.0,-50.0
CES9092000001,2020-09-01,2021-10-08,5010.0,-50.0
CES9092000001,2020-09-01,2021-11-05,5010.0,-50.0
CES9092000001,2020-09-01,2021-12-03,5010.0,-50.0
CES9092000001,2020-09-01,2022-01-07,5010.0,-50.0
CES9092000001,2020-09-01,2022-02-04,5102.0,-12.0
CES9092000001,2020-09-01,2022-03-04,5102.0,-12.0
CES9092000001,2020-09-01,2022-04-01,5102.0,-12.0
CES9092000001,2020-09-01,2022-05-06,5102.0,-12.0
CES9092000001,2020-09-01,2022-06-03,5102.0,-12.0
CES9092000001,2020-09-01,2022-07-08,5102.0,-12.0
CES9092000001,2020-09-01,2022-08-05,5102.0,-12.0
CES9092000001,2020-09-01,2022-09-02,5102.0,-12.0
CES9092000001,2020-09-01,2022-10-07,5102.0,-12.0
CES9092000001,2020-09-01,2022-11-04,5102.0,-12.0
CES9092000001,2020-09-01,2022-12-02,5102.0,-12.0
CES9092000001,2020-09-01,2023-01-06,5102.0,-12.0
CES9092000001,2020-09-01,2023-02-03,5095.0,-21.0
CES9092000001,2020-09-01,2023-03-10,5095.0,-21.0
CES9092000001,2020-09-01,2023-04-07,5095.0,-21.0
CES9092000001,2020-09-01,2023-05-05,5095.0,-21.0
CES9092000001,2020-09-01,2023-06-02,5095.0,-21.0
CES9092000001,2020-09-01,2023-07-07,5095.0,-21.0
CES9092000001,2020-09-01,2023-08-04,5095.0,-21.0
CES9092000001,2020-09-01,2023-09-01,5095.0,-21.0
CES9092000001,2020-09-01,2023-10-06,5095.0,-21.0
CES9092000001,2020-09-01,2023-11-03,5095.0,-21.0
CES9092000001,2020-09-01,2023-12-08,5095.0,-21.0
CES9092000001,2020-09-01,2024-01-05,5095.0,-21.0
CES9092000001,2020-09-01,2024-02-02,5096.0,-19.0
CES9092000001,2020-09-01,2024-03-08,5096.0,-19.0
CES9092000001,2020-09-01,2024-04-05,5096.0,-19.0
CES9092000001,2020-09-01,2024-05-03,5096.0,-19.0
CES9092000001,2020-09-01,2024-06-07,5096.0,-19.0
CES9092000001,2020-09-01,2024-07-05,5096.0,-19.0
CES9092000001,2020-09-01,2024-08-02,5096.0,-19.0
CES9092000001,2020-09-01,2024-09-06,5096.0,-19.0
CES9092000001,2020-09-01,2024-10-04,5096.0,-19.0
CES9092000001,2020-09-01,2024-11-01,5096.0,-19.0
CES9092000001,2020-09-01,2024-12-06,5096.0,-19.0
CES9092000001,2020-09-01,2025-01-10,5096.0,-19.0
CES9092000001,2020-09-01,2025-02-07,5091.0,-29.0
CES9092000001,2020-09-01,2025-03-07,5091.0,-29.0
CES9092000001,2020-09-01,2025-04-04,5091.0,-29.0
CES9092000001,2020-09-01,2025-05-02,5091.0,-29.0
CES9092000001,2020-09-01,2025-06-06,5091.0,-29.0
CES9092000001,2020-09-01,2025-07-03,5091.0,-29.0
CES9092000001,2020-09-01,2025-08-01,5091.0,-29.0
CES9092000001,2020-09-01,2025-09-05,5091.0,-29.0
CES9092000001,2020-09-01,2025-11-20,5091.0,-29.0
CES9092000001,2020-09-01,2025-12-16,5091.0,-29.0
CES9092000001,2020-09-01,2026-01-09,5091.0,-29.0
CES9092000001,2020-09-01,2026-02-11,5091.0,-29.0
CES9092000001,2020-09-01,2026-03-06,5091.0,-29.0
CES9092000001,2020-09-01,2026-04-03,5091.0,-29.0
CES9092000001,2020-09-01,2026-05-08,5091.0,-29.0
CES9092000001,2020-09-01,2026-06-05,5091.0,-29.0
CES9092000001,2020-09-01,2026-07-02,5091.0,-29.0
CES9092000001,2020-10-01,2020-11-06,4844.0,-65.0
CES9092000001,2020-10-01,2020-12-04,4854.0,-67.0
CES9092000001,2020-10-01,2021-01-08,4850.0,-71.0
CES9092000001,2020-10-01,2021-02-05,4945.0,-65.0
CES9092000001,2020-10-01,2021-03-05,4945.0,-65.0
CES9092000001,2020-10-01,2021-04-02,4945.0,-65.0
CES9092000001,2020-10-01,2021-05-07,4945.0,-65.0
CES9092000001,2020-10-01,2021-06-04,4945.0,-65.0
CES9092000001,2020-10-01,2021-07-02,4945.0,-65.0
CES9092000001,2020-10-01,2021-08-06,4945.0,-65.0
CES9092000001,2020-10-01,2021-09-03,4945.0,-65.0
CES9092000001,2020-10-01,2021-10-08,4945.0,-65.0
CES9092000001,2020-10-01,2021-11-05,4945.0,-65.0
CES9092000001,2020-10-01,2021-12-03,4945.0,-65.0
CES9092000001,2020-10-01,2022-01-07,4945.0,-65.0
CES9092000001,2020-10-01,2022-02-04,5077.0,-25.0
CES9092000001,2020-10-01,2022-03-04,5077.0,-25.0
CES9092000001,2020-10-01,2022-04-01,5077.0,-25.0
CES9092000001,2020-10-01,2022-05-06,5077.0,-25.0
CES9092000001,2020-10-01,2022-06-03,5077.0,-25.0
CES9092000001,2020-10-01,2022-07-08,5077.0,-25.0
CES9092000001,2020-10-01,2022-08-05,5077.0,-25.0
CES9092000001,2020-10-01,2022-09-02,5077.0,-25.0
CES9092000001,2020-10-01,2022-10-07,5077.0,-25.0
CES9092000001,2020-10-01,2022-11-04,5077.0,-25.0
CES9092000001,2020-10-01,2022-12-02,5077.0,-25.0
CES9092000001,2020-10-01,2023-01-06,5077.0,-25.0
CES9092000001,2020-10-01,2023-02-03,5073.0,-22.0
CES9092000001,2020-10-01,2023-03-10,5073.0,-22.0
CES9092000001,2020-10-01,2023-04-07,5073.0,-22.0
CES9092000001,2020-10-01,2023-05-05,5073.0,-22.0
CES9092000001,2020-10-01,2023-06-02,5073.0,-22.0
CES9092000001,2020-10-01,2023-07-07,5073.0,-22.0
CES9092000001,2020-10-01,2023-08-04,5073.0,-22.0
CES9092000001,2020-10-01,2023-09-01,5073.0,-22.0
CES9092000001,2020-10-01,2023-10-06,5073.0,-22.0
CES9092000001,2020-10-01,2023-11-03,5073.0,-22.0
CES9092000001,2020-10-01,2023-12-08,5073.0,-22.0
CES9092000001,2020-10-01,2024-01-05,5073.0,-22.0
CES9092000001,2020-10-01,2024-02-02,5074.0,-22.0
CES9092000001,2020-10-01,2024-03-08,5074.0,-22.0
CES9092000001,2020-10-01,2024-04-05,5074.0,-22.0
CES9092000001,2020-10-01,2024-05-03,5074.0,-22.0
CES9092000001,2020-10-01,2024-06-07,5074.0,-22.0
CES9092000001,2020-10-01,2024-07-05,5074.0,-22.0
CES9092000001,2020-10-01,2024-08-02,5074.0,-22.0
CES9092000001,2020-10-01,2024-09-06,5074.0,-22.0
CES9092000001,2020-10-01,2024-10-04,5074.0,-22.0
CES9092000001,2020-10-01,2024-11-01,5074.0,-22.0
CES9092000001,2020-10-01,2024-12-06,5074.0,-22.0
CES9092000001,2020-10-01,2025-01-10,5074.0,-22.0
CES9092000001,2020-10-01,2025-02-07,5074.0,-17.0
CES9092000001,2020-10-01,2025-03-07,5074.0,-17.0
CES9092000001,2020-10-01,2025-04-04,5074.0,-17.0
CES9092000001,2020-10-01,2025-05-02,5074.0,-17.0
CES9092000001,2020-10-01,2025-06-06,5074.0,-17.0
CES9092000001,2020-10-01,2025-07-03,5074.0,-17.0
CES9092000001,2020-10-01,2025-08-01,5074.0,-17.0
CES9092000001,2020-10-01,2025-09-05,5074.0,-17.0
CES9092000001,2020-10-01,2025-11-20,5074.0,-17.0
CES9092000001,2020-10-01,2025-12-16,5074.0,-17.0
CES9092000001,2020-10-01,2026-01-09,5074.0,-17.0
CES9092000001,2020-10-01,2026-02-11,5074.0,-17.0
CES9092000001,2020-10-01,2026-03-06,5074.0,-17.0
CES9092000001,2020-10-01,2026-04-03,5074.0,-17.0
CES9092000001,2020-10-01,2026-05-08,5074.0,-17.0
CES9092000001,2020-10-01,2026-06-05,5074.0,-17.0
CES9092000001,2020-10-01,2026-07-02,5074.0,-17.0
CES9092000001,2020-11-01,2020-12-04,4854.0,0.0
CES9092000001,2020-11-01,2021-01-08,4845.0,-5.0
CES9092000001,2020-11-01,2021-02-05,4931.0,-14.0
CES9092000001,2020-11-01,2021-03-05,4931.0,-14.0
CES9092000001,2020-11-01,2021-04-02,4931.0,-14.0
CES9092000001,2020-11-01,2021-05-07,4931.0,-14.0
CES9092000001,2020-11-01,2021-06-04,4931.0,-14.0
CES9092000001,2020-11-01,2021-07-02,4931.0,-14.0
CES9092000001,2020-11-01,2021-08-06,4931.0,-14.0
CES9092000001,2020-11-01,2021-09-03,4931.0,-14.0
CES9092000001,2020-11-01,2021-10-08,4931.0,-14.0
CES9092000001,2020-11-01,2021-11-05,4931.0,-14.0
CES9092000001,2020-11-01,2021-12-03,4931.0,-14.0
CES9092000001,2020-11-01,2022-01-07,4931.0,-14.0
CES9092000001,2020-11-01,2022-02-04,5077.0,0.0
CES9092000001,2020-11-01,2022-03-04,5077.0,0.0
CES9092000001,2020-11-01,2022-04-01,5077.0,0.0
CES9092000001,2020-11-01,2022-05-06,5077.0,0.0
CES9092000001,2020-11-01,2022-06-03,5077.0,0.0
CES9092000001,2020-11-01,2022-07-08,5077.0,0.0
CES9092000001,2020-11-01,2022-08-05,5077.0,0.0
CES9092000001,2020-11-01,2022-09-02,5077.0,0.0
CES9092000001,2020-11-01,2022-10-07,5077.0,0.0
CES9092000001,2020-11-01,2022-11-04,5077.0,0.0
CES9092000001,2020-11-01,2022-12-02,5077.0,0.0
CES9092000001,2020-11-01,2023-01-06,5077.0,0.0
CES9092000001,2020-11-01,2023-02-03,5074.0,1.0
CES9092000001,2020-11-01,2023-03-10,5074.0,1.0
CES9092000001,2020-11-01,2023-04-07,5074.0,1.0
CES9092000001,2020-11-01,2023-05-05,5074.0,1.0
CES9092000001,2020-11-01,2023-06-02,5074.0,1.0
CES9092000001,2020-11-01,2023-07-07,5074.0,1.0
CES9092000001,2020-11-01,2023-08-04,5074.0,1.0
CES9092000001,2020-11-01,2023-09-01,5074.0,1.0
CES9092000001,2020-11-01,2023-10-06,5074.0,1.0
CES9092000001,2020-11-01,2023-11-03,5074.0,1.0
CES9092000001,2020-11-01,2023-12-08,5074.0,1.0
CES9092000001,2020-11-01,2024-01-05,5074.0,1.0
CES9092000001,2020-11-01,2024-02-02,5077.0,3.0
CES9092000001,2020-11-01,2024-03-08,5077.0,3.0
CES9092000001,2020-11-01,2024-04-05,5077.0,3.0
CES9092000001,2020-11-01,2024-05-03,5077.0,3.0
CES9092000001,2020-11-01,2024-06-07,5077.0,3.0
CES9092000001,2020-11-01,2024-07-05,5077.0,3.0
CES9092000001,2020-11-01,2024-08-02,5077.0,3.0
CES9092000001,2020-11-01,2024-09-06,5077.0,3.0
CES9092000001,2020-11-01,2024-10-04,5077.0,3.0
CES9092000001,2020-11-01,2024-11-01,5077.0,3.0
CES9092000001,2020-11-01,2024-12-06,5077.0,3.0
CES9092000001,2020-11-01,2025-01-10,5077.0,3.0
CES9092000001,2020-11-01,2025-02-07,5074.0,0.0
CES9092000001,2020-11-01,2025-03-07,5074.0,0.0
CES9092000001,2020-11-01,2025-04-04,5074.0,0.0
CES9092000001,2020-11-01,2025-05-02,5074.0,0.0
CES9092000001,2020-11-01,2025-06-06,5074.0,0.0
CES9092000001,2020-11-01,2025-07-03,5074.0,0.0
CES9092000001,2020-11-01,2025-08-01,5074.0,0.0
CES9092000001,2020-11-01,2025-09-05,5074.0,0.0
CES9092000001,2020-11-01,2025-11-20,5074.0,0.0
CES9092000001,2020-11-01,2025-12-16,5074.0,0.0
CES9092000001,2020-11-01,2026-01-09,5074.0,0.0
CES9092000001,2020-11-01,2026-02-11,5074.0,0.0
CES9092000001,2020-11-01,2026-03-06,5074.0,0.0
CES9092000001,2020-11-01,2026-04-03,5074.0,0.0
CES9092000001,2020-11-01,2026-05-08,5074.0,0.0
CES9092000001,2020-11-01,2026-06-05,5074.0,0.0
CES9092000001,2020-11-01,2026-07-02,5074.0,0.0
CES9092000001,2020-12-01,2021-01-08,4826.0,-19.0
CES9092000001,2020-12-01,2021-02-05,4940.0,9.0
CES9092000001,2020-12-01,2021-03-05,4930.0,-1.0
CES9092000001,2020-12-01,2021-04-02,4930.0,-1.0
CES9092000001,2020-12-01,2021-05-07,4930.0,-1.0
CES9092000001,2020-12-01,2021-06-04,4930.0,-1.0
CES9092000001,2020-12-01,2021-07-02,4930.0,-1.0
CES9092000001,2020-12-01,2021-08-06,4930.0,-1.0
CES9092000001,2020-12-01,2021-09-03,4930.0,-1.0
CES9092000001,2020-12-01,2021-10-08,4930.0,-1.0
CES9092000001,2020-12-01,2021-11-05,4930.0,-1.0
CES9092000001,2020-12-01,2021-12-03,4930.0,-1.0
CES9092000001,2020-12-01,2022-01-07,4930.0,-1.0
CES9092000001,2020-12-01,2022-02-04,5080.0,3.0
CES9092000001,2020-12-01,2022-03-04,5080.0,3.0
CES9092000001,2020-12-01,2022-04-01,5080.0,3.0
CES9092000001,2020-12-01,2022-05-06,5080.0,3.0
CES9092000001,2020-12-01,2022-06-03,5080.0,3.0
CES9092000001,2020-12-01,2022-07-08,5080.0,3.0
CES9092000001,2020-12-01,2022-08-05,5080.0,3.0
CES9092000001,2020-12-01,2022-09-02,5080.0,3.0
CES9092000001,2020-12-01,2022-10-07,5080.0,3.0
CES9092000001,2020-12-01,2022-11-04,5080.0,3.0
CES9092000001,2020-12-01,2022-12-02,5080.0,3.0
CES9092000001,2020-12-01,2023-01-06,5080.0,3.0
CES9092000001,2020-12-01,2023-02-03,5080.0,6.0
CES9092000001,2020-12-01,2023-03-10,5080.0,6.0
CES9092000001,2020-12-01,2023-04-07,5080.0,6.0
CES9092000001,2020-12-01,2023-05-05,5080.0,6.0
CES9092000001,2020-12-01,2023-06-02,5080.0,6.0
CES9092000001,2020-12-01,2023-07-07,5080.0,6.0
CES9092000001,2020-12-01,2023-08-04,5080.0,6.0
CES9092000001,2020-12-01,2023-09-01,5080.0,6.0
CES9092000001,2020-12-01,2023-10-06,5080.0,6.0
CES9092000001,2020-12-01,2023-11-03,5080.0,6.0
CES9092000001,2020-12-01,2023-12-08,5080.0,6.0
CES9092000001,2020-12-01,2024-01-05,5080.0,6.0
CES9092000001,2020-12-01,2024-02-02,5083.0,6.0
CES9092000001,2020-12-01,2024-03-08,5083.0,6.0
CES9092000001,2020-12-01,2024-04-05,5083.0,6.0
CES9092000001,2020-12-01,2024-05-03,5083.0,6.0
CES9092000001,2020-12-01,2024-06-07,5083.0,6.0
CES9092000001,2020-12-01,2024-07-05,5083.0,6.0
CES9092000001,2020-12-01,2024-08-02,5083.0,6.0
CES9092000001,2020-12-01,2024-09-06,5083.0,6.0
CES9092000001,2020-12-01,2024-10-04,5083.0,6.0
CES9092000001,2020-12-01,2024-11-01,5083.0,6.0
CES9092000001,2020-12-01,2024-12-06,5083.0,6.0
CES9092000001,2020-12-01,2025-01-10,5083.0,6.0
CES9092000001,2020-12-01,2025-02-07,5083.0,9.0
CES9092000001,2020-12-01,2025-03-07,5083.0,9.0
CES9092000001,2020-12-01,2025-04-04,5083.0,9.0
CES9092000001,2020-12-01,2025-05-02,5083.0,9.0
CES9092000001,2020-12-01,2025-06-06,5083.0,9.0
CES9092000001,2020-12-01,2025-07-03,5083.0,9.0
CES9092000001,2020-12-01,2025-08-01,5083.0,9.0
CES9092000001,2020-12-01,2025-09-05,5083.0,9.0
CES9092000001,2020-12-01,2025-11-20,5083.0,9.0
CES9092000001,2020-12-01,2025-12-16,5083.0,9.0
CES9092000001,2020-12-01,2026-01-09,5083.0,9.0
CES9092000001,2020-12-01,2026-02-11,5083.0,9.0
CES9092000001,2020-12-01,2026-03-06,5083.0,9.0
CES9092000001,2020-12-01,2026-04-03,5083.0,9.0
CES9092000001,2020-12-01,2026-05-08,5083.0,9.0
CES9092000001,2020-12-01,2026-06-05,5083.0,9.0
CES9092000001,2020-12-01,2026-07-02,5083.0,9.0
CES9092000001,2021-01-01,2021-02-05,4971.0,31.0
CES9092000001,2021-01-01,2021-03-05,4984.0,54.0
CES9092000001,2021-01-01,2021-04-02,5008.0,78.0
CES9092000001,2021-01-01,2021-05-07,5008.0,78.0
CES9092000001,2021-01-01,2021-06-04,5008.0,78.0
CES9092000001,2021-01-01,2021-07-02,5008.0,78.0
CES9092000001,2021-01-01,2021-08-06,5008.0,78.0
CES9092000001,2021-01-01,2021-09-03,5008.0,78.0
CES9092000001,2021-01-01,2021-10-08,5008.0,78.0
CES9092000001,2021-01-01,2021-11-05,5008.0,78.0
CES9092000001,2021-01-01,2021-12-03,5008.0,78.0
CES9092000001,2021-01-01,2022-01-07,5008.0,78.0
CES9092000001,2021-01-01,2022-02-04,5154.0,74.0
CES9092000001,2021-01-01,2022-03-04,5154.0,74.0
CES9092000001,2021-01-01,2022-04-01,5154.0,74.0
CES9092000001,2021-01-01,2022-05-06,5154.0,74.0
CES9092000001,2021-01-01,2022-06-03,5154.0,74.0
CES9092000001,2021-01-01,2022-07-08,5154.0,74.0
CES9092000001,2021-01-01,2022-08-05,5154.0,74.0
CES9092000001,2021-01-01,2022-09-02,5154.0,74.0
CES9092000001,2021-01-01,2022-10-07,5154.0,74.0
CES9092000001,2021-01-01,2022-11-04,5154.0,74.0
CES9092000001,2021-01-01,2022-12-02,5154.0,74.0
CES9092000001,2021-01-01,2023-01-06,5154.0,74.0
CES9092000001,2021-01-01,2023-02-03,5162.0,82.0
CES9092000001,2021-01-01,2023-03-10,5162.0,82.0
CES9092000001,2021-01-01,2023-04-07,5162.0,82.0
CES9092000001,2021-01-01,2023-05-05,5162.0,82.0
CES9092000001,2021-01-01,2023-06-02,5162.0,82.0
CES9092000001,2021-01-01,2023-07-07,5162.0,82.0
CES9092000001,2021-01-01,2023-08-04,5162.0,82.0
CES9092000001,2021-01-01,2023-09-01,5162.0,82.0
CES9092000001,2021-01-01,2023-10-06,5162.0,82.0
CES9092000001,2021-01-01,2023-11-03,5162.0,82.0
CES9092000001,2021-01-01,2023-12-08,5162.0,82.0
CES9092000001,2021-01-01,2024-01-05,5162.0,82.0
CES9092000001,2021-01-01,2024-02-02,5159.0,76.0
CES9092000001,2021-01-01,2024-03-08,5159.0,76.0
CES9092000001,2021-01-01,2024-04-05,5159.0,76.0
CES9092000001,2021-01-01,2024-05-03,5159.0,76.0
CES9092000001,2021-01-01,2024-06-07,5159.0,76.0
CES9092000001,2021-01-01,2024-07-05,5159.0,76.0
CES9092000001,2021-01-01,2024-08-02,5159.0,76.0
CES9092000001,2021-01-01,2024-09-06,5159.0,76.0
CES9092000001,2021-01-01,2024-10-04,5159.0,76.0
CES9092000001,2021-01-01,2024-11-01,5159.0,76.0
CES9092000001,2021-01-01,2024-12-06,5159.0,76.0
CES9092000001,2021-01-01,2025-01-10,5159.0,76.0
CES9092000001,2021-01-01,2025-02-07,5150.0,67.0
CES9092000001,2021-01-01,2025-03-07,5150.0,67.0
CES9092000001,2021-01-01,2025-04-04,5150.0,67.0
CES9092000001,2021-01-01,2025-05-02,5150.0,67.0
CES9092000001,2021-01-01,2025-06-06,5150.0,67.0
CES9092000001,2021-01-01,2025-07-03,5150.0,67.0
CES9092000001,2021-01-01,2025-08-01,5150.0,67.0
CES9092000001,2021-01-01,2025-09-05,5150.0,67.0
CES9092000001,2021-01-01,2025-11-20,5150.0,67.0
CES9092000001,2021-01-01,2025-12-16,5150.0,67.0
CES9092000001,2021-01-01,2026-01-09,5150.0,67.0
CES9092000001,2021-01-01,2026-02-11,5142.0,59.0
CES9092000001,2021-01-01,2026-03-06,5142.0,59.0
CES9092000001,2021-01-01,2026-04-03,5142.0,59.0
CES9092000001,2021-01-01,2026-05-08,5142.0,59.0
CES9092000001,2021-01-01,2026-06-05,5142.0,59.0
CES9092000001,2021-01-01,2026-07-02,5142.0,59.0
CES9092000001,2021-02-01,2021-03-05,4945.0,-39.0
CES9092000001,2021-02-01,2021-04-02,4956.0,-52.0
CES9092000001,2021-02-01,2021-05-07,4955.0,-53.0
CES9092000001,2021-02-01,2021-06-04,4955.0,-53.0
CES9092000001,2021-02-01,2021-07-02,4955.0,-53.0
CES9092000001,2021-02-01,2021-08-06,4955.0,-53.0
CES9092000001,2021-02-01,2021-09-03,4955.0,-53.0
CES9092000001,2021-02-01,2021-10-08,4955.0,-53.0
CES9092000001,2021-02-01,2021-11-05,4955.0,-53.0
CES9092000001,2021-02-01,2021-12-03,4955.0,-53.0
CES9092000001,2021-02-01,2022-01-07,4955.0,-53.0
CES9092000001,2021-02-01,2022-02-04,5157.0,3.0
CES9092000001,2021-02-01,2022-03-04,5157.0,3.0
CES9092000001,2021-02-01,2022-04-01,5157.0,3.0
CES9092000001,2021-02-01,2022-05-06,5157.0,3.0
CES9092000001,2021-02-01,2022-06-03,5157.0,3.0
CES9092000001,2021-02-01,2022-07-08,5157.0,3.0
CES9092000001,2021-02-01,2022-08-05,5157.0,3.0
CES9092000001,2021-02-01,2022-09-02,5157.0,3.0
CES9092000001,2021-02-01,2022-10-07,5157.0,3.0
CES9092000001,2021-02-01,2022-11-04,5157.0,3.0
CES9092000001,2021-02-01,2022-12-02,5157.0,3.0
CES9092000001,2021-02-01,2023-01-06,5157.0,3.0
CES9092000001,2021-02-01,2023-02-03,5167.0,5.0
CES9092000001,2021-02-01,2023-03-10,5167.0,5.0
CES9092000001,2021-02-01,2023-04-07,5167.0,5.0
CES9092000001,2021-02-01,2023-05-05,5167.0,5.0
CES9092000001,2021-02-01,2023-06-02,5167.0,5.0
CES9092000001,2021-02-01,2023-07-07,5167.0,5.0
CES9092000001,2021-02-01,2023-08-04,5167.0,5.0
CES9092000001,2021-02-01,2023-09-01,5167.0,5.0
CES9092000001,2021-02-01,2023-10-06,5167.0,5.0
CES9092000001,2021-02-01,2023-11-03,5167.0,5.0
CES9092000001,2021-02-01,2023-12-08,5167.0,5.0
CES9092000001,2021-02-01,2024-01-05,5167.0,5.0
CES9092000001,2021-02-01,2024-02-02,5166.0,7.0
CES9092000001,2021-02-01,2024-03-08,5166.0,7.0
CES9092000001,2021-02-01,2024-04-05,5166.0,7.0
CES9092000001,2021-02-01,2024-05-03,5166.0,7.0
CES9092000001,2021-02-01,2024-06-07,5166.0,7.0
CES9092000001,2021-02-01,2024-07-05,5166.0,7.0
CES9092000001,2021-02-01,2024-08-02,5166.0,7.0
CES9092000001,2021-02-01,2024-09-06,5166.0,7.0
CES9092000001,2021-02-01,2024-10-04,5166.0,7.0
CES9092000001,2021-02-01,2024-11-01,5166.0,7.0
CES9092000001,2021-02-01,2024-12-06,5166.0,7.0
CES9092000001,2021-02-01,2025-01-10,5166.0,7.0
CES9092000001,2021-02-01,2025-02-07,5154.0,4.0
CES9092000001,2021-02-01,2025-03-07,5154.0,4.0
CES9092000001,2021-02-01,2025-04-04,5154.0,4.0
CES9092000001,2021-02-01,2025-05-02,5154.0,4.0
CES9092000001,2021-02-01,2025-06-06,5154.0,4.0
CES9092000001,2021-02-01,2025-07-03,5154.0,4.0
CES9092000001,2021-02-01,2025-08-01,5154.0,4.0
CES9092000001,2021-02-01,2025-09-05,5154.0,4.0
CES9092000001,2021-02-01,2025-11-20,5154.0,4.0
CES9092000001,2021-02-01,2025-12-16,5154.0,4.0
CES9092000001,2021-02-01,2026-01-09,5154.0,4.0
CES9092000001,2021-02-01,2026-02-11,5153.0,11.0
CES9092000001,2021-02-01,2026-03-06,5153.0,11.0
CES9092000001,2021-02-01,2026-04-03,5153.0,11.0
CES9092000001,2021-02-01,2026-05-08,5153.0,11.0
CES9092000001,2021-02-01,2026-06-05,5153.0,11.0
CES9092000001,2021-02-01,2026-07-02,5153.0,11.0
CES9092000001,2021-03-01,2021-04-02,5002.0,46.0
CES9092000001,2021-03-01,2021-05-07,4970.0,15.0
CES9092000001,2021-03-01,2021-06-04,4967.0,12.0
CES9092000001,2021-03-01,2021-07-02,4967.0,12.0
CES9092000001,2021-03-01,2021-08-06,4967.0,12.0
CES9092000001,2021-03-01,2021-09-03,4967.0,12.0
CES9092000001,2021-03-01,2021-10-08,4967.0,12.0
CES9092000001,2021-03-01,2021-11-05,4967.0,12.0
CES9092000001,2021-03-01,2021-12-03,4967.0,12.0
CES9092000001,2021-03-01,2022-01-07,4967.0,12.0
CES9092000001,2021-03-01,2022-02-04,5170.0,13.0
CES9092000001,2021-03-01,2022-03-04,5170.0,13.0
CES9092000001,2021-03-01,2022-04-01,5170.0,13.0
CES9092000001,2021-03-01,2022-05-06,5170.0,13.0
CES9092000001,2021-03-01,2022-06-03,5170.0,13.0
CES9092000001,2021-03-01,2022-07-08,5170.0,13.0
CES9092000001,2021-03-01,2022-08-05,5170.0,13.0
CES9092000001,2021-03-01,2022-09-02,5170.0,13.0
CES9092000001,2021-03-01,2022-10-07,5170.0,13.0
CES9092000001,2021-03-01,2022-11-04,5170.0,13.0
CES9092000001,2021-03-01,2022-12-02,5170.0,13.0
CES9092000001,2021-03-01,2023-01-06,5170.0,13.0
CES9092000001,2021-03-01,2023-02-03,5195.0,28.0
CES9092000001,2021-03-01,2023-03-10,5195.0,28.0
CES9092000001,2021-03-01,2023-04-07,5195.0,28.0
CES9092000001,2021-03-01,2023-05-05,5195.0,28.0
CES9092000001,2021-03-01,2023-06-02,5195.0,28.0
CES9092000001,2021-03-01,2023-07-07,5195.0,28.0
CES9092000001,2021-03-01,2023-08-04,5195.0,28.0
CES9092000001,2021-03-01,2023-09-01,5195.0,28.0
CES9092000001,2021-03-01,2023-10-06,5195.0,28.0
CES9092000001,2021-03-01,2023-11-03,5195.0,28.0
CES9092000001,2021-03-01,2023-12-08,5195.0,28.0
CES9092000001,2021-03-01,2024-01-05,5195.0,28.0
CES9092000001,2021-03-01,2024-02-02,5196.0,30.0
CES9092000001,2021-03-01,2024-03-08,5196.0,30.0
CES9092000001,2021-03-01,2024-04-05,5196.0,30.0
CES9092000001,2021-03-01,2024-05-03,5196.0,30.0
CES9092000001,2021-03-01,2024-06-07,5196.0,30.0
CES9092000001,2021-03-01,2024-07-05,5196.0,30.0
CES9092000001,2021-03-01,2024-08-02,5196.0,30.0
CES9092000001,2021-03-01,2024-09-06,5196.0,30.0
CES9092000001,2021-03-01,2024-10-04,5196.0,30.0
CES9092000001,2021-03-01,2024-11-01,5196.0,30.0
CES9092000001,2021-03-01,2024-12-06,5196.0,30.0
CES9092000001,2021-03-01,2025-01-10,5196.0,30.0
CES9092000001,2021-03-01,2025-02-07,5192.0,38.0
CES9092000001,2021-03-01,2025-03-07,5192.0,38.0
CES9092000001,2021-03-01,2025-04-04,5192.0,38.0
CES9092000001,2021-03-01,2025-05-02,5192.0,38.0
CES9092000001,2021-03-01,2025-06-06,5192.0,38.0
CES9092000001,2021-03-01,2025-07-03,5192.0,38.0
CES9092000001,2021-03-01,2025-08-01,5192.0,38.0
CES9092000001,2021-03-01,2025-09-05,5192.0,38.0
CES9092000001,2021-03-01,2025-11-20,5192.0,38.0
CES9092000001,2021-03-01,2025-12-16,5192.0,38.0
CES9092000001,2021-03-01,2026-01-09,5192.0,38.0
CES9092000001,2021-03-01,2026-02-11,5186.0,33.0
CES9092000001,2021-03-01,2026-03-06,5186.0,33.0
CES9092000001,2021-03-01,2026-04-03,5186.0,33.0
CES9092000001,2021-03-01,2026-05-08,5186.0,33.0
CES9092000001,2021-03-01,2026-06-05,5186.0,33.0
CES9092000001,2021-03-01,2026-07-02,5186.0,33.0
CES9092000001,2021-04-01,2021-05-07,4977.0,7.0
CES9092000001,2021-04-01,2021-06-04,4978.0,11.0
CES9092000001,2021-04-01,2021-07-02,4977.0,10.0
CES9092000001,2021-04-01,2021-08-06,4977.0,10.0
CES9092000001,2021-04-01,2021-09-03,4977.0,10.0
CES9092000001,2021-04-01,2021-10-08,4977.0,10.0
CES9092000001,2021-04-01,2021-11-05,4977.0,10.0
CES9092000001,2021-04-01,2021-12-03,4977.0,10.0
CES9092000001,2021-04-01,2022-01-07,4977.0,10.0
CES9092000001,2021-04-01,2022-02-04,5173.0,3.0
CES9092000001,2021-04-01,2022-03-04,5173.0,3.0
CES9092000001,2021-04-01,2022-04-01,5173.0,3.0
CES9092000001,2021-04-01,2022-05-06,5173.0,3.0
CES9092000001,2021-04-01,2022-06-03,5173.0,3.0
CES9092000001,2021-04-01,2022-07-08,5173.0,3.0
CES9092000001,2021-04-01,2022-08-05,5173.0,3.0
CES9092000001,2021-04-01,2022-09-02,5173.0,3.0
CES9092000001,2021-04-01,2022-10-07,5173.0,3.0
CES9092000001,2021-04-01,2022-11-04,5173.0,3.0
CES9092000001,2021-04-01,2022-12-02,5173.0,3.0
CES9092000001,2021-04-01,2023-01-06,5173.0,3.0
CES9092000001,2021-04-01,2023-02-03,5191.0,-4.0
CES9092000001,2021-04-01,2023-03-10,5191.0,-4.0
CES9092000001,2021-04-01,2023-04-07,5191.0,-4.0
CES9092000001,2021-04-01,2023-05-05,5191.0,-4.0
CES9092000001,2021-04-01,2023-06-02,5191.0,-4.0
CES9092000001,2021-04-01,2023-07-07,5191.0,-4.0
CES9092000001,2021-04-01,2023-08-04,5191.0,-4.0
CES9092000001,2021-04-01,2023-09-01,5191.0,-4.0
CES9092000001,2021-04-01,2023-10-06,5191.0,-4.0
CES9092000001,2021-04-01,2023-11-03,5191.0,-4.0
CES9092000001,2021-04-01,2023-12-08,5191.0,-4.0
CES9092000001,2021-04-01,2024-01-05,5191.0,-4.0
CES9092000001,2021-04-01,2024-02-02,5189.0,-7.0
CES9092000001,2021-04-01,2024-03-08,5189.0,-7.0
CES9092000001,2021-04-01,2024-04-05,5189.0,-7.0
CES9092000001,2021-04-01,2024-05-03,5189.0,-7.0
CES9092000001,2021-04-01,2024-06-07,5189.0,-7.0
CES9092000001,2021-04-01,2024-07-05,5189.0,-7.0
CES9092000001,2021-04-01,2024-08-02,5189.0,-7.0
CES9092000001,2021-04-01,2024-09-06,5189.0,-7.0
CES9092000001,2021-04-01,2024-10-04,5189.0,-7.0
CES9092000001,2021-04-01,2024-11-01,5189.0,-7.0
CES9092000001,2021-04-01,2024-12-06,5189.0,-7.0
CES9092000001,2021-04-01,2025-01-10,5189.0,-7.0
CES9092000001,2021-04-01,2025-02-07,5187.0,-5.0
CES9092000001,2021-04-01,2025-03-07,5187.0,-5.0
CES9092000001,2021-04-01,2025-04-04,5187.0,-5.0
CES9092000001,2021-04-01,2025-05-02,5187.0,-5.0
CES9092000001,2021-04-01,2025-06-06,5187.0,-5.0
CES9092000001,2021-04-01,2025-07-03,5187.0,-5.0
CES9092000001,2021-04-01,2025-08-01,5187.0,-5.0
CES9092000001,2021-04-01,2025-09-05,5187.0,-5.0
CES9092000001,2021-04-01,2025-11-20,5187.0,-5.0
CES9092000001,2021-04-01,2025-12-16,5187.0,-5.0
CES9092000001,2021-04-01,2026-01-09,5187.0,-5.0
CES9092000001,2021-04-01,2026-02-11,5180.0,-6.0
CES9092000001,2021-04-01,2026-03-06,5180.0,-6.0
CES9092000001,2021-04-01,2026-04-03,5180.0,-6.0
CES9092000001,2021-04-01,2026-05-08,5180.0,-6.0
CES9092000001,2021-04-01,2026-06-05,5180.0,-6.0
CES9092000001,2021-04-01,2026-07-02,5180.0,-6.0
CES9092000001,2021-05-01,2021-06-04,5023.0,45.0
CES9092000001,2021-05-01,2021-07-02,5024.0,47.0
CES9092000001,2021-05-01,2021-08-06,5018.0,41.0
CES9092000001,2021-05-01,2021-09-03,5018.0,41.0
CES9092000001,2021-05-01,2021-10-08,5018.0,41.0
CES9092000001,2021-05-01,2021-11-05,5018.0,41.0
CES9092000001,2021-05-01,2021-12-03,5018.0,41.0
CES9092000001,2021-05-01,2022-01-07,5018.0,41.0
CES9092000001,2021-05-01,2022-02-04,5231.0,58.0
CES9092000001,2021-05-01,2022-03-04,5231.0,58.0
CES9092000001,2021-05-01,2022-04-01,5231.0,58.0
CES9092000001,2021-05-01,2022-05-06,5231.0,58.0
CES9092000001,2021-05-01,2022-06-03,5231.0,58.0
CES9092000001,2021-05-01,2022-07-08,5231.0,58.0
CES9092000001,2021-05-01,2022-08-05,5231.0,58.0
CES9092000001,2021-05-01,2022-09-02,5231.0,58.0
CES9092000001,2021-05-01,2022-10-07,5231.0,58.0
CES9092000001,2021-05-01,2022-11-04,5231.0,58.0
CES9092000001,2021-05-01,2022-12-02,5231.0,58.0
CES9092000001,2021-05-01,2023-01-06,5231.0,58.0
CES9092000001,2021-05-01,2023-02-03,5179.0,-12.0
CES9092000001,2021-05-01,2023-03-10,5179.0,-12.0
CES9092000001,2021-05-01,2023-04-07,5179.0,-12.0
CES9092000001,2021-05-01,2023-05-05,5179.0,-12.0
CES9092000001,2021-05-01,2023-06-02,5179.0,-12.0
CES9092000001,2021-05-01,2023-07-07,5179.0,-12.0
CES9092000001,2021-05-01,2023-08-04,5179.0,-12.0
CES9092000001,2021-05-01,2023-09-01,5179.0,-12.0
CES9092000001,2021-05-01,2023-10-06,5179.0,-12.0
CES9092000001,2021-05-01,2023-11-03,5179.0,-12.0
CES9092000001,2021-05-01,2023-12-08,5179.0,-12.0
CES9092000001,2021-05-01,2024-01-05,5179.0,-12.0
CES9092000001,2021-05-01,2024-02-02,5174.0,-15.0
CES9092000001,2021-05-01,2024-03-08,5174.0,-15.0
CES9092000001,2021-05-01,2024-04-05,5174.0,-15.0
CES9092000001,2021-05-01,2024-05-03,5174.0,-15.0
CES9092000001,2021-05-01,2024-06-07,5174.0,-15.0
CES9092000001,2021-05-01,2024-07-05,5174.0,-15.0
CES9092000001,2021-05-01,2024-08-02,5174.0,-15.0
CES9092000001,2021-05-01,2024-09-06,5174.0,-15.0
CES9092000001,2021-05-01,2024-10-04,5174.0,-15.0
CES9092000001,2021-05-01,2024-11-01,5174.0,-15.0
CES9092000001,2021-05-01,2024-12-06,5174.0,-15.0
CES9092000001,2021-05-01,2025-01-10,5174.0,-15.0
CES9092000001,2021-05-01,2025-02-07,5174.0,-13.0
CES9092000001,2021-05-01,2025-03-07,5174.0,-13.0
CES9092000001,2021-05-01,2025-04-04,5174.0,-13.0
CES9092000001,2021-05-01,2025-05-02,5174.0,-13.0
CES9092000001,2021-05-01,2025-06-06,5174.0,-13.0
CES9092000001,2021-05-01,2025-07-03,5174.0,-13.0
CES9092000001,2021-05-01,2025-08-01,5174.0,-13.0
CES9092000001,2021-05-01,2025-09-05,5174.0,-13.0
CES9092000001,2021-05-01,2025-11-20,5174.0,-13.0
CES9092000001,2021-05-01,2025-12-16,5174.0,-13.0
CES9092000001,2021-05-01,2026-01-09,5174.0,-13.0
CES9092000001,2021-05-01,2026-02-11,5178.0,-2.0
CES9092000001,2021-05-01,2026-03-06,5178.0,-2.0
CES9092000001,2021-05-01,2026-04-03,5178.0,-2.0
CES9092000001,2021-05-01,2026-05-08,5178.0,-2.0
CES9092000001,2021-05-01,2026-06-05,5178.0,-2.0
CES9092000001,2021-05-01,2026-07-02,5178.0,-2.0
CES9092000001,2021-06-01,2021-07-02,5093.0,69.0
CES9092000001,2021-06-01,2021-08-06,5082.0,64.0
CES9092000001,2021-06-01,2021-09-03,5074.0,56.0
CES9092000001,2021-06-01,2021-10-08,5074.0,56.0
CES9092000001,2021-06-01,2021-11-05,5074.0,56.0
CES9092000001,2021-06-01,2021-12-03,5074.0,56.0
CES9092000001,2021-06-01,2022-01-07,5074.0,56.0
CES9092000001,2021-06-01,2022-02-04,5251.0,20.0
CES9092000001,2021-06-01,2022-03-04,5251.0,20.0
CES9092000001,2021-06-01,2022-04-01,5251.0,20.0
CES9092000001,2021-06-01,2022-05-06,5251.0,20.0
CES9092000001,2021-06-01,2022-06-03,5251.0,20.0
CES9092000001,2021-06-01,2022-07-08,5251.0,20.0
CES9092000001,2021-06-01,2022-08-05,5251.0,20.0
CES9092000001,2021-06-01,2022-09-02,5251.0,20.0
CES9092000001,2021-06-01,2022-10-07,5251.0,20.0
CES9092000001,2021-06-01,2022-11-04,5251.0,20.0
CES9092000001,2021-06-01,2022-12-02,5251.0,20.0
CES9092000001,2021-06-01,2023-01-06,5251.0,20.0
CES9092000001,2021-06-01,2023-02-03,5190.0,11.0
CES9092000001,2021-06-01,2023-03-10,5190.0,11.0
CES9092000001,2021-06-01,2023-04-07,5190.0,11.0
CES9092000001,2021-06-01,2023-05-05,5190.0,11.0
CES9092000001,2021-06-01,2023-06-02,5190.0,11.0
CES9092000001,2021-06-01,2023-07-07,5190.0,11.0
CES9092000001,2021-06-01,2023-08-04,5190.0,11.0
CES9092000001,2021-06-01,2023-09-01,5190.0,11.0
CES9092000001,2021-06-01,2023-10-06,5190.0,11.0
CES9092000001,2021-06-01,2023-11-03,5190.0,11.0
CES9092000001,2021-06-01,2023-12-08,5190.0,11.0
CES9092000001,2021-06-01,2024-01-05,5190.0,11.0
CES9092000001,2021-06-01,2024-02-02,5188.0,14.0
CES9092000001,2021-06-01,2024-03-08,5188.0,14.0
CES9092000001,2021-06-01,2024-04-05,5188.0,14.0
CES9092000001,2021-06-01,2024-05-03,5188.0,14.0
CES9092000001,2021-06-01,2024-06-07,5188.0,14.0
CES9092000001,2021-06-01,2024-07-05,5188.0,14.0
CES9092000001,2021-06-01,2024-08-02,5188.0,14.0
CES9092000001,2021-06-01,2024-09-06,5188.0,14.0
CES9092000001,2021-06-01,2024-10-04,5188.0,14.0
CES9092000001,2021-06-01,2024-11-01,5188.0,14.0
CES9092000001,2021-06-01,2024-12-06,5188.0,14.0
CES9092000001,2021-06-01,2025-01-10,5188.0,14.0
CES9092000001,2021-06-01,2025-02-07,5199.0,25.0
CES9092000001,2021-06-01,2025-03-07,5199.0,25.0
CES9092000001,2021-06-01,2025-04-04,5199.0,25.0
CES9092000001,2021-06-01,2025-05-02,5199.0,25.0
CES9092000001,2021-06-01,2025-06-06,5199.0,25.0
CES9092000001,2021-06-01,2025-07-03,5199.0,25.0
CES9092000001,2021-06-01,2025-08-01,5199.0,25.0
CES9092000001,2021-06-01,2025-09-05,5199.0,25.0
CES9092000001,2021-06-01,2025-11-20,5199.0,25.0
CES9092000001,2021-06-01,2025-12-16,5199.0,25.0
CES9092000001,2021-06-01,2026-01-09,5199.0,25.0
CES9092000001,2021-06-01,2026-02-11,5197.0,19.0
CES9092000001,2021-06-01,2026-03-06,5197.0,19.0
CES9092000001,2021-06-01,2026-04-03,5197.0,19.0
CES9092000001,2021-06-01,2026-05-08,5197.0,19.0
CES9092000001,2021-06-01,2026-06-05,5197.0,19.0
CES9092000001,2021-06-01,2026-07-02,5197.0,19.0
CES9092000001,2021-07-01,2021-08-06,5074.0,-8.0
CES9092000001,2021-07-01,2021-09-03,5085.0,11.0
CES9092000001,2021-07-01,2021-10-08,5074.0,0.0
CES9092000001,2021-07-01,2021-11-05,5074.0,0.0
CES9092000001,2021-07-01,2021-12-03,5074.0,0.0
CES9092000001,2021-07-01,2022-01-07,5074.0,0.0
CES9092000001,2021-07-01,2022-02-04,5241.0,-10.0
CES9092000001,2021-07-01,2022-03-04,5241.0,-10.0
CES9092000001,2021-07-01,2022-04-01,5241.0,-10.0
CES9092000001,2021-07-01,2022-05-06,5241.0,-10.0
CES9092000001,2021-07-01,2022-06-03,5241.0,-10.0
CES9092000001,2021-07-01,2022-07-08,5241.0,-10.0
CES9092000001,2021-07-01,2022-08-05,5241.0,-10.0
CES9092000001,2021-07-01,2022-09-02,5241.0,-10.0
CES9092000001,2021-07-01,2022-10-07,5241.0,-10.0
CES9092000001,2021-07-01,2022-11-04,5241.0,-10.0
CES9092000001,2021-07-01,2022-12-02,5241.0,-10.0
CES9092000001,2021-07-01,2023-01-06,5241.0,-10.0
CES9092000001,2021-07-01,2023-02-03,5163.0,-27.0
CES9092000001,2021-07-01,2023-03-10,5163.0,-27.0
CES9092000001,2021-07-01,2023-04-07,5163.0,-27.0
CES9092000001,2021-07-01,2023-05-05,5163.0,-27.0
CES9092000001,2021-07-01,2023-06-02,5163.0,-27.0
CES9092000001,2021-07-01,2023-07-07,5163.0,-27.0
CES9092000001,2021-07-01,2023-08-04,5163.0,-27.0
CES9092000001,2021-07-01,2023-09-01,5163.0,-27.0
CES9092000001,2021-07-01,2023-10-06,5163.0,-27.0
CES9092000001,2021-07-01,2023-11-03,5163.0,-27.0
CES9092000001,2021-07-01,2023-12-08,5163.0,-27.0
CES9092000001,2021-07-01,2024-01-05,5163.0,-27.0
CES9092000001,2021-07-01,2024-02-02,5164.0,-24.0
CES9092000001,2021-07-01,2024-03-08,5164.0,-24.0
CES9092000001,2021-07-01,2024-04-05,5164.0,-24.0
CES9092000001,2021-07-01,2024-05-03,5164.0,-24.0
CES9092000001,2021-07-01,2024-06-07,5164.0,-24.0
CES9092000001,2021-07-01,2024-07-05,5164.0,-24.0
CES9092000001,2021-07-01,2024-08-02,5164.0,-24.0
CES9092000001,2021-07-01,2024-09-06,5164.0,-24.0
CES9092000001,2021-07-01,2024-10-04,5164.0,-24.0
CES9092000001,2021-07-01,2024-11-01,5164.0,-24.0
CES9092000001,2021-07-01,2024-12-06,5164.0,-24.0
CES9092000001,2021-07-01,2025-01-10,5164.0,-24.0
CES9092000001,2021-07-01,2025-02-07,5177.0,-22.0
CES9092000001,2021-07-01,2025-03-07,5177.0,-22.0
CES9092000001,2021-07-01,2025-04-04,5177.0,-22.0
CES9092000001,2021-07-01,2025-05-02,5177.0,-22.0
CES9092000001,2021-07-01,2025-06-06,5177.0,-22.0
CES9092000001,2021-07-01,2025-07-03,5177.0,-22.0
CES9092000001,2021-07-01,2025-08-01,5177.0,-22.0
CES9092000001,2021-07-01,2025-09-05,5177.0,-22.0
CES9092000001,2021-07-01,2025-11-20,5177.0,-22.0
CES9092000001,2021-07-01,2025-12-16,5177.0,-22.0
CES9092000001,2021-07-01,2026-01-09,5177.0,-22.0
CES9092000001,2021-07-01,2026-02-11,5180.0,-17.0
CES9092000001,2021-07-01,2026-03-06,5180.0,-17.0
CES9092000001,2021-07-01,2026-04-03,5180.0,-17.0
CES9092000001,2021-07-01,2026-05-08,5180.0,-17.0
CES9092000001,2021-07-01,2026-06-05,5180.0,-17.0
CES9092000001,2021-07-01,2026-07-02,5180.0,-17.0
CES9092000001,2021-08-01,2021-09-03,5060.0,-25.0
CES9092000001,2021-08-01,2021-10-08,5068.0,-6.0
CES9092000001,2021-08-01,2021-11-05,5077.0,3.0
CES9092000001,2021-08-01,2021-12-03,5077.0,3.0
CES9092000001,2021-08-01,2022-01-07,5077.0,3.0
CES9092000001,2021-08-01,2022-02-04,5226.0,-15.0
CES9092000001,2021-08-01,2022-03-04,5226.0,-15.0
CES9092000001,2021-08-01,2022-04-01,5226.0,-15.0
CES9092000001,2021-08-01,2022-05-06,5226.0,-15.0
CES9092000001,2021-08-01,2022-06-03,5226.0,-15.0
CES9092000001,2021-08-01,2022-07-08,5226.0,-15.0
CES9092000001,2021-08-01,2022-08-05,5226.0,-15.0
CES9092000001,2021-08-01,2022-09-02,5226.0,-15.0
CES9092000001,2021-08-01,2022-10-07,5226.0,-15.0
CES9092000001,2021-08-01,2022-11-04,5226.0,-15.0
CES9092000001,2021-08-01,2022-12-02,5226.0,-15.0
CES9092000001,2021-08-01,2023-01-06,5226.0,-15.0
CES9092000001,2021-08-01,2023-02-03,5149.0,-14.0
CES9092000001,2021-08-01,2023-03-10,5149.0,-14.0
CES9092000001,2021-08-01,2023-04-07,5149.0,-14.0
CES9092000001,2021-08-01,2023-05-05,5149.0,-14.0
CES9092000001,2021-08-01,2023-06-02,5149.0,-14.0
CES9092000001,2021-08-01,2023-07-07,5149.0,-14.0
CES9092000001,2021-08-01,2023-08-04,5149.0,-14.0
CES9092000001,2021-08-01,2023-09-01,5149.0,-14.0
CES9092000001,2021-08-01,2023-10-06,5149.0,-14.0
CES9092000001,2021-08-01,2023-11-03,5149.0,-14.0
CES9092000001,2021-08-01,2023-12-08,5149.0,-14.0
CES9092000001,2021-08-01,2024-01-05,5149.0,-14.0
CES9092000001,2021-08-01,2024-02-02,5150.0,-14.0
CES9092000001,2021-08-01,2024-03-08,5150.0,-14.0
CES9092000001,2021-08-01,2024-04-05,5150.0,-14.0
CES9092000001,2021-08-01,2024-05-03,5150.0,-14.0
CES9092000001,2021-08-01,2024-06-07,5150.0,-14.0
CES9092000001,2021-08-01,2024-07-05,5150.0,-14.0
CES9092000001,2021-08-01,2024-08-02,5150.0,-14.0
CES9092000001,2021-08-01,2024-09-06,5150.0,-14.0
CES9092000001,2021-08-01,2024-10-04,5150.0,-14.0
CES9092000001,2021-08-01,2024-11-01,5150.0,-14.0
CES9092000001,2021-08-01,2024-12-06,5150.0,-14.0
CES9092000001,2021-08-01,2025-01-10,5150.0,-14.0
CES9092000001,2021-08-01,2025-02-07,5155.0,-22.0
CES9092000001,2021-08-01,2025-03-07,5155.0,-22.0
CES9092000001,2021-08-01,2025-04-04,5155.0,-22.0
CES9092000001,2021-08-01,2025-05-02,5155.0,-22.0
CES9092000001,2021-08-01,2025-06-06,5155.0,-22.0
CES9092000001,2021-08-01,2025-07-03,5155.0,-22.0
CES9092000001,2021-08-01,2025-08-01,5155.0,-22.0
CES9092000001,2021-08-01,2025-09-05,5155.0,-22.0
CES9092000001,2021-08-01,2025-11-20,5155.0,-22.0
CES9092000001,2021-08-01,2025-12-16,5155.0,-22.0
CES9092000001,2021-08-01,2026-01-09,5155.0,-22.0
CES9092000001,2021-08-01,2026-02-11,5153.0,-27.0
CES9092000001,2021-08-01,2026-03-06,5153.0,-27.0
CES9092000001,2021-08-01,2026-04-03,5153.0,-27.0
CES9092000001,2021-08-01,2026-05-08,5153.0,-27.0
CES9092000001,2021-08-01,2026-06-05,5153.0,-27.0
CES9092000001,2021-08-01,2026-07-02,5153.0,-27.0
CES9092000001,2021-09-01,2021-10-08,5046.0,-22.0
CES9092000001,2021-09-01,2021-11-05,5056.0,-21.0
CES9092000001,2021-09-01,2021-12-03,5067.0,-10.0
CES9092000001,2021-09-01,2022-01-07,5067.0,-10.0
CES9092000001,2021-09-01,2022-02-04,5224.0,-2.0
CES9092000001,2021-09-01,2022-03-04,5224.0,-2.0
CES9092000001,2021-09-01,2022-04-01,5224.0,-2.0
CES9092000001,2021-09-01,2022-05-06,5224.0,-2.0
CES9092000001,2021-09-01,2022-06-03,5224.0,-2.0
CES9092000001,2021-09-01,2022-07-08,5224.0,-2.0
CES9092000001,2021-09-01,2022-08-05,5224.0,-2.0
CES9092000001,2021-09-01,2022-09-02,5224.0,-2.0
CES9092000001,2021-09-01,2022-10-07,5224.0,-2.0
CES9092000001,2021-09-01,2022-11-04,5224.0,-2.0
CES9092000001,2021-09-01,2022-12-02,5224.0,-2.0
CES9092000001,2021-09-01,2023-01-06,5224.0,-2.0
CES9092000001,2021-09-01,2023-02-03,5138.0,-11.0
CES9092000001,2021-09-01,2023-03-10,5138.0,-11.0
CES9092000001,2021-09-01,2023-04-07,5138.0,-11.0
CES9092000001,2021-09-01,2023-05-05,5138.0,-11.0
CES9092000001,2021-09-01,2023-06-02,5138.0,-11.0
CES9092000001,2021-09-01,2023-07-07,5138.0,-11.0
CES9092000001,2021-09-01,2023-08-04,5138.0,-11.0
CES9092000001,2021-09-01,2023-09-01,5138.0,-11.0
CES9092000001,2021-09-01,2023-10-06,5138.0,-11.0
CES9092000001,2021-09-01,2023-11-03,5138.0,-11.0
CES9092000001,2021-09-01,2023-12-08,5138.0,-11.0
CES9092000001,2021-09-01,2024-01-05,5138.0,-11.0
CES9092000001,2021-09-01,2024-02-02,5141.0,-9.0
CES9092000001,2021-09-01,2024-03-08,5141.0,-9.0
CES9092000001,2021-09-01,2024-04-05,5141.0,-9.0
CES9092000001,2021-09-01,2024-05-03,5141.0,-9.0
CES9092000001,2021-09-01,2024-06-07,5141.0,-9.0
CES9092000001,2021-09-01,2024-07-05,5141.0,-9.0
CES9092000001,2021-09-01,2024-08-02,5141.0,-9.0
CES9092000001,2021-09-01,2024-09-06,5141.0,-9.0
CES9092000001,2021-09-01,2024-10-04,5141.0,-9.0
CES9092000001,2021-09-01,2024-11-01,5141.0,-9.0
CES9092000001,2021-09-01,2024-12-06,5141.0,-9.0
CES9092000001,2021-09-01,2025-01-10,5141.0,-9.0
CES9092000001,2021-09-01,2025-02-07,5139.0,-16.0
CES9092000001,2021-09-01,2025-03-07,5139.0,-16.0
CES9092000001,2021-09-01,2025-04-04,5139.0,-16.0
CES9092000001,2021-09-01,2025-05-02,5139.0,-16.0
CES9092000001,2021-09-01,2025-06-06,5139.0,-16.0
CES9092000001,2021-09-01,2025-07-03,5139.0,-16.0
CES9092000001,2021-09-01,2025-08-01,5139.0,-16.0
CES9092000001,2021-09-01,2025-09-05,5139.0,-16.0
CES9092000001,2021-09-01,2025-11-20,5139.0,-16.0
CES9092000001,2021-09-01,2025-12-16,5139.0,-16.0
CES9092000001,2021-09-01,2026-01-09,5139.0,-16.0
CES9092000001,2021-09-01,2026-02-11,5137.0,-16.0
CES9092000001,2021-09-01,2026-03-06,5137.0,-16.0
CES9092000001,2021-09-01,2026-04-03,5137.0,-16.0
CES9092000001,2021-09-01,2026-05-08,5137.0,-16.0
CES9092000001,2021-09-01,2026-06-05,5137.0,-16.0
CES9092000001,2021-09-01,2026-07-02,5137.0,-16.0
CES9092000001,2021-10-01,2021-11-05,5031.0,-25.0
CES9092000001,2021-10-01,2021-12-03,5039.0,-28.0
CES9092000001,2021-10-01,2022-01-07,5042.0,-25.0
CES9092000001,2021-10-01,2022-02-04,5224.0,0.0
CES9092000001,2021-10-01,2022-03-04,5224.0,0.0
CES9092000001,2021-10-01,2022-04-01,5224.0,0.0
CES9092000001,2021-10-01,2022-05-06,5224.0,0.0
CES9092000001,2021-10-01,2022-06-03,5224.0,0.0
CES9092000001,2021-10-01,2022-07-08,5224.0,0.0
CES9092000001,2021-10-01,2022-08-05,5224.0,0.0
CES9092000001,2021-10-01,2022-09-02,5224.0,0.0
CES9092000001,2021-10-01,2022-10-07,5224.0,0.0
CES9092000001,2021-10-01,2022-11-04,5224.0,0.0
CES9092000001,2021-10-01,2022-12-02,5224.0,0.0
CES9092000001,2021-10-01,2023-01-06,5224.0,0.0
CES9092000001,2021-10-01,2023-02-03,5132.0,-6.0
CES9092000001,2021-10-01,2023-03-10,5132.0,-6.0
CES9092000001,2021-10-01,2023-04-07,5132.0,-6.0
CES9092000001,2021-10-01,2023-05-05,5132.0,-6.0
CES9092000001,2021-10-01,2023-06-02,5132.0,-6.0
CES9092000001,2021-10-01,2023-07-07,5132.0,-6.0
CES9092000001,2021-10-01,2023-08-04,5132.0,-6.0
CES9092000001,2021-10-01,2023-09-01,5132.0,-6.0
CES9092000001,2021-10-01,2023-10-06,5132.0,-6.0
CES9092000001,2021-10-01,2023-11-03,5132.0,-6.0
CES9092000001,2021-10-01,2023-12-08,5132.0,-6.0
CES9092000001,2021-10-01,2024-01-05,5132.0,-6.0
CES9092000001,2021-10-01,2024-02-02,5136.0,-5.0
CES9092000001,2021-10-01,2024-03-08,5136.0,-5.0
CES9092000001,2021-10-01,2024-04-05,5136.0,-5.0
CES9092000001,2021-10-01,2024-05-03,5136.0,-5.0
CES9092000001,2021-10-01,2024-06-07,5136.0,-5.0
CES9092000001,2021-10-01,2024-07-05,5136.0,-5.0
CES9092000001,2021-10-01,2024-08-02,5136.0,-5.0
CES9092000001,2021-10-01,2024-09-06,5136.0,-5.0
CES9092000001,2021-10-01,2024-10-04,5136.0,-5.0
CES9092000001,2021-10-01,2024-11-01,5136.0,-5.0
CES9092000001,2021-10-01,2024-12-06,5136.0,-5.0
CES9092000001,2021-10-01,2025-01-10,5136.0,-5.0
CES9092000001,2021-10-01,2025-02-07,5132.0,-7.0
CES9092000001,2021-10-01,2025-03-07,5132.0,-7.0
CES9092000001,2021-10-01,2025-04-04,5132.0,-7.0
CES9092000001,2021-10-01,2025-05-02,5132.0,-7.0
CES9092000001,2021-10-01,2025-06-06,5132.0,-7.0
CES9092000001,2021-10-01,2025-07-03,5132.0,-7.0
CES9092000001,2021-10-01,2025-08-01,5132.0,-7.0
CES9092000001,2021-10-01,2025-09-05,5132.0,-7.0
CES9092000001,2021-10-01,2025-11-20,5132.0,-7.0
CES9092000001,2021-10-01,2025-12-16,5132.0,-7.0
CES9092000001,2021-10-01,2026-01-09,5132.0,-7.0
CES9092000001,2021-10-01,2026-02-11,5132.0,-5.0
CES9092000001,2021-10-01,2026-03-06,5132.0,-5.0
CES9092000001,2021-10-01,2026-04-03,5132.0,-5.0
CES9092000001,2021-10-01,2026-05-08,5132.0,-5.0
CES9092000001,2021-10-01,2026-06-05,5132.0,-5.0
CES9092000001,2021-10-01,2026-07-02,5132.0,-5.0
CES9092000001,2021-11-01,2021-12-03,5030.0,-9.0
CES9092000001,2021-11-01,2022-01-07,5032.0,-10.0
CES9092000001,2021-11-01,2022-02-04,5220.0,-4.0
CES9092000001,2021-11-01,2022-03-04,5220.0,-4.0
CES9092000001,2021-11-01,2022-04-01,5220.0,-4.0
CES9092000001,2021-11-01,2022-05-06,5220.0,-4.0
CES9092000001,2021-11-01,2022-06-03,5220.0,-4.0
CES9092000001,2021-11-01,2022-07-08,5220.0,-4.0
CES9092000001,2021-11-01,2022-08-05,5220.0,-4.0
CES9092000001,2021-11-01,2022-09-02,5220.0,-4.0
CES9092000001,2021-11-01,2022-10-07,5220.0,-4.0
CES9092000001,2021-11-01,2022-11-04,5220.0,-4.0
CES9092000001,2021-11-01,2022-12-02,5220.0,-4.0
CES9092000001,2021-11-01,2023-01-06,5220.0,-4.0
CES9092000001,2021-11-01,2023-02-03,5120.0,-12.0
CES9092000001,2021-11-01,2023-03-10,5120.0,-12.0
CES9092000001,2021-11-01,2023-04-07,5120.0,-12.0
CES9092000001,2021-11-01,2023-05-05,5120.0,-12.0
CES9092000001,2021-11-01,2023-06-02,5120.0,-12.0
CES9092000001,2021-11-01,2023-07-07,5120.0,-12.0
CES9092000001,2021-11-01,2023-08-04,5120.0,-12.0
CES9092000001,2021-11-01,2023-09-01,5120.0,-12.0
CES9092000001,2021-11-01,2023-10-06,5120.0,-12.0
CES9092000001,2021-11-01,2023-11-03,5120.0,-12.0
CES9092000001,2021-11-01,2023-12-08,5120.0,-12.0
CES9092000001,2021-11-01,2024-01-05,5120.0,-12.0
CES9092000001,2021-11-01,2024-02-02,5123.0,-13.0
CES9092000001,2021-11-01,2024-03-08,5123.0,-13.0
CES9092000001,2021-11-01,2024-04-05,5123.0,-13.0
CES9092000001,2021-11-01,2024-05-03,5123.0,-13.0
CES9092000001,2021-11-01,2024-06-07,5123.0,-13.0
CES9092000001,2021-11-01,2024-07-05,5123.0,-13.0
CES9092000001,2021-11-01,2024-08-02,5123.0,-13.0
CES9092000001,2021-11-01,2024-09-06,5123.0,-13.0
CES9092000001,2021-11-01,2024-10-04,5123.0,-13.0
CES9092000001,2021-11-01,2024-11-01,5123.0,-13.0
CES9092000001,2021-11-01,2024-12-06,5123.0,-13.0
CES9092000001,2021-11-01,2025-01-10,5123.0,-13.0
CES9092000001,2021-11-01,2025-02-07,5121.0,-11.0
CES9092000001,2021-11-01,2025-03-07,5121.0,-11.0
CES9092000001,2021-11-01,2025-04-04,5121.0,-11.0
CES9092000001,2021-11-01,2025-05-02,5121.0,-11.0
CES9092000001,2021-11-01,2025-06-06,5121.0,-11.0
CES9092000001,2021-11-01,2025-07-03,5121.0,-11.0
CES9092000001,2021-11-01,2025-08-01,5121.0,-11.0
CES9092000001,2021-11-01,2025-09-05,5121.0,-11.0
CES9092000001,2021-11-01,2025-11-20,5121.0,-11.0
CES9092000001,2021-11-01,2025-12-16,5121.0,-11.0
CES9092000001,2021-11-01,2026-01-09,5121.0,-11.0
CES9092000001,2021-11-01,2026-02-11,5124.0,-8.0
CES9092000001,2021-11-01,2026-03-06,5124.0,-8.0
CES9092000001,2021-11-01,2026-04-03,5124.0,-8.0
CES9092000001,2021-11-01,2026-05-08,5124.0,-8.0
CES9092000001,2021-11-01,2026-06-05,5124.0,-8.0
CES9092000001,2021-11-01,2026-07-02,5124.0,-8.0
CES9092000001,2021-12-01,2022-01-07,5032.0,0.0
CES9092000001,2021-12-01,2022-02-04,5218.0,-2.0
CES9092000001,2021-12-01,2022-03-04,5237.0,17.0
CES9092000001,2021-12-01,2022-04-01,5237.0,17.0
CES9092000001,2021-12-01,2022-05-06,5237.0,17.0
CES9092000001,2021-12-01,2022-06-03,5237.0,17.0
CES9092000001,2021-12-01,2022-07-08,5237.0,17.0
CES9092000001,2021-12-01,2022-08-05,5237.0,17.0
CES9092000001,2021-12-01,2022-09-02,5237.0,17.0
CES9092000001,2021-12-01,2022-10-07,5237.0,17.0
CES9092000001,2021-12-01,2022-11-04,5237.0,17.0
CES9092000001,2021-12-01,2022-12-02,5237.0,17.0
CES9092000001,2021-12-01,2023-01-06,5237.0,17.0
CES9092000001,2021-12-01,2023-02-03,5113.0,-7.0
CES9092000001,2021-12-01,2023-03-10,5113.0,-7.0
CES9092000001,2021-12-01,2023-04-07,5113.0,-7.0
CES9092000001,2021-12-01,2023-05-05,5113.0,-7.0
CES9092000001,2021-12-01,2023-06-02,5113.0,-7.0
CES9092000001,2021-12-01,2023-07-07,5113.0,-7.0
CES9092000001,2021-12-01,2023-08-04,5113.0,-7.0
CES9092000001,2021-12-01,2023-09-01,5113.0,-7.0
CES9092000001,2021-12-01,2023-10-06,5113.0,-7.0
CES9092000001,2021-12-01,2023-11-03,5113.0,-7.0
CES9092000001,2021-12-01,2023-12-08,5113.0,-7.0
CES9092000001,2021-12-01,2024-01-05,5113.0,-7.0
CES9092000001,2021-12-01,2024-02-02,5121.0,-2.0
CES9092000001,2021-12-01,2024-03-08,5121.0,-2.0
CES9092000001,2021-12-01,2024-04-05,5121.0,-2.0
CES9092000001,2021-12-01,2024-05-03,5121.0,-2.0
CES9092000001,2021-12-01,2024-06-07,5121.0,-2.0
CES9092000001,2021-12-01,2024-07-05,5121.0,-2.0
CES9092000001,2021-12-01,2024-08-02,5121.0,-2.0
CES9092000001,2021-12-01,2024-09-06,5121.0,-2.0
CES9092000001,2021-12-01,2024-10-04,5121.0,-2.0
CES9092000001,2021-12-01,2024-11-01,5121.0,-2.0
CES9092000001,2021-12-01,2024-12-06,5121.0,-2.0
CES9092000001,2021-12-01,2025-01-10,5121.0,-2.0
CES9092000001,2021-12-01,2025-02-07,5122.0,1.0
CES9092000001,2021-12-01,2025-03-07,5122.0,1.0
CES9092000001,2021-12-01,2025-04-04,5122.0,1.0
CES9092000001,2021-12-01,2025-05-02,5122.0,1.0
CES9092000001,2021-12-01,2025-06-06,5122.0,1.0
CES9092000001,2021-12-01,2025-07-03,5122.0,1.0
CES9092000001,2021-12-01,2025-08-01,5122.0,1.0
CES9092000001,2021-12-01,2025-09-05,5122.0,1.0
CES9092000001,2021-12-01,2025-11-20,5122.0,1.0
CES9092000001,2021-12-01,2025-12-16,5122.0,1.0
CES9092000001,2021-12-01,2026-01-09,5122.0,1.0
CES9092000001,2021-12-01,2026-02-11,5121.0,-3.0
CES9092000001,2021-12-01,2026-03-06,5121.0,-3.0
CES9092000001,2021-12-01,2026-04-03,5121.0,-3.0
CES9092000001,2021-12-01,2026-05-08,5121.0,-3.0
CES9092000001,2021-12-01,2026-06-05,5121.0,-3.0
CES9092000001,2021-12-01,2026-07-02,5121.0,-3.0
CES9092000001,2022-01-01,2022-02-04,5209.0,-9.0
CES9092000001,2022-01-01,2022-03-04,5239.0,2.0
CES9092000001,2022-01-01,2022-04-01,5219.0,-18.0
CES9092000001,2022-01-01,2022-05-06,5219.0,-18.0
CES9092000001,2022-01-01,2022-06-03,5219.0,-18.0
CES9092000001,2022-01-01,2022-07-08,5219.0,-18.0
CES9092000001,2022-01-01,2022-08-05,5219.0,-18.0
CES9092000001,2022-01-01,2022-09-02,5219.0,-18.0
CES9092000001,2022-01-01,2022-10-07,5219.0,-18.0
CES9092000001,2022-01-01,2022-11-04,5219.0,-18.0
CES9092000001,2022-01-01,2022-12-02,5219.0,-18.0
CES9092000001,2022-01-01,2023-01-06,5219.0,-18.0
CES9092000001,2022-01-01,2023-02-03,5101.0,-12.0
CES9092000001,2022-01-01,2023-03-10,5101.0,-12.0
CES9092000001,2022-01-01,2023-04-07,5101.0,-12.0
CES9092000001,2022-01-01,2023-05-05,5101.0,-12.0
CES9092000001,2022-01-01,2023-06-02,5101.0,-12.0
CES9092000001,2022-01-01,2023-07-07,5101.0,-12.0
CES9092000001,2022-01-01,2023-08-04,5101.0,-12.0
CES9092000001,2022-01-01,2023-09-01,5101.0,-12.0
CES9092000001,2022-01-01,2023-10-06,5101.0,-12.0
CES9092000001,2022-01-01,2023-11-03,5101.0,-12.0
CES9092000001,2022-01-01,2023-12-08,5101.0,-12.0
CES9092000001,2022-01-01,2024-01-05,5101.0,-12.0
CES9092000001,2022-01-01,2024-02-02,5094.0,-27.0
CES9092000001,2022-01-01,2024-03-08,5094.0,-27.0
CES9092000001,2022-01-01,2024-04-05,5094.0,-27.0
CES9092000001,2022-01-01,2024-05-03,5094.0,-27.0
CES9092000001,2022-01-01,2024-06-07,5094.0,-27.0
CES9092000001,2022-01-01,2024-07-05,5094.0,-27.0
CES9092000001,2022-01-01,2024-08-02,5094.0,-27.0
CES9092000001,2022-01-01,2024-09-06,5094.0,-27.0
CES9092000001,2022-01-01,2024-10-04,5094.0,-27.0
CES9092000001,2022-01-01,2024-11-01,5094.0,-27.0
CES9092000001,2022-01-01,2024-12-06,5094.0,-27.0
CES9092000001,2022-01-01,2025-01-10,5094.0,-27.0
CES9092000001,2022-01-01,2025-02-07,5087.0,-35.0
CES9092000001,2022-01-01,2025-03-07,5087.0,-35.0
CES9092000001,2022-01-01,2025-04-04,5087.0,-35.0
CES9092000001,2022-01-01,2025-05-02,5087.0,-35.0
CES9092000001,2022-01-01,2025-06-06,5087.0,-35.0
CES9092000001,2022-01-01,2025-07-03,5087.0,-35.0
CES9092000001,2022-01-01,2025-08-01,5087.0,-35.0
CES9092000001,2022-01-01,2025-09-05,5087.0,-35.0
CES9092000001,2022-01-01,2025-11-20,5087.0,-35.0
CES9092000001,2022-01-01,2025-12-16,5087.0,-35.0
CES9092000001,2022-01-01,2026-01-09,5087.0,-35.0
CES9092000001,2022-01-01,2026-02-11,5089.0,-32.0
CES9092000001,2022-01-01,2026-03-06,5089.0,-32.0
CES9092000001,2022-01-01,2026-04-03,5089.0,-32.0
CES9092000001,2022-01-01,2026-05-08,5089.0,-32.0
CES9092000001,2022-01-01,2026-06-05,5089.0,-32.0
CES9092000001,2022-01-01,2026-07-02,5089.0,-32.0
CES9092000001,2022-02-01,2022-03-04,5242.0,3.0
CES9092000001,2022-02-01,2022-04-01,5207.0,-12.0
CES9092000001,2022-02-01,2022-05-06,5212.0,-7.0
CES9092000001,2022-02-01,2022-06-03,5212.0,-7.0
CES9092000001,2022-02-01,2022-07-08,5212.0,-7.0
CES9092000001,2022-02-01,2022-08-05,5212.0,-7.0
CES9092000001,2022-02-01,2022-09-02,5212.0,-7.0
CES9092000001,2022-02-01,2022-10-07,5212.0,-7.0
CES9092000001,2022-02-01,2022-11-04,5212.0,-7.0
CES9092000001,2022-02-01,2022-12-02,5212.0,-7.0
CES9092000001,2022-02-01,2023-01-06,5212.0,-7.0
CES9092000001,2022-02-01,2023-02-03,5088.0,-13.0
CES9092000001,2022-02-01,2023-03-10,5088.0,-13.0
CES9092000001,2022-02-01,2023-04-07,5088.0,-13.0
CES9092000001,2022-02-01,2023-05-05,5088.0,-13.0
CES9092000001,2022-02-01,2023-06-02,5088.0,-13.0
CES9092000001,2022-02-01,2023-07-07,5088.0,-13.0
CES9092000001,2022-02-01,2023-08-04,5088.0,-13.0
CES9092000001,2022-02-01,2023-09-01,5088.0,-13.0
CES9092000001,2022-02-01,2023-10-06,5088.0,-13.0
CES9092000001,2022-02-01,2023-11-03,5088.0,-13.0
CES9092000001,2022-02-01,2023-12-08,5088.0,-13.0
CES9092000001,2022-02-01,2024-01-05,5088.0,-13.0
CES9092000001,2022-02-01,2024-02-02,5083.0,-11.0
CES9092000001,2022-02-01,2024-03-08,5083.0,-11.0
CES9092000001,2022-02-01,2024-04-05,5083.0,-11.0
CES9092000001,2022-02-01,2024-05-03,5083.0,-11.0
CES9092000001,2022-02-01,2024-06-07,5083.0,-11.0
CES9092000001,2022-02-01,2024-07-05,5083.0,-11.0
CES9092000001,2022-02-01,2024-08-02,5083.0,-11.0
CES9092000001,2022-02-01,2024-09-06,5083.0,-11.0
CES9092000001,2022-02-01,2024-10-04,5083.0,-11.0
CES9092000001,2022-02-01,2024-11-01,5083.0,-11.0
CES9092000001,2022-02-01,2024-12-06,5083.0,-11.0
CES9092000001,2022-02-01,2025-01-10,5083.0,-11.0
CES9092000001,2022-02-01,2025-02-07,5070.0,-17.0
CES9092000001,2022-02-01,2025-03-07,5070.0,-17.0
CES9092000001,2022-02-01,2025-04-04,5070.0,-17.0
CES9092000001,2022-02-01,2025-05-02,5070.0,-17.0
CES9092000001,2022-02-01,2025-06-06,5070.0,-17.0
CES9092000001,2022-02-01,2025-07-03,5070.0,-17.0
CES9092000001,2022-02-01,2025-08-01,5070.0,-17.0
CES9092000001,2022-02-01,2025-09-05,5070.0,-17.0
CES9092000001,2022-02-01,2025-11-20,5070.0,-17.0
CES9092000001,2022-02-01,2025-12-16,5070.0,-17.0
CES9092000001,2022-02-01,2026-01-09,5070.0,-17.0
CES9092000001,2022-02-01,2026-02-11,5069.0,-20.0
CES9092000001,2022-02-01,2026-03-06,5069.0,-20.0
CES9092000001,2022-02-01,2026-04-03,5069.0,-20.0
CES9092000001,2022-02-01,2026-05-08,5069.0,-20.0
CES9092000001,2022-02-01,2026-06-05,5069.0,-20.0
CES9092000001,2022-02-01,2026-07-02,5069.0,-20.0
CES9092000001,2022-03-01,2022-04-01,5193.0,-14.0
CES9092000001,2022-03-01,2022-05-06,5200.0,-12.0
CES9092000001,2022-03-01,2022-06-03,5213.0,1.0
CES9092000001,2022-03-01,2022-07-08,5213.0,1.0
CES9092000001,2022-03-01,2022-08-05,5213.0,1.0
CES9092000001,2022-03-01,2022-09-02,5213.0,1.0
CES9092000001,2022-03-01,2022-10-07,5213.0,1.0
CES9092000001,2022-03-01,2022-11-04,5213.0,1.0
CES9092000001,2022-03-01,2022-12-02,5213.0,1.0
CES9092000001,2022-03-01,2023-01-06,5213.0,1.0
CES9092000001,2022-03-01,2023-02-03,5063.0,-25.0
CES9092000001,2022-03-01,2023-03-10,5063.0,-25.0
CES9092000001,2022-03-01,2023-04-07,5063.0,-25.0
CES9092000001,2022-03-01,2023-05-05,5063.0,-25.0
CES9092000001,2022-03-01,2023-06-02,5063.0,-25.0
CES9092000001,2022-03-01,2023-07-07,5063.0,-25.0
CES9092000001,2022-03-01,2023-08-04,5063.0,-25.0
CES9092000001,2022-03-01,2023-09-01,5063.0,-25.0
CES9092000001,2022-03-01,2023-10-06,5063.0,-25.0
CES9092000001,2022-03-01,2023-11-03,5063.0,-25.0
CES9092000001,2022-03-01,2023-12-08,5063.0,-25.0
CES9092000001,2022-03-01,2024-01-05,5063.0,-25.0
CES9092000001,2022-03-01,2024-02-02,5065.0,-18.0
CES9092000001,2022-03-01,2024-03-08,5065.0,-18.0
CES9092000001,2022-03-01,2024-04-05,5065.0,-18.0
CES9092000001,2022-03-01,2024-05-03,5065.0,-18.0
CES9092000001,2022-03-01,2024-06-07,5065.0,-18.0
CES9092000001,2022-03-01,2024-07-05,5065.0,-18.0
CES9092000001,2022-03-01,2024-08-02,5065.0,-18.0
CES9092000001,2022-03-01,2024-09-06,5065.0,-18.0
CES9092000001,2022-03-01,2024-10-04,5065.0,-18.0
CES9092000001,2022-03-01,2024-11-01,5065.0,-18.0
CES9092000001,2022-03-01,2024-12-06,5065.0,-18.0
CES9092000001,2022-03-01,2025-01-10,5065.0,-18.0
CES9092000001,2022-03-01,2025-02-07,5057.0,-13.0
CES9092000001,2022-03-01,2025-03-07,5057.0,-13.0
CES9092000001,2022-03-01,2025-04-04,5057.0,-13.0
CES9092000001,2022-03-01,2025-05-02,5057.0,-13.0
CES9092000001,2022-03-01,2025-06-06,5057.0,-13.0
CES9092000001,2022-03-01,2025-07-03,5057.0,-13.0
CES9092000001,2022-03-01,2025-08-01,5057.0,-13.0
CES9092000001,2022-03-01,2025-09-05,5057.0,-13.0
CES9092000001,2022-03-01,2025-11-20,5057.0,-13.0
CES9092000001,2022-03-01,2025-12-16,5057.0,-13.0
CES9092000001,2022-03-01,2026-01-09,5057.0,-13.0
CES9092000001,2022-03-01,2026-02-11,5052.0,-17.0
CES9092000001,2022-03-01,2026-03-06,5052.0,-17.0
CES9092000001,2022-03-01,2026-04-03,5052.0,-17.0
CES9092000001,2022-03-01,2026-05-08,5052.0,-17.0
CES9092000001,2022-03-01,2026-06-05,5052.0,-17.0
CES9092000001,2022-03-01,2026-07-02,5052.0,-17.0
CES9092000001,2022-04-01,2022-05-06,5207.0,7.0
CES9092000001,2022-04-01,2022-06-03,5224.0,11.0
CES9092000001,2022-04-01,2022-07-08,5218.0,5.0
CES9092000001,2022-04-01,2022-08-05,5218.0,5.0
CES9092000001,2022-04-01,2022-09-02,5218.0,5.0
CES9092000001,2022-04-01,2022-10-07,5218.0,5.0
CES9092000001,2022-04-01,2022-11-04,5218.0,5.0
CES9092000001,2022-04-01,2022-12-02,5218.0,5.0
CES9092000001,2022-04-01,2023-01-06,5218.0,5.0
CES9092000001,2022-04-01,2023-02-03,5077.0,14.0
CES9092000001,2022-04-01,2023-03-10,5077.0,14.0
CES9092000001,2022-04-01,2023-04-07,5077.0,14.0
CES9092000001,2022-04-01,2023-05-05,5077.0,14.0
CES9092000001,2022-04-01,2023-06-02,5077.0,14.0
CES9092000001,2022-04-01,2023-07-07,5077.0,14.0
CES9092000001,2022-04-01,2023-08-04,5077.0,14.0
CES9092000001,2022-04-01,2023-09-01,5077.0,14.0
CES9092000001,2022-04-01,2023-10-06,5077.0,14.0
CES9092000001,2022-04-01,2023-11-03,5077.0,14.0
CES9092000001,2022-04-01,2023-12-08,5077.0,14.0
CES9092000001,2022-04-01,2024-01-05,5077.0,14.0
CES9092000001,2022-04-01,2024-02-02,5080.0,15.0
CES9092000001,2022-04-01,2024-03-08,5080.0,15.0
CES9092000001,2022-04-01,2024-04-05,5080.0,15.0
CES9092000001,2022-04-01,2024-05-03,5080.0,15.0
CES9092000001,2022-04-01,2024-06-07,5080.0,15.0
CES9092000001,2022-04-01,2024-07-05,5080.0,15.0
CES9092000001,2022-04-01,2024-08-02,5080.0,15.0
CES9092000001,2022-04-01,2024-09-06,5080.0,15.0
CES9092000001,2022-04-01,2024-10-04,5080.0,15.0
CES9092000001,2022-04-01,2024-11-01,5080.0,15.0
CES9092000001,2022-04-01,2024-12-06,5080.0,15.0
CES9092000001,2022-04-01,2025-01-10,5080.0,15.0
CES9092000001,2022-04-01,2025-02-07,5075.0,18.0
CES9092000001,2022-04-01,2025-03-07,5075.0,18.0
CES9092000001,2022-04-01,2025-04-04,5075.0,18.0
CES9092000001,2022-04-01,2025-05-02,5075.0,18.0
CES9092000001,2022-04-01,2025-06-06,5075.0,18.0
CES9092000001,2022-04-01,2025-07-03,5075.0,18.0
CES9092000001,2022-04-01,2025-08-01,5075.0,18.0
CES9092000001,2022-04-01,2025-09-05,5075.0,18.0
CES9092000001,2022-04-01,2025-11-20,5075.0,18.0
CES9092000001,2022-04-01,2025-12-16,5075.0,18.0
CES9092000001,2022-04-01,2026-01-09,5075.0,18.0
CES9092000001,2022-04-01,2026-02-11,5068.0,16.0
CES9092000001,2022-04-01,2026-03-06,5068.0,16.0
CES9092000001,2022-04-01,2026-04-03,5068.0,16.0
CES9092000001,2022-04-01,2026-05-08,5068.0,16.0
CES9092000001,2022-04-01,2026-06-05,5068.0,16.0
CES9092000001,2022-04-01,2026-07-02,5068.0,16.0
CES9092000001,2022-05-01,2022-06-03,5260.0,36.0
CES9092000001,2022-05-01,2022-07-08,5254.0,36.0
CES9092000001,2022-05-01,2022-08-05,5258.0,40.0
CES9092000001,2022-05-01,2022-09-02,5258.0,40.0
CES9092000001,2022-05-01,2022-10-07,5258.0,40.0
CES9092000001,2022-05-01,2022-11-04,5258.0,40.0
CES9092000001,2022-05-01,2022-12-02,5258.0,40.0
CES9092000001,2022-05-01,2023-01-06,5258.0,40.0
CES9092000001,2022-05-01,2023-02-03,5092.0,15.0
CES9092000001,2022-05-01,2023-03-10,5092.0,15.0
CES9092000001,2022-05-01,2023-04-07,5092.0,15.0
CES9092000001,2022-05-01,2023-05-05,5092.0,15.0
CES9092000001,2022-05-01,2023-06-02,5092.0,15.0
CES9092000001,2022-05-01,2023-07-07,5092.0,15.0
CES9092000001,2022-05-01,2023-08-04,5092.0,15.0
CES9092000001,2022-05-01,2023-09-01,5092.0,15.0
CES9092000001,2022-05-01,2023-10-06,5092.0,15.0
CES9092000001,2022-05-01,2023-11-03,5092.0,15.0
CES9092000001,2022-05-01,2023-12-08,5092.0,15.0
CES9092000001,2022-05-01,2024-01-05,5092.0,15.0
CES9092000001,2022-05-01,2024-02-02,5096.0,16.0
CES9092000001,2022-05-01,2024-03-08,5096.0,16.0
CES9092000001,2022-05-01,2024-04-05,5096.0,16.0
CES9092000001,2022-05-01,2024-05-03,5096.0,16.0
CES9092000001,2022-05-01,2024-06-07,5096.0,16.0
CES9092000001,2022-05-01,2024-07-05,5096.0,16.0
CES9092000001,2022-05-01,2024-08-02,5096.0,16.0
CES9092000001,2022-05-01,2024-09-06,5096.0,16.0
CES9092000001,2022-05-01,2024-10-04,5096.0,16.0
CES9092000001,2022-05-01,2024-11-01,5096.0,16.0
CES9092000001,2022-05-01,2024-12-06,5096.0,16.0
CES9092000001,2022-05-01,2025-01-10,5096.0,16.0
CES9092000001,2022-05-01,2025-02-07,5095.0,20.0
CES9092000001,2022-05-01,2025-03-07,5095.0,20.0
CES9092000001,2022-05-01,2025-04-04,5095.0,20.0
CES9092000001,2022-05-01,2025-05-02,5095.0,20.0
CES9092000001,2022-05-01,2025-06-06,5095.0,20.0
CES9092000001,2022-05-01,2025-07-03,5095.0,20.0
CES9092000001,2022-05-01,2025-08-01,5095.0,20.0
CES9092000001,2022-05-01,2025-09-05,5095.0,20.0
CES9092000001,2022-05-01,2025-11-20,5095.0,20.0
CES9092000001,2022-05-01,2025-12-16,5095.0,20.0
CES9092000001,2022-05-01,2026-01-09,5095.0,20.0
CES9092000001,2022-05-01,2026-02-11,5100.0,32.0
CES9092000001,2022-05-01,2026-03-06,5100.0,32.0
CES9092000001,2022-05-01,2026-04-03,5100.0,32.0
CES9092000001,2022-05-01,2026-05-08,5100.0,32.0
CES9092000001,2022-05-01,2026-06-05,5100.0,32.0
CES9092000001,2022-05-01,2026-07-02,5100.0,32.0
CES9092000001,2022-06-01,2022-07-08,5253.0,-1.0
CES9092000001,2022-06-01,2022-08-05,5250.0,-8.0
CES9092000001,2022-06-01,2022-09-02,5238.0,-20.0
CES9092000001,2022-06-01,2022-10-07,5238.0,-20.0
CES9092000001,2022-06-01,2022-11-04,5238.0,-20.0
CES9092000001,2022-06-01,2022-12-02,5238.0,-20.0
CES9092000001,2022-06-01,2023-01-06,5238.0,-20.0
CES9092000001,2022-06-01,2023-02-03,5090.0,-2.0
CES9092000001,2022-06-01,2023-03-10,5090.0,-2.0
CES9092000001,2022-06-01,2023-04-07,5090.0,-2.0
CES9092000001,2022-06-01,2023-05-05,5090.0,-2.0
CES9092000001,2022-06-01,2023-06-02,5090.0,-2.0
CES9092000001,2022-06-01,2023-07-07,5090.0,-2.0
CES9092000001,2022-06-01,2023-08-04,5090.0,-2.0
CES9092000001,2022-06-01,2023-09-01,5090.0,-2.0
CES9092000001,2022-06-01,2023-10-06,5090.0,-2.0
CES9092000001,2022-06-01,2023-11-03,5090.0,-2.0
CES9092000001,2022-06-01,2023-12-08,5090.0,-2.0
CES9092000001,2022-06-01,2024-01-05,5090.0,-2.0
CES9092000001,2022-06-01,2024-02-02,5103.0,7.0
CES9092000001,2022-06-01,2024-03-08,5103.0,7.0
CES9092000001,2022-06-01,2024-04-05,5103.0,7.0
CES9092000001,2022-06-01,2024-05-03,5103.0,7.0
CES9092000001,2022-06-01,2024-06-07,5103.0,7.0
CES9092000001,2022-06-01,2024-07-05,5103.0,7.0
CES9092000001,2022-06-01,2024-08-02,5103.0,7.0
CES9092000001,2022-06-01,2024-09-06,5103.0,7.0
CES9092000001,2022-06-01,2024-10-04,5103.0,7.0
CES9092000001,2022-06-01,2024-11-01,5103.0,7.0
CES9092000001,2022-06-01,2024-12-06,5103.0,7.0
CES9092000001,2022-06-01,2025-01-10,5103.0,7.0
CES9092000001,2022-06-01,2025-02-07,5104.0,9.0
CES9092000001,2022-06-01,2025-03-07,5104.0,9.0
CES9092000001,2022-06-01,2025-04-04,5104.0,9.0
CES9092000001,2022-06-01,2025-05-02,5104.0,9.0
CES9092000001,2022-06-01,2025-06-06,5104.0,9.0
CES9092000001,2022-06-01,2025-07-03,5104.0,9.0
CES9092000001,2022-06-01,2025-08-01,5104.0,9.0
CES9092000001,2022-06-01,2025-09-05,5104.0,9.0
CES9092000001,2022-06-01,2025-11-20,5104.0,9.0
CES9092000001,2022-06-01,2025-12-16,5104.0,9.0
CES9092000001,2022-06-01,2026-01-09,5104.0,9.0
CES9092000001,2022-06-01,2026-02-11,5107.0,7.0
CES9092000001,2022-06-01,2026-03-06,5107.0,7.0
CES9092000001,2022-06-01,2026-04-03,5107.0,7.0
CES9092000001,2022-06-01,2026-05-08,5107.0,7.0
CES9092000001,2022-06-01,2026-06-05,5107.0,7.0
CES9092000001,2022-06-01,2026-07-02,5107.0,7.0
CES9092000001,2022-07-01,2022-08-05,5260.0,10.0
CES9092000001,2022-07-01,2022-09-02,5248.0,10.0
CES9092000001,2022-07-01,2022-10-07,5246.0,8.0
CES9092000001,2022-07-01,2022-11-04,5246.0,8.0
CES9092000001,2022-07-01,2022-12-02,5246.0,8.0
CES9092000001,2022-07-01,2023-01-06,5246.0,8.0
CES9092000001,2022-07-01,2023-02-03,5103.0,13.0
CES9092000001,2022-07-01,2023-03-10,5103.0,13.0
CES9092000001,2022-07-01,2023-04-07,5103.0,13.0
CES9092000001,2022-07-01,2023-05-05,5103.0,13.0
CES9092000001,2022-07-01,2023-06-02,5103.0,13.0
CES9092000001,2022-07-01,2023-07-07,5103.0,13.0
CES9092000001,2022-07-01,2023-08-04,5103.0,13.0
CES9092000001,2022-07-01,2023-09-01,5103.0,13.0
CES9092000001,2022-07-01,2023-10-06,5103.0,13.0
CES9092000001,2022-07-01,2023-11-03,5103.0,13.0
CES9092000001,2022-07-01,2023-12-08,5103.0,13.0
CES9092000001,2022-07-01,2024-01-05,5103.0,13.0
CES9092000001,2022-07-01,2024-02-02,5129.0,26.0
CES9092000001,2022-07-01,2024-03-08,5129.0,26.0
CES9092000001,2022-07-01,2024-04-05,5129.0,26.0
CES9092000001,2022-07-01,2024-05-03,5129.0,26.0
CES9092000001,2022-07-01,2024-06-07,5129.0,26.0
CES9092000001,2022-07-01,2024-07-05,5129.0,26.0
CES9092000001,2022-07-01,2024-08-02,5129.0,26.0
CES9092000001,2022-07-01,2024-09-06,5129.0,26.0
CES9092000001,2022-07-01,2024-10-04,5129.0,26.0
CES9092000001,2022-07-01,2024-11-01,5129.0,26.0
CES9092000001,2022-07-01,2024-12-06,5129.0,26.0
CES9092000001,2022-07-01,2025-01-10,5129.0,26.0
CES9092000001,2022-07-01,2025-02-07,5140.0,36.0
CES9092000001,2022-07-01,2025-03-07,5140.0,36.0
CES9092000001,2022-07-01,2025-04-04,5140.0,36.0
CES9092000001,2022-07-01,2025-05-02,5140.0,36.0
CES9092000001,2022-07-01,2025-06-06,5140.0,36.0
CES9092000001,2022-07-01,2025-07-03,5140.0,36.0
CES9092000001,2022-07-01,2025-08-01,5140.0,36.0
CES9092000001,2022-07-01,2025-09-05,5140.0,36.0
CES9092000001,2022-07-01,2025-11-20,5140.0,36.0
CES9092000001,2022-07-01,2025-12-16,5140.0,36.0
CES9092000001,2022-07-01,2026-01-09,5140.0,36.0
CES9092000001,2022-07-01,2026-02-11,5137.0,30.0
CES9092000001,2022-07-01,2026-03-06,5137.0,30.0
CES9092000001,2022-07-01,2026-04-03,5137.0,30.0
CES9092000001,2022-07-01,2026-05-08,5137.0,30.0
CES9092000001,2022-07-01,2026-06-05,5137.0,30.0
CES9092000001,2022-07-01,2026-07-02,5137.0,30.0
CES9092000001,2022-08-01,2022-09-02,5251.0,3.0
CES9092000001,2022-08-01,2022-10-07,5247.0,1.0
CES9092000001,2022-08-01,2022-11-04,5261.0,15.0
CES9092000001,2022-08-01,2022-12-02,5261.0,15.0
CES9092000001,2022-08-01,2023-01-06,5261.0,15.0
CES9092000001,2022-08-01,2023-02-03,5109.0,6.0
CES9092000001,2022-08-01,2023-03-10,5109.0,6.0
CES9092000001,2022-08-01,2023-04-07,5109.0,6.0
CES9092000001,2022-08-01,2023-05-05,5109.0,6.0
CES9092000001,2022-08-01,2023-06-02,5109.0,6.0
CES9092000001,2022-08-01,2023-07-07,5109.0,6.0
CES9092000001,2022-08-01,2023-08-04,5109.0,6.0
CES9092000001,2022-08-01,2023-09-01,5109.0,6.0
CES9092000001,2022-08-01,2023-10-06,5109.0,6.0
CES9092000001,2022-08-01,2023-11-03,5109.0,6.0
CES9092000001,2022-08-01,2023-12-08,5109.0,6.0
CES9092000001,2022-08-01,2024-01-05,5109.0,6.0
CES9092000001,2022-08-01,2024-02-02,5139.0,10.0
CES9092000001,2022-08-01,2024-03-08,5139.0,10.0
CES9092000001,2022-08-01,2024-04-05,5139.0,10.0
CES9092000001,2022-08-01,2024-05-03,5139.0,10.0
CES9092000001,2022-08-01,2024-06-07,5139.0,10.0
CES9092000001,2022-08-01,2024-07-05,5139.0,10.0
CES9092000001,2022-08-01,2024-08-02,5139.0,10.0
CES9092000001,2022-08-01,2024-09-06,5139.0,10.0
CES9092000001,2022-08-01,2024-10-04,5139.0,10.0
CES9092000001,2022-08-01,2024-11-01,5139.0,10.0
CES9092000001,2022-08-01,2024-12-06,5139.0,10.0
CES9092000001,2022-08-01,2025-01-10,5139.0,10.0
CES9092000001,2022-08-01,2025-02-07,5146.0,6.0
CES9092000001,2022-08-01,2025-03-07,5146.0,6.0
CES9092000001,2022-08-01,2025-04-04,5146.0,6.0
CES9092000001,2022-08-01,2025-05-02,5146.0,6.0
CES9092000001,2022-08-01,2025-06-06,5146.0,6.0
CES9092000001,2022-08-01,2025-07-03,5146.0,6.0
CES9092000001,2022-08-01,2025-08-01,5146.0,6.0
CES9092000001,2022-08-01,2025-09-05,5146.0,6.0
CES9092000001,2022-08-01,2025-11-20,5146.0,6.0
CES9092000001,2022-08-01,2025-12-16,5146.0,6.0
CES9092000001,2022-08-01,2026-01-09,5146.0,6.0
CES9092000001,2022-08-01,2026-02-11,5144.0,7.0
CES9092000001,2022-08-01,2026-03-06,5144.0,7.0
CES9092000001,2022-08-01,2026-04-03,5144.0,7.0
CES9092000001,2022-08-01,2026-05-08,5144.0,7.0
CES9092000001,2022-08-01,2026-06-05,5144.0,7.0
CES9092000001,2022-08-01,2026-07-02,5144.0,7.0
CES9092000001,2022-09-01,2022-10-07,5231.0,-16.0
CES9092000001,2022-09-01,2022-11-04,5261.0,0.0
CES9092000001,2022-09-01,2022-12-02,5273.0,12.0
CES9092000001,2022-09-01,2023-01-06,5273.0,12.0
CES9092000001,2022-09-01,2023-02-03,5115.0,6.0
CES9092000001,2022-09-01,2023-03-10,5115.0,6.0
CES9092000001,2022-09-01,2023-04-07,5115.0,6.0
CES9092000001,2022-09-01,2023-05-05,5115.0,6.0
CES9092000001,2022-09-01,2023-06-02,5115.0,6.0
CES9092000001,2022-09-01,2023-07-07,5115.0,6.0
CES9092000001,2022-09-01,2023-08-04,5115.0,6.0
CES9092000001,2022-09-01,2023-09-01,5115.0,6.0
CES9092000001,2022-09-01,2023-10-06,5115.0,6.0
CES9092000001,2022-09-01,2023-11-03,5115.0,6.0
CES9092000001,2022-09-01,2023-12-08,5115.0,6.0
CES9092000001,2022-09-01,2024-01-05,5115.0,6.0
CES9092000001,2022-09-01,2024-02-02,5148.0,9.0
CES9092000001,2022-09-01,2024-03-08,5148.0,9.0
CES9092000001,2022-09-01,2024-04-05,5148.0,9.0
CES9092000001,2022-09-01,2024-05-03,5148.0,9.0
CES9092000001,2022-09-01,2024-06-07,5148.0,9.0
CES9092000001,2022-09-01,2024-07-05,5148.0,9.0
CES9092000001,2022-09-01,2024-08-02,5148.0,9.0
CES9092000001,2022-09-01,2024-09-06,5148.0,9.0
CES9092000001,2022-09-01,2024-10-04,5148.0,9.0
CES9092000001,2022-09-01,2024-11-01,5148.0,9.0
CES9092000001,2022-09-01,2024-12-06,5148.0,9.0
CES9092000001,2022-09-01,2025-01-10,5148.0,9.0
CES9092000001,2022-09-01,2025-02-07,5148.0,2.0
CES9092000001,2022-09-01,2025-03-07,5148.0,2.0
CES9092000001,2022-09-01,2025-04-04,5148.0,2.0
CES9092000001,2022-09-01,2025-05-02,5148.0,2.0
CES9092000001,2022-09-01,2025-06-06,5148.0,2.0
CES9092000001,2022-09-01,2025-07-03,5148.0,2.0
CES9092000001,2022-09-01,2025-08-01,5148.0,2.0
CES9092000001,2022-09-01,2025-09-05,5148.0,2.0
CES9092000001,2022-09-01,2025-11-20,5148.0,2.0
CES9092000001,2022-09-01,2025-12-16,5148.0,2.0
CES9092000001,2022-09-01,2026-01-09,5148.0,2.0
CES9092000001,2022-09-01,2026-02-11,5149.0,5.0
CES9092000001,2022-09-01,2026-03-06,5149.0,5.0
CES9092000001,2022-09-01,2026-04-03,5149.0,5.0
CES9092000001,2022-09-01,2026-05-08,5149.0,5.0
CES9092000001,2022-09-01,2026-06-05,5149.0,5.0
CES9092000001,2022-09-01,2026-07-02,5149.0,5.0
CES9092000001,2022-10-01,2022-11-04,5254.0,-7.0
CES9092000001,2022-10-01,2022-12-02,5273.0,0.0
CES9092000001,2022-10-01,2023-01-06,5274.0,1.0
CES9092000001,2022-10-01,2023-02-03,5104.0,-11.0
CES9092000001,2022-10-01,2023-03-10,5104.0,-11.0
CES9092000001,2022-10-01,2023-04-07,5104.0,-11.0
CES9092000001,2022-10-01,2023-05-05,5104.0,-11.0
CES9092000001,2022-10-01,2023-06-02,5104.0,-11.0
CES9092000001,2022-10-01,2023-07-07,5104.0,-11.0
CES9092000001,2022-10-01,2023-08-04,5104.0,-11.0
CES9092000001,2022-10-01,2023-09-01,5104.0,-11.0
CES9092000001,2022-10-01,2023-10-06,5104.0,-11.0
CES9092000001,2022-10-01,2023-11-03,5104.0,-11.0
CES9092000001,2022-10-01,2023-12-08,5104.0,-11.0
CES9092000001,2022-10-01,2024-01-05,5104.0,-11.0
CES9092000001,2022-10-01,2024-02-02,5143.0,-5.0
CES9092000001,2022-10-01,2024-03-08,5143.0,-5.0
CES9092000001,2022-10-01,2024-04-05,5143.0,-5.0
CES9092000001,2022-10-01,2024-05-03,5143.0,-5.0
CES9092000001,2022-10-01,2024-06-07,5143.0,-5.0
CES9092000001,2022-10-01,2024-07-05,5143.0,-5.0
CES9092000001,2022-10-01,2024-08-02,5143.0,-5.0
CES9092000001,2022-10-01,2024-09-06,5143.0,-5.0
CES9092000001,2022-10-01,2024-10-04,5143.0,-5.0
CES9092000001,2022-10-01,2024-11-01,5143.0,-5.0
CES9092000001,2022-10-01,2024-12-06,5143.0,-5.0
CES9092000001,2022-10-01,2025-01-10,5143.0,-5.0
CES9092000001,2022-10-01,2025-02-07,5139.0,-9.0
CES9092000001,2022-10-01,2025-03-07,5139.0,-9.0
CES9092000001,2022-10-01,2025-04-04,5139.0,-9.0
CES9092000001,2022-10-01,2025-05-02,5139.0,-9.0
CES9092000001,2022-10-01,2025-06-06,5139.0,-9.0
CES9092000001,2022-10-01,2025-07-03,5139.0,-9.0
CES9092000001,2022-10-01,2025-08-01,5139.0,-9.0
CES9092000001,2022-10-01,2025-09-05,5139.0,-9.0
CES9092000001,2022-10-01,2025-11-20,5139.0,-9.0
CES9092000001,2022-10-01,2025-12-16,5139.0,-9.0
CES9092000001,2022-10-01,2026-01-09,5139.0,-9.0
CES9092000001,2022-10-01,2026-02-11,5140.0,-9.0
CES9092000001,2022-10-01,2026-03-06,5140.0,-9.0
CES9092000001,2022-10-01,2026-04-03,5140.0,-9.0
CES9092000001,2022-10-01,2026-05-08,5140.0,-9.0
CES9092000001,2022-10-01,2026-06-05,5140.0,-9.0
CES9092000001,2022-10-01,2026-07-02,5140.0,-9.0
CES9092000001,2022-11-01,2022-12-02,5284.0,11.0
CES9092000001,2022-11-01,2023-01-06,5288.0,14.0
CES9092000001,2022-11-01,2023-02-03,5116.0,12.0
CES9092000001,2022-11-01,2023-03-10,5116.0,12.0
CES9092000001,2022-11-01,2023-04-07,5116.0,12.0
CES9092000001,2022-11-01,2023-05-05,5116.0,12.0
CES9092000001,2022-11-01,2023-06-02,5116.0,12.0
CES9092000001,2022-11-01,2023-07-07,5116.0,12.0
CES9092000001,2022-11-01,2023-08-04,5116.0,12.0
CES9092000001,2022-11-01,2023-09-01,5116.0,12.0
CES9092000001,2022-11-01,2023-10-06,5116.0,12.0
CES9092000001,2022-11-01,2023-11-03,5116.0,12.0
CES9092000001,2022-11-01,2023-12-08,5116.0,12.0
CES9092000001,2022-11-01,2024-01-05,5116.0,12.0
CES9092000001,2022-11-01,2024-02-02,5161.0,18.0
CES9092000001,2022-11-01,2024-03-08,5161.0,18.0
CES9092000001,2022-11-01,2024-04-05,5161.0,18.0
CES9092000001,2022-11-01,2024-05-03,5161.0,18.0
CES9092000001,2022-11-01,2024-06-07,5161.0,18.0
CES9092000001,2022-11-01,2024-07-05,5161.0,18.0
CES9092000001,2022-11-01,2024-08-02,5161.0,18.0
CES9092000001,2022-11-01,2024-09-06,5161.0,18.0
CES9092000001,2022-11-01,2024-10-04,5161.0,18.0
CES9092000001,2022-11-01,2024-11-01,5161.0,18.0
CES9092000001,2022-11-01,2024-12-06,5161.0,18.0
CES9092000001,2022-11-01,2025-01-10,5161.0,18.0
CES9092000001,2022-11-01,2025-02-07,5162.0,23.0
CES9092000001,2022-11-01,2025-03-07,5162.0,23.0
CES9092000001,2022-11-01,2025-04-04,5162.0,23.0
CES9092000001,2022-11-01,2025-05-02,5162.0,23.0
CES9092000001,2022-11-01,2025-06-06,5162.0,23.0
CES9092000001,2022-11-01,2025-07-03,5162.0,23.0
CES9092000001,2022-11-01,2025-08-01,5162.0,23.0
CES9092000001,2022-11-01,2025-09-05,5162.0,23.0
CES9092000001,2022-11-01,2025-11-20,5162.0,23.0
CES9092000001,2022-11-01,2025-12-16,5162.0,23.0
CES9092000001,2022-11-01,2026-01-09,5162.0,23.0
CES9092000001,2022-11-01,2026-02-11,5163.0,23.0
CES9092000001,2022-11-01,2026-03-06,5163.0,23.0
CES9092000001,2022-11-01,2026-04-03,5163.0,23.0
CES9092000001,2022-11-01,2026-05-08,5163.0,23.0
CES9092000001,2022-11-01,2026-06-05,5163.0,23.0
CES9092000001,2022-11-01,2026-07-02,5163.0,23.0
CES9092000001,2022-12-01,2023-01-06,5269.0,-19.0
CES9092000001,2022-12-01,2023-02-03,5078.0,-38.0
CES9092000001,2022-12-01,2023-03-10,5087.0,-29.0
CES9092000001,2022-12-01,2023-04-07,5087.0,-29.0
CES9092000001,2022-12-01,2023-05-05,5087.0,-29.0
CES9092000001,2022-12-01,2023-06-02,5087.0,-29.0
CES9092000001,2022-12-01,2023-07-07,5087.0,-29.0
CES9092000001,2022-12-01,2023-08-04,5087.0,-29.0
CES9092000001,2022-12-01,2023-09-01,5087.0,-29.0
CES9092000001,2022-12-01,2023-10-06,5087.0,-29.0
CES9092000001,2022-12-01,2023-11-03,5087.0,-29.0
CES9092000001,2022-12-01,2023-12-08,5087.0,-29.0
CES9092000001,2022-12-01,2024-01-05,5087.0,-29.0
CES9092000001,2022-12-01,2024-02-02,5131.0,-30.0
CES9092000001,2022-12-01,2024-03-08,5131.0,-30.0
CES9092000001,2022-12-01,2024-04-05,5131.0,-30.0
CES9092000001,2022-12-01,2024-05-03,5131.0,-30.0
CES9092000001,2022-12-01,2024-06-07,5131.0,-30.0
CES9092000001,2022-12-01,2024-07-05,5131.0,-30.0
CES9092000001,2022-12-01,2024-08-02,5131.0,-30.0
CES9092000001,2022-12-01,2024-09-06,5131.0,-30.0
CES9092000001,2022-12-01,2024-10-04,5131.0,-30.0
CES9092000001,2022-12-01,2024-11-01,5131.0,-30.0
CES9092000001,2022-12-01,2024-12-06,5131.0,-30.0
CES9092000001,2022-12-01,2025-01-10,5131.0,-30.0
CES9092000001,2022-12-01,2025-02-07,5136.0,-26.0
CES9092000001,2022-12-01,2025-03-07,5136.0,-26.0
CES9092000001,2022-12-01,2025-04-04,5136.0,-26.0
CES9092000001,2022-12-01,2025-05-02,5136.0,-26.0
CES9092000001,2022-12-01,2025-06-06,5136.0,-26.0
CES9092000001,2022-12-01,2025-07-03,5136.0,-26.0
CES9092000001,2022-12-01,2025-08-01,5136.0,-26.0
CES9092000001,2022-12-01,2025-09-05,5136.0,-26.0
CES9092000001,2022-12-01,2025-11-20,5136.0,-26.0
CES9092000001,2022-12-01,2025-12-16,5136.0,-26.0
CES9092000001,2022-12-01,2026-01-09,5136.0,-26.0
CES9092000001,2022-12-01,2026-02-11,5133.0,-30.0
CES9092000001,2022-12-01,2026-03-06,5133.0,-30.0
CES9092000001,2022-12-01,2026-04-03,5133.0,-30.0
CES9092000001,2022-12-01,2026-05-08,5133.0,-30.0
CES9092000001,2022-12-01,2026-06-05,5133.0,-30.0
CES9092000001,2022-12-01,2026-07-02,5133.0,-30.0
CES9092000001,2023-01-01,2023-02-03,5117.0,39.0
CES9092000001,2023-01-01,2023-03-10,5162.0,75.0
CES9092000001,2023-01-01,2023-04-07,5156.0,69.0
CES9092000001,2023-01-01,2023-05-05,5156.0,69.0
CES9092000001,2023-01-01,2023-06-02,5156.0,69.0
CES9092000001,2023-01-01,2023-07-07,5156.0,69.0
CES9092000001,2023-01-01,2023-08-04,5156.0,69.0
CES9092000001,2023-01-01,2023-09-01,5156.0,69.0
CES9092000001,2023-01-01,2023-10-06,5156.0,69.0
CES9092000001,2023-01-01,2023-11-03,5156.0,69.0
CES9092000001,2023-01-01,2023-12-08,5156.0,69.0
CES9092000001,2023-01-01,2024-01-05,5156.0,69.0
CES9092000001,2023-01-01,2024-02-02,5206.0,75.0
CES9092000001,2023-01-01,2024-03-08,5206.0,75.0
CES9092000001,2023-01-01,2024-04-05,5206.0,75.0
CES9092000001,2023-01-01,2024-05-03,5206.0,75.0
CES9092000001,2023-01-01,2024-06-07,5206.0,75.0
CES9092000001,2023-01-01,2024-07-05,5206.0,75.0
CES9092000001,2023-01-01,2024-08-02,5206.0,75.0
CES9092000001,2023-01-01,2024-09-06,5206.0,75.0
CES9092000001,2023-01-01,2024-10-04,5206.0,75.0
CES9092000001,2023-01-01,2024-11-01,5206.0,75.0
CES9092000001,2023-01-01,2024-12-06,5206.0,75.0
CES9092000001,2023-01-01,2025-01-10,5206.0,75.0
CES9092000001,2023-01-01,2025-02-07,5199.0,63.0
CES9092000001,2023-01-01,2025-03-07,5199.0,63.0
CES9092000001,2023-01-01,2025-04-04,5199.0,63.0
CES9092000001,2023-01-01,2025-05-02,5199.0,63.0
CES9092000001,2023-01-01,2025-06-06,5199.0,63.0
CES9092000001,2023-01-01,2025-07-03,5199.0,63.0
CES9092000001,2023-01-01,2025-08-01,5199.0,63.0
CES9092000001,2023-01-01,2025-09-05,5199.0,63.0
CES9092000001,2023-01-01,2025-11-20,5199.0,63.0
CES9092000001,2023-01-01,2025-12-16,5199.0,63.0
CES9092000001,2023-01-01,2026-01-09,5199.0,63.0
CES9092000001,2023-01-01,2026-02-11,5199.0,66.0
CES9092000001,2023-01-01,2026-03-06,5199.0,66.0
CES9092000001,2023-01-01,2026-04-03,5199.0,66.0
CES9092000001,2023-01-01,2026-05-08,5199.0,66.0
CES9092000001,2023-01-01,2026-06-05,5199.0,66.0
CES9092000001,2023-01-01,2026-07-02,5199.0,66.0
CES9092000001,2023-02-01,2023-03-10,5164.0,2.0
CES9092000001,2023-02-01,2023-04-07,5171.0,15.0
CES9092000001,2023-02-01,2023-05-05,5175.0,19.0
CES9092000001,2023-02-01,2023-06-02,5175.0,19.0
CES9092000001,2023-02-01,2023-07-07,5175.0,19.0
CES9092000001,2023-02-01,2023-08-04,5175.0,19.0
CES9092000001,2023-02-01,2023-09-01,5175.0,19.0
CES9092000001,2023-02-01,2023-10-06,5175.0,19.0
CES9092000001,2023-02-01,2023-11-03,5175.0,19.0
CES9092000001,2023-02-01,2023-12-08,5175.0,19.0
CES9092000001,2023-02-01,2024-01-05,5175.0,19.0
CES9092000001,2023-02-01,2024-02-02,5229.0,23.0
CES9092000001,2023-02-01,2024-03-08,5229.0,23.0
CES9092000001,2023-02-01,2024-04-05,5229.0,23.0
CES9092000001,2023-02-01,2024-05-03,5229.0,23.0
CES9092000001,2023-02-01,2024-06-07,5229.0,23.0
CES9092000001,2023-02-01,2024-07-05,5229.0,23.0
CES9092000001,2023-02-01,2024-08-02,5229.0,23.0
CES9092000001,2023-02-01,2024-09-06,5229.0,23.0
CES9092000001,2023-02-01,2024-10-04,5229.0,23.0
CES9092000001,2023-02-01,2024-11-01,5229.0,23.0
CES9092000001,2023-02-01,2024-12-06,5229.0,23.0
CES9092000001,2023-02-01,2025-01-10,5229.0,23.0
CES9092000001,2023-02-01,2025-02-07,5219.0,20.0
CES9092000001,2023-02-01,2025-03-07,5219.0,20.0
CES9092000001,2023-02-01,2025-04-04,5219.0,20.0
CES9092000001,2023-02-01,2025-05-02,5219.0,20.0
CES9092000001,2023-02-01,2025-06-06,5219.0,20.0
CES9092000001,2023-02-01,2025-07-03,5219.0,20.0
CES9092000001,2023-02-01,2025-08-01,5219.0,20.0
CES9092000001,2023-02-01,2025-09-05,5219.0,20.0
CES9092000001,2023-02-01,2025-11-20,5219.0,20.0
CES9092000001,2023-02-01,2025-12-16,5219.0,20.0
CES9092000001,2023-02-01,2026-01-09,5219.0,20.0
CES9092000001,2023-02-01,2026-02-11,5218.0,19.0
CES9092000001,2023-02-01,2026-03-06,5218.0,19.0
CES9092000001,2023-02-01,2026-04-03,5218.0,19.0
CES9092000001,2023-02-01,2026-05-08,5218.0,19.0
CES9092000001,2023-02-01,2026-06-05,5218.0,19.0
CES9092000001,2023-02-01,2026-07-02,5218.0,19.0
CES9092000001,2023-03-01,2023-04-07,5184.0,13.0
CES9092000001,2023-03-01,2023-05-05,5188.0,13.0
CES9092000001,2023-03-01,2023-06-02,5195.0,20.0
CES9092000001,2023-03-01,2023-07-07,5195.0,20.0
CES9092000001,2023-03-01,2023-08-04,5195.0,20.0
CES9092000001,2023-03-01,2023-09-01,5195.0,20.0
CES9092000001,2023-03-01,2023-10-06,5195.0,20.0
CES9092000001,2023-03-01,2023-11-03,5195.0,20.0
CES9092000001,2023-03-01,2023-12-08,5195.0,20.0
CES9092000001,2023-03-01,2024-01-05,5195.0,20.0
CES9092000001,2023-03-01,2024-02-02,5249.0,20.0
CES9092000001,2023-03-01,2024-03-08,5249.0,20.0
CES9092000001,2023-03-01,2024-04-05,5249.0,20.0
CES9092000001,2023-03-01,2024-05-03,5249.0,20.0
CES9092000001,2023-03-01,2024-06-07,5249.0,20.0
CES9092000001,2023-03-01,2024-07-05,5249.0,20.0
CES9092000001,2023-03-01,2024-08-02,5249.0,20.0
CES9092000001,2023-03-01,2024-09-06,5249.0,20.0
CES9092000001,2023-03-01,2024-10-04,5249.0,20.0
CES9092000001,2023-03-01,2024-11-01,5249.0,20.0
CES9092000001,2023-03-01,2024-12-06,5249.0,20.0
CES9092000001,2023-03-01,2025-01-10,5249.0,20.0
CES9092000001,2023-03-01,2025-02-07,5235.0,16.0
CES9092000001,2023-03-01,2025-03-07,5235.0,16.0
CES9092000001,2023-03-01,2025-04-04,5235.0,16.0
CES9092000001,2023-03-01,2025-05-02,5235.0,16.0
CES9092000001,2023-03-01,2025-06-06,5235.0,16.0
CES9092000001,2023-03-01,2025-07-03,5235.0,16.0
CES9092000001,2023-03-01,2025-08-01,5235.0,16.0
CES9092000001,2023-03-01,2025-09-05,5235.0,16.0
CES9092000001,2023-03-01,2025-11-20,5235.0,16.0
CES9092000001,2023-03-01,2025-12-16,5235.0,16.0
CES9092000001,2023-03-01,2026-01-09,5235.0,16.0
CES9092000001,2023-03-01,2026-02-11,5232.0,14.0
CES9092000001,2023-03-01,2026-03-06,5232.0,14.0
CES9092000001,2023-03-01,2026-04-03,5232.0,14.0
CES9092000001,2023-03-01,2026-05-08,5232.0,14.0
CES9092000001,2023-03-01,2026-06-05,5232.0,14.0
CES9092000001,2023-03-01,2026-07-02,5232.0,14.0
CES9092000001,2023-04-01,2023-05-05,5191.0,3.0
CES9092000001,2023-04-01,2023-06-02,5207.0,12.0
CES9092000001,2023-04-01,2023-07-07,5202.0,7.0
CES9092000001,2023-04-01,2023-08-04,5202.0,7.0
CES9092000001,2023-04-01,2023-09-01,5202.0,7.0
CES9092000001,2023-04-01,2023-10-06,5202.0,7.0
CES9092000001,2023-04-01,2023-11-03,5202.0,7.0
CES9092000001,2023-04-01,2023-12-08,5202.0,7.0
CES9092000001,2023-04-01,2024-01-05,5202.0,7.0
CES9092000001,2023-04-01,2024-02-02,5263.0,14.0
CES9092000001,2023-04-01,2024-03-08,5263.0,14.0
CES9092000001,2023-04-01,2024-04-05,5263.0,14.0
CES9092000001,2023-04-01,2024-05-03,5263.0,14.0
CES9092000001,2023-04-01,2024-06-07,5263.0,14.0
CES9092000001,2023-04-01,2024-07-05,5263.0,14.0
CES9092000001,2023-04-01,2024-08-02,5263.0,14.0
CES9092000001,2023-04-01,2024-09-06,5263.0,14.0
CES9092000001,2023-04-01,2024-10-04,5263.0,14.0
CES9092000001,2023-04-01,2024-11-01,5263.0,14.0
CES9092000001,2023-04-01,2024-12-06,5263.0,14.0
CES9092000001,2023-04-01,2025-01-10,5263.0,14.0
CES9092000001,2023-04-01,2025-02-07,5251.0,16.0
CES9092000001,2023-04-01,2025-03-07,5251.0,16.0
CES9092000001,2023-04-01,2025-04-04,5251.0,16.0
CES9092000001,2023-04-01,2025-05-02,5251.0,16.0
CES9092000001,2023-04-01,2025-06-06,5251.0,16.0
CES9092000001,2023-04-01,2025-07-03,5251.0,16.0
CES9092000001,2023-04-01,2025-08-01,5251.0,16.0
CES9092000001,2023-04-01,2025-09-05,5251.0,16.0
CES9092000001,2023-04-01,2025-11-20,5251.0,16.0
CES9092000001,2023-04-01,2025-12-16,5251.0,16.0
CES9092000001,2023-04-01,2026-01-09,5251.0,16.0
CES9092000001,2023-04-01,2026-02-11,5252.0,20.0
CES9092000001,2023-04-01,2026-03-06,5252.0,20.0
CES9092000001,2023-04-01,2026-04-03,5252.0,20.0
CES9092000001,2023-04-01,2026-05-08,5252.0,20.0
CES9092000001,2023-04-01,2026-06-05,5252.0,20.0
CES9092000001,2023-04-01,2026-07-02,5252.0,20.0
CES9092000001,2023-05-01,2023-06-02,5226.0,19.0
CES9092000001,2023-05-01,2023-07-07,5215.0,13.0
CES9092000001,2023-05-01,2023-08-04,5216.0,14.0
CES9092000001,2023-05-01,2023-09-01,5216.0,14.0
CES9092000001,2023-05-01,2023-10-06,5216.0,14.0
CES9092000001,2023-05-01,2023-11-03,5216.0,14.0
CES9092000001,2023-05-01,2023-12-08,5216.0,14.0
CES9092000001,2023-05-01,2024-01-05,5216.0,14.0
CES9092000001,2023-05-01,2024-02-02,5280.0,17.0
CES9092000001,2023-05-01,2024-03-08,5280.0,17.0
CES9092000001,2023-05-01,2024-04-05,5280.0,17.0
CES9092000001,2023-05-01,2024-05-03,5280.0,17.0
CES9092000001,2023-05-01,2024-06-07,5280.0,17.0
CES9092000001,2023-05-01,2024-07-05,5280.0,17.0
CES9092000001,2023-05-01,2024-08-02,5280.0,17.0
CES9092000001,2023-05-01,2024-09-06,5280.0,17.0
CES9092000001,2023-05-01,2024-10-04,5280.0,17.0
CES9092000001,2023-05-01,2024-11-01,5280.0,17.0
CES9092000001,2023-05-01,2024-12-06,5280.0,17.0
CES9092000001,2023-05-01,2025-01-10,5280.0,17.0
CES9092000001,2023-05-01,2025-02-07,5272.0,21.0
CES9092000001,2023-05-01,2025-03-07,5272.0,21.0
CES9092000001,2023-05-01,2025-04-04,5272.0,21.0
CES9092000001,2023-05-01,2025-05-02,5272.0,21.0
CES9092000001,2023-05-01,2025-06-06,5272.0,21.0
CES9092000001,2023-05-01,2025-07-03,5272.0,21.0
CES9092000001,2023-05-01,2025-08-01,5272.0,21.0
CES9092000001,2023-05-01,2025-09-05,5272.0,21.0
CES9092000001,2023-05-01,2025-11-20,5272.0,21.0
CES9092000001,2023-05-01,2025-12-16,5272.0,21.0
CES9092000001,2023-05-01,2026-01-09,5272.0,21.0
CES9092000001,2023-05-01,2026-02-11,5278.0,26.0
CES9092000001,2023-05-01,2026-03-06,5278.0,26.0
CES9092000001,2023-05-01,2026-04-03,5278.0,26.0
CES9092000001,2023-05-01,2026-05-08,5278.0,26.0
CES9092000001,2023-05-01,2026-06-05,5278.0,26.0
CES9092000001,2023-05-01,2026-07-02,5278.0,26.0
CES9092000001,2023-06-01,2023-07-07,5242.0,27.0
CES9092000001,2023-06-01,2023-08-04,5246.0,30.0
CES9092000001,2023-06-01,2023-09-01,5231.0,15.0
CES9092000001,2023-06-01,2023-10-06,5231.0,15.0
CES9092000001,2023-06-01,2023-11-03,5231.0,15.0
CES9092000001,2023-06-01,2023-12-08,5231.0,15.0
CES9092000001,2023-06-01,2024-01-05,5231.0,15.0
CES9092000001,2023-06-01,2024-02-02,5301.0,21.0
CES9092000001,2023-06-01,2024-03-08,5301.0,21.0
CES9092000001,2023-06-01,2024-04-05,5301.0,21.0
CES9092000001,2023-06-01,2024-05-03,5301.0,21.0
CES9092000001,2023-06-01,2024-06-07,5301.0,21.0
CES9092000001,2023-06-01,2024-07-05,5301.0,21.0
CES9092000001,2023-06-01,2024-08-02,5301.0,21.0
CES9092000001,2023-06-01,2024-09-06,5301.0,21.0
CES9092000001,2023-06-01,2024-10-04,5301.0,21.0
CES9092000001,2023-06-01,2024-11-01,5301.0,21.0
CES9092000001,2023-06-01,2024-12-06,5301.0,21.0
CES9092000001,2023-06-01,2025-01-10,5301.0,21.0
CES9092000001,2023-06-01,2025-02-07,5294.0,22.0
CES9092000001,2023-06-01,2025-03-07,5294.0,22.0
CES9092000001,2023-06-01,2025-04-04,5294.0,22.0
CES9092000001,2023-06-01,2025-05-02,5294.0,22.0
CES9092000001,2023-06-01,2025-06-06,5294.0,22.0
CES9092000001,2023-06-01,2025-07-03,5294.0,22.0
CES9092000001,2023-06-01,2025-08-01,5294.0,22.0
CES9092000001,2023-06-01,2025-09-05,5294.0,22.0
CES9092000001,2023-06-01,2025-11-20,5294.0,22.0
CES9092000001,2023-06-01,2025-12-16,5294.0,22.0
CES9092000001,2023-06-01,2026-01-09,5294.0,22.0
CES9092000001,2023-06-01,2026-02-11,5295.0,17.0
CES9092000001,2023-06-01,2026-03-06,5295.0,17.0
CES9092000001,2023-06-01,2026-04-03,5295.0,17.0
CES9092000001,2023-06-01,2026-05-08,5295.0,17.0
CES9092000001,2023-06-01,2026-06-05,5295.0,17.0
CES9092000001,2023-06-01,2026-07-02,5295.0,17.0
CES9092000001,2023-07-01,2023-08-04,5235.0,-11.0
CES9092000001,2023-07-01,2023-09-01,5226.0,-5.0
CES9092000001,2023-07-01,2023-10-06,5243.0,12.0
CES9092000001,2023-07-01,2023-11-03,5243.0,12.0
CES9092000001,2023-07-01,2023-12-08,5243.0,12.0
CES9092000001,2023-07-01,2024-01-05,5243.0,12.0
CES9092000001,2023-07-01,2024-02-02,5301.0,0.0
CES9092000001,2023-07-01,2024-03-08,5301.0,0.0
CES9092000001,2023-07-01,2024-04-05,5301.0,0.0
CES9092000001,2023-07-01,2024-05-03,5301.0,0.0
CES9092000001,2023-07-01,2024-06-07,5301.0,0.0
CES9092000001,2023-07-01,2024-07-05,5301.0,0.0
CES9092000001,2023-07-01,2024-08-02,5301.0,0.0
CES9092000001,2023-07-01,2024-09-06,5301.0,0.0
CES9092000001,2023-07-01,2024-10-04,5301.0,0.0
CES9092000001,2023-07-01,2024-11-01,5301.0,0.0
CES9092000001,2023-07-01,2024-12-06,5301.0,0.0
CES9092000001,2023-07-01,2025-01-10,5301.0,0.0
CES9092000001,2023-07-01,2025-02-07,5303.0,9.0
CES9092000001,2023-07-01,2025-03-07,5303.0,9.0
CES9092000001,2023-07-01,2025-04-04,5303.0,9.0
CES9092000001,2023-07-01,2025-05-02,5303.0,9.0
CES9092000001,2023-07-01,2025-06-06,5303.0,9.0
CES9092000001,2023-07-01,2025-07-03,5303.0,9.0
CES9092000001,2023-07-01,2025-08-01,5303.0,9.0
CES9092000001,2023-07-01,2025-09-05,5303.0,9.0
CES9092000001,2023-07-01,2025-11-20,5303.0,9.0
CES9092000001,2023-07-01,2025-12-16,5303.0,9.0
CES9092000001,2023-07-01,2026-01-09,5303.0,9.0
CES9092000001,2023-07-01,2026-02-11,5298.0,3.0
CES9092000001,2023-07-01,2026-03-06,5298.0,3.0
CES9092000001,2023-07-01,2026-04-03,5298.0,3.0
CES9092000001,2023-07-01,2026-05-08,5298.0,3.0
CES9092000001,2023-07-01,2026-06-05,5298.0,3.0
CES9092000001,2023-07-01,2026-07-02,5298.0,3.0
CES9092000001,2023-08-01,2023-09-01,5226.0,0.0
CES9092000001,2023-08-01,2023-10-06,5267.0,24.0
CES9092000001,2023-08-01,2023-11-03,5261.0,18.0
CES9092000001,2023-08-01,2023-12-08,5261.0,18.0
CES9092000001,2023-08-01,2024-01-05,5261.0,18.0
CES9092000001,2023-08-01,2024-02-02,5329.0,28.0
CES9092000001,2023-08-01,2024-03-08,5329.0,28.0
CES9092000001,2023-08-01,2024-04-05,5329.0,28.0
CES9092000001,2023-08-01,2024-05-03,5329.0,28.0
CES9092000001,2023-08-01,2024-06-07,5329.0,28.0
CES9092000001,2023-08-01,2024-07-05,5329.0,28.0
CES9092000001,2023-08-01,2024-08-02,5329.0,28.0
CES9092000001,2023-08-01,2024-09-06,5329.0,28.0
CES9092000001,2023-08-01,2024-10-04,5329.0,28.0
CES9092000001,2023-08-01,2024-11-01,5329.0,28.0
CES9092000001,2023-08-01,2024-12-06,5329.0,28.0
CES9092000001,2023-08-01,2025-01-10,5329.0,28.0
CES9092000001,2023-08-01,2025-02-07,5324.0,21.0
CES9092000001,2023-08-01,2025-03-07,5324.0,21.0
CES9092000001,2023-08-01,2025-04-04,5324.0,21.0
CES9092000001,2023-08-01,2025-05-02,5324.0,21.0
CES9092000001,2023-08-01,2025-06-06,5324.0,21.0
CES9092000001,2023-08-01,2025-07-03,5324.0,21.0
CES9092000001,2023-08-01,2025-08-01,5324.0,21.0
CES9092000001,2023-08-01,2025-09-05,5324.0,21.0
CES9092000001,2023-08-01,2025-11-20,5324.0,21.0
CES9092000001,2023-08-01,2025-12-16,5324.0,21.0
CES9092000001,2023-08-01,2026-01-09,5324.0,21.0
CES9092000001,2023-08-01,2026-02-11,5320.0,22.0
CES9092000001,2023-08-01,2026-03-06,5320.0,22.0
CES9092000001,2023-08-01,2026-04-03,5320.0,22.0
CES9092000001,2023-08-01,2026-05-08,5320.0,22.0
CES9092000001,2023-08-01,2026-06-05,5320.0,22.0
CES9092000001,2023-08-01,2026-07-02,5320.0,22.0
CES9092000001,2023-09-01,2023-10-06,5296.0,29.0
CES9092000001,2023-09-01,2023-11-03,5271.0,10.0
CES9092000001,2023-09-01,2023-12-08,5288.0,27.0
CES9092000001,2023-09-01,2024-01-05,5288.0,27.0
CES9092000001,2023-09-01,2024-02-02,5346.0,17.0
CES9092000001,2023-09-01,2024-03-08,5346.0,17.0
CES9092000001,2023-09-01,2024-04-05,5346.0,17.0
CES9092000001,2023-09-01,2024-05-03,5346.0,17.0
CES9092000001,2023-09-01,2024-06-07,5346.0,17.0
CES9092000001,2023-09-01,2024-07-05,5346.0,17.0
CES9092000001,2023-09-01,2024-08-02,5346.0,17.0
CES9092000001,2023-09-01,2024-09-06,5346.0,17.0
CES9092000001,2023-09-01,2024-10-04,5346.0,17.0
CES9092000001,2023-09-01,2024-11-01,5346.0,17.0
CES9092000001,2023-09-01,2024-12-06,5346.0,17.0
CES9092000001,2023-09-01,2025-01-10,5346.0,17.0
CES9092000001,2023-09-01,2025-02-07,5337.0,13.0
CES9092000001,2023-09-01,2025-03-07,5337.0,13.0
CES9092000001,2023-09-01,2025-04-04,5337.0,13.0
CES9092000001,2023-09-01,2025-05-02,5337.0,13.0
CES9092000001,2023-09-01,2025-06-06,5337.0,13.0
CES9092000001,2023-09-01,2025-07-03,5337.0,13.0
CES9092000001,2023-09-01,2025-08-01,5337.0,13.0
CES9092000001,2023-09-01,2025-09-05,5337.0,13.0
CES9092000001,2023-09-01,2025-11-20,5337.0,13.0
CES9092000001,2023-09-01,2025-12-16,5337.0,13.0
CES9092000001,2023-09-01,2026-01-09,5337.0,13.0
CES9092000001,2023-09-01,2026-02-11,5337.0,17.0
CES9092000001,2023-09-01,2026-03-06,5337.0,17.0
CES9092000001,2023-09-01,2026-04-03,5337.0,17.0
CES9092000001,2023-09-01,2026-05-08,5337.0,17.0
CES9092000001,2023-09-01,2026-06-05,5337.0,17.0
CES9092000001,2023-09-01,2026-07-02,5337.0,17.0
CES9092000001,2023-10-01,2023-11-03,5281.0,10.0
CES9092000001,2023-10-01,2023-12-08,5317.0,29.0
CES9092000001,2023-10-01,2024-01-05,5314.0,26.0
CES9092000001,2023-10-01,2024-02-02,5375.0,29.0
CES9092000001,2023-10-01,2024-03-08,5375.0,29.0
CES9092000001,2023-10-01,2024-04-05,5375.0,29.0
CES9092000001,2023-10-01,2024-05-03,5375.0,29.0
CES9092000001,2023-10-01,2024-06-07,5375.0,29.0
CES9092000001,2023-10-01,2024-07-05,5375.0,29.0
CES9092000001,2023-10-01,2024-08-02,5375.0,29.0
CES9092000001,2023-10-01,2024-09-06,5375.0,29.0
CES9092000001,2023-10-01,2024-10-04,5375.0,29.0
CES9092000001,2023-10-01,2024-11-01,5375.0,29.0
CES9092000001,2023-10-01,2024-12-06,5375.0,29.0
CES9092000001,2023-10-01,2025-01-10,5375.0,29.0
CES9092000001,2023-10-01,2025-02-07,5359.0,22.0
CES9092000001,2023-10-01,2025-03-07,5359.0,22.0
CES9092000001,2023-10-01,2025-04-04,5359.0,22.0
CES9092000001,2023-10-01,2025-05-02,5359.0,22.0
CES9092000001,2023-10-01,2025-06-06,5359.0,22.0
CES9092000001,2023-10-01,2025-07-03,5359.0,22.0
CES9092000001,2023-10-01,2025-08-01,5359.0,22.0
CES9092000001,2023-10-01,2025-09-05,5359.0,22.0
CES9092000001,2023-10-01,2025-11-20,5359.0,22.0
CES9092000001,2023-10-01,2025-12-16,5359.0,22.0
CES9092000001,2023-10-01,2026-01-09,5359.0,22.0
CES9092000001,2023-10-01,2026-02-11,5361.0,24.0
CES9092000001,2023-10-01,2026-03-06,5361.0,24.0
CES9092000001,2023-10-01,2026-04-03,5361.0,24.0
CES9092000001,2023-10-01,2026-05-08,5361.0,24.0
CES9092000001,2023-10-01,2026-06-05,5361.0,24.0
CES9092000001,2023-10-01,2026-07-02,5361.0,24.0
CES9092000001,2023-11-01,2023-12-08,5334.0,17.0
CES9092000001,2023-11-01,2024-01-05,5318.0,4.0
CES9092000001,2023-11-01,2024-02-02,5383.0,8.0
CES9092000001,2023-11-01,2024-03-08,5383.0,8.0
CES9092000001,2023-11-01,2024-04-05,5383.0,8.0
CES9092000001,2023-11-01,2024-05-03,5383.0,8.0
CES9092000001,2023-11-01,2024-06-07,5383.0,8.0
CES9092000001,2023-11-01,2024-07-05,5383.0,8.0
CES9092000001,2023-11-01,2024-08-02,5383.0,8.0
CES9092000001,2023-11-01,2024-09-06,5383.0,8.0
CES9092000001,2023-11-01,2024-10-04,5383.0,8.0
CES9092000001,2023-11-01,2024-11-01,5383.0,8.0
CES9092000001,2023-11-01,2024-12-06,5383.0,8.0
CES9092000001,2023-11-01,2025-01-10,5383.0,8.0
CES9092000001,2023-11-01,2025-02-07,5366.0,7.0
CES9092000001,2023-11-01,2025-03-07,5366.0,7.0
CES9092000001,2023-11-01,2025-04-04,5366.0,7.0
CES9092000001,2023-11-01,2025-05-02,5366.0,7.0
CES9092000001,2023-11-01,2025-06-06,5366.0,7.0
CES9092000001,2023-11-01,2025-07-03,5366.0,7.0
CES9092000001,2023-11-01,2025-08-01,5366.0,7.0
CES9092000001,2023-11-01,2025-09-05,5366.0,7.0
CES9092000001,2023-11-01,2025-11-20,5366.0,7.0
CES9092000001,2023-11-01,2025-12-16,5366.0,7.0
CES9092000001,2023-11-01,2026-01-09,5366.0,7.0
CES9092000001,2023-11-01,2026-02-11,5363.0,2.0
CES9092000001,2023-11-01,2026-03-06,5363.0,2.0
CES9092000001,2023-11-01,2026-04-03,5363.0,2.0
CES9092000001,2023-11-01,2026-05-08,5363.0,2.0
CES9092000001,2023-11-01,2026-06-05,5363.0,2.0
CES9092000001,2023-11-01,2026-07-02,5363.0,2.0
CES9092000001,2023-12-01,2024-01-05,5326.0,8.0
CES9092000001,2023-12-01,2024-02-02,5398.0,15.0
CES9092000001,2023-12-01,2024-03-08,5404.0,21.0
CES9092000001,2023-12-01,2024-04-05,5404.0,21.0
CES9092000001,2023-12-01,2024-05-03,5404.0,21.0
CES9092000001,2023-12-01,2024-06-07,5404.0,21.0
CES9092000001,2023-12-01,2024-07-05,5404.0,21.0
CES9092000001,2023-12-01,2024-08-02,5404.0,21.0
CES9092000001,2023-12-01,2024-09-06,5404.0,21.0
CES9092000001,2023-12-01,2024-10-04,5404.0,21.0
CES9092000001,2023-12-01,2024-11-01,5404.0,21.0
CES9092000001,2023-12-01,2024-12-06,5404.0,21.0
CES9092000001,2023-12-01,2025-01-10,5404.0,21.0
CES9092000001,2023-12-01,2025-02-07,5378.0,12.0
CES9092000001,2023-12-01,2025-03-07,5378.0,12.0
CES9092000001,2023-12-01,2025-04-04,5378.0,12.0
CES9092000001,2023-12-01,2025-05-02,5378.0,12.0
CES9092000001,2023-12-01,2025-06-06,5378.0,12.0
CES9092000001,2023-12-01,2025-07-03,5378.0,12.0
CES9092000001,2023-12-01,2025-08-01,5378.0,12.0
CES9092000001,2023-12-01,2025-09-05,5378.0,12.0
CES9092000001,2023-12-01,2025-11-20,5378.0,12.0
CES9092000001,2023-12-01,2025-12-16,5378.0,12.0
CES9092000001,2023-12-01,2026-01-09,5378.0,12.0
CES9092000001,2023-12-01,2026-02-11,5372.0,9.0
CES9092000001,2023-12-01,2026-03-06,5372.0,9.0
CES9092000001,2023-12-01,2026-04-03,5372.0,9.0
CES9092000001,2023-12-01,2026-05-08,5372.0,9.0
CES9092000001,2023-12-01,2026-06-05,5372.0,9.0
CES9092000001,2023-12-01,2026-07-02,5372.0,9.0
CES9092000001,2024-01-01,2024-02-02,5408.0,10.0
CES9092000001,2024-01-01,2024-03-08,5423.0,19.0
CES9092000001,2024-01-01,2024-04-05,5420.0,16.0
CES9092000001,2024-01-01,2024-05-03,5420.0,16.0
CES9092000001,2024-01-01,2024-06-07,5420.0,16.0
CES9092000001,2024-01-01,2024-07-05,5420.0,16.0
CES9092000001,2024-01-01,2024-08-02,5420.0,16.0
CES9092000001,2024-01-01,2024-09-06,5420.0,16.0
CES9092000001,2024-01-01,2024-10-04,5420.0,16.0
CES9092000001,2024-01-01,2024-11-01,5420.0,16.0
CES9092000001,2024-01-01,2024-12-06,5420.0,16.0
CES9092000001,2024-01-01,2025-01-10,5420.0,16.0
CES9092000001,2024-01-01,2025-02-07,5390.0,12.0
CES9092000001,2024-01-01,2025-03-07,5390.0,12.0
CES9092000001,2024-01-01,2025-04-04,5390.0,12.0
CES9092000001,2024-01-01,2025-05-02,5390.0,12.0
CES9092000001,2024-01-01,2025-06-06,5390.0,12.0
CES9092000001,2024-01-01,2025-07-03,5390.0,12.0
CES9092000001,2024-01-01,2025-08-01,5390.0,12.0
CES9092000001,2024-01-01,2025-09-05,5390.0,12.0
CES9092000001,2024-01-01,2025-11-20,5390.0,12.0
CES9092000001,2024-01-01,2025-12-16,5390.0,12.0
CES9092000001,2024-01-01,2026-01-09,5390.0,12.0
CES9092000001,2024-01-01,2026-02-11,5388.0,16.0
CES9092000001,2024-01-01,2026-03-06,5388.0,16.0
CES9092000001,2024-01-01,2026-04-03,5388.0,16.0
CES9092000001,2024-01-01,2026-05-08,5388.0,16.0
CES9092000001,2024-01-01,2026-06-05,5388.0,16.0
CES9092000001,2024-01-01,2026-07-02,5388.0,16.0
CES9092000001,2024-02-01,2024-03-08,5428.0,5.0
CES9092000001,2024-02-01,2024-04-05,5431.0,11.0
CES9092000001,2024-02-01,2024-05-03,5434.0,14.0
CES9092000001,2024-02-01,2024-06-07,5434.0,14.0
CES9092000001,2024-02-01,2024-07-05,5434.0,14.0
CES9092000001,2024-02-01,2024-08-02,5434.0,14.0
CES9092000001,2024-02-01,2024-09-06,5434.0,14.0
CES9092000001,2024-02-01,2024-10-04,5434.0,14.0
CES9092000001,2024-02-01,2024-11-01,5434.0,14.0
CES9092000001,2024-02-01,2024-12-06,5434.0,14.0
CES9092000001,2024-02-01,2025-01-10,5434.0,14.0
CES9092000001,2024-02-01,2025-02-07,5404.0,14.0
CES9092000001,2024-02-01,2025-03-07,5404.0,14.0
CES9092000001,2024-02-01,2025-04-04,5404.0,14.0
CES9092000001,2024-02-01,2025-05-02,5404.0,14.0
CES9092000001,2024-02-01,2025-06-06,5404.0,14.0
CES9092000001,2024-02-01,2025-07-03,5404.0,14.0
CES9092000001,2024-02-01,2025-08-01,5404.0,14.0
CES9092000001,2024-02-01,2025-09-05,5404.0,14.0
CES9092000001,2024-02-01,2025-11-20,5404.0,14.0
CES9092000001,2024-02-01,2025-12-16,5404.0,14.0
CES9092000001,2024-02-01,2026-01-09,5404.0,14.0
CES9092000001,2024-02-01,2026-02-11,5405.0,17.0
CES9092000001,2024-02-01,2026-03-06,5405.0,17.0
CES9092000001,2024-02-01,2026-04-03,5405.0,17.0
CES9092000001,2024-02-01,2026-05-08,5405.0,17.0
CES9092000001,2024-02-01,2026-06-05,5405.0,17.0
CES9092000001,2024-02-01,2026-07-02,5405.0,17.0
CES9092000001,2024-03-01,2024-04-05,5444.0,13.0
CES9092000001,2024-03-01,2024-05-03,5445.0,11.0
CES9092000001,2024-03-01,2024-06-07,5444.0,10.0
CES9092000001,2024-03-01,2024-07-05,5444.0,10.0
CES9092000001,2024-03-01,2024-08-02,5444.0,10.0
CES9092000001,2024-03-01,2024-09-06,5444.0,10.0
CES9092000001,2024-03-01,2024-10-04,5444.0,10.0
CES9092000001,2024-03-01,2024-11-01,5444.0,10.0
CES9092000001,2024-03-01,2024-12-06,5444.0,10.0
CES9092000001,2024-03-01,2025-01-10,5444.0,10.0
CES9092000001,2024-03-01,2025-02-07,5414.0,10.0
CES9092000001,2024-03-01,2025-03-07,5414.0,10.0
CES9092000001,2024-03-01,2025-04-04,5414.0,10.0
CES9092000001,2024-03-01,2025-05-02,5414.0,10.0
CES9092000001,2024-03-01,2025-06-06,5414.0,10.0
CES9092000001,2024-03-01,2025-07-03,5414.0,10.0
CES9092000001,2024-03-01,2025-08-01,5414.0,10.0
CES9092000001,2024-03-01,2025-09-05,5414.0,10.0
CES9092000001,2024-03-01,2025-11-20,5414.0,10.0
CES9092000001,2024-03-01,2025-12-16,5414.0,10.0
CES9092000001,2024-03-01,2026-01-09,5414.0,10.0
CES9092000001,2024-03-01,2026-02-11,5413.0,8.0
CES9092000001,2024-03-01,2026-03-06,5413.0,8.0
CES9092000001,2024-03-01,2026-04-03,5413.0,8.0
CES9092000001,2024-03-01,2026-05-08,5413.0,8.0
CES9092000001,2024-03-01,2026-06-05,5413.0,8.0
CES9092000001,2024-03-01,2026-07-02,5413.0,8.0
CES9092000001,2024-04-01,2024-05-03,5451.0,6.0
CES9092000001,2024-04-01,2024-06-07,5450.0,6.0
CES9092000001,2024-04-01,2024-07-05,5448.0,4.0
CES9092000001,2024-04-01,2024-08-02,5448.0,4.0
CES9092000001,2024-04-01,2024-09-06,5448.0,4.0
CES9092000001,2024-04-01,2024-10-04,5448.0,4.0
CES9092000001,2024-04-01,2024-11-01,5448.0,4.0
CES9092000001,2024-04-01,2024-12-06,5448.0,4.0
CES9092000001,2024-04-01,2025-01-10,5448.0,4.0
CES9092000001,2024-04-01,2025-02-07,5418.0,4.0
CES9092000001,2024-04-01,2025-03-07,5418.0,4.0
CES9092000001,2024-04-01,2025-04-04,5418.0,4.0
CES9092000001,2024-04-01,2025-05-02,5418.0,4.0
CES9092000001,2024-04-01,2025-06-06,5418.0,4.0
CES9092000001,2024-04-01,2025-07-03,5418.0,4.0
CES9092000001,2024-04-01,2025-08-01,5418.0,4.0
CES9092000001,2024-04-01,2025-09-05,5418.0,4.0
CES9092000001,2024-04-01,2025-11-20,5418.0,4.0
CES9092000001,2024-04-01,2025-12-16,5418.0,4.0
CES9092000001,2024-04-01,2026-01-09,5418.0,4.0
CES9092000001,2024-04-01,2026-02-11,5421.0,8.0
CES9092000001,2024-04-01,2026-03-06,5421.0,8.0
CES9092000001,2024-04-01,2026-04-03,5421.0,8.0
CES9092000001,2024-04-01,2026-05-08,5421.0,8.0
CES9092000001,2024-04-01,2026-06-05,5421.0,8.0
CES9092000001,2024-04-01,2026-07-02,5421.0,8.0
CES9092000001,2024-05-01,2024-06-07,5455.0,5.0
CES9092000001,2024-05-01,2024-07-05,5439.0,-9.0
CES9092000001,2024-05-01,2024-08-02,5429.0,-19.0
CES9092000001,2024-05-01,2024-09-06,5429.0,-19.0
CES9092000001,2024-05-01,2024-10-04,5429.0,-19.0
CES9092000001,2024-05-01,2024-11-01,5429.0,-19.0
CES9092000001,2024-05-01,2024-12-06,5429.0,-19.0
CES9092000001,2024-05-01,2025-01-10,5429.0,-19.0
CES9092000001,2024-05-01,2025-02-07,5420.0,2.0
CES9092000001,2024-05-01,2025-03-07,5420.0,2.0
CES9092000001,2024-05-01,2025-04-04,5420.0,2.0
CES9092000001,2024-05-01,2025-05-02,5420.0,2.0
CES9092000001,2024-05-01,2025-06-06,5420.0,2.0
CES9092000001,2024-05-01,2025-07-03,5420.0,2.0
CES9092000001,2024-05-01,2025-08-01,5420.0,2.0
CES9092000001,2024-05-01,2025-09-05,5420.0,2.0
CES9092000001,2024-05-01,2025-11-20,5420.0,2.0
CES9092000001,2024-05-01,2025-12-16,5420.0,2.0
CES9092000001,2024-05-01,2026-01-09,5420.0,2.0
CES9092000001,2024-05-01,2026-02-11,5420.0,-1.0
CES9092000001,2024-05-01,2026-03-06,5420.0,-1.0
CES9092000001,2024-05-01,2026-04-03,5420.0,-1.0
CES9092000001,2024-05-01,2026-05-08,5420.0,-1.0
CES9092000001,2024-05-01,2026-06-05,5420.0,-1.0
CES9092000001,2024-05-01,2026-07-02,5420.0,-1.0
CES9092000001,2024-06-01,2024-07-05,5465.0,26.0
CES9092000001,2024-06-01,2024-08-02,5445.0,16.0
CES9092000001,2024-06-01,2024-09-06,5436.0,7.0
CES9092000001,2024-06-01,2024-10-04,5436.0,7.0
CES9092000001,2024-06-01,2024-11-01,5436.0,7.0
CES9092000001,2024-06-01,2024-12-06,5436.0,7.0
CES9092000001,2024-06-01,2025-01-10,5436.0,7.0
CES9092000001,2024-06-01,2025-02-07,5429.0,9.0
CES9092000001,2024-06-01,2025-03-07,5429.0,9.0
CES9092000001,2024-06-01,2025-04-04,5429.0,9.0
CES9092000001,2024-06-01,2025-05-02,5429.0,9.0
CES9092000001,2024-06-01,2025-06-06,5429.0,9.0
CES9092000001,2024-06-01,2025-07-03,5429.0,9.0
CES9092000001,2024-06-01,2025-08-01,5429.0,9.0
CES9092000001,2024-06-01,2025-09-05,5429.0,9.0
CES9092000001,2024-06-01,2025-11-20,5429.0,9.0
CES9092000001,2024-06-01,2025-12-16,5429.0,9.0
CES9092000001,2024-06-01,2026-01-09,5429.0,9.0
CES9092000001,2024-06-01,2026-02-11,5423.0,3.0
CES9092000001,2024-06-01,2026-03-06,5423.0,3.0
CES9092000001,2024-06-01,2026-04-03,5423.0,3.0
CES9092000001,2024-06-01,2026-05-08,5423.0,3.0
CES9092000001,2024-06-01,2026-06-05,5423.0,3.0
CES9092000001,2024-06-01,2026-07-02,5423.0,3.0
CES9092000001,2024-07-01,2024-08-02,5452.0,7.0
CES9092000001,2024-07-01,2024-09-06,5446.0,10.0
CES9092000001,2024-07-01,2024-10-04,5459.0,23.0
CES9092000001,2024-07-01,2024-11-01,5459.0,23.0
CES9092000001,2024-07-01,2024-12-06,5459.0,23.0
CES9092000001,2024-07-01,2025-01-10,5459.0,23.0
CES9092000001,2024-07-01,2025-02-07,5444.0,15.0
CES9092000001,2024-07-01,2025-03-07,5444.0,15.0
CES9092000001,2024-07-01,2025-04-04,5444.0,15.0
CES9092000001,2024-07-01,2025-05-02,5444.0,15.0
CES9092000001,2024-07-01,2025-06-06,5444.0,15.0
CES9092000001,2024-07-01,2025-07-03,5444.0,15.0
CES9092000001,2024-07-01,2025-08-01,5444.0,15.0
CES9092000001,2024-07-01,2025-09-05,5444.0,15.0
CES9092000001,2024-07-01,2025-11-20,5444.0,15.0
CES9092000001,2024-07-01,2025-12-16,5444.0,15.0
CES9092000001,2024-07-01,2026-01-09,5444.0,15.0
CES9092000001,2024-07-01,2026-02-11,5443.0,20.0
CES9092000001,2024-07-01,2026-03-06,5443.0,20.0
CES9092000001,2024-07-01,2026-04-03,5443.0,20.0
CES9092000001,2024-07-01,2026-05-08,5443.0,20.0
CES9092000001,2024-07-01,2026-06-05,5443.0,20.0
CES9092000001,2024-07-01,2026-07-02,5443.0,20.0
CES9092000001,2024-08-01,2024-09-06,5447.0,1.0
CES9092000001,2024-08-01,2024-10-04,5470.0,11.0
CES9092000001,2024-08-01,2024-11-01,5473.0,14.0
CES9092000001,2024-08-01,2024-12-06,5473.0,14.0
CES9092000001,2024-08-01,2025-01-10,5473.0,14.0
CES9092000001,2024-08-01,2025-02-07,5453.0,9.0
CES9092000001,2024-08-01,2025-03-07,5453.0,9.0
CES9092000001,2024-08-01,2025-04-04,5453.0,9.0
CES9092000001,2024-08-01,2025-05-02,5453.0,9.0
CES9092000001,2024-08-01,2025-06-06,5453.0,9.0
CES9092000001,2024-08-01,2025-07-03,5453.0,9.0
CES9092000001,2024-08-01,2025-08-01,5453.0,9.0
CES9092000001,2024-08-01,2025-09-05,5453.0,9.0
CES9092000001,2024-08-01,2025-11-20,5453.0,9.0
CES9092000001,2024-08-01,2025-12-16,5453.0,9.0
CES9092000001,2024-08-01,2026-01-09,5453.0,9.0
CES9092000001,2024-08-01,2026-02-11,5468.0,25.0
CES9092000001,2024-08-01,2026-03-06,5468.0,25.0
CES9092000001,2024-08-01,2026-04-03,5468.0,25.0
CES9092000001,2024-08-01,2026-05-08,5468.0,25.0
CES9092000001,2024-08-01,2026-06-05,5468.0,25.0
CES9092000001,2024-08-01,2026-07-02,5468.0,25.0
CES9092000001,2024-09-01,2024-10-04,5483.0,13.0
CES9092000001,2024-09-01,2024-11-01,5486.0,13.0
CES9092000001,2024-09-01,2024-12-06,5495.0,22.0
CES9092000001,2024-09-01,2025-01-10,5495.0,22.0
CES9092000001,2024-09-01,2025-02-07,5468.0,15.0
CES9092000001,2024-09-01,2025-03-07,5468.0,15.0
CES9092000001,2024-09-01,2025-04-04,5468.0,15.0
CES9092000001,2024-09-01,2025-05-02,5468.0,15.0
CES9092000001,2024-09-01,2025-06-06,5468.0,15.0
CES9092000001,2024-09-01,2025-07-03,5468.0,15.0
CES9092000001,2024-09-01,2025-08-01,5468.0,15.0
CES9092000001,2024-09-01,2025-09-05,5468.0,15.0
CES9092000001,2024-09-01,2025-11-20,5468.0,15.0
CES9092000001,2024-09-01,2025-12-16,5468.0,15.0
CES9092000001,2024-09-01,2026-01-09,5468.0,15.0
CES9092000001,2024-09-01,2026-02-11,5479.0,11.0
CES9092000001,2024-09-01,2026-03-06,5479.0,11.0
CES9092000001,2024-09-01,2026-04-03,5479.0,11.0
CES9092000001,2024-09-01,2026-05-08,5479.0,11.0
CES9092000001,2024-09-01,2026-06-05,5479.0,11.0
CES9092000001,2024-09-01,2026-07-02,5479.0,11.0
CES9092000001,2024-10-01,2024-11-01,5504.0,18.0
CES9092000001,2024-10-01,2024-12-06,5514.0,19.0
CES9092000001,2024-10-01,2025-01-10,5508.0,13.0
CES9092000001,2024-10-01,2025-02-07,5484.0,16.0
CES9092000001,2024-10-01,2025-03-07,5484.0,16.0
CES9092000001,2024-10-01,2025-04-04,5484.0,16.0
CES9092000001,2024-10-01,2025-05-02,5484.0,16.0
CES9092000001,2024-10-01,2025-06-06,5484.0,16.0
CES9092000001,2024-10-01,2025-07-03,5484.0,16.0
CES9092000001,2024-10-01,2025-08-01,5484.0,16.0
CES9092000001,2024-10-01,2025-09-05,5484.0,16.0
CES9092000001,2024-10-01,2025-11-20,5484.0,16.0
CES9092000001,2024-10-01,2025-12-16,5484.0,16.0
CES9092000001,2024-10-01,2026-01-09,5484.0,16.0
CES9092000001,2024-10-01,2026-02-11,5492.0,13.0
CES9092000001,2024-10-01,2026-03-06,5492.0,13.0
CES9092000001,2024-10-01,2026-04-03,5492.0,13.0
CES9092000001,2024-10-01,2026-05-08,5492.0,13.0
CES9092000001,2024-10-01,2026-06-05,5492.0,13.0
CES9092000001,2024-10-01,2026-07-02,5492.0,13.0
CES9092000001,2024-11-01,2024-12-06,5534.0,20.0
CES9092000001,2024-11-01,2025-01-10,5521.0,13.0
CES9092000001,2024-11-01,2025-02-07,5493.0,9.0
CES9092000001,2024-11-01,2025-03-07,5493.0,9.0
CES9092000001,2024-11-01,2025-04-04,5493.0,9.0
CES9092000001,2024-11-01,2025-05-02,5493.0,9.0
CES9092000001,2024-11-01,2025-06-06,5493.0,9.0
CES9092000001,2024-11-01,2025-07-03,5493.0,9.0
CES9092000001,2024-11-01,2025-08-01,5493.0,9.0
CES9092000001,2024-11-01,2025-09-05,5493.0,9.0
CES9092000001,2024-11-01,2025-11-20,5493.0,9.0
CES9092000001,2024-11-01,2025-12-16,5493.0,9.0
CES9092000001,2024-11-01,2026-01-09,5493.0,9.0
CES9092000001,2024-11-01,2026-02-11,5502.0,10.0
CES9092000001,2024-11-01,2026-03-06,5502.0,10.0
CES9092000001,2024-11-01,2026-04-03,5502.0,10.0
CES9092000001,2024-11-01,2026-05-08,5502.0,10.0
CES9092000001,2024-11-01,2026-06-05,5502.0,10.0
CES9092000001,2024-11-01,2026-07-02,5502.0,10.0
CES9092000001,2024-12-01,2025-01-10,5531.0,10.0
CES9092000001,2024-12-01,2025-02-07,5504.0,11.0
CES9092000001,2024-12-01,2025-03-07,5512.0,19.0
CES9092000001,2024-12-01,2025-04-04,5512.0,19.0
CES9092000001,2024-12-01,2025-05-02,5512.0,19.0
CES9092000001,2024-12-01,2025-06-06,5512.0,19.0
CES9092000001,2024-12-01,2025-07-03,5512.0,19.0
CES9092000001,2024-12-01,2025-08-01,5512.0,19.0
CES9092000001,2024-12-01,2025-09-05,5512.0,19.0
CES9092000001,2024-12-01,2025-11-20,5512.0,19.0
CES9092000001,2024-12-01,2025-12-16,5512.0,19.0
CES9092000001,2024-12-01,2026-01-09,5512.0,19.0
CES9092000001,2024-12-01,2026-02-11,5515.0,13.0
CES9092000001,2024-12-01,2026-03-06,5515.0,13.0
CES9092000001,2024-12-01,2026-04-03,5515.0,13.0
CES9092000001,2024-12-01,2026-05-08,5515.0,13.0
CES9092000001,2024-12-01,2026-06-05,5515.0,13.0
CES9092000001,2024-12-01,2026-07-02,5515.0,13.0
CES9092000001,2025-01-01,2025-02-07,5506.0,2.0
CES9092000001,2025-01-01,2025-03-07,5531.0,19.0
CES9092000001,2025-01-01,2025-04-04,5524.0,12.0
CES9092000001,2025-01-01,2025-05-02,5524.0,12.0
CES9092000001,2025-01-01,2025-06-06,5524.0,12.0
CES9092000001,2025-01-01,2025-07-03,5524.0,12.0
CES9092000001,2025-01-01,2025-08-01,5524.0,12.0
CES9092000001,2025-01-01,2025-09-05,5524.0,12.0
CES9092000001,2025-01-01,2025-11-20,5524.0,12.0
CES9092000001,2025-01-01,2025-12-16,5524.0,12.0
CES9092000001,2025-01-01,2026-01-09,5524.0,12.0
CES9092000001,2025-01-01,2026-02-11,5525.0,10.0
CES9092000001,2025-01-01,2026-03-06,5525.0,10.0
CES9092000001,2025-01-01,2026-04-03,5525.0,10.0
CES9092000001,2025-01-01,2026-05-08,5525.0,10.0
CES9092000001,2025-01-01,2026-06-05,5525.0,10.0
CES9092000001,2025-01-01,2026-07-02,5525.0,10.0
CES9092000001,2025-02-01,2025-03-07,5532.0,1.0
CES9092000001,2025-02-01,2025-04-04,5520.0,-4.0
CES9092000001,2025-02-01,2025-05-02,5514.0,-10.0
CES9092000001,2025-02-01,2025-06-06,5514.0,-10.0
CES9092000001,2025-02-01,2025-07-03,5514.0,-10.0
CES9092000001,2025-02-01,2025-08-01,5514.0,-10.0
CES9092000001,2025-02-01,2025-09-05,5514.0,-10.0
CES9092000001,2025-02-01,2025-11-20,5514.0,-10.0
CES9092000001,2025-02-01,2025-12-16,5514.0,-10.0
CES9092000001,2025-02-01,2026-01-09,5514.0,-10.0
CES9092000001,2025-02-01,2026-02-11,5525.0,0.0
CES9092000001,2025-02-01,2026-03-06,5525.0,0.0
CES9092000001,2025-02-01,2026-04-03,5525.0,0.0
CES9092000001,2025-02-01,2026-05-08,5525.0,0.0
CES9092000001,2025-02-01,2026-06-05,5525.0,0.0
CES9092000001,2025-02-01,2026-07-02,5525.0,0.0
CES9092000001,2025-03-01,2025-04-04,5526.0,6.0
CES9092000001,2025-03-01,2025-05-02,5516.0,2.0
CES9092000001,2025-03-01,2025-06-06,5515.0,1.0
CES9092000001,2025-03-01,2025-07-03,5515.0,1.0
CES9092000001,2025-03-01,2025-08-01,5515.0,1.0
CES9092000001,2025-03-01,2025-09-05,5515.0,1.0
CES9092000001,2025-03-01,2025-11-20,5515.0,1.0
CES9092000001,2025-03-01,2025-12-16,5515.0,1.0
CES9092000001,2025-03-01,2026-01-09,5515.0,1.0
CES9092000001,2025-03-01,2026-02-11,5523.0,-2.0
CES9092000001,2025-03-01,2026-03-06,5523.0,-2.0
CES9092000001,2025-03-01,2026-04-03,5523.0,-2.0
CES9092000001,2025-03-01,2026-05-08,5523.0,-2.0
CES9092000001,2025-03-01,2026-06-05,5523.0,-2.0
CES9092000001,2025-03-01,2026-07-02,5523.0,-2.0
CES9092000001,2025-04-01,2025-05-02,5522.0,6.0
CES9092000001,2025-04-01,2025-06-06,5518.0,3.0
CES9092000001,2025-04-01,2025-07-03,5526.0,11.0
CES9092000001,2025-04-01,2025-08-01,5526.0,11.0
CES9092000001,2025-04-01,2025-09-05,5526.0,11.0
CES9092000001,2025-04-01,2025-11-20,5526.0,11.0
CES9092000001,2025-04-01,2025-12-16,5526.0,11.0
CES9092000001,2025-04-01,2026-01-09,5526.0,11.0
CES9092000001,2025-04-01,2026-02-11,5522.0,-1.0
CES9092000001,2025-04-01,2026-03-06,5522.0,-1.0
CES9092000001,2025-04-01,2026-04-03,5522.0,-1.0
CES9092000001,2025-04-01,2026-05-08,5522.0,-1.0
CES9092000001,2025-04-01,2026-06-05,5522.0,-1.0
CES9092000001,2025-04-01,2026-07-02,5522.0,-1.0
CES9092000001,2025-05-01,2025-06-06,5518.0,0.0
CES9092000001,2025-05-01,2025-07-03,5533.0,7.0
CES9092000001,2025-05-01,2025-08-01,5515.0,-11.0
CES9092000001,2025-05-01,2025-09-05,5515.0,-11.0
CES9092000001,2025-05-01,2025-11-20,5515.0,-11.0
CES9092000001,2025-05-01,2025-12-16,5515.0,-11.0
CES9092000001,2025-05-01,2026-01-09,5515.0,-11.0
CES9092000001,2025-05-01,2026-02-11,5515.0,-7.0
CES9092000001,2025-05-01,2026-03-06,5515.0,-7.0
CES9092000001,2025-05-01,2026-04-03,5515.0,-7.0
CES9092000001,2025-05-01,2026-05-08,5515.0,-7.0
CES9092000001,2025-05-01,2026-06-05,5515.0,-7.0
CES9092000001,2025-05-01,2026-07-02,5515.0,-7.0
CES9092000001,2025-06-01,2025-07-03,5580.0,47.0
CES9092000001,2025-06-01,2025-08-01,5525.0,10.0
CES9092000001,2025-06-01,2025-09-05,5511.0,-4.0
CES9092000001,2025-06-01,2025-11-20,5511.0,-4.0
CES9092000001,2025-06-01,2025-12-16,5511.0,-4.0
CES9092000001,2025-06-01,2026-01-09,5511.0,-4.0
CES9092000001,2025-06-01,2026-02-11,5516.0,1.0
CES9092000001,2025-06-01,2026-03-06,5516.0,1.0
CES9092000001,2025-06-01,2026-04-03,5516.0,1.0
CES9092000001,2025-06-01,2026-05-08,5516.0,1.0
CES9092000001,2025-06-01,2026-06-05,5516.0,1.0
CES9092000001,2025-06-01,2026-07-02,5516.0,1.0
CES9092000001,2025-07-01,2025-08-01,5530.0,5.0
CES9092000001,2025-07-01,2025-09-05,5506.0,-5.0
CES9092000001,2025-07-01,2025-11-20,5505.0,-6.0
CES9092000001,2025-07-01,2025-12-16,5505.0,-6.0
CES9092000001,2025-07-01,2026-01-09,5505.0,-6.0
CES9092000001,2025-07-01,2026-02-11,5504.0,-12.0
CES9092000001,2025-07-01,2026-03-06,5504.0,-12.0
CES9092000001,2025-07-01,2026-04-03,5504.0,-12.0
CES9092000001,2025-07-01,2026-05-08,5504.0,-12.0
CES9092000001,2025-07-01,2026-06-05,5504.0,-12.0
CES9092000001,2025-07-01,2026-07-02,5504.0,-12.0
CES9092000001,2025-08-01,2025-09-05,5493.0,-13.0
CES9092000001,2025-08-01,2025-11-20,5483.0,-22.0
CES9092000001,2025-08-01,2025-12-16,5478.0,-27.0
CES9092000001,2025-08-01,2026-01-09,5478.0,-27.0
CES9092000001,2025-08-01,2026-02-11,5487.0,-17.0
CES9092000001,2025-08-01,2026-03-06,5487.0,-17.0
CES9092000001,2025-08-01,2026-04-03,5487.0,-17.0
CES9092000001,2025-08-01,2026-05-08,5487.0,-17.0
CES9092000001,2025-08-01,2026-06-05,5487.0,-17.0
CES9092000001,2025-08-01,2026-07-02,5487.0,-17.0
CES9092000001,2025-09-01,2025-11-20,5499.0,16.0
CES9092000001,2025-09-01,2025-12-16,5486.0,8.0
CES9092000001,2025-09-01,2026-01-09,5486.0,8.0
CES9092000001,2025-09-01,2026-02-11,5497.0,10.0
CES9092000001,2025-09-01,2026-03-06,5497.0,10.0
CES9092000001,2025-09-01,2026-04-03,5497.0,10.0
CES9092000001,2025-09-01,2026-05-08,5497.0,10.0
CES9092000001,2025-09-01,2026-06-05,5497.0,10.0
CES9092000001,2025-09-01,2026-07-02,5497.0,10.0
CES9092000001,2025-10-01,2025-12-16,5474.0,-12.0
CES9092000001,2025-10-01,2026-01-09,5473.0,-13.0
CES9092000001,2025-10-01,2026-02-11,5493.0,-4.0
CES9092000001,2025-10-01,2026-03-06,5493.0,-4.0
CES9092000001,2025-10-01,2026-04-03,5493.0,-4.0
CES9092000001,2025-10-01,2026-05-08,5493.0,-4.0
CES9092000001,2025-10-01,2026-06-05,5493.0,-4.0
CES9092000001,2025-10-01,2026-07-02,5493.0,-4.0
CES9092000001,2025-11-01,2025-12-16,5477.0,3.0
CES9092000001,2025-11-01,2026-01-09,5474.0,1.0
CES9092000001,2025-11-01,2026-02-11,5481.0,-12.0
CES9092000001,2025-11-01,2026-03-06,5481.0,-12.0
CES9092000001,2025-11-01,2026-04-03,5481.0,-12.0
CES9092000001,2025-11-01,2026-05-08,5481.0,-12.0
CES9092000001,2025-11-01,2026-06-05,5481.0,-12.0
CES9092000001,2025-11-01,2026-07-02,5481.0,-12.0
CES9092000001,2025-12-01,2026-01-09,5467.0,-7.0
CES9092000001,2025-12-01,2026-02-11,5471.0,-10.0
CES9092000001,2025-12-01,2026-03-06,5476.0,-5.0
CES9092000001,2025-12-01,2026-04-03,5476.0,-5.0
CES9092000001,2025-12-01,2026-05-08,5476.0,-5.0
CES9092000001,2025-12-01,2026-06-05,5476.0,-5.0
CES9092000001,2025-12-01,2026-07-02,5476.0,-5.0
CES9092000001,2026-01-01,2026-02-11,5453.0,-18.0
CES9092000001,2026-01-01,2026-03-06,5475.0,-1.0
CES9092000001,2026-01-01,2026-04-03,5479.0,3.0
CES9092000001,2026-01-01,2026-05-08,5479.0,3.0
CES9092000001,2026-01-01,2026-06-05,5479.0,3.0
CES9092000001,2026-01-01,2026-07-02,5479.0,3.0
CES9092000001,2026-02-01,2026-03-06,5480.0,5.0
CES9092000001,2026-02-01,2026-04-03,5480.0,1.0
CES9092000001,2026-02-01,2026-05-08,5473.0,-6.0
CES9092000001,2026-02-01,2026-06-05,5473.0,-6.0
CES9092000001,2026-02-01,2026-07-02,5473.0,-6.0
CES9092000001,2026-03-01,2026-04-03,5476.0,-4.0
CES9092000001,2026-03-01,2026-05-08,5471.0,-2.0
CES9092000001,2026-03-01,2026-06-05,5469.0,-4.0
CES9092000001,2026-03-01,2026-07-02,5469.0,-4.0
CES9092000001,2026-04-01,2026-05-08,5472.0,1.0
CES9092000001,2026-04-01,2026-06-05,5471.0,2.0
CES9092000001,2026-04-01,2026-07-02,5469.0,0.0
CES9092000001,2026-05-01,2026-06-05,5467.0,-4.0
CES9092000001,2026-05-01,2026-07-02,5465.0,-4.0
CES9092000001,2026-06-01,2026-07-02,5469.0,4.0
CES9093000001,2020-01-01,2020-02-07,14658.0,20.0
CES9093000001,2020-01-01,2020-03-06,14674.0,26.0
CES9093000001,2020-01-01,2020-04-03,14669.0,21.0
CES9093000001,2020-01-01,2020-05-08,14669.0,21.0
CES9093000001,2020-01-01,2020-06-05,14669.0,21.0
CES9093000001,2020-01-01,2020-07-02,14669.0,21.0
CES9093000001,2020-01-01,2020-08-07,14669.0,21.0
CES9093000001,2020-01-01,2020-09-04,14669.0,21.0
CES9093000001,2020-01-01,2020-10-02,14669.0,21.0
CES9093000001,2020-01-01,2020-11-06,14669.0,21.0
CES9093000001,2020-01-01,2020-12-04,14669.0,21.0
CES9093000001,2020-01-01,2021-01-08,14669.0,21.0
CES9093000001,2020-01-01,2021-02-05,14653.0,23.0
CES9093000001,2020-01-01,2021-03-05,14653.0,23.0
CES9093000001,2020-01-01,2021-04-02,14653.0,23.0
CES9093000001,2020-01-01,2021-05-07,14653.0,23.0
CES9093000001,2020-01-01,2021-06-04,14653.0,23.0
CES9093000001,2020-01-01,2021-07-02,14653.0,23.0
CES9093000001,2020-01-01,2021-08-06,14653.0,23.0
CES9093000001,2020-01-01,2021-09-03,14653.0,23.0
CES9093000001,2020-01-01,2021-10-08,14653.0,23.0
CES9093000001,2020-01-01,2021-11-05,14653.0,23.0
CES9093000001,2020-01-01,2021-12-03,14653.0,23.0
CES9093000001,2020-01-01,2022-01-07,14653.0,23.0
CES9093000001,2020-01-01,2022-02-04,14665.0,17.0
CES9093000001,2020-01-01,2022-03-04,14665.0,17.0
CES9093000001,2020-01-01,2022-04-01,14665.0,17.0
CES9093000001,2020-01-01,2022-05-06,14665.0,17.0
CES9093000001,2020-01-01,2022-06-03,14665.0,17.0
CES9093000001,2020-01-01,2022-07-08,14665.0,17.0
CES9093000001,2020-01-01,2022-08-05,14665.0,17.0
CES9093000001,2020-01-01,2022-09-02,14665.0,17.0
CES9093000001,2020-01-01,2022-10-07,14665.0,17.0
CES9093000001,2020-01-01,2022-11-04,14665.0,17.0
CES9093000001,2020-01-01,2022-12-02,14665.0,17.0
CES9093000001,2020-01-01,2023-01-06,14665.0,17.0
CES9093000001,2020-01-01,2023-02-03,14656.0,17.0
CES9093000001,2020-01-01,2023-03-10,14656.0,17.0
CES9093000001,2020-01-01,2023-04-07,14656.0,17.0
CES9093000001,2020-01-01,2023-05-05,14656.0,17.0
CES9093000001,2020-01-01,2023-06-02,14656.0,17.0
CES9093000001,2020-01-01,2023-07-07,14656.0,17.0
CES9093000001,2020-01-01,2023-08-04,14656.0,17.0
CES9093000001,2020-01-01,2023-09-01,14656.0,17.0
CES9093000001,2020-01-01,2023-10-06,14656.0,17.0
CES9093000001,2020-01-01,2023-11-03,14656.0,17.0
CES9093000001,2020-01-01,2023-12-08,14656.0,17.0
CES9093000001,2020-01-01,2024-01-05,14656.0,17.0
CES9093000001,2020-01-01,2024-02-02,14666.0,28.0
CES9093000001,2020-01-01,2024-03-08,14666.0,28.0
CES9093000001,2020-01-01,2024-04-05,14666.0,28.0
CES9093000001,2020-01-01,2024-05-03,14666.0,28.0
CES9093000001,2020-01-01,2024-06-07,14666.0,28.0
CES9093000001,2020-01-01,2024-07-05,14666.0,28.0
CES9093000001,2020-01-01,2024-08-02,14666.0,28.0
CES9093000001,2020-01-01,2024-09-06,14666.0,28.0
CES9093000001,2020-01-01,2024-10-04,14666.0,28.0
CES9093000001,2020-01-01,2024-11-01,14666.0,28.0
CES9093000001,2020-01-01,2024-12-06,14666.0,28.0
CES9093000001,2020-01-01,2025-01-10,14666.0,28.0
CES9093000001,2020-01-01,2025-02-07,14664.0,26.0
CES9093000001,2020-01-01,2025-03-07,14664.0,26.0
CES9093000001,2020-01-01,2025-04-04,14664.0,26.0
CES9093000001,2020-01-01,2025-05-02,14664.0,26.0
CES9093000001,2020-01-01,2025-06-06,14664.0,26.0
CES9093000001,2020-01-01,2025-07-03,14664.0,26.0
CES9093000001,2020-01-01,2025-08-01,14664.0,26.0
CES9093000001,2020-01-01,2025-09-05,14664.0,26.0
CES9093000001,2020-01-01,2025-11-20,14664.0,26.0
CES9093000001,2020-01-01,2025-12-16,14664.0,26.0
CES9093000001,2020-01-01,2026-01-09,14664.0,26.0
CES9093000001,2020-01-01,2026-02-11,14664.0,26.0
CES9093000001,2020-01-01,2026-03-06,14664.0,26.0
CES9093000001,2020-01-01,2026-04-03,14664.0,26.0
CES9093000001,2020-01-01,2026-05-08,14664.0,26.0
CES9093000001,2020-01-01,2026-06-05,14664.0,26.0
CES9093000001,2020-01-01,2026-07-02,14664.0,26.0
CES9093000001,2020-02-01,2020-03-06,14693.0,19.0
CES9093000001,2020-02-01,2020-04-03,14686.0,17.0
CES9093000001,2020-02-01,2020-05-08,14679.0,10.0
CES9093000001,2020-02-01,2020-06-05,14679.0,10.0
CES9093000001,2020-02-01,2020-07-02,14679.0,10.0
CES9093000001,2020-02-01,2020-08-07,14679.0,10.0
CES9093000001,2020-02-01,2020-09-04,14679.0,10.0
CES9093000001,2020-02-01,2020-10-02,14679.0,10.0
CES9093000001,2020-02-01,2020-11-06,14679.0,10.0
CES9093000001,2020-02-01,2020-12-04,14679.0,10.0
CES9093000001,2020-02-01,2021-01-08,14679.0,10.0
CES9093000001,2020-02-01,2021-02-05,14669.0,16.0
CES9093000001,2020-02-01,2021-03-05,14669.0,16.0
CES9093000001,2020-02-01,2021-04-02,14669.0,16.0
CES9093000001,2020-02-01,2021-05-07,14669.0,16.0
CES9093000001,2020-02-01,2021-06-04,14669.0,16.0
CES9093000001,2020-02-01,2021-07-02,14669.0,16.0
CES9093000001,2020-02-01,2021-08-06,14669.0,16.0
CES9093000001,2020-02-01,2021-09-03,14669.0,16.0
CES9093000001,2020-02-01,2021-10-08,14669.0,16.0
CES9093000001,2020-02-01,2021-11-05,14669.0,16.0
CES9093000001,2020-02-01,2021-12-03,14669.0,16.0
CES9093000001,2020-02-01,2022-01-07,14669.0,16.0
CES9093000001,2020-02-01,2022-02-04,14708.0,43.0
CES9093000001,2020-02-01,2022-03-04,14708.0,43.0
CES9093000001,2020-02-01,2022-04-01,14708.0,43.0
CES9093000001,2020-02-01,2022-05-06,14708.0,43.0
CES9093000001,2020-02-01,2022-06-03,14708.0,43.0
CES9093000001,2020-02-01,2022-07-08,14708.0,43.0
CES9093000001,2020-02-01,2022-08-05,14708.0,43.0
CES9093000001,2020-02-01,2022-09-02,14708.0,43.0
CES9093000001,2020-02-01,2022-10-07,14708.0,43.0
CES9093000001,2020-02-01,2022-11-04,14708.0,43.0
CES9093000001,2020-02-01,2022-12-02,14708.0,43.0
CES9093000001,2020-02-01,2023-01-06,14708.0,43.0
CES9093000001,2020-02-01,2023-02-03,14699.0,43.0
CES9093000001,2020-02-01,2023-03-10,14699.0,43.0
CES9093000001,2020-02-01,2023-04-07,14699.0,43.0
CES9093000001,2020-02-01,2023-05-05,14699.0,43.0
CES9093000001,2020-02-01,2023-06-02,14699.0,43.0
CES9093000001,2020-02-01,2023-07-07,14699.0,43.0
CES9093000001,2020-02-01,2023-08-04,14699.0,43.0
CES9093000001,2020-02-01,2023-09-01,14699.0,43.0
CES9093000001,2020-02-01,2023-10-06,14699.0,43.0
CES9093000001,2020-02-01,2023-11-03,14699.0,43.0
CES9093000001,2020-02-01,2023-12-08,14699.0,43.0
CES9093000001,2020-02-01,2024-01-05,14699.0,43.0
CES9093000001,2020-02-01,2024-02-02,14697.0,31.0
CES9093000001,2020-02-01,2024-03-08,14697.0,31.0
CES9093000001,2020-02-01,2024-04-05,14697.0,31.0
CES9093000001,2020-02-01,2024-05-03,14697.0,31.0
CES9093000001,2020-02-01,2024-06-07,14697.0,31.0
CES9093000001,2020-02-01,2024-07-05,14697.0,31.0
CES9093000001,2020-02-01,2024-08-02,14697.0,31.0
CES9093000001,2020-02-01,2024-09-06,14697.0,31.0
CES9093000001,2020-02-01,2024-10-04,14697.0,31.0
CES9093000001,2020-02-01,2024-11-01,14697.0,31.0
CES9093000001,2020-02-01,2024-12-06,14697.0,31.0
CES9093000001,2020-02-01,2025-01-10,14697.0,31.0
CES9093000001,2020-02-01,2025-02-07,14692.0,28.0
CES9093000001,2020-02-01,2025-03-07,14692.0,28.0
CES9093000001,2020-02-01,2025-04-04,14692.0,28.0
CES9093000001,2020-02-01,2025-05-02,14692.0,28.0
CES9093000001,2020-02-01,2025-06-06,14692.0,28.0
CES9093000001,2020-02-01,2025-07-03,14692.0,28.0
CES9093000001,2020-02-01,2025-08-01,14692.0,28.0
CES9093000001,2020-02-01,2025-09-05,14692.0,28.0
CES9093000001,2020-02-01,2025-11-20,14692.0,28.0
CES9093000001,2020-02-01,2025-12-16,14692.0,28.0
CES9093000001,2020-02-01,2026-01-09,14692.0,28.0
CES9093000001,2020-02-01,2026-02-11,14692.0,28.0
CES9093000001,2020-02-01,2026-03-06,14692.0,28.0
CES9093000001,2020-02-01,2026-04-03,14692.0,28.0
CES9093000001,2020-02-01,2026-05-08,14692.0,28.0
CES9093000001,2020-02-01,2026-06-05,14692.0,28.0
CES9093000001,2020-02-01,2026-07-02,14692.0,28.0
CES9093000001,2020-03-01,2020-04-03,14694.0,8.0
CES9093000001,2020-03-01,2020-05-08,14678.0,-1.0
CES9093000001,2020-03-01,2020-06-05,14680.0,1.0
CES9093000001,2020-03-01,2020-07-02,14680.0,1.0
CES9093000001,2020-03-01,2020-08-07,14680.0,1.0
CES9093000001,2020-03-01,2020-09-04,14680.0,1.0
CES9093000001,2020-03-01,2020-10-02,14680.0,1.0
CES9093000001,2020-03-01,2020-11-06,14680.0,1.0
CES9093000001,2020-03-01,2020-12-04,14680.0,1.0
CES9093000001,2020-03-01,2021-01-08,14680.0,1.0
CES9093000001,2020-03-01,2021-02-05,14653.0,-16.0
CES9093000001,2020-03-01,2021-03-05,14653.0,-16.0
CES9093000001,2020-03-01,2021-04-02,14653.0,-16.0
CES9093000001,2020-03-01,2021-05-07,14653.0,-16.0
CES9093000001,2020-03-01,2021-06-04,14653.0,-16.0
CES9093000001,2020-03-01,2021-07-02,14653.0,-16.0
CES9093000001,2020-03-01,2021-08-06,14653.0,-16.0
CES9093000001,2020-03-01,2021-09-03,14653.0,-16.0
CES9093000001,2020-03-01,2021-10-08,14653.0,-16.0
CES9093000001,2020-03-01,2021-11-05,14653.0,-16.0
CES9093000001,2020-03-01,2021-12-03,14653.0,-16.0
CES9093000001,2020-03-01,2022-01-07,14653.0,-16.0
CES9093000001,2020-03-01,2022-02-04,14701.0,-7.0
CES9093000001,2020-03-01,2022-03-04,14701.0,-7.0
CES9093000001,2020-03-01,2022-04-01,14701.0,-7.0
CES9093000001,2020-03-01,2022-05-06,14701.0,-7.0
CES9093000001,2020-03-01,2022-06-03,14701.0,-7.0
CES9093000001,2020-03-01,2022-07-08,14701.0,-7.0
CES9093000001,2020-03-01,2022-08-05,14701.0,-7.0
CES9093000001,2020-03-01,2022-09-02,14701.0,-7.0
CES9093000001,2020-03-01,2022-10-07,14701.0,-7.0
CES9093000001,2020-03-01,2022-11-04,14701.0,-7.0
CES9093000001,2020-03-01,2022-12-02,14701.0,-7.0
CES9093000001,2020-03-01,2023-01-06,14701.0,-7.0
CES9093000001,2020-03-01,2023-02-03,14699.0,0.0
CES9093000001,2020-03-01,2023-03-10,14699.0,0.0
CES9093000001,2020-03-01,2023-04-07,14699.0,0.0
CES9093000001,2020-03-01,2023-05-05,14699.0,0.0
CES9093000001,2020-03-01,2023-06-02,14699.0,0.0
CES9093000001,2020-03-01,2023-07-07,14699.0,0.0
CES9093000001,2020-03-01,2023-08-04,14699.0,0.0
CES9093000001,2020-03-01,2023-09-01,14699.0,0.0
CES9093000001,2020-03-01,2023-10-06,14699.0,0.0
CES9093000001,2020-03-01,2023-11-03,14699.0,0.0
CES9093000001,2020-03-01,2023-12-08,14699.0,0.0
CES9093000001,2020-03-01,2024-01-05,14699.0,0.0
CES9093000001,2020-03-01,2024-02-02,14692.0,-5.0
CES9093000001,2020-03-01,2024-03-08,14692.0,-5.0
CES9093000001,2020-03-01,2024-04-05,14692.0,-5.0
CES9093000001,2020-03-01,2024-05-03,14692.0,-5.0
CES9093000001,2020-03-01,2024-06-07,14692.0,-5.0
CES9093000001,2020-03-01,2024-07-05,14692.0,-5.0
CES9093000001,2020-03-01,2024-08-02,14692.0,-5.0
CES9093000001,2020-03-01,2024-09-06,14692.0,-5.0
CES9093000001,2020-03-01,2024-10-04,14692.0,-5.0
CES9093000001,2020-03-01,2024-11-01,14692.0,-5.0
CES9093000001,2020-03-01,2024-12-06,14692.0,-5.0
CES9093000001,2020-03-01,2025-01-10,14692.0,-5.0
CES9093000001,2020-03-01,2025-02-07,14688.0,-4.0
CES9093000001,2020-03-01,2025-03-07,14688.0,-4.0
CES9093000001,2020-03-01,2025-04-04,14688.0,-4.0
CES9093000001,2020-03-01,2025-05-02,14688.0,-4.0
CES9093000001,2020-03-01,2025-06-06,14688.0,-4.0
CES9093000001,2020-03-01,2025-07-03,14688.0,-4.0
CES9093000001,2020-03-01,2025-08-01,14688.0,-4.0
CES9093000001,2020-03-01,2025-09-05,14688.0,-4.0
CES9093000001,2020-03-01,2025-11-20,14688.0,-4.0
CES9093000001,2020-03-01,2025-12-16,14688.0,-4.0
CES9093000001,2020-03-01,2026-01-09,14688.0,-4.0
CES9093000001,2020-03-01,2026-02-11,14688.0,-4.0
CES9093000001,2020-03-01,2026-03-06,14688.0,-4.0
CES9093000001,2020-03-01,2026-04-03,14688.0,-4.0
CES9093000001,2020-03-01,2026-05-08,14688.0,-4.0
CES9093000001,2020-03-01,2026-06-05,14688.0,-4.0
CES9093000001,2020-03-01,2026-07-02,14688.0,-4.0
CES9093000001,2020-04-01,2020-05-08,13877.0,-801.0
CES9093000001,2020-04-01,2020-06-05,13883.0,-797.0
CES9093000001,2020-04-01,2020-07-02,13890.0,-790.0
CES9093000001,2020-04-01,2020-08-07,13890.0,-790.0
CES9093000001,2020-04-01,2020-09-04,13890.0,-790.0
CES9093000001,2020-04-01,2020-10-02,13890.0,-790.0
CES9093000001,2020-04-01,2020-11-06,13890.0,-790.0
CES9093000001,2020-04-01,2020-12-04,13890.0,-790.0
CES9093000001,2020-04-01,2021-01-08,13890.0,-790.0
CES9093000001,2020-04-01,2021-02-05,13869.0,-784.0
CES9093000001,2020-04-01,2021-03-05,13869.0,-784.0
CES9093000001,2020-04-01,2021-04-02,13869.0,-784.0
CES9093000001,2020-04-01,2021-05-07,13869.0,-784.0
CES9093000001,2020-04-01,2021-06-04,13869.0,-784.0
CES9093000001,2020-04-01,2021-07-02,13869.0,-784.0
CES9093000001,2020-04-01,2021-08-06,13869.0,-784.0
CES9093000001,2020-04-01,2021-09-03,13869.0,-784.0
CES9093000001,2020-04-01,2021-10-08,13869.0,-784.0
CES9093000001,2020-04-01,2021-11-05,13869.0,-784.0
CES9093000001,2020-04-01,2021-12-03,13869.0,-784.0
CES9093000001,2020-04-01,2022-01-07,13869.0,-784.0
CES9093000001,2020-04-01,2022-02-04,13938.0,-763.0
CES9093000001,2020-04-01,2022-03-04,13938.0,-763.0
CES9093000001,2020-04-01,2022-04-01,13938.0,-763.0
CES9093000001,2020-04-01,2022-05-06,13938.0,-763.0
CES9093000001,2020-04-01,2022-06-03,13938.0,-763.0
CES9093000001,2020-04-01,2022-07-08,13938.0,-763.0
CES9093000001,2020-04-01,2022-08-05,13938.0,-763.0
CES9093000001,2020-04-01,2022-09-02,13938.0,-763.0
CES9093000001,2020-04-01,2022-10-07,13938.0,-763.0
CES9093000001,2020-04-01,2022-11-04,13938.0,-763.0
CES9093000001,2020-04-01,2022-12-02,13938.0,-763.0
CES9093000001,2020-04-01,2023-01-06,13938.0,-763.0
CES9093000001,2020-04-01,2023-02-03,13930.0,-769.0
CES9093000001,2020-04-01,2023-03-10,13930.0,-769.0
CES9093000001,2020-04-01,2023-04-07,13930.0,-769.0
CES9093000001,2020-04-01,2023-05-05,13930.0,-769.0
CES9093000001,2020-04-01,2023-06-02,13930.0,-769.0
CES9093000001,2020-04-01,2023-07-07,13930.0,-769.0
CES9093000001,2020-04-01,2023-08-04,13930.0,-769.0
CES9093000001,2020-04-01,2023-09-01,13930.0,-769.0
CES9093000001,2020-04-01,2023-10-06,13930.0,-769.0
CES9093000001,2020-04-01,2023-11-03,13930.0,-769.0
CES9093000001,2020-04-01,2023-12-08,13930.0,-769.0
CES9093000001,2020-04-01,2024-01-05,13930.0,-769.0
CES9093000001,2020-04-01,2024-02-02,13925.0,-767.0
CES9093000001,2020-04-01,2024-03-08,13925.0,-767.0
CES9093000001,2020-04-01,2024-04-05,13925.0,-767.0
CES9093000001,2020-04-01,2024-05-03,13925.0,-767.0
CES9093000001,2020-04-01,2024-06-07,13925.0,-767.0
CES9093000001,2020-04-01,2024-07-05,13925.0,-767.0
CES9093000001,2020-04-01,2024-08-02,13925.0,-767.0
CES9093000001,2020-04-01,2024-09-06,13925.0,-767.0
CES9093000001,2020-04-01,2024-10-04,13925.0,-767.0
CES9093000001,2020-04-01,2024-11-01,13925.0,-767.0
CES9093000001,2020-04-01,2024-12-06,13925.0,-767.0
CES9093000001,2020-04-01,2025-01-10,13925.0,-767.0
CES9093000001,2020-04-01,2025-02-07,13921.0,-767.0
CES9093000001,2020-04-01,2025-03-07,13921.0,-767.0
CES9093000001,2020-04-01,2025-04-04,13921.0,-767.0
CES9093000001,2020-04-01,2025-05-02,13921.0,-767.0
CES9093000001,2020-04-01,2025-06-06,13921.0,-767.0
CES9093000001,2020-04-01,2025-07-03,13921.0,-767.0
CES9093000001,2020-04-01,2025-08-01,13921.0,-767.0
CES9093000001,2020-04-01,2025-09-05,13921.0,-767.0
CES9093000001,2020-04-01,2025-11-20,13921.0,-767.0
CES9093000001,2020-04-01,2025-12-16,13921.0,-767.0
CES9093000001,2020-04-01,2026-01-09,13921.0,-767.0
CES9093000001,2020-04-01,2026-02-11,13921.0,-767.0
CES9093000001,2020-04-01,2026-03-06,13921.0,-767.0
CES9093000001,2020-04-01,2026-04-03,13921.0,-767.0
CES9093000001,2020-04-01,2026-05-08,13921.0,-767.0
CES9093000001,2020-04-01,2026-06-05,13921.0,-767.0
CES9093000001,2020-04-01,2026-07-02,13921.0,-767.0
CES9093000001,2020-05-01,2020-06-05,13396.0,-487.0
CES9093000001,2020-05-01,2020-07-02,13419.0,-471.0
CES9093000001,2020-05-01,2020-08-07,13424.0,-466.0
CES9093000001,2020-05-01,2020-09-04,13424.0,-466.0
CES9093000001,2020-05-01,2020-10-02,13424.0,-466.0
CES9093000001,2020-05-01,2020-11-06,13424.0,-466.0
CES9093000001,2020-05-01,2020-12-04,13424.0,-466.0
CES9093000001,2020-05-01,2021-01-08,13424.0,-466.0
CES9093000001,2020-05-01,2021-02-05,13406.0,-463.0
CES9093000001,2020-05-01,2021-03-05,13406.0,-463.0
CES9093000001,2020-05-01,2021-04-02,13406.0,-463.0
CES9093000001,2020-05-01,2021-05-07,13406.0,-463.0
CES9093000001,2020-05-01,2021-06-04,13406.0,-463.0
CES9093000001,2020-05-01,2021-07-02,13406.0,-463.0
CES9093000001,2020-05-01,2021-08-06,13406.0,-463.0
CES9093000001,2020-05-01,2021-09-03,13406.0,-463.0
CES9093000001,2020-05-01,2021-10-08,13406.0,-463.0
CES9093000001,2020-05-01,2021-11-05,13406.0,-463.0
CES9093000001,2020-05-01,2021-12-03,13406.0,-463.0
CES9093000001,2020-05-01,2022-01-07,13406.0,-463.0
CES9093000001,2020-05-01,2022-02-04,13464.0,-474.0
CES9093000001,2020-05-01,2022-03-04,13464.0,-474.0
CES9093000001,2020-05-01,2022-04-01,13464.0,-474.0
CES9093000001,2020-05-01,2022-05-06,13464.0,-474.0
CES9093000001,2020-05-01,2022-06-03,13464.0,-474.0
CES9093000001,2020-05-01,2022-07-08,13464.0,-474.0
CES9093000001,2020-05-01,2022-08-05,13464.0,-474.0
CES9093000001,2020-05-01,2022-09-02,13464.0,-474.0
CES9093000001,2020-05-01,2022-10-07,13464.0,-474.0
CES9093000001,2020-05-01,2022-11-04,13464.0,-474.0
CES9093000001,2020-05-01,2022-12-02,13464.0,-474.0
CES9093000001,2020-05-01,2023-01-06,13464.0,-474.0
CES9093000001,2020-05-01,2023-02-03,13458.0,-472.0
CES9093000001,2020-05-01,2023-03-10,13458.0,-472.0
CES9093000001,2020-05-01,2023-04-07,13458.0,-472.0
CES9093000001,2020-05-01,2023-05-05,13458.0,-472.0
CES9093000001,2020-05-01,2023-06-02,13458.0,-472.0
CES9093000001,2020-05-01,2023-07-07,13458.0,-472.0
CES9093000001,2020-05-01,2023-08-04,13458.0,-472.0
CES9093000001,2020-05-01,2023-09-01,13458.0,-472.0
CES9093000001,2020-05-01,2023-10-06,13458.0,-472.0
CES9093000001,2020-05-01,2023-11-03,13458.0,-472.0
CES9093000001,2020-05-01,2023-12-08,13458.0,-472.0
CES9093000001,2020-05-01,2024-01-05,13458.0,-472.0
CES9093000001,2020-05-01,2024-02-02,13460.0,-465.0
CES9093000001,2020-05-01,2024-03-08,13460.0,-465.0
CES9093000001,2020-05-01,2024-04-05,13460.0,-465.0
CES9093000001,2020-05-01,2024-05-03,13460.0,-465.0
CES9093000001,2020-05-01,2024-06-07,13460.0,-465.0
CES9093000001,2020-05-01,2024-07-05,13460.0,-465.0
CES9093000001,2020-05-01,2024-08-02,13460.0,-465.0
CES9093000001,2020-05-01,2024-09-06,13460.0,-465.0
CES9093000001,2020-05-01,2024-10-04,13460.0,-465.0
CES9093000001,2020-05-01,2024-11-01,13460.0,-465.0
CES9093000001,2020-05-01,2024-12-06,13460.0,-465.0
CES9093000001,2020-05-01,2025-01-10,13460.0,-465.0
CES9093000001,2020-05-01,2025-02-07,13458.0,-463.0
CES9093000001,2020-05-01,2025-03-07,13458.0,-463.0
CES9093000001,2020-05-01,2025-04-04,13458.0,-463.0
CES9093000001,2020-05-01,2025-05-02,13458.0,-463.0
CES9093000001,2020-05-01,2025-06-06,13458.0,-463.0
CES9093000001,2020-05-01,2025-07-03,13458.0,-463.0
CES9093000001,2020-05-01,2025-08-01,13458.0,-463.0
CES9093000001,2020-05-01,2025-09-05,13458.0,-463.0
CES9093000001,2020-05-01,2025-11-20,13458.0,-463.0
CES9093000001,2020-05-01,2025-12-16,13458.0,-463.0
CES9093000001,2020-05-01,2026-01-09,13458.0,-463.0
CES9093000001,2020-05-01,2026-02-11,13458.0,-463.0
CES9093000001,2020-05-01,2026-03-06,13458.0,-463.0
CES9093000001,2020-05-01,2026-04-03,13458.0,-463.0
CES9093000001,2020-05-01,2026-05-08,13458.0,-463.0
CES9093000001,2020-05-01,2026-06-05,13458.0,-463.0
CES9093000001,2020-05-01,2026-07-02,13458.0,-463.0
CES9093000001,2020-06-01,2020-07-02,13476.0,57.0
CES9093000001,2020-06-01,2020-08-07,13468.0,44.0
CES9093000001,2020-06-01,2020-09-04,13461.0,37.0
CES9093000001,2020-06-01,2020-10-02,13461.0,37.0
CES9093000001,2020-06-01,2020-11-06,13461.0,37.0
CES9093000001,2020-06-01,2020-12-04,13461.0,37.0
CES9093000001,2020-06-01,2021-01-08,13461.0,37.0
CES9093000001,2020-06-01,2021-02-05,13434.0,28.0
CES9093000001,2020-06-01,2021-03-05,13434.0,28.0
CES9093000001,2020-06-01,2021-04-02,13434.0,28.0
CES9093000001,2020-06-01,2021-05-07,13434.0,28.0
CES9093000001,2020-06-01,2021-06-04,13434.0,28.0
CES9093000001,2020-06-01,2021-07-02,13434.0,28.0
CES9093000001,2020-06-01,2021-08-06,13434.0,28.0
CES9093000001,2020-06-01,2021-09-03,13434.0,28.0
CES9093000001,2020-06-01,2021-10-08,13434.0,28.0
CES9093000001,2020-06-01,2021-11-05,13434.0,28.0
CES9093000001,2020-06-01,2021-12-03,13434.0,28.0
CES9093000001,2020-06-01,2022-01-07,13434.0,28.0
CES9093000001,2020-06-01,2022-02-04,13458.0,-6.0
CES9093000001,2020-06-01,2022-03-04,13458.0,-6.0
CES9093000001,2020-06-01,2022-04-01,13458.0,-6.0
CES9093000001,2020-06-01,2022-05-06,13458.0,-6.0
CES9093000001,2020-06-01,2022-06-03,13458.0,-6.0
CES9093000001,2020-06-01,2022-07-08,13458.0,-6.0
CES9093000001,2020-06-01,2022-08-05,13458.0,-6.0
CES9093000001,2020-06-01,2022-09-02,13458.0,-6.0
CES9093000001,2020-06-01,2022-10-07,13458.0,-6.0
CES9093000001,2020-06-01,2022-11-04,13458.0,-6.0
CES9093000001,2020-06-01,2022-12-02,13458.0,-6.0
CES9093000001,2020-06-01,2023-01-06,13458.0,-6.0
CES9093000001,2020-06-01,2023-02-03,13462.0,4.0
CES9093000001,2020-06-01,2023-03-10,13462.0,4.0
CES9093000001,2020-06-01,2023-04-07,13462.0,4.0
CES9093000001,2020-06-01,2023-05-05,13462.0,4.0
CES9093000001,2020-06-01,2023-06-02,13462.0,4.0
CES9093000001,2020-06-01,2023-07-07,13462.0,4.0
CES9093000001,2020-06-01,2023-08-04,13462.0,4.0
CES9093000001,2020-06-01,2023-09-01,13462.0,4.0
CES9093000001,2020-06-01,2023-10-06,13462.0,4.0
CES9093000001,2020-06-01,2023-11-03,13462.0,4.0
CES9093000001,2020-06-01,2023-12-08,13462.0,4.0
CES9093000001,2020-06-01,2024-01-05,13462.0,4.0
CES9093000001,2020-06-01,2024-02-02,13485.0,25.0
CES9093000001,2020-06-01,2024-03-08,13485.0,25.0
CES9093000001,2020-06-01,2024-04-05,13485.0,25.0
CES9093000001,2020-06-01,2024-05-03,13485.0,25.0
CES9093000001,2020-06-01,2024-06-07,13485.0,25.0
CES9093000001,2020-06-01,2024-07-05,13485.0,25.0
CES9093000001,2020-06-01,2024-08-02,13485.0,25.0
CES9093000001,2020-06-01,2024-09-06,13485.0,25.0
CES9093000001,2020-06-01,2024-10-04,13485.0,25.0
CES9093000001,2020-06-01,2024-11-01,13485.0,25.0
CES9093000001,2020-06-01,2024-12-06,13485.0,25.0
CES9093000001,2020-06-01,2025-01-10,13485.0,25.0
CES9093000001,2020-06-01,2025-02-07,13460.0,2.0
CES9093000001,2020-06-01,2025-03-07,13460.0,2.0
CES9093000001,2020-06-01,2025-04-04,13460.0,2.0
CES9093000001,2020-06-01,2025-05-02,13460.0,2.0
CES9093000001,2020-06-01,2025-06-06,13460.0,2.0
CES9093000001,2020-06-01,2025-07-03,13460.0,2.0
CES9093000001,2020-06-01,2025-08-01,13460.0,2.0
CES9093000001,2020-06-01,2025-09-05,13460.0,2.0
CES9093000001,2020-06-01,2025-11-20,13460.0,2.0
CES9093000001,2020-06-01,2025-12-16,13460.0,2.0
CES9093000001,2020-06-01,2026-01-09,13460.0,2.0
CES9093000001,2020-06-01,2026-02-11,13460.0,2.0
CES9093000001,2020-06-01,2026-03-06,13460.0,2.0
CES9093000001,2020-06-01,2026-04-03,13460.0,2.0
CES9093000001,2020-06-01,2026-05-08,13460.0,2.0
CES9093000001,2020-06-01,2026-06-05,13460.0,2.0
CES9093000001,2020-06-01,2026-07-02,13460.0,2.0
CES9093000001,2020-07-01,2020-08-07,13709.0,241.0
CES9093000001,2020-07-01,2020-09-04,13675.0,214.0
CES9093000001,2020-07-01,2020-10-02,13676.0,215.0
CES9093000001,2020-07-01,2020-11-06,13676.0,215.0
CES9093000001,2020-07-01,2020-12-04,13676.0,215.0
CES9093000001,2020-07-01,2021-01-08,13676.0,215.0
CES9093000001,2020-07-01,2021-02-05,13620.0,186.0
CES9093000001,2020-07-01,2021-03-05,13620.0,186.0
CES9093000001,2020-07-01,2021-04-02,13620.0,186.0
CES9093000001,2020-07-01,2021-05-07,13620.0,186.0
CES9093000001,2020-07-01,2021-06-04,13620.0,186.0
CES9093000001,2020-07-01,2021-07-02,13620.0,186.0
CES9093000001,2020-07-01,2021-08-06,13620.0,186.0
CES9093000001,2020-07-01,2021-09-03,13620.0,186.0
CES9093000001,2020-07-01,2021-10-08,13620.0,186.0
CES9093000001,2020-07-01,2021-11-05,13620.0,186.0
CES9093000001,2020-07-01,2021-12-03,13620.0,186.0
CES9093000001,2020-07-01,2022-01-07,13620.0,186.0
CES9093000001,2020-07-01,2022-02-04,13520.0,62.0
CES9093000001,2020-07-01,2022-03-04,13520.0,62.0
CES9093000001,2020-07-01,2022-04-01,13520.0,62.0
CES9093000001,2020-07-01,2022-05-06,13520.0,62.0
CES9093000001,2020-07-01,2022-06-03,13520.0,62.0
CES9093000001,2020-07-01,2022-07-08,13520.0,62.0
CES9093000001,2020-07-01,2022-08-05,13520.0,62.0
CES9093000001,2020-07-01,2022-09-02,13520.0,62.0
CES9093000001,2020-07-01,2022-10-07,13520.0,62.0
CES9093000001,2020-07-01,2022-11-04,13520.0,62.0
CES9093000001,2020-07-01,2022-12-02,13520.0,62.0
CES9093000001,2020-07-01,2023-01-06,13520.0,62.0
CES9093000001,2020-07-01,2023-02-03,13531.0,69.0
CES9093000001,2020-07-01,2023-03-10,13531.0,69.0
CES9093000001,2020-07-01,2023-04-07,13531.0,69.0
CES9093000001,2020-07-01,2023-05-05,13531.0,69.0
CES9093000001,2020-07-01,2023-06-02,13531.0,69.0
CES9093000001,2020-07-01,2023-07-07,13531.0,69.0
CES9093000001,2020-07-01,2023-08-04,13531.0,69.0
CES9093000001,2020-07-01,2023-09-01,13531.0,69.0
CES9093000001,2020-07-01,2023-10-06,13531.0,69.0
CES9093000001,2020-07-01,2023-11-03,13531.0,69.0
CES9093000001,2020-07-01,2023-12-08,13531.0,69.0
CES9093000001,2020-07-01,2024-01-05,13531.0,69.0
CES9093000001,2020-07-01,2024-02-02,13559.0,74.0
CES9093000001,2020-07-01,2024-03-08,13559.0,74.0
CES9093000001,2020-07-01,2024-04-05,13559.0,74.0
CES9093000001,2020-07-01,2024-05-03,13559.0,74.0
CES9093000001,2020-07-01,2024-06-07,13559.0,74.0
CES9093000001,2020-07-01,2024-07-05,13559.0,74.0
CES9093000001,2020-07-01,2024-08-02,13559.0,74.0
CES9093000001,2020-07-01,2024-09-06,13559.0,74.0
CES9093000001,2020-07-01,2024-10-04,13559.0,74.0
CES9093000001,2020-07-01,2024-11-01,13559.0,74.0
CES9093000001,2020-07-01,2024-12-06,13559.0,74.0
CES9093000001,2020-07-01,2025-01-10,13559.0,74.0
CES9093000001,2020-07-01,2025-02-07,13526.0,66.0
CES9093000001,2020-07-01,2025-03-07,13526.0,66.0
CES9093000001,2020-07-01,2025-04-04,13526.0,66.0
CES9093000001,2020-07-01,2025-05-02,13526.0,66.0
CES9093000001,2020-07-01,2025-06-06,13526.0,66.0
CES9093000001,2020-07-01,2025-07-03,13526.0,66.0
CES9093000001,2020-07-01,2025-08-01,13526.0,66.0
CES9093000001,2020-07-01,2025-09-05,13526.0,66.0
CES9093000001,2020-07-01,2025-11-20,13526.0,66.0
CES9093000001,2020-07-01,2025-12-16,13526.0,66.0
CES9093000001,2020-07-01,2026-01-09,13526.0,66.0
CES9093000001,2020-07-01,2026-02-11,13526.0,66.0
CES9093000001,2020-07-01,2026-03-06,13526.0,66.0
CES9093000001,2020-07-01,2026-04-03,13526.0,66.0
CES9093000001,2020-07-01,2026-05-08,13526.0,66.0
CES9093000001,2020-07-01,2026-06-05,13526.0,66.0
CES9093000001,2020-07-01,2026-07-02,13526.0,66.0
CES9093000001,2020-08-01,2020-09-04,13770.0,95.0
CES9093000001,2020-08-01,2020-10-02,13874.0,198.0
CES9093000001,2020-08-01,2020-11-06,13865.0,189.0
CES9093000001,2020-08-01,2020-12-04,13865.0,189.0
CES9093000001,2020-08-01,2021-01-08,13865.0,189.0
CES9093000001,2020-08-01,2021-02-05,13860.0,240.0
CES9093000001,2020-08-01,2021-03-05,13860.0,240.0
CES9093000001,2020-08-01,2021-04-02,13860.0,240.0
CES9093000001,2020-08-01,2021-05-07,13860.0,240.0
CES9093000001,2020-08-01,2021-06-04,13860.0,240.0
CES9093000001,2020-08-01,2021-07-02,13860.0,240.0
CES9093000001,2020-08-01,2021-08-06,13860.0,240.0
CES9093000001,2020-08-01,2021-09-03,13860.0,240.0
CES9093000001,2020-08-01,2021-10-08,13860.0,240.0
CES9093000001,2020-08-01,2021-11-05,13860.0,240.0
CES9093000001,2020-08-01,2021-12-03,13860.0,240.0
CES9093000001,2020-08-01,2022-01-07,13860.0,240.0
CES9093000001,2020-08-01,2022-02-04,13693.0,173.0
CES9093000001,2020-08-01,2022-03-04,13693.0,173.0
CES9093000001,2020-08-01,2022-04-01,13693.0,173.0
CES9093000001,2020-08-01,2022-05-06,13693.0,173.0
CES9093000001,2020-08-01,2022-06-03,13693.0,173.0
CES9093000001,2020-08-01,2022-07-08,13693.0,173.0
CES9093000001,2020-08-01,2022-08-05,13693.0,173.0
CES9093000001,2020-08-01,2022-09-02,13693.0,173.0
CES9093000001,2020-08-01,2022-10-07,13693.0,173.0
CES9093000001,2020-08-01,2022-11-04,13693.0,173.0
CES9093000001,2020-08-01,2022-12-02,13693.0,173.0
CES9093000001,2020-08-01,2023-01-06,13693.0,173.0
CES9093000001,2020-08-01,2023-02-03,13737.0,206.0
CES9093000001,2020-08-01,2023-03-10,13737.0,206.0
CES9093000001,2020-08-01,2023-04-07,13737.0,206.0
CES9093000001,2020-08-01,2023-05-05,13737.0,206.0
CES9093000001,2020-08-01,2023-06-02,13737.0,206.0
CES9093000001,2020-08-01,2023-07-07,13737.0,206.0
CES9093000001,2020-08-01,2023-08-04,13737.0,206.0
CES9093000001,2020-08-01,2023-09-01,13737.0,206.0
CES9093000001,2020-08-01,2023-10-06,13737.0,206.0
CES9093000001,2020-08-01,2023-11-03,13737.0,206.0
CES9093000001,2020-08-01,2023-12-08,13737.0,206.0
CES9093000001,2020-08-01,2024-01-05,13737.0,206.0
CES9093000001,2020-08-01,2024-02-02,13715.0,156.0
CES9093000001,2020-08-01,2024-03-08,13715.0,156.0
CES9093000001,2020-08-01,2024-04-05,13715.0,156.0
CES9093000001,2020-08-01,2024-05-03,13715.0,156.0
CES9093000001,2020-08-01,2024-06-07,13715.0,156.0
CES9093000001,2020-08-01,2024-07-05,13715.0,156.0
CES9093000001,2020-08-01,2024-08-02,13715.0,156.0
CES9093000001,2020-08-01,2024-09-06,13715.0,156.0
CES9093000001,2020-08-01,2024-10-04,13715.0,156.0
CES9093000001,2020-08-01,2024-11-01,13715.0,156.0
CES9093000001,2020-08-01,2024-12-06,13715.0,156.0
CES9093000001,2020-08-01,2025-01-10,13715.0,156.0
CES9093000001,2020-08-01,2025-02-07,13724.0,198.0
CES9093000001,2020-08-01,2025-03-07,13724.0,198.0
CES9093000001,2020-08-01,2025-04-04,13724.0,198.0
CES9093000001,2020-08-01,2025-05-02,13724.0,198.0
CES9093000001,2020-08-01,2025-06-06,13724.0,198.0
CES9093000001,2020-08-01,2025-07-03,13724.0,198.0
CES9093000001,2020-08-01,2025-08-01,13724.0,198.0
CES9093000001,2020-08-01,2025-09-05,13724.0,198.0
CES9093000001,2020-08-01,2025-11-20,13724.0,198.0
CES9093000001,2020-08-01,2025-12-16,13724.0,198.0
CES9093000001,2020-08-01,2026-01-09,13724.0,198.0
CES9093000001,2020-08-01,2026-02-11,13724.0,198.0
CES9093000001,2020-08-01,2026-03-06,13724.0,198.0
CES9093000001,2020-08-01,2026-04-03,13724.0,198.0
CES9093000001,2020-08-01,2026-05-08,13724.0,198.0
CES9093000001,2020-08-01,2026-06-05,13724.0,198.0
CES9093000001,2020-08-01,2026-07-02,13724.0,198.0
CES9093000001,2020-09-01,2020-10-02,13740.0,-134.0
CES9093000001,2020-09-01,2020-11-06,13757.0,-108.0
CES9093000001,2020-09-01,2020-12-04,13749.0,-116.0
CES9093000001,2020-09-01,2021-01-08,13749.0,-116.0
CES9093000001,2020-09-01,2021-02-05,13730.0,-130.0
CES9093000001,2020-09-01,2021-03-05,13730.0,-130.0
CES9093000001,2020-09-01,2021-04-02,13730.0,-130.0
CES9093000001,2020-09-01,2021-05-07,13730.0,-130.0
CES9093000001,2020-09-01,2021-06-04,13730.0,-130.0
CES9093000001,2020-09-01,2021-07-02,13730.0,-130.0
CES9093000001,2020-09-01,2021-08-06,13730.0,-130.0
CES9093000001,2020-09-01,2021-09-03,13730.0,-130.0
CES9093000001,2020-09-01,2021-10-08,13730.0,-130.0
CES9093000001,2020-09-01,2021-11-05,13730.0,-130.0
CES9093000001,2020-09-01,2021-12-03,13730.0,-130.0
CES9093000001,2020-09-01,2022-01-07,13730.0,-130.0
CES9093000001,2020-09-01,2022-02-04,13699.0,6.0
CES9093000001,2020-09-01,2022-03-04,13699.0,6.0
CES9093000001,2020-09-01,2022-04-01,13699.0,6.0
CES9093000001,2020-09-01,2022-05-06,13699.0,6.0
CES9093000001,2020-09-01,2022-06-03,13699.0,6.0
CES9093000001,2020-09-01,2022-07-08,13699.0,6.0
CES9093000001,2020-09-01,2022-08-05,13699.0,6.0
CES9093000001,2020-09-01,2022-09-02,13699.0,6.0
CES9093000001,2020-09-01,2022-10-07,13699.0,6.0
CES9093000001,2020-09-01,2022-11-04,13699.0,6.0
CES9093000001,2020-09-01,2022-12-02,13699.0,6.0
CES9093000001,2020-09-01,2023-01-06,13699.0,6.0
CES9093000001,2020-09-01,2023-02-03,13702.0,-35.0
CES9093000001,2020-09-01,2023-03-10,13702.0,-35.0
CES9093000001,2020-09-01,2023-04-07,13702.0,-35.0
CES9093000001,2020-09-01,2023-05-05,13702.0,-35.0
CES9093000001,2020-09-01,2023-06-02,13702.0,-35.0
CES9093000001,2020-09-01,2023-07-07,13702.0,-35.0
CES9093000001,2020-09-01,2023-08-04,13702.0,-35.0
CES9093000001,2020-09-01,2023-09-01,13702.0,-35.0
CES9093000001,2020-09-01,2023-10-06,13702.0,-35.0
CES9093000001,2020-09-01,2023-11-03,13702.0,-35.0
CES9093000001,2020-09-01,2023-12-08,13702.0,-35.0
CES9093000001,2020-09-01,2024-01-05,13702.0,-35.0
CES9093000001,2020-09-01,2024-02-02,13718.0,3.0
CES9093000001,2020-09-01,2024-03-08,13718.0,3.0
CES9093000001,2020-09-01,2024-04-05,13718.0,3.0
CES9093000001,2020-09-01,2024-05-03,13718.0,3.0
CES9093000001,2020-09-01,2024-06-07,13718.0,3.0
CES9093000001,2020-09-01,2024-07-05,13718.0,3.0
CES9093000001,2020-09-01,2024-08-02,13718.0,3.0
CES9093000001,2020-09-01,2024-09-06,13718.0,3.0
CES9093000001,2020-09-01,2024-10-04,13718.0,3.0
CES9093000001,2020-09-01,2024-11-01,13718.0,3.0
CES9093000001,2020-09-01,2024-12-06,13718.0,3.0
CES9093000001,2020-09-01,2025-01-10,13718.0,3.0
CES9093000001,2020-09-01,2025-02-07,13715.0,-9.0
CES9093000001,2020-09-01,2025-03-07,13715.0,-9.0
CES9093000001,2020-09-01,2025-04-04,13715.0,-9.0
CES9093000001,2020-09-01,2025-05-02,13715.0,-9.0
CES9093000001,2020-09-01,2025-06-06,13715.0,-9.0
CES9093000001,2020-09-01,2025-07-03,13715.0,-9.0
CES9093000001,2020-09-01,2025-08-01,13715.0,-9.0
CES9093000001,2020-09-01,2025-09-05,13715.0,-9.0
CES9093000001,2020-09-01,2025-11-20,13715.0,-9.0
CES9093000001,2020-09-01,2025-12-16,13715.0,-9.0
CES9093000001,2020-09-01,2026-01-09,13715.0,-9.0
CES9093000001,2020-09-01,2026-02-11,13715.0,-9.0
CES9093000001,2020-09-01,2026-03-06,13715.0,-9.0
CES9093000001,2020-09-01,2026-04-03,13715.0,-9.0
CES9093000001,2020-09-01,2026-05-08,13715.0,-9.0
CES9093000001,2020-09-01,2026-06-05,13715.0,-9.0
CES9093000001,2020-09-01,2026-07-02,13715.0,-9.0
CES9093000001,2020-10-01,2020-11-06,13692.0,-65.0
CES9093000001,2020-10-01,2020-12-04,13691.0,-58.0
CES9093000001,2020-10-01,2021-01-08,13689.0,-60.0
CES9093000001,2020-10-01,2021-02-05,13663.0,-67.0
CES9093000001,2020-10-01,2021-03-05,13663.0,-67.0
CES9093000001,2020-10-01,2021-04-02,13663.0,-67.0
CES9093000001,2020-10-01,2021-05-07,13663.0,-67.0
CES9093000001,2020-10-01,2021-06-04,13663.0,-67.0
CES9093000001,2020-10-01,2021-07-02,13663.0,-67.0
CES9093000001,2020-10-01,2021-08-06,13663.0,-67.0
CES9093000001,2020-10-01,2021-09-03,13663.0,-67.0
CES9093000001,2020-10-01,2021-10-08,13663.0,-67.0
CES9093000001,2020-10-01,2021-11-05,13663.0,-67.0
CES9093000001,2020-10-01,2021-12-03,13663.0,-67.0
CES9093000001,2020-10-01,2022-01-07,13663.0,-67.0
CES9093000001,2020-10-01,2022-02-04,13712.0,13.0
CES9093000001,2020-10-01,2022-03-04,13712.0,13.0
CES9093000001,2020-10-01,2022-04-01,13712.0,13.0
CES9093000001,2020-10-01,2022-05-06,13712.0,13.0
CES9093000001,2020-10-01,2022-06-03,13712.0,13.0
CES9093000001,2020-10-01,2022-07-08,13712.0,13.0
CES9093000001,2020-10-01,2022-08-05,13712.0,13.0
CES9093000001,2020-10-01,2022-09-02,13712.0,13.0
CES9093000001,2020-10-01,2022-10-07,13712.0,13.0
CES9093000001,2020-10-01,2022-11-04,13712.0,13.0
CES9093000001,2020-10-01,2022-12-02,13712.0,13.0
CES9093000001,2020-10-01,2023-01-06,13712.0,13.0
CES9093000001,2020-10-01,2023-02-03,13716.0,14.0
CES9093000001,2020-10-01,2023-03-10,13716.0,14.0
CES9093000001,2020-10-01,2023-04-07,13716.0,14.0
CES9093000001,2020-10-01,2023-05-05,13716.0,14.0
CES9093000001,2020-10-01,2023-06-02,13716.0,14.0
CES9093000001,2020-10-01,2023-07-07,13716.0,14.0
CES9093000001,2020-10-01,2023-08-04,13716.0,14.0
CES9093000001,2020-10-01,2023-09-01,13716.0,14.0
CES9093000001,2020-10-01,2023-10-06,13716.0,14.0
CES9093000001,2020-10-01,2023-11-03,13716.0,14.0
CES9093000001,2020-10-01,2023-12-08,13716.0,14.0
CES9093000001,2020-10-01,2024-01-05,13716.0,14.0
CES9093000001,2020-10-01,2024-02-02,13710.0,-8.0
CES9093000001,2020-10-01,2024-03-08,13710.0,-8.0
CES9093000001,2020-10-01,2024-04-05,13710.0,-8.0
CES9093000001,2020-10-01,2024-05-03,13710.0,-8.0
CES9093000001,2020-10-01,2024-06-07,13710.0,-8.0
CES9093000001,2020-10-01,2024-07-05,13710.0,-8.0
CES9093000001,2020-10-01,2024-08-02,13710.0,-8.0
CES9093000001,2020-10-01,2024-09-06,13710.0,-8.0
CES9093000001,2020-10-01,2024-10-04,13710.0,-8.0
CES9093000001,2020-10-01,2024-11-01,13710.0,-8.0
CES9093000001,2020-10-01,2024-12-06,13710.0,-8.0
CES9093000001,2020-10-01,2025-01-10,13710.0,-8.0
CES9093000001,2020-10-01,2025-02-07,13750.0,35.0
CES9093000001,2020-10-01,2025-03-07,13750.0,35.0
CES9093000001,2020-10-01,2025-04-04,13750.0,35.0
CES9093000001,2020-10-01,2025-05-02,13750.0,35.0
CES9093000001,2020-10-01,2025-06-06,13750.0,35.0
CES9093000001,2020-10-01,2025-07-03,13750.0,35.0
CES9093000001,2020-10-01,2025-08-01,13750.0,35.0
CES9093000001,2020-10-01,2025-09-05,13750.0,35.0
CES9093000001,2020-10-01,2025-11-20,13750.0,35.0
CES9093000001,2020-10-01,2025-12-16,13750.0,35.0
CES9093000001,2020-10-01,2026-01-09,13750.0,35.0
CES9093000001,2020-10-01,2026-02-11,13750.0,35.0
CES9093000001,2020-10-01,2026-03-06,13750.0,35.0
CES9093000001,2020-10-01,2026-04-03,13750.0,35.0
CES9093000001,2020-10-01,2026-05-08,13750.0,35.0
CES9093000001,2020-10-01,2026-06-05,13750.0,35.0
CES9093000001,2020-10-01,2026-07-02,13750.0,35.0
CES9093000001,2020-11-01,2020-12-04,13678.0,-13.0
CES9093000001,2020-11-01,2021-01-08,13699.0,10.0
CES9093000001,2020-11-01,2021-02-05,13669.0,6.0
CES9093000001,2020-11-01,2021-03-05,13669.0,6.0
CES9093000001,2020-11-01,2021-04-02,13669.0,6.0
CES9093000001,2020-11-01,2021-05-07,13669.0,6.0
CES9093000001,2020-11-01,2021-06-04,13669.0,6.0
CES9093000001,2020-11-01,2021-07-02,13669.0,6.0
CES9093000001,2020-11-01,2021-08-06,13669.0,6.0
CES9093000001,2020-11-01,2021-09-03,13669.0,6.0
CES9093000001,2020-11-01,2021-10-08,13669.0,6.0
CES9093000001,2020-11-01,2021-11-05,13669.0,6.0
CES9093000001,2020-11-01,2021-12-03,13669.0,6.0
CES9093000001,2020-11-01,2022-01-07,13669.0,6.0
CES9093000001,2020-11-01,2022-02-04,13727.0,15.0
CES9093000001,2020-11-01,2022-03-04,13727.0,15.0
CES9093000001,2020-11-01,2022-04-01,13727.0,15.0
CES9093000001,2020-11-01,2022-05-06,13727.0,15.0
CES9093000001,2020-11-01,2022-06-03,13727.0,15.0
CES9093000001,2020-11-01,2022-07-08,13727.0,15.0
CES9093000001,2020-11-01,2022-08-05,13727.0,15.0
CES9093000001,2020-11-01,2022-09-02,13727.0,15.0
CES9093000001,2020-11-01,2022-10-07,13727.0,15.0
CES9093000001,2020-11-01,2022-11-04,13727.0,15.0
CES9093000001,2020-11-01,2022-12-02,13727.0,15.0
CES9093000001,2020-11-01,2023-01-06,13727.0,15.0
CES9093000001,2020-11-01,2023-02-03,13718.0,2.0
CES9093000001,2020-11-01,2023-03-10,13718.0,2.0
CES9093000001,2020-11-01,2023-04-07,13718.0,2.0
CES9093000001,2020-11-01,2023-05-05,13718.0,2.0
CES9093000001,2020-11-01,2023-06-02,13718.0,2.0
CES9093000001,2020-11-01,2023-07-07,13718.0,2.0
CES9093000001,2020-11-01,2023-08-04,13718.0,2.0
CES9093000001,2020-11-01,2023-09-01,13718.0,2.0
CES9093000001,2020-11-01,2023-10-06,13718.0,2.0
CES9093000001,2020-11-01,2023-11-03,13718.0,2.0
CES9093000001,2020-11-01,2023-12-08,13718.0,2.0
CES9093000001,2020-11-01,2024-01-05,13718.0,2.0
CES9093000001,2020-11-01,2024-02-02,13711.0,1.0
CES9093000001,2020-11-01,2024-03-08,13711.0,1.0
CES9093000001,2020-11-01,2024-04-05,13711.0,1.0
CES9093000001,2020-11-01,2024-05-03,13711.0,1.0
CES9093000001,2020-11-01,2024-06-07,13711.0,1.0
CES9093000001,2020-11-01,2024-07-05,13711.0,1.0
CES9093000001,2020-11-01,2024-08-02,13711.0,1.0
CES9093000001,2020-11-01,2024-09-06,13711.0,1.0
CES9093000001,2020-11-01,2024-10-04,13711.0,1.0
CES9093000001,2020-11-01,2024-11-01,13711.0,1.0
CES9093000001,2020-11-01,2024-12-06,13711.0,1.0
CES9093000001,2020-11-01,2025-01-10,13711.0,1.0
CES9093000001,2020-11-01,2025-02-07,13717.0,-33.0
CES9093000001,2020-11-01,2025-03-07,13717.0,-33.0
CES9093000001,2020-11-01,2025-04-04,13717.0,-33.0
CES9093000001,2020-11-01,2025-05-02,13717.0,-33.0
CES9093000001,2020-11-01,2025-06-06,13717.0,-33.0
CES9093000001,2020-11-01,2025-07-03,13717.0,-33.0
CES9093000001,2020-11-01,2025-08-01,13717.0,-33.0
CES9093000001,2020-11-01,2025-09-05,13717.0,-33.0
CES9093000001,2020-11-01,2025-11-20,13717.0,-33.0
CES9093000001,2020-11-01,2025-12-16,13717.0,-33.0
CES9093000001,2020-11-01,2026-01-09,13717.0,-33.0
CES9093000001,2020-11-01,2026-02-11,13717.0,-33.0
CES9093000001,2020-11-01,2026-03-06,13717.0,-33.0
CES9093000001,2020-11-01,2026-04-03,13717.0,-33.0
CES9093000001,2020-11-01,2026-05-08,13717.0,-33.0
CES9093000001,2020-11-01,2026-06-05,13717.0,-33.0
CES9093000001,2020-11-01,2026-07-02,13717.0,-33.0
CES9093000001,2020-12-01,2021-01-08,13667.0,-32.0
CES9093000001,2020-12-01,2021-02-05,13636.0,-33.0
CES9093000001,2020-12-01,2021-03-05,13634.0,-35.0
CES9093000001,2020-12-01,2021-04-02,13634.0,-35.0
CES9093000001,2020-12-01,2021-05-07,13634.0,-35.0
CES9093000001,2020-12-01,2021-06-04,13634.0,-35.0
CES9093000001,2020-12-01,2021-07-02,13634.0,-35.0
CES9093000001,2020-12-01,2021-08-06,13634.0,-35.0
CES9093000001,2020-12-01,2021-09-03,13634.0,-35.0
CES9093000001,2020-12-01,2021-10-08,13634.0,-35.0
CES9093000001,2020-12-01,2021-11-05,13634.0,-35.0
CES9093000001,2020-12-01,2021-12-03,13634.0,-35.0
CES9093000001,2020-12-01,2022-01-07,13634.0,-35.0
CES9093000001,2020-12-01,2022-02-04,13718.0,-9.0
CES9093000001,2020-12-01,2022-03-04,13718.0,-9.0
CES9093000001,2020-12-01,2022-04-01,13718.0,-9.0
CES9093000001,2020-12-01,2022-05-06,13718.0,-9.0
CES9093000001,2020-12-01,2022-06-03,13718.0,-9.0
CES9093000001,2020-12-01,2022-07-08,13718.0,-9.0
CES9093000001,2020-12-01,2022-08-05,13718.0,-9.0
CES9093000001,2020-12-01,2022-09-02,13718.0,-9.0
CES9093000001,2020-12-01,2022-10-07,13718.0,-9.0
CES9093000001,2020-12-01,2022-11-04,13718.0,-9.0
CES9093000001,2020-12-01,2022-12-02,13718.0,-9.0
CES9093000001,2020-12-01,2023-01-06,13718.0,-9.0
CES9093000001,2020-12-01,2023-02-03,13696.0,-22.0
CES9093000001,2020-12-01,2023-03-10,13696.0,-22.0
CES9093000001,2020-12-01,2023-04-07,13696.0,-22.0
CES9093000001,2020-12-01,2023-05-05,13696.0,-22.0
CES9093000001,2020-12-01,2023-06-02,13696.0,-22.0
CES9093000001,2020-12-01,2023-07-07,13696.0,-22.0
CES9093000001,2020-12-01,2023-08-04,13696.0,-22.0
CES9093000001,2020-12-01,2023-09-01,13696.0,-22.0
CES9093000001,2020-12-01,2023-10-06,13696.0,-22.0
CES9093000001,2020-12-01,2023-11-03,13696.0,-22.0
CES9093000001,2020-12-01,2023-12-08,13696.0,-22.0
CES9093000001,2020-12-01,2024-01-05,13696.0,-22.0
CES9093000001,2020-12-01,2024-02-02,13698.0,-13.0
CES9093000001,2020-12-01,2024-03-08,13698.0,-13.0
CES9093000001,2020-12-01,2024-04-05,13698.0,-13.0
CES9093000001,2020-12-01,2024-05-03,13698.0,-13.0
CES9093000001,2020-12-01,2024-06-07,13698.0,-13.0
CES9093000001,2020-12-01,2024-07-05,13698.0,-13.0
CES9093000001,2020-12-01,2024-08-02,13698.0,-13.0
CES9093000001,2020-12-01,2024-09-06,13698.0,-13.0
CES9093000001,2020-12-01,2024-10-04,13698.0,-13.0
CES9093000001,2020-12-01,2024-11-01,13698.0,-13.0
CES9093000001,2020-12-01,2024-12-06,13698.0,-13.0
CES9093000001,2020-12-01,2025-01-10,13698.0,-13.0
CES9093000001,2020-12-01,2025-02-07,13698.0,-19.0
CES9093000001,2020-12-01,2025-03-07,13698.0,-19.0
CES9093000001,2020-12-01,2025-04-04,13698.0,-19.0
CES9093000001,2020-12-01,2025-05-02,13698.0,-19.0
CES9093000001,2020-12-01,2025-06-06,13698.0,-19.0
CES9093000001,2020-12-01,2025-07-03,13698.0,-19.0
CES9093000001,2020-12-01,2025-08-01,13698.0,-19.0
CES9093000001,2020-12-01,2025-09-05,13698.0,-19.0
CES9093000001,2020-12-01,2025-11-20,13698.0,-19.0
CES9093000001,2020-12-01,2025-12-16,13698.0,-19.0
CES9093000001,2020-12-01,2026-01-09,13698.0,-19.0
CES9093000001,2020-12-01,2026-02-11,13698.0,-19.0
CES9093000001,2020-12-01,2026-03-06,13698.0,-19.0
CES9093000001,2020-12-01,2026-04-03,13698.0,-19.0
CES9093000001,2020-12-01,2026-05-08,13698.0,-19.0
CES9093000001,2020-12-01,2026-06-05,13698.0,-19.0
CES9093000001,2020-12-01,2026-07-02,13698.0,-19.0
CES9093000001,2021-01-01,2021-02-05,13672.0,36.0
CES9093000001,2021-01-01,2021-03-05,13680.0,46.0
CES9093000001,2021-01-01,2021-04-02,13683.0,49.0
CES9093000001,2021-01-01,2021-05-07,13683.0,49.0
CES9093000001,2021-01-01,2021-06-04,13683.0,49.0
CES9093000001,2021-01-01,2021-07-02,13683.0,49.0
CES9093000001,2021-01-01,2021-08-06,13683.0,49.0
CES9093000001,2021-01-01,2021-09-03,13683.0,49.0
CES9093000001,2021-01-01,2021-10-08,13683.0,49.0
CES9093000001,2021-01-01,2021-11-05,13683.0,49.0
CES9093000001,2021-01-01,2021-12-03,13683.0,49.0
CES9093000001,2021-01-01,2022-01-07,13683.0,49.0
CES9093000001,2021-01-01,2022-02-04,13748.0,30.0
CES9093000001,2021-01-01,2022-03-04,13748.0,30.0
CES9093000001,2021-01-01,2022-04-01,13748.0,30.0
CES9093000001,2021-01-01,2022-05-06,13748.0,30.0
CES9093000001,2021-01-01,2022-06-03,13748.0,30.0
CES9093000001,2021-01-01,2022-07-08,13748.0,30.0
CES9093000001,2021-01-01,2022-08-05,13748.0,30.0
CES9093000001,2021-01-01,2022-09-02,13748.0,30.0
CES9093000001,2021-01-01,2022-10-07,13748.0,30.0
CES9093000001,2021-01-01,2022-11-04,13748.0,30.0
CES9093000001,2021-01-01,2022-12-02,13748.0,30.0
CES9093000001,2021-01-01,2023-01-06,13748.0,30.0
CES9093000001,2021-01-01,2023-02-03,13732.0,36.0
CES9093000001,2021-01-01,2023-03-10,13732.0,36.0
CES9093000001,2021-01-01,2023-04-07,13732.0,36.0
CES9093000001,2021-01-01,2023-05-05,13732.0,36.0
CES9093000001,2021-01-01,2023-06-02,13732.0,36.0
CES9093000001,2021-01-01,2023-07-07,13732.0,36.0
CES9093000001,2021-01-01,2023-08-04,13732.0,36.0
CES9093000001,2021-01-01,2023-09-01,13732.0,36.0
CES9093000001,2021-01-01,2023-10-06,13732.0,36.0
CES9093000001,2021-01-01,2023-11-03,13732.0,36.0
CES9093000001,2021-01-01,2023-12-08,13732.0,36.0
CES9093000001,2021-01-01,2024-01-05,13732.0,36.0
CES9093000001,2021-01-01,2024-02-02,13746.0,48.0
CES9093000001,2021-01-01,2024-03-08,13746.0,48.0
CES9093000001,2021-01-01,2024-04-05,13746.0,48.0
CES9093000001,2021-01-01,2024-05-03,13746.0,48.0
CES9093000001,2021-01-01,2024-06-07,13746.0,48.0
CES9093000001,2021-01-01,2024-07-05,13746.0,48.0
CES9093000001,2021-01-01,2024-08-02,13746.0,48.0
CES9093000001,2021-01-01,2024-09-06,13746.0,48.0
CES9093000001,2021-01-01,2024-10-04,13746.0,48.0
CES9093000001,2021-01-01,2024-11-01,13746.0,48.0
CES9093000001,2021-01-01,2024-12-06,13746.0,48.0
CES9093000001,2021-01-01,2025-01-10,13746.0,48.0
CES9093000001,2021-01-01,2025-02-07,13743.0,45.0
CES9093000001,2021-01-01,2025-03-07,13743.0,45.0
CES9093000001,2021-01-01,2025-04-04,13743.0,45.0
CES9093000001,2021-01-01,2025-05-02,13743.0,45.0
CES9093000001,2021-01-01,2025-06-06,13743.0,45.0
CES9093000001,2021-01-01,2025-07-03,13743.0,45.0
CES9093000001,2021-01-01,2025-08-01,13743.0,45.0
CES9093000001,2021-01-01,2025-09-05,13743.0,45.0
CES9093000001,2021-01-01,2025-11-20,13743.0,45.0
CES9093000001,2021-01-01,2025-12-16,13743.0,45.0
CES9093000001,2021-01-01,2026-01-09,13743.0,45.0
CES9093000001,2021-01-01,2026-02-11,13715.0,17.0
CES9093000001,2021-01-01,2026-03-06,13715.0,17.0
CES9093000001,2021-01-01,2026-04-03,13715.0,17.0
CES9093000001,2021-01-01,2026-05-08,13715.0,17.0
CES9093000001,2021-01-01,2026-06-05,13715.0,17.0
CES9093000001,2021-01-01,2026-07-02,13715.0,17.0
CES9093000001,2021-02-01,2021-03-05,13636.0,-44.0
CES9093000001,2021-02-01,2021-04-02,13646.0,-37.0
CES9093000001,2021-02-01,2021-05-07,13644.0,-39.0
CES9093000001,2021-02-01,2021-06-04,13644.0,-39.0
CES9093000001,2021-02-01,2021-07-02,13644.0,-39.0
CES9093000001,2021-02-01,2021-08-06,13644.0,-39.0
CES9093000001,2021-02-01,2021-09-03,13644.0,-39.0
CES9093000001,2021-02-01,2021-10-08,13644.0,-39.0
CES9093000001,2021-02-01,2021-11-05,13644.0,-39.0
CES9093000001,2021-02-01,2021-12-03,13644.0,-39.0
CES9093000001,2021-02-01,2022-01-07,13644.0,-39.0
CES9093000001,2021-02-01,2022-02-04,13760.0,12.0
CES9093000001,2021-02-01,2022-03-04,13760.0,12.0
CES9093000001,2021-02-01,2022-04-01,13760.0,12.0
CES9093000001,2021-02-01,2022-05-06,13760.0,12.0
CES9093000001,2021-02-01,2022-06-03,13760.0,12.0
CES9093000001,2021-02-01,2022-07-08,13760.0,12.0
CES9093000001,2021-02-01,2022-08-05,13760.0,12.0
CES9093000001,2021-02-01,2022-09-02,13760.0,12.0
CES9093000001,2021-02-01,2022-10-07,13760.0,12.0
CES9093000001,2021-02-01,2022-11-04,13760.0,12.0
CES9093000001,2021-02-01,2022-12-02,13760.0,12.0
CES9093000001,2021-02-01,2023-01-06,13760.0,12.0
CES9093000001,2021-02-01,2023-02-03,13745.0,13.0
CES9093000001,2021-02-01,2023-03-10,13745.0,13.0
CES9093000001,2021-02-01,2023-04-07,13745.0,13.0
CES9093000001,2021-02-01,2023-05-05,13745.0,13.0
CES9093000001,2021-02-01,2023-06-02,13745.0,13.0
CES9093000001,2021-02-01,2023-07-07,13745.0,13.0
CES9093000001,2021-02-01,2023-08-04,13745.0,13.0
CES9093000001,2021-02-01,2023-09-01,13745.0,13.0
CES9093000001,2021-02-01,2023-10-06,13745.0,13.0
CES9093000001,2021-02-01,2023-11-03,13745.0,13.0
CES9093000001,2021-02-01,2023-12-08,13745.0,13.0
CES9093000001,2021-02-01,2024-01-05,13745.0,13.0
CES9093000001,2021-02-01,2024-02-02,13733.0,-13.0
CES9093000001,2021-02-01,2024-03-08,13733.0,-13.0
CES9093000001,2021-02-01,2024-04-05,13733.0,-13.0
CES9093000001,2021-02-01,2024-05-03,13733.0,-13.0
CES9093000001,2021-02-01,2024-06-07,13733.0,-13.0
CES9093000001,2021-02-01,2024-07-05,13733.0,-13.0
CES9093000001,2021-02-01,2024-08-02,13733.0,-13.0
CES9093000001,2021-02-01,2024-09-06,13733.0,-13.0
CES9093000001,2021-02-01,2024-10-04,13733.0,-13.0
CES9093000001,2021-02-01,2024-11-01,13733.0,-13.0
CES9093000001,2021-02-01,2024-12-06,13733.0,-13.0
CES9093000001,2021-02-01,2025-01-10,13733.0,-13.0
CES9093000001,2021-02-01,2025-02-07,13728.0,-15.0
CES9093000001,2021-02-01,2025-03-07,13728.0,-15.0
CES9093000001,2021-02-01,2025-04-04,13728.0,-15.0
CES9093000001,2021-02-01,2025-05-02,13728.0,-15.0
CES9093000001,2021-02-01,2025-06-06,13728.0,-15.0
CES9093000001,2021-02-01,2025-07-03,13728.0,-15.0
CES9093000001,2021-02-01,2025-08-01,13728.0,-15.0
CES9093000001,2021-02-01,2025-09-05,13728.0,-15.0
CES9093000001,2021-02-01,2025-11-20,13728.0,-15.0
CES9093000001,2021-02-01,2025-12-16,13728.0,-15.0
CES9093000001,2021-02-01,2026-01-09,13728.0,-15.0
CES9093000001,2021-02-01,2026-02-11,13718.0,3.0
CES9093000001,2021-02-01,2026-03-06,13718.0,3.0
CES9093000001,2021-02-01,2026-04-03,13718.0,3.0
CES9093000001,2021-02-01,2026-05-08,13718.0,3.0
CES9093000001,2021-02-01,2026-06-05,13718.0,3.0
CES9093000001,2021-02-01,2026-07-02,13718.0,3.0
CES9093000001,2021-03-01,2021-04-02,13729.0,83.0
CES9093000001,2021-03-01,2021-05-07,13685.0,41.0
CES9093000001,2021-03-01,2021-06-04,13687.0,43.0
CES9093000001,2021-03-01,2021-07-02,13687.0,43.0
CES9093000001,2021-03-01,2021-08-06,13687.0,43.0
CES9093000001,2021-03-01,2021-09-03,13687.0,43.0
CES9093000001,2021-03-01,2021-10-08,13687.0,43.0
CES9093000001,2021-03-01,2021-11-05,13687.0,43.0
CES9093000001,2021-03-01,2021-12-03,13687.0,43.0
CES9093000001,2021-03-01,2022-01-07,13687.0,43.0
CES9093000001,2021-03-01,2022-02-04,13801.0,41.0
CES9093000001,2021-03-01,2022-03-04,13801.0,41.0
CES9093000001,2021-03-01,2022-04-01,13801.0,41.0
CES9093000001,2021-03-01,2022-05-06,13801.0,41.0
CES9093000001,2021-03-01,2022-06-03,13801.0,41.0
CES9093000001,2021-03-01,2022-07-08,13801.0,41.0
CES9093000001,2021-03-01,2022-08-05,13801.0,41.0
CES9093000001,2021-03-01,2022-09-02,13801.0,41.0
CES9093000001,2021-03-01,2022-10-07,13801.0,41.0
CES9093000001,2021-03-01,2022-11-04,13801.0,41.0
CES9093000001,2021-03-01,2022-12-02,13801.0,41.0
CES9093000001,2021-03-01,2023-01-06,13801.0,41.0
CES9093000001,2021-03-01,2023-02-03,13794.0,49.0
CES9093000001,2021-03-01,2023-03-10,13794.0,49.0
CES9093000001,2021-03-01,2023-04-07,13794.0,49.0
CES9093000001,2021-03-01,2023-05-05,13794.0,49.0
CES9093000001,2021-03-01,2023-06-02,13794.0,49.0
CES9093000001,2021-03-01,2023-07-07,13794.0,49.0
CES9093000001,2021-03-01,2023-08-04,13794.0,49.0
CES9093000001,2021-03-01,2023-09-01,13794.0,49.0
CES9093000001,2021-03-01,2023-10-06,13794.0,49.0
CES9093000001,2021-03-01,2023-11-03,13794.0,49.0
CES9093000001,2021-03-01,2023-12-08,13794.0,49.0
CES9093000001,2021-03-01,2024-01-05,13794.0,49.0
CES9093000001,2021-03-01,2024-02-02,13781.0,48.0
CES9093000001,2021-03-01,2024-03-08,13781.0,48.0
CES9093000001,2021-03-01,2024-04-05,13781.0,48.0
CES9093000001,2021-03-01,2024-05-03,13781.0,48.0
CES9093000001,2021-03-01,2024-06-07,13781.0,48.0
CES9093000001,2021-03-01,2024-07-05,13781.0,48.0
CES9093000001,2021-03-01,2024-08-02,13781.0,48.0
CES9093000001,2021-03-01,2024-09-06,13781.0,48.0
CES9093000001,2021-03-01,2024-10-04,13781.0,48.0
CES9093000001,2021-03-01,2024-11-01,13781.0,48.0
CES9093000001,2021-03-01,2024-12-06,13781.0,48.0
CES9093000001,2021-03-01,2025-01-10,13781.0,48.0
CES9093000001,2021-03-01,2025-02-07,13779.0,51.0
CES9093000001,2021-03-01,2025-03-07,13779.0,51.0
CES9093000001,2021-03-01,2025-04-04,13779.0,51.0
CES9093000001,2021-03-01,2025-05-02,13779.0,51.0
CES9093000001,2021-03-01,2025-06-06,13779.0,51.0
CES9093000001,2021-03-01,2025-07-03,13779.0,51.0
CES9093000001,2021-03-01,2025-08-01,13779.0,51.0
CES9093000001,2021-03-01,2025-09-05,13779.0,51.0
CES9093000001,2021-03-01,2025-11-20,13779.0,51.0
CES9093000001,2021-03-01,2025-12-16,13779.0,51.0
CES9093000001,2021-03-01,2026-01-09,13779.0,51.0
CES9093000001,2021-03-01,2026-02-11,13773.0,55.0
CES9093000001,2021-03-01,2026-03-06,13773.0,55.0
CES9093000001,2021-03-01,2026-04-03,13773.0,55.0
CES9093000001,2021-03-01,2026-05-08,13773.0,55.0
CES9093000001,2021-03-01,2026-06-05,13773.0,55.0
CES9093000001,2021-03-01,2026-07-02,13773.0,55.0
CES9093000001,2021-04-01,2021-05-07,13717.0,32.0
CES9093000001,2021-04-01,2021-06-04,13725.0,38.0
CES9093000001,2021-04-01,2021-07-02,13717.0,30.0
CES9093000001,2021-04-01,2021-08-06,13717.0,30.0
CES9093000001,2021-04-01,2021-09-03,13717.0,30.0
CES9093000001,2021-04-01,2021-10-08,13717.0,30.0
CES9093000001,2021-04-01,2021-11-05,13717.0,30.0
CES9093000001,2021-04-01,2021-12-03,13717.0,30.0
CES9093000001,2021-04-01,2022-01-07,13717.0,30.0
CES9093000001,2021-04-01,2022-02-04,13842.0,41.0
CES9093000001,2021-04-01,2022-03-04,13842.0,41.0
CES9093000001,2021-04-01,2022-04-01,13842.0,41.0
CES9093000001,2021-04-01,2022-05-06,13842.0,41.0
CES9093000001,2021-04-01,2022-06-03,13842.0,41.0
CES9093000001,2021-04-01,2022-07-08,13842.0,41.0
CES9093000001,2021-04-01,2022-08-05,13842.0,41.0
CES9093000001,2021-04-01,2022-09-02,13842.0,41.0
CES9093000001,2021-04-01,2022-10-07,13842.0,41.0
CES9093000001,2021-04-01,2022-11-04,13842.0,41.0
CES9093000001,2021-04-01,2022-12-02,13842.0,41.0
CES9093000001,2021-04-01,2023-01-06,13842.0,41.0
CES9093000001,2021-04-01,2023-02-03,13839.0,45.0
CES9093000001,2021-04-01,2023-03-10,13839.0,45.0
CES9093000001,2021-04-01,2023-04-07,13839.0,45.0
CES9093000001,2021-04-01,2023-05-05,13839.0,45.0
CES9093000001,2021-04-01,2023-06-02,13839.0,45.0
CES9093000001,2021-04-01,2023-07-07,13839.0,45.0
CES9093000001,2021-04-01,2023-08-04,13839.0,45.0
CES9093000001,2021-04-01,2023-09-01,13839.0,45.0
CES9093000001,2021-04-01,2023-10-06,13839.0,45.0
CES9093000001,2021-04-01,2023-11-03,13839.0,45.0
CES9093000001,2021-04-01,2023-12-08,13839.0,45.0
CES9093000001,2021-04-01,2024-01-05,13839.0,45.0
CES9093000001,2021-04-01,2024-02-02,13830.0,49.0
CES9093000001,2021-04-01,2024-03-08,13830.0,49.0
CES9093000001,2021-04-01,2024-04-05,13830.0,49.0
CES9093000001,2021-04-01,2024-05-03,13830.0,49.0
CES9093000001,2021-04-01,2024-06-07,13830.0,49.0
CES9093000001,2021-04-01,2024-07-05,13830.0,49.0
CES9093000001,2021-04-01,2024-08-02,13830.0,49.0
CES9093000001,2021-04-01,2024-09-06,13830.0,49.0
CES9093000001,2021-04-01,2024-10-04,13830.0,49.0
CES9093000001,2021-04-01,2024-11-01,13830.0,49.0
CES9093000001,2021-04-01,2024-12-06,13830.0,49.0
CES9093000001,2021-04-01,2025-01-10,13830.0,49.0
CES9093000001,2021-04-01,2025-02-07,13827.0,48.0
CES9093000001,2021-04-01,2025-03-07,13827.0,48.0
CES9093000001,2021-04-01,2025-04-04,13827.0,48.0
CES9093000001,2021-04-01,2025-05-02,13827.0,48.0
CES9093000001,2021-04-01,2025-06-06,13827.0,48.0
CES9093000001,2021-04-01,2025-07-03,13827.0,48.0
CES9093000001,2021-04-01,2025-08-01,13827.0,48.0
CES9093000001,2021-04-01,2025-09-05,13827.0,48.0
CES9093000001,2021-04-01,2025-11-20,13827.0,48.0
CES9093000001,2021-04-01,2025-12-16,13827.0,48.0
CES9093000001,2021-04-01,2026-01-09,13827.0,48.0
CES9093000001,2021-04-01,2026-02-11,13819.0,46.0
CES9093000001,2021-04-01,2026-03-06,13819.0,46.0
CES9093000001,2021-04-01,2026-04-03,13819.0,46.0
CES9093000001,2021-04-01,2026-05-08,13819.0,46.0
CES9093000001,2021-04-01,2026-06-05,13819.0,46.0
CES9093000001,2021-04-01,2026-07-02,13819.0,46.0
CES9093000001,2021-05-01,2021-06-04,13758.0,33.0
CES9093000001,2021-05-01,2021-07-02,13747.0,30.0
CES9093000001,2021-05-01,2021-08-06,13743.0,26.0
CES9093000001,2021-05-01,2021-09-03,13743.0,26.0
CES9093000001,2021-05-01,2021-10-08,13743.0,26.0
CES9093000001,2021-05-01,2021-11-05,13743.0,26.0
CES9093000001,2021-05-01,2021-12-03,13743.0,26.0
CES9093000001,2021-05-01,2022-01-07,13743.0,26.0
CES9093000001,2021-05-01,2022-02-04,13856.0,14.0
CES9093000001,2021-05-01,2022-03-04,13856.0,14.0
CES9093000001,2021-05-01,2022-04-01,13856.0,14.0
CES9093000001,2021-05-01,2022-05-06,13856.0,14.0
CES9093000001,2021-05-01,2022-06-03,13856.0,14.0
CES9093000001,2021-05-01,2022-07-08,13856.0,14.0
CES9093000001,2021-05-01,2022-08-05,13856.0,14.0
CES9093000001,2021-05-01,2022-09-02,13856.0,14.0
CES9093000001,2021-05-01,2022-10-07,13856.0,14.0
CES9093000001,2021-05-01,2022-11-04,13856.0,14.0
CES9093000001,2021-05-01,2022-12-02,13856.0,14.0
CES9093000001,2021-05-01,2023-01-06,13856.0,14.0
CES9093000001,2021-05-01,2023-02-03,13860.0,21.0
CES9093000001,2021-05-01,2023-03-10,13860.0,21.0
CES9093000001,2021-05-01,2023-04-07,13860.0,21.0
CES9093000001,2021-05-01,2023-05-05,13860.0,21.0
CES9093000001,2021-05-01,2023-06-02,13860.0,21.0
CES9093000001,2021-05-01,2023-07-07,13860.0,21.0
CES9093000001,2021-05-01,2023-08-04,13860.0,21.0
CES9093000001,2021-05-01,2023-09-01,13860.0,21.0
CES9093000001,2021-05-01,2023-10-06,13860.0,21.0
CES9093000001,2021-05-01,2023-11-03,13860.0,21.0
CES9093000001,2021-05-01,2023-12-08,13860.0,21.0
CES9093000001,2021-05-01,2024-01-05,13860.0,21.0
CES9093000001,2021-05-01,2024-02-02,13854.0,24.0
CES9093000001,2021-05-01,2024-03-08,13854.0,24.0
CES9093000001,2021-05-01,2024-04-05,13854.0,24.0
CES9093000001,2021-05-01,2024-05-03,13854.0,24.0
CES9093000001,2021-05-01,2024-06-07,13854.0,24.0
CES9093000001,2021-05-01,2024-07-05,13854.0,24.0
CES9093000001,2021-05-01,2024-08-02,13854.0,24.0
CES9093000001,2021-05-01,2024-09-06,13854.0,24.0
CES9093000001,2021-05-01,2024-10-04,13854.0,24.0
CES9093000001,2021-05-01,2024-11-01,13854.0,24.0
CES9093000001,2021-05-01,2024-12-06,13854.0,24.0
CES9093000001,2021-05-01,2025-01-10,13854.0,24.0
CES9093000001,2021-05-01,2025-02-07,13849.0,22.0
CES9093000001,2021-05-01,2025-03-07,13849.0,22.0
CES9093000001,2021-05-01,2025-04-04,13849.0,22.0
CES9093000001,2021-05-01,2025-05-02,13849.0,22.0
CES9093000001,2021-05-01,2025-06-06,13849.0,22.0
CES9093000001,2021-05-01,2025-07-03,13849.0,22.0
CES9093000001,2021-05-01,2025-08-01,13849.0,22.0
CES9093000001,2021-05-01,2025-09-05,13849.0,22.0
CES9093000001,2021-05-01,2025-11-20,13849.0,22.0
CES9093000001,2021-05-01,2025-12-16,13849.0,22.0
CES9093000001,2021-05-01,2026-01-09,13849.0,22.0
CES9093000001,2021-05-01,2026-02-11,13865.0,46.0
CES9093000001,2021-05-01,2026-03-06,13865.0,46.0
CES9093000001,2021-05-01,2026-04-03,13865.0,46.0
CES9093000001,2021-05-01,2026-05-08,13865.0,46.0
CES9093000001,2021-05-01,2026-06-05,13865.0,46.0
CES9093000001,2021-05-01,2026-07-02,13865.0,46.0
CES9093000001,2021-06-01,2021-07-02,13871.0,124.0
CES9093000001,2021-06-01,2021-08-06,13861.0,118.0
CES9093000001,2021-06-01,2021-09-03,13848.0,105.0
CES9093000001,2021-06-01,2021-10-08,13848.0,105.0
CES9093000001,2021-06-01,2021-11-05,13848.0,105.0
CES9093000001,2021-06-01,2021-12-03,13848.0,105.0
CES9093000001,2021-06-01,2022-01-07,13848.0,105.0
CES9093000001,2021-06-01,2022-02-04,13889.0,33.0
CES9093000001,2021-06-01,2022-03-04,13889.0,33.0
CES9093000001,2021-06-01,2022-04-01,13889.0,33.0
CES9093000001,2021-06-01,2022-05-06,13889.0,33.0
CES9093000001,2021-06-01,2022-06-03,13889.0,33.0
CES9093000001,2021-06-01,2022-07-08,13889.0,33.0
CES9093000001,2021-06-01,2022-08-05,13889.0,33.0
CES9093000001,2021-06-01,2022-09-02,13889.0,33.0
CES9093000001,2021-06-01,2022-10-07,13889.0,33.0
CES9093000001,2021-06-01,2022-11-04,13889.0,33.0
CES9093000001,2021-06-01,2022-12-02,13889.0,33.0
CES9093000001,2021-06-01,2023-01-06,13889.0,33.0
CES9093000001,2021-06-01,2023-02-03,13920.0,60.0
CES9093000001,2021-06-01,2023-03-10,13920.0,60.0
CES9093000001,2021-06-01,2023-04-07,13920.0,60.0
CES9093000001,2021-06-01,2023-05-05,13920.0,60.0
CES9093000001,2021-06-01,2023-06-02,13920.0,60.0
CES9093000001,2021-06-01,2023-07-07,13920.0,60.0
CES9093000001,2021-06-01,2023-08-04,13920.0,60.0
CES9093000001,2021-06-01,2023-09-01,13920.0,60.0
CES9093000001,2021-06-01,2023-10-06,13920.0,60.0
CES9093000001,2021-06-01,2023-11-03,13920.0,60.0
CES9093000001,2021-06-01,2023-12-08,13920.0,60.0
CES9093000001,2021-06-01,2024-01-05,13920.0,60.0
CES9093000001,2021-06-01,2024-02-02,13941.0,87.0
CES9093000001,2021-06-01,2024-03-08,13941.0,87.0
CES9093000001,2021-06-01,2024-04-05,13941.0,87.0
CES9093000001,2021-06-01,2024-05-03,13941.0,87.0
CES9093000001,2021-06-01,2024-06-07,13941.0,87.0
CES9093000001,2021-06-01,2024-07-05,13941.0,87.0
CES9093000001,2021-06-01,2024-08-02,13941.0,87.0
CES9093000001,2021-06-01,2024-09-06,13941.0,87.0
CES9093000001,2021-06-01,2024-10-04,13941.0,87.0
CES9093000001,2021-06-01,2024-11-01,13941.0,87.0
CES9093000001,2021-06-01,2024-12-06,13941.0,87.0
CES9093000001,2021-06-01,2025-01-10,13941.0,87.0
CES9093000001,2021-06-01,2025-02-07,13917.0,68.0
CES9093000001,2021-06-01,2025-03-07,13917.0,68.0
CES9093000001,2021-06-01,2025-04-04,13917.0,68.0
CES9093000001,2021-06-01,2025-05-02,13917.0,68.0
CES9093000001,2021-06-01,2025-06-06,13917.0,68.0
CES9093000001,2021-06-01,2025-07-03,13917.0,68.0
CES9093000001,2021-06-01,2025-08-01,13917.0,68.0
CES9093000001,2021-06-01,2025-09-05,13917.0,68.0
CES9093000001,2021-06-01,2025-11-20,13917.0,68.0
CES9093000001,2021-06-01,2025-12-16,13917.0,68.0
CES9093000001,2021-06-01,2026-01-09,13917.0,68.0
CES9093000001,2021-06-01,2026-02-11,13947.0,82.0
CES9093000001,2021-06-01,2026-03-06,13947.0,82.0
CES9093000001,2021-06-01,2026-04-03,13947.0,82.0
CES9093000001,2021-06-01,2026-05-08,13947.0,82.0
CES9093000001,2021-06-01,2026-06-05,13947.0,82.0
CES9093000001,2021-06-01,2026-07-02,13947.0,82.0
CES9093000001,2021-07-01,2021-08-06,14091.0,230.0
CES9093000001,2021-07-01,2021-09-03,14083.0,235.0
CES9093000001,2021-07-01,2021-10-08,14116.0,268.0
CES9093000001,2021-07-01,2021-11-05,14116.0,268.0
CES9093000001,2021-07-01,2021-12-03,14116.0,268.0
CES9093000001,2021-07-01,2022-01-07,14116.0,268.0
CES9093000001,2021-07-01,2022-02-04,13948.0,59.0
CES9093000001,2021-07-01,2022-03-04,13948.0,59.0
CES9093000001,2021-07-01,2022-04-01,13948.0,59.0
CES9093000001,2021-07-01,2022-05-06,13948.0,59.0
CES9093000001,2021-07-01,2022-06-03,13948.0,59.0
CES9093000001,2021-07-01,2022-07-08,13948.0,59.0
CES9093000001,2021-07-01,2022-08-05,13948.0,59.0
CES9093000001,2021-07-01,2022-09-02,13948.0,59.0
CES9093000001,2021-07-01,2022-10-07,13948.0,59.0
CES9093000001,2021-07-01,2022-11-04,13948.0,59.0
CES9093000001,2021-07-01,2022-12-02,13948.0,59.0
CES9093000001,2021-07-01,2023-01-06,13948.0,59.0
CES9093000001,2021-07-01,2023-02-03,13986.0,66.0
CES9093000001,2021-07-01,2023-03-10,13986.0,66.0
CES9093000001,2021-07-01,2023-04-07,13986.0,66.0
CES9093000001,2021-07-01,2023-05-05,13986.0,66.0
CES9093000001,2021-07-01,2023-06-02,13986.0,66.0
CES9093000001,2021-07-01,2023-07-07,13986.0,66.0
CES9093000001,2021-07-01,2023-08-04,13986.0,66.0
CES9093000001,2021-07-01,2023-09-01,13986.0,66.0
CES9093000001,2021-07-01,2023-10-06,13986.0,66.0
CES9093000001,2021-07-01,2023-11-03,13986.0,66.0
CES9093000001,2021-07-01,2023-12-08,13986.0,66.0
CES9093000001,2021-07-01,2024-01-05,13986.0,66.0
CES9093000001,2021-07-01,2024-02-02,14023.0,82.0
CES9093000001,2021-07-01,2024-03-08,14023.0,82.0
CES9093000001,2021-07-01,2024-04-05,14023.0,82.0
CES9093000001,2021-07-01,2024-05-03,14023.0,82.0
CES9093000001,2021-07-01,2024-06-07,14023.0,82.0
CES9093000001,2021-07-01,2024-07-05,14023.0,82.0
CES9093000001,2021-07-01,2024-08-02,14023.0,82.0
CES9093000001,2021-07-01,2024-09-06,14023.0,82.0
CES9093000001,2021-07-01,2024-10-04,14023.0,82.0
CES9093000001,2021-07-01,2024-11-01,14023.0,82.0
CES9093000001,2021-07-01,2024-12-06,14023.0,82.0
CES9093000001,2021-07-01,2025-01-10,14023.0,82.0
CES9093000001,2021-07-01,2025-02-07,13990.0,73.0
CES9093000001,2021-07-01,2025-03-07,13990.0,73.0
CES9093000001,2021-07-01,2025-04-04,13990.0,73.0
CES9093000001,2021-07-01,2025-05-02,13990.0,73.0
CES9093000001,2021-07-01,2025-06-06,13990.0,73.0
CES9093000001,2021-07-01,2025-07-03,13990.0,73.0
CES9093000001,2021-07-01,2025-08-01,13990.0,73.0
CES9093000001,2021-07-01,2025-09-05,13990.0,73.0
CES9093000001,2021-07-01,2025-11-20,13990.0,73.0
CES9093000001,2021-07-01,2025-12-16,13990.0,73.0
CES9093000001,2021-07-01,2026-01-09,13990.0,73.0
CES9093000001,2021-07-01,2026-02-11,13967.0,20.0
CES9093000001,2021-07-01,2026-03-06,13967.0,20.0
CES9093000001,2021-07-01,2026-04-03,13967.0,20.0
CES9093000001,2021-07-01,2026-05-08,13967.0,20.0
CES9093000001,2021-07-01,2026-06-05,13967.0,20.0
CES9093000001,2021-07-01,2026-07-02,13967.0,20.0
CES9093000001,2021-08-01,2021-09-03,14097.0,14.0
CES9093000001,2021-08-01,2021-10-08,14153.0,37.0
CES9093000001,2021-08-01,2021-11-05,14091.0,-25.0
CES9093000001,2021-08-01,2021-12-03,14091.0,-25.0
CES9093000001,2021-08-01,2022-01-07,14091.0,-25.0
CES9093000001,2021-08-01,2022-02-04,13984.0,36.0
CES9093000001,2021-08-01,2022-03-04,13984.0,36.0
CES9093000001,2021-08-01,2022-04-01,13984.0,36.0
CES9093000001,2021-08-01,2022-05-06,13984.0,36.0
CES9093000001,2021-08-01,2022-06-03,13984.0,36.0
CES9093000001,2021-08-01,2022-07-08,13984.0,36.0
CES9093000001,2021-08-01,2022-08-05,13984.0,36.0
CES9093000001,2021-08-01,2022-09-02,13984.0,36.0
CES9093000001,2021-08-01,2022-10-07,13984.0,36.0
CES9093000001,2021-08-01,2022-11-04,13984.0,36.0
CES9093000001,2021-08-01,2022-12-02,13984.0,36.0
CES9093000001,2021-08-01,2023-01-06,13984.0,36.0
CES9093000001,2021-08-01,2023-02-03,14061.0,75.0
CES9093000001,2021-08-01,2023-03-10,14061.0,75.0
CES9093000001,2021-08-01,2023-04-07,14061.0,75.0
CES9093000001,2021-08-01,2023-05-05,14061.0,75.0
CES9093000001,2021-08-01,2023-06-02,14061.0,75.0
CES9093000001,2021-08-01,2023-07-07,14061.0,75.0
CES9093000001,2021-08-01,2023-08-04,14061.0,75.0
CES9093000001,2021-08-01,2023-09-01,14061.0,75.0
CES9093000001,2021-08-01,2023-10-06,14061.0,75.0
CES9093000001,2021-08-01,2023-11-03,14061.0,75.0
CES9093000001,2021-08-01,2023-12-08,14061.0,75.0
CES9093000001,2021-08-01,2024-01-05,14061.0,75.0
CES9093000001,2021-08-01,2024-02-02,14053.0,30.0
CES9093000001,2021-08-01,2024-03-08,14053.0,30.0
CES9093000001,2021-08-01,2024-04-05,14053.0,30.0
CES9093000001,2021-08-01,2024-05-03,14053.0,30.0
CES9093000001,2021-08-01,2024-06-07,14053.0,30.0
CES9093000001,2021-08-01,2024-07-05,14053.0,30.0
CES9093000001,2021-08-01,2024-08-02,14053.0,30.0
CES9093000001,2021-08-01,2024-09-06,14053.0,30.0
CES9093000001,2021-08-01,2024-10-04,14053.0,30.0
CES9093000001,2021-08-01,2024-11-01,14053.0,30.0
CES9093000001,2021-08-01,2024-12-06,14053.0,30.0
CES9093000001,2021-08-01,2025-01-10,14053.0,30.0
CES9093000001,2021-08-01,2025-02-07,14057.0,67.0
CES9093000001,2021-08-01,2025-03-07,14057.0,67.0
CES9093000001,2021-08-01,2025-04-04,14057.0,67.0
CES9093000001,2021-08-01,2025-05-02,14057.0,67.0
CES9093000001,2021-08-01,2025-06-06,14057.0,67.0
CES9093000001,2021-08-01,2025-07-03,14057.0,67.0
CES9093000001,2021-08-01,2025-08-01,14057.0,67.0
CES9093000001,2021-08-01,2025-09-05,14057.0,67.0
CES9093000001,2021-08-01,2025-11-20,14057.0,67.0
CES9093000001,2021-08-01,2025-12-16,14057.0,67.0
CES9093000001,2021-08-01,2026-01-09,14057.0,67.0
CES9093000001,2021-08-01,2026-02-11,14095.0,128.0
CES9093000001,2021-08-01,2026-03-06,14095.0,128.0
CES9093000001,2021-08-01,2026-04-03,14095.0,128.0
CES9093000001,2021-08-01,2026-05-08,14095.0,128.0
CES9093000001,2021-08-01,2026-06-05,14095.0,128.0
CES9093000001,2021-08-01,2026-07-02,14095.0,128.0
CES9093000001,2021-09-01,2021-10-08,14052.0,-101.0
CES9093000001,2021-09-01,2021-11-05,14058.0,-33.0
CES9093000001,2021-09-01,2021-12-03,14058.0,-33.0
CES9093000001,2021-09-01,2022-01-07,14058.0,-33.0
CES9093000001,2021-09-01,2022-02-04,14002.0,18.0
CES9093000001,2021-09-01,2022-03-04,14002.0,18.0
CES9093000001,2021-09-01,2022-04-01,14002.0,18.0
CES9093000001,2021-09-01,2022-05-06,14002.0,18.0
CES9093000001,2021-09-01,2022-06-03,14002.0,18.0
CES9093000001,2021-09-01,2022-07-08,14002.0,18.0
CES9093000001,2021-09-01,2022-08-05,14002.0,18.0
CES9093000001,2021-09-01,2022-09-02,14002.0,18.0
CES9093000001,2021-09-01,2022-10-07,14002.0,18.0
CES9093000001,2021-09-01,2022-11-04,14002.0,18.0
CES9093000001,2021-09-01,2022-12-02,14002.0,18.0
CES9093000001,2021-09-01,2023-01-06,14002.0,18.0
CES9093000001,2021-09-01,2023-02-03,14049.0,-12.0
CES9093000001,2021-09-01,2023-03-10,14049.0,-12.0
CES9093000001,2021-09-01,2023-04-07,14049.0,-12.0
CES9093000001,2021-09-01,2023-05-05,14049.0,-12.0
CES9093000001,2021-09-01,2023-06-02,14049.0,-12.0
CES9093000001,2021-09-01,2023-07-07,14049.0,-12.0
CES9093000001,2021-09-01,2023-08-04,14049.0,-12.0
CES9093000001,2021-09-01,2023-09-01,14049.0,-12.0
CES9093000001,2021-09-01,2023-10-06,14049.0,-12.0
CES9093000001,2021-09-01,2023-11-03,14049.0,-12.0
CES9093000001,2021-09-01,2023-12-08,14049.0,-12.0
CES9093000001,2021-09-01,2024-01-05,14049.0,-12.0
CES9093000001,2021-09-01,2024-02-02,14047.0,-6.0
CES9093000001,2021-09-01,2024-03-08,14047.0,-6.0
CES9093000001,2021-09-01,2024-04-05,14047.0,-6.0
CES9093000001,2021-09-01,2024-05-03,14047.0,-6.0
CES9093000001,2021-09-01,2024-06-07,14047.0,-6.0
CES9093000001,2021-09-01,2024-07-05,14047.0,-6.0
CES9093000001,2021-09-01,2024-08-02,14047.0,-6.0
CES9093000001,2021-09-01,2024-09-06,14047.0,-6.0
CES9093000001,2021-09-01,2024-10-04,14047.0,-6.0
CES9093000001,2021-09-01,2024-11-01,14047.0,-6.0
CES9093000001,2021-09-01,2024-12-06,14047.0,-6.0
CES9093000001,2021-09-01,2025-01-10,14047.0,-6.0
CES9093000001,2021-09-01,2025-02-07,14055.0,-2.0
CES9093000001,2021-09-01,2025-03-07,14055.0,-2.0
CES9093000001,2021-09-01,2025-04-04,14055.0,-2.0
CES9093000001,2021-09-01,2025-05-02,14055.0,-2.0
CES9093000001,2021-09-01,2025-06-06,14055.0,-2.0
CES9093000001,2021-09-01,2025-07-03,14055.0,-2.0
CES9093000001,2021-09-01,2025-08-01,14055.0,-2.0
CES9093000001,2021-09-01,2025-09-05,14055.0,-2.0
CES9093000001,2021-09-01,2025-11-20,14055.0,-2.0
CES9093000001,2021-09-01,2025-12-16,14055.0,-2.0
CES9093000001,2021-09-01,2026-01-09,14055.0,-2.0
CES9093000001,2021-09-01,2026-02-11,14078.0,-17.0
CES9093000001,2021-09-01,2026-03-06,14078.0,-17.0
CES9093000001,2021-09-01,2026-04-03,14078.0,-17.0
CES9093000001,2021-09-01,2026-05-08,14078.0,-17.0
CES9093000001,2021-09-01,2026-06-05,14078.0,-17.0
CES9093000001,2021-09-01,2026-07-02,14078.0,-17.0
CES9093000001,2021-10-01,2021-11-05,14013.0,-45.0
CES9093000001,2021-10-01,2021-12-03,14009.0,-49.0
CES9093000001,2021-10-01,2022-01-07,14021.0,-37.0
CES9093000001,2021-10-01,2022-02-04,13990.0,-12.0
CES9093000001,2021-10-01,2022-03-04,13990.0,-12.0
CES9093000001,2021-10-01,2022-04-01,13990.0,-12.0
CES9093000001,2021-10-01,2022-05-06,13990.0,-12.0
CES9093000001,2021-10-01,2022-06-03,13990.0,-12.0
CES9093000001,2021-10-01,2022-07-08,13990.0,-12.0
CES9093000001,2021-10-01,2022-08-05,13990.0,-12.0
CES9093000001,2021-10-01,2022-09-02,13990.0,-12.0
CES9093000001,2021-10-01,2022-10-07,13990.0,-12.0
CES9093000001,2021-10-01,2022-11-04,13990.0,-12.0
CES9093000001,2021-10-01,2022-12-02,13990.0,-12.0
CES9093000001,2021-10-01,2023-01-06,13990.0,-12.0
CES9093000001,2021-10-01,2023-02-03,14028.0,-21.0
CES9093000001,2021-10-01,2023-03-10,14028.0,-21.0
CES9093000001,2021-10-01,2023-04-07,14028.0,-21.0
CES9093000001,2021-10-01,2023-05-05,14028.0,-21.0
CES9093000001,2021-10-01,2023-06-02,14028.0,-21.0
CES9093000001,2021-10-01,2023-07-07,14028.0,-21.0
CES9093000001,2021-10-01,2023-08-04,14028.0,-21.0
CES9093000001,2021-10-01,2023-09-01,14028.0,-21.0
CES9093000001,2021-10-01,2023-10-06,14028.0,-21.0
CES9093000001,2021-10-01,2023-11-03,14028.0,-21.0
CES9093000001,2021-10-01,2023-12-08,14028.0,-21.0
CES9093000001,2021-10-01,2024-01-05,14028.0,-21.0
CES9093000001,2021-10-01,2024-02-02,14022.0,-25.0
CES9093000001,2021-10-01,2024-03-08,14022.0,-25.0
CES9093000001,2021-10-01,2024-04-05,14022.0,-25.0
CES9093000001,2021-10-01,2024-05-03,14022.0,-25.0
CES9093000001,2021-10-01,2024-06-07,14022.0,-25.0
CES9093000001,2021-10-01,2024-07-05,14022.0,-25.0
CES9093000001,2021-10-01,2024-08-02,14022.0,-25.0
CES9093000001,2021-10-01,2024-09-06,14022.0,-25.0
CES9093000001,2021-10-01,2024-10-04,14022.0,-25.0
CES9093000001,2021-10-01,2024-11-01,14022.0,-25.0
CES9093000001,2021-10-01,2024-12-06,14022.0,-25.0
CES9093000001,2021-10-01,2025-01-10,14022.0,-25.0
CES9093000001,2021-10-01,2025-02-07,14035.0,-20.0
CES9093000001,2021-10-01,2025-03-07,14035.0,-20.0
CES9093000001,2021-10-01,2025-04-04,14035.0,-20.0
CES9093000001,2021-10-01,2025-05-02,14035.0,-20.0
CES9093000001,2021-10-01,2025-06-06,14035.0,-20.0
CES9093000001,2021-10-01,2025-07-03,14035.0,-20.0
CES9093000001,2021-10-01,2025-08-01,14035.0,-20.0
CES9093000001,2021-10-01,2025-09-05,14035.0,-20.0
CES9093000001,2021-10-01,2025-11-20,14035.0,-20.0
CES9093000001,2021-10-01,2025-12-16,14035.0,-20.0
CES9093000001,2021-10-01,2026-01-09,14035.0,-20.0
CES9093000001,2021-10-01,2026-02-11,14017.0,-61.0
CES9093000001,2021-10-01,2026-03-06,14017.0,-61.0
CES9093000001,2021-10-01,2026-04-03,14017.0,-61.0
CES9093000001,2021-10-01,2026-05-08,14017.0,-61.0
CES9093000001,2021-10-01,2026-06-05,14017.0,-61.0
CES9093000001,2021-10-01,2026-07-02,14017.0,-61.0
CES9093000001,2021-11-01,2021-12-03,13991.0,-18.0
CES9093000001,2021-11-01,2022-01-07,14006.0,-15.0
CES9093000001,2021-11-01,2022-02-04,14010.0,20.0
CES9093000001,2021-11-01,2022-03-04,14010.0,20.0
CES9093000001,2021-11-01,2022-04-01,14010.0,20.0
CES9093000001,2021-11-01,2022-05-06,14010.0,20.0
CES9093000001,2021-11-01,2022-06-03,14010.0,20.0
CES9093000001,2021-11-01,2022-07-08,14010.0,20.0
CES9093000001,2021-11-01,2022-08-05,14010.0,20.0
CES9093000001,2021-11-01,2022-09-02,14010.0,20.0
CES9093000001,2021-11-01,2022-10-07,14010.0,20.0
CES9093000001,2021-11-01,2022-11-04,14010.0,20.0
CES9093000001,2021-11-01,2022-12-02,14010.0,20.0
CES9093000001,2021-11-01,2023-01-06,14010.0,20.0
CES9093000001,2021-11-01,2023-02-03,14036.0,8.0
CES9093000001,2021-11-01,2023-03-10,14036.0,8.0
CES9093000001,2021-11-01,2023-04-07,14036.0,8.0
CES9093000001,2021-11-01,2023-05-05,14036.0,8.0
CES9093000001,2021-11-01,2023-06-02,14036.0,8.0
CES9093000001,2021-11-01,2023-07-07,14036.0,8.0
CES9093000001,2021-11-01,2023-08-04,14036.0,8.0
CES9093000001,2021-11-01,2023-09-01,14036.0,8.0
CES9093000001,2021-11-01,2023-10-06,14036.0,8.0
CES9093000001,2021-11-01,2023-11-03,14036.0,8.0
CES9093000001,2021-11-01,2023-12-08,14036.0,8.0
CES9093000001,2021-11-01,2024-01-05,14036.0,8.0
CES9093000001,2021-11-01,2024-02-02,14028.0,6.0
CES9093000001,2021-11-01,2024-03-08,14028.0,6.0
CES9093000001,2021-11-01,2024-04-05,14028.0,6.0
CES9093000001,2021-11-01,2024-05-03,14028.0,6.0
CES9093000001,2021-11-01,2024-06-07,14028.0,6.0
CES9093000001,2021-11-01,2024-07-05,14028.0,6.0
CES9093000001,2021-11-01,2024-08-02,14028.0,6.0
CES9093000001,2021-11-01,2024-09-06,14028.0,6.0
CES9093000001,2021-11-01,2024-10-04,14028.0,6.0
CES9093000001,2021-11-01,2024-11-01,14028.0,6.0
CES9093000001,2021-11-01,2024-12-06,14028.0,6.0
CES9093000001,2021-11-01,2025-01-10,14028.0,6.0
CES9093000001,2021-11-01,2025-02-07,14035.0,0.0
CES9093000001,2021-11-01,2025-03-07,14035.0,0.0
CES9093000001,2021-11-01,2025-04-04,14035.0,0.0
CES9093000001,2021-11-01,2025-05-02,14035.0,0.0
CES9093000001,2021-11-01,2025-06-06,14035.0,0.0
CES9093000001,2021-11-01,2025-07-03,14035.0,0.0
CES9093000001,2021-11-01,2025-08-01,14035.0,0.0
CES9093000001,2021-11-01,2025-09-05,14035.0,0.0
CES9093000001,2021-11-01,2025-11-20,14035.0,0.0
CES9093000001,2021-11-01,2025-12-16,14035.0,0.0
CES9093000001,2021-11-01,2026-01-09,14035.0,0.0
CES9093000001,2021-11-01,2026-02-11,14033.0,16.0
CES9093000001,2021-11-01,2026-03-06,14033.0,16.0
CES9093000001,2021-11-01,2026-04-03,14033.0,16.0
CES9093000001,2021-11-01,2026-05-08,14033.0,16.0
CES9093000001,2021-11-01,2026-06-05,14033.0,16.0
CES9093000001,2021-11-01,2026-07-02,14033.0,16.0
CES9093000001,2021-12-01,2022-01-07,13996.0,-10.0
CES9093000001,2021-12-01,2022-02-04,14028.0,18.0
CES9093000001,2021-12-01,2022-03-04,14028.0,18.0
CES9093000001,2021-12-01,2022-04-01,14028.0,18.0
CES9093000001,2021-12-01,2022-05-06,14028.0,18.0
CES9093000001,2021-12-01,2022-06-03,14028.0,18.0
CES9093000001,2021-12-01,2022-07-08,14028.0,18.0
CES9093000001,2021-12-01,2022-08-05,14028.0,18.0
CES9093000001,2021-12-01,2022-09-02,14028.0,18.0
CES9093000001,2021-12-01,2022-10-07,14028.0,18.0
CES9093000001,2021-12-01,2022-11-04,14028.0,18.0
CES9093000001,2021-12-01,2022-12-02,14028.0,18.0
CES9093000001,2021-12-01,2023-01-06,14028.0,18.0
CES9093000001,2021-12-01,2023-02-03,14070.0,34.0
CES9093000001,2021-12-01,2023-03-10,14070.0,34.0
CES9093000001,2021-12-01,2023-04-07,14070.0,34.0
CES9093000001,2021-12-01,2023-05-05,14070.0,34.0
CES9093000001,2021-12-01,2023-06-02,14070.0,34.0
CES9093000001,2021-12-01,2023-07-07,14070.0,34.0
CES9093000001,2021-12-01,2023-08-04,14070.0,34.0
CES9093000001,2021-12-01,2023-09-01,14070.0,34.0
CES9093000001,2021-12-01,2023-10-06,14070.0,34.0
CES9093000001,2021-12-01,2023-11-03,14070.0,34.0
CES9093000001,2021-12-01,2023-12-08,14070.0,34.0
CES9093000001,2021-12-01,2024-01-05,14070.0,34.0
CES9093000001,2021-12-01,2024-02-02,14063.0,35.0
CES9093000001,2021-12-01,2024-03-08,14063.0,35.0
CES9093000001,2021-12-01,2024-04-05,14063.0,35.0
CES9093000001,2021-12-01,2024-05-03,14063.0,35.0
CES9093000001,2021-12-01,2024-06-07,14063.0,35.0
CES9093000001,2021-12-01,2024-07-05,14063.0,35.0
CES9093000001,2021-12-01,2024-08-02,14063.0,35.0
CES9093000001,2021-12-01,2024-09-06,14063.0,35.0
CES9093000001,2021-12-01,2024-10-04,14063.0,35.0
CES9093000001,2021-12-01,2024-11-01,14063.0,35.0
CES9093000001,2021-12-01,2024-12-06,14063.0,35.0
CES9093000001,2021-12-01,2025-01-10,14063.0,35.0
CES9093000001,2021-12-01,2025-02-07,14071.0,36.0
CES9093000001,2021-12-01,2025-03-07,14071.0,36.0
CES9093000001,2021-12-01,2025-04-04,14071.0,36.0
CES9093000001,2021-12-01,2025-05-02,14071.0,36.0
CES9093000001,2021-12-01,2025-06-06,14071.0,36.0
CES9093000001,2021-12-01,2025-07-03,14071.0,36.0
CES9093000001,2021-12-01,2025-08-01,14071.0,36.0
CES9093000001,2021-12-01,2025-09-05,14071.0,36.0
CES9093000001,2021-12-01,2025-11-20,14071.0,36.0
CES9093000001,2021-12-01,2025-12-16,14071.0,36.0
CES9093000001,2021-12-01,2026-01-09,14071.0,36.0
CES9093000001,2021-12-01,2026-02-11,14059.0,26.0
CES9093000001,2021-12-01,2026-03-06,14059.0,26.0
CES9093000001,2021-12-01,2026-04-03,14059.0,26.0
CES9093000001,2021-12-01,2026-05-08,14059.0,26.0
CES9093000001,2021-12-01,2026-06-05,14059.0,26.0
CES9093000001,2021-12-01,2026-07-02,14059.0,26.0
CES9093000001,2022-01-01,2022-02-04,14061.0,33.0
CES9093000001,2022-01-01,2022-03-04,14060.0,32.0
CES9093000001,2022-01-01,2022-04-01,14055.0,27.0
CES9093000001,2022-01-01,2022-05-06,14055.0,27.0
CES9093000001,2022-01-01,2022-06-03,14055.0,27.0
CES9093000001,2022-01-01,2022-07-08,14055.0,27.0
CES9093000001,2022-01-01,2022-08-05,14055.0,27.0
CES9093000001,2022-01-01,2022-09-02,14055.0,27.0
CES9093000001,2022-01-01,2022-10-07,14055.0,27.0
CES9093000001,2022-01-01,2022-11-04,14055.0,27.0
CES9093000001,2022-01-01,2022-12-02,14055.0,27.0
CES9093000001,2022-01-01,2023-01-06,14055.0,27.0
CES9093000001,2022-01-01,2023-02-03,14100.0,30.0
CES9093000001,2022-01-01,2023-03-10,14100.0,30.0
CES9093000001,2022-01-01,2023-04-07,14100.0,30.0
CES9093000001,2022-01-01,2023-05-05,14100.0,30.0
CES9093000001,2022-01-01,2023-06-02,14100.0,30.0
CES9093000001,2022-01-01,2023-07-07,14100.0,30.0
CES9093000001,2022-01-01,2023-08-04,14100.0,30.0
CES9093000001,2022-01-01,2023-09-01,14100.0,30.0
CES9093000001,2022-01-01,2023-10-06,14100.0,30.0
CES9093000001,2022-01-01,2023-11-03,14100.0,30.0
CES9093000001,2022-01-01,2023-12-08,14100.0,30.0
CES9093000001,2022-01-01,2024-01-05,14100.0,30.0
CES9093000001,2022-01-01,2024-02-02,14084.0,21.0
CES9093000001,2022-01-01,2024-03-08,14084.0,21.0
CES9093000001,2022-01-01,2024-04-05,14084.0,21.0
CES9093000001,2022-01-01,2024-05-03,14084.0,21.0
CES9093000001,2022-01-01,2024-06-07,14084.0,21.0
CES9093000001,2022-01-01,2024-07-05,14084.0,21.0
CES9093000001,2022-01-01,2024-08-02,14084.0,21.0
CES9093000001,2022-01-01,2024-09-06,14084.0,21.0
CES9093000001,2022-01-01,2024-10-04,14084.0,21.0
CES9093000001,2022-01-01,2024-11-01,14084.0,21.0
CES9093000001,2022-01-01,2024-12-06,14084.0,21.0
CES9093000001,2022-01-01,2025-01-10,14084.0,21.0
CES9093000001,2022-01-01,2025-02-07,14091.0,20.0
CES9093000001,2022-01-01,2025-03-07,14091.0,20.0
CES9093000001,2022-01-01,2025-04-04,14091.0,20.0
CES9093000001,2022-01-01,2025-05-02,14091.0,20.0
CES9093000001,2022-01-01,2025-06-06,14091.0,20.0
CES9093000001,2022-01-01,2025-07-03,14091.0,20.0
CES9093000001,2022-01-01,2025-08-01,14091.0,20.0
CES9093000001,2022-01-01,2025-09-05,14091.0,20.0
CES9093000001,2022-01-01,2025-11-20,14091.0,20.0
CES9093000001,2022-01-01,2025-12-16,14091.0,20.0
CES9093000001,2022-01-01,2026-01-09,14091.0,20.0
CES9093000001,2022-01-01,2026-02-11,14081.0,22.0
CES9093000001,2022-01-01,2026-03-06,14081.0,22.0
CES9093000001,2022-01-01,2026-04-03,14081.0,22.0
CES9093000001,2022-01-01,2026-05-08,14081.0,22.0
CES9093000001,2022-01-01,2026-06-05,14081.0,22.0
CES9093000001,2022-01-01,2026-07-02,14081.0,22.0
CES9093000001,2022-02-01,2022-03-04,14081.0,21.0
CES9093000001,2022-02-01,2022-04-01,14076.0,21.0
CES9093000001,2022-02-01,2022-05-06,14073.0,18.0
CES9093000001,2022-02-01,2022-06-03,14073.0,18.0
CES9093000001,2022-02-01,2022-07-08,14073.0,18.0
CES9093000001,2022-02-01,2022-08-05,14073.0,18.0
CES9093000001,2022-02-01,2022-09-02,14073.0,18.0
CES9093000001,2022-02-01,2022-10-07,14073.0,18.0
CES9093000001,2022-02-01,2022-11-04,14073.0,18.0
CES9093000001,2022-02-01,2022-12-02,14073.0,18.0
CES9093000001,2022-02-01,2023-01-06,14073.0,18.0
CES9093000001,2022-02-01,2023-02-03,14120.0,20.0
CES9093000001,2022-02-01,2023-03-10,14120.0,20.0
CES9093000001,2022-02-01,2023-04-07,14120.0,20.0
CES9093000001,2022-02-01,2023-05-05,14120.0,20.0
CES9093000001,2022-02-01,2023-06-02,14120.0,20.0
CES9093000001,2022-02-01,2023-07-07,14120.0,20.0
CES9093000001,2022-02-01,2023-08-04,14120.0,20.0
CES9093000001,2022-02-01,2023-09-01,14120.0,20.0
CES9093000001,2022-02-01,2023-10-06,14120.0,20.0
CES9093000001,2022-02-01,2023-11-03,14120.0,20.0
CES9093000001,2022-02-01,2023-12-08,14120.0,20.0
CES9093000001,2022-02-01,2024-01-05,14120.0,20.0
CES9093000001,2022-02-01,2024-02-02,14099.0,15.0
CES9093000001,2022-02-01,2024-03-08,14099.0,15.0
CES9093000001,2022-02-01,2024-04-05,14099.0,15.0
CES9093000001,2022-02-01,2024-05-03,14099.0,15.0
CES9093000001,2022-02-01,2024-06-07,14099.0,15.0
CES9093000001,2022-02-01,2024-07-05,14099.0,15.0
CES9093000001,2022-02-01,2024-08-02,14099.0,15.0
CES9093000001,2022-02-01,2024-09-06,14099.0,15.0
CES9093000001,2022-02-01,2024-10-04,14099.0,15.0
CES9093000001,2022-02-01,2024-11-01,14099.0,15.0
CES9093000001,2022-02-01,2024-12-06,14099.0,15.0
CES9093000001,2022-02-01,2025-01-10,14099.0,15.0
CES9093000001,2022-02-01,2025-02-07,14097.0,6.0
CES9093000001,2022-02-01,2025-03-07,14097.0,6.0
CES9093000001,2022-02-01,2025-04-04,14097.0,6.0
CES9093000001,2022-02-01,2025-05-02,14097.0,6.0
CES9093000001,2022-02-01,2025-06-06,14097.0,6.0
CES9093000001,2022-02-01,2025-07-03,14097.0,6.0
CES9093000001,2022-02-01,2025-08-01,14097.0,6.0
CES9093000001,2022-02-01,2025-09-05,14097.0,6.0
CES9093000001,2022-02-01,2025-11-20,14097.0,6.0
CES9093000001,2022-02-01,2025-12-16,14097.0,6.0
CES9093000001,2022-02-01,2026-01-09,14097.0,6.0
CES9093000001,2022-02-01,2026-02-11,14089.0,8.0
CES9093000001,2022-02-01,2026-03-06,14089.0,8.0
CES9093000001,2022-02-01,2026-04-03,14089.0,8.0
CES9093000001,2022-02-01,2026-05-08,14089.0,8.0
CES9093000001,2022-02-01,2026-06-05,14089.0,8.0
CES9093000001,2022-02-01,2026-07-02,14089.0,8.0
CES9093000001,2022-03-01,2022-04-01,14096.0,20.0
CES9093000001,2022-03-01,2022-05-06,14091.0,18.0
CES9093000001,2022-03-01,2022-06-03,14087.0,14.0
CES9093000001,2022-03-01,2022-07-08,14087.0,14.0
CES9093000001,2022-03-01,2022-08-05,14087.0,14.0
CES9093000001,2022-03-01,2022-09-02,14087.0,14.0
CES9093000001,2022-03-01,2022-10-07,14087.0,14.0
CES9093000001,2022-03-01,2022-11-04,14087.0,14.0
CES9093000001,2022-03-01,2022-12-02,14087.0,14.0
CES9093000001,2022-03-01,2023-01-06,14087.0,14.0
CES9093000001,2022-03-01,2023-02-03,14137.0,17.0
CES9093000001,2022-03-01,2023-03-10,14137.0,17.0
CES9093000001,2022-03-01,2023-04-07,14137.0,17.0
CES9093000001,2022-03-01,2023-05-05,14137.0,17.0
CES9093000001,2022-03-01,2023-06-02,14137.0,17.0
CES9093000001,2022-03-01,2023-07-07,14137.0,17.0
CES9093000001,2022-03-01,2023-08-04,14137.0,17.0
CES9093000001,2022-03-01,2023-09-01,14137.0,17.0
CES9093000001,2022-03-01,2023-10-06,14137.0,17.0
CES9093000001,2022-03-01,2023-11-03,14137.0,17.0
CES9093000001,2022-03-01,2023-12-08,14137.0,17.0
CES9093000001,2022-03-01,2024-01-05,14137.0,17.0
CES9093000001,2022-03-01,2024-02-02,14118.0,19.0
CES9093000001,2022-03-01,2024-03-08,14118.0,19.0
CES9093000001,2022-03-01,2024-04-05,14118.0,19.0
CES9093000001,2022-03-01,2024-05-03,14118.0,19.0
CES9093000001,2022-03-01,2024-06-07,14118.0,19.0
CES9093000001,2022-03-01,2024-07-05,14118.0,19.0
CES9093000001,2022-03-01,2024-08-02,14118.0,19.0
CES9093000001,2022-03-01,2024-09-06,14118.0,19.0
CES9093000001,2022-03-01,2024-10-04,14118.0,19.0
CES9093000001,2022-03-01,2024-11-01,14118.0,19.0
CES9093000001,2022-03-01,2024-12-06,14118.0,19.0
CES9093000001,2022-03-01,2025-01-10,14118.0,19.0
CES9093000001,2022-03-01,2025-02-07,14116.0,19.0
CES9093000001,2022-03-01,2025-03-07,14116.0,19.0
CES9093000001,2022-03-01,2025-04-04,14116.0,19.0
CES9093000001,2022-03-01,2025-05-02,14116.0,19.0
CES9093000001,2022-03-01,2025-06-06,14116.0,19.0
CES9093000001,2022-03-01,2025-07-03,14116.0,19.0
CES9093000001,2022-03-01,2025-08-01,14116.0,19.0
CES9093000001,2022-03-01,2025-09-05,14116.0,19.0
CES9093000001,2022-03-01,2025-11-20,14116.0,19.0
CES9093000001,2022-03-01,2025-12-16,14116.0,19.0
CES9093000001,2022-03-01,2026-01-09,14116.0,19.0
CES9093000001,2022-03-01,2026-02-11,14114.0,25.0
CES9093000001,2022-03-01,2026-03-06,14114.0,25.0
CES9093000001,2022-03-01,2026-04-03,14114.0,25.0
CES9093000001,2022-03-01,2026-05-08,14114.0,25.0
CES9093000001,2022-03-01,2026-06-05,14114.0,25.0
CES9093000001,2022-03-01,2026-07-02,14114.0,25.0
CES9093000001,2022-04-01,2022-05-06,14112.0,21.0
CES9093000001,2022-04-01,2022-06-03,14108.0,21.0
CES9093000001,2022-04-01,2022-07-08,14091.0,4.0
CES9093000001,2022-04-01,2022-08-05,14091.0,4.0
CES9093000001,2022-04-01,2022-09-02,14091.0,4.0
CES9093000001,2022-04-01,2022-10-07,14091.0,4.0
CES9093000001,2022-04-01,2022-11-04,14091.0,4.0
CES9093000001,2022-04-01,2022-12-02,14091.0,4.0
CES9093000001,2022-04-01,2023-01-06,14091.0,4.0
CES9093000001,2022-04-01,2023-02-03,14153.0,16.0
CES9093000001,2022-04-01,2023-03-10,14153.0,16.0
CES9093000001,2022-04-01,2023-04-07,14153.0,16.0
CES9093000001,2022-04-01,2023-05-05,14153.0,16.0
CES9093000001,2022-04-01,2023-06-02,14153.0,16.0
CES9093000001,2022-04-01,2023-07-07,14153.0,16.0
CES9093000001,2022-04-01,2023-08-04,14153.0,16.0
CES9093000001,2022-04-01,2023-09-01,14153.0,16.0
CES9093000001,2022-04-01,2023-10-06,14153.0,16.0
CES9093000001,2022-04-01,2023-11-03,14153.0,16.0
CES9093000001,2022-04-01,2023-12-08,14153.0,16.0
CES9093000001,2022-04-01,2024-01-05,14153.0,16.0
CES9093000001,2022-04-01,2024-02-02,14140.0,22.0
CES9093000001,2022-04-01,2024-03-08,14140.0,22.0
CES9093000001,2022-04-01,2024-04-05,14140.0,22.0
CES9093000001,2022-04-01,2024-05-03,14140.0,22.0
CES9093000001,2022-04-01,2024-06-07,14140.0,22.0
CES9093000001,2022-04-01,2024-07-05,14140.0,22.0
CES9093000001,2022-04-01,2024-08-02,14140.0,22.0
CES9093000001,2022-04-01,2024-09-06,14140.0,22.0
CES9093000001,2022-04-01,2024-10-04,14140.0,22.0
CES9093000001,2022-04-01,2024-11-01,14140.0,22.0
CES9093000001,2022-04-01,2024-12-06,14140.0,22.0
CES9093000001,2022-04-01,2025-01-10,14140.0,22.0
CES9093000001,2022-04-01,2025-02-07,14137.0,21.0
CES9093000001,2022-04-01,2025-03-07,14137.0,21.0
CES9093000001,2022-04-01,2025-04-04,14137.0,21.0
CES9093000001,2022-04-01,2025-05-02,14137.0,21.0
CES9093000001,2022-04-01,2025-06-06,14137.0,21.0
CES9093000001,2022-04-01,2025-07-03,14137.0,21.0
CES9093000001,2022-04-01,2025-08-01,14137.0,21.0
CES9093000001,2022-04-01,2025-09-05,14137.0,21.0
CES9093000001,2022-04-01,2025-11-20,14137.0,21.0
CES9093000001,2022-04-01,2025-12-16,14137.0,21.0
CES9093000001,2022-04-01,2026-01-09,14137.0,21.0
CES9093000001,2022-04-01,2026-02-11,14135.0,21.0
CES9093000001,2022-04-01,2026-03-06,14135.0,21.0
CES9093000001,2022-04-01,2026-04-03,14135.0,21.0
CES9093000001,2022-04-01,2026-05-08,14135.0,21.0
CES9093000001,2022-04-01,2026-06-05,14135.0,21.0
CES9093000001,2022-04-01,2026-07-02,14135.0,21.0
CES9093000001,2022-05-01,2022-06-03,14124.0,16.0
CES9093000001,2022-05-01,2022-07-08,14104.0,13.0
CES9093000001,2022-05-01,2022-08-05,14105.0,14.0
CES9093000001,2022-05-01,2022-09-02,14105.0,14.0
CES9093000001,2022-05-01,2022-10-07,14105.0,14.0
CES9093000001,2022-05-01,2022-11-04,14105.0,14.0
CES9093000001,2022-05-01,2022-12-02,14105.0,14.0
CES9093000001,2022-05-01,2023-01-06,14105.0,14.0
CES9093000001,2022-05-01,2023-02-03,14162.0,9.0
CES9093000001,2022-05-01,2023-03-10,14162.0,9.0
CES9093000001,2022-05-01,2023-04-07,14162.0,9.0
CES9093000001,2022-05-01,2023-05-05,14162.0,9.0
CES9093000001,2022-05-01,2023-06-02,14162.0,9.0
CES9093000001,2022-05-01,2023-07-07,14162.0,9.0
CES9093000001,2022-05-01,2023-08-04,14162.0,9.0
CES9093000001,2022-05-01,2023-09-01,14162.0,9.0
CES9093000001,2022-05-01,2023-10-06,14162.0,9.0
CES9093000001,2022-05-01,2023-11-03,14162.0,9.0
CES9093000001,2022-05-01,2023-12-08,14162.0,9.0
CES9093000001,2022-05-01,2024-01-05,14162.0,9.0
CES9093000001,2022-05-01,2024-02-02,14153.0,13.0
CES9093000001,2022-05-01,2024-03-08,14153.0,13.0
CES9093000001,2022-05-01,2024-04-05,14153.0,13.0
CES9093000001,2022-05-01,2024-05-03,14153.0,13.0
CES9093000001,2022-05-01,2024-06-07,14153.0,13.0
CES9093000001,2022-05-01,2024-07-05,14153.0,13.0
CES9093000001,2022-05-01,2024-08-02,14153.0,13.0
CES9093000001,2022-05-01,2024-09-06,14153.0,13.0
CES9093000001,2022-05-01,2024-10-04,14153.0,13.0
CES9093000001,2022-05-01,2024-11-01,14153.0,13.0
CES9093000001,2022-05-01,2024-12-06,14153.0,13.0
CES9093000001,2022-05-01,2025-01-10,14153.0,13.0
CES9093000001,2022-05-01,2025-02-07,14145.0,8.0
CES9093000001,2022-05-01,2025-03-07,14145.0,8.0
CES9093000001,2022-05-01,2025-04-04,14145.0,8.0
CES9093000001,2022-05-01,2025-05-02,14145.0,8.0
CES9093000001,2022-05-01,2025-06-06,14145.0,8.0
CES9093000001,2022-05-01,2025-07-03,14145.0,8.0
CES9093000001,2022-05-01,2025-08-01,14145.0,8.0
CES9093000001,2022-05-01,2025-09-05,14145.0,8.0
CES9093000001,2022-05-01,2025-11-20,14145.0,8.0
CES9093000001,2022-05-01,2025-12-16,14145.0,8.0
CES9093000001,2022-05-01,2026-01-09,14145.0,8.0
CES9093000001,2022-05-01,2026-02-11,14163.0,28.0
CES9093000001,2022-05-01,2026-03-06,14163.0,28.0
CES9093000001,2022-05-01,2026-04-03,14163.0,28.0
CES9093000001,2022-05-01,2026-05-08,14163.0,28.0
CES9093000001,2022-05-01,2026-06-05,14163.0,28.0
CES9093000001,2022-05-01,2026-07-02,14163.0,28.0
CES9093000001,2022-06-01,2022-07-08,14109.0,5.0
CES9093000001,2022-06-01,2022-08-05,14116.0,11.0
CES9093000001,2022-06-01,2022-09-02,14084.0,-21.0
CES9093000001,2022-06-01,2022-10-07,14084.0,-21.0
CES9093000001,2022-06-01,2022-11-04,14084.0,-21.0
CES9093000001,2022-06-01,2022-12-02,14084.0,-21.0
CES9093000001,2022-06-01,2023-01-06,14084.0,-21.0
CES9093000001,2022-06-01,2023-02-03,14169.0,7.0
CES9093000001,2022-06-01,2023-03-10,14169.0,7.0
CES9093000001,2022-06-01,2023-04-07,14169.0,7.0
CES9093000001,2022-06-01,2023-05-05,14169.0,7.0
CES9093000001,2022-06-01,2023-06-02,14169.0,7.0
CES9093000001,2022-06-01,2023-07-07,14169.0,7.0
CES9093000001,2022-06-01,2023-08-04,14169.0,7.0
CES9093000001,2022-06-01,2023-09-01,14169.0,7.0
CES9093000001,2022-06-01,2023-10-06,14169.0,7.0
CES9093000001,2022-06-01,2023-11-03,14169.0,7.0
CES9093000001,2022-06-01,2023-12-08,14169.0,7.0
CES9093000001,2022-06-01,2024-01-05,14169.0,7.0
CES9093000001,2022-06-01,2024-02-02,14161.0,8.0
CES9093000001,2022-06-01,2024-03-08,14161.0,8.0
CES9093000001,2022-06-01,2024-04-05,14161.0,8.0
CES9093000001,2022-06-01,2024-05-03,14161.0,8.0
CES9093000001,2022-06-01,2024-06-07,14161.0,8.0
CES9093000001,2022-06-01,2024-07-05,14161.0,8.0
CES9093000001,2022-06-01,2024-08-02,14161.0,8.0
CES9093000001,2022-06-01,2024-09-06,14161.0,8.0
CES9093000001,2022-06-01,2024-10-04,14161.0,8.0
CES9093000001,2022-06-01,2024-11-01,14161.0,8.0
CES9093000001,2022-06-01,2024-12-06,14161.0,8.0
CES9093000001,2022-06-01,2025-01-10,14161.0,8.0
CES9093000001,2022-06-01,2025-02-07,14168.0,23.0
CES9093000001,2022-06-01,2025-03-07,14168.0,23.0
CES9093000001,2022-06-01,2025-04-04,14168.0,23.0
CES9093000001,2022-06-01,2025-05-02,14168.0,23.0
CES9093000001,2022-06-01,2025-06-06,14168.0,23.0
CES9093000001,2022-06-01,2025-07-03,14168.0,23.0
CES9093000001,2022-06-01,2025-08-01,14168.0,23.0
CES9093000001,2022-06-01,2025-09-05,14168.0,23.0
CES9093000001,2022-06-01,2025-11-20,14168.0,23.0
CES9093000001,2022-06-01,2025-12-16,14168.0,23.0
CES9093000001,2022-06-01,2026-01-09,14168.0,23.0
CES9093000001,2022-06-01,2026-02-11,14182.0,19.0
CES9093000001,2022-06-01,2026-03-06,14182.0,19.0
CES9093000001,2022-06-01,2026-04-03,14182.0,19.0
CES9093000001,2022-06-01,2026-05-08,14182.0,19.0
CES9093000001,2022-06-01,2026-06-05,14182.0,19.0
CES9093000001,2022-06-01,2026-07-02,14182.0,19.0
CES9093000001,2022-07-01,2022-08-05,14153.0,37.0
CES9093000001,2022-07-01,2022-09-02,14114.0,30.0
CES9093000001,2022-07-01,2022-10-07,14157.0,73.0
CES9093000001,2022-07-01,2022-11-04,14157.0,73.0
CES9093000001,2022-07-01,2022-12-02,14157.0,73.0
CES9093000001,2022-07-01,2023-01-06,14157.0,73.0
CES9093000001,2022-07-01,2023-02-03,14215.0,46.0
CES9093000001,2022-07-01,2023-03-10,14215.0,46.0
CES9093000001,2022-07-01,2023-04-07,14215.0,46.0
CES9093000001,2022-07-01,2023-05-05,14215.0,46.0
CES9093000001,2022-07-01,2023-06-02,14215.0,46.0
CES9093000001,2022-07-01,2023-07-07,14215.0,46.0
CES9093000001,2022-07-01,2023-08-04,14215.0,46.0
CES9093000001,2022-07-01,2023-09-01,14215.0,46.0
CES9093000001,2022-07-01,2023-10-06,14215.0,46.0
CES9093000001,2022-07-01,2023-11-03,14215.0,46.0
CES9093000001,2022-07-01,2023-12-08,14215.0,46.0
CES9093000001,2022-07-01,2024-01-05,14215.0,46.0
CES9093000001,2022-07-01,2024-02-02,14272.0,111.0
CES9093000001,2022-07-01,2024-03-08,14272.0,111.0
CES9093000001,2022-07-01,2024-04-05,14272.0,111.0
CES9093000001,2022-07-01,2024-05-03,14272.0,111.0
CES9093000001,2022-07-01,2024-06-07,14272.0,111.0
CES9093000001,2022-07-01,2024-07-05,14272.0,111.0
CES9093000001,2022-07-01,2024-08-02,14272.0,111.0
CES9093000001,2022-07-01,2024-09-06,14272.0,111.0
CES9093000001,2022-07-01,2024-10-04,14272.0,111.0
CES9093000001,2022-07-01,2024-11-01,14272.0,111.0
CES9093000001,2022-07-01,2024-12-06,14272.0,111.0
CES9093000001,2022-07-01,2025-01-10,14272.0,111.0
CES9093000001,2022-07-01,2025-02-07,14280.0,112.0
CES9093000001,2022-07-01,2025-03-07,14280.0,112.0
CES9093000001,2022-07-01,2025-04-04,14280.0,112.0
CES9093000001,2022-07-01,2025-05-02,14280.0,112.0
CES9093000001,2022-07-01,2025-06-06,14280.0,112.0
CES9093000001,2022-07-01,2025-07-03,14280.0,112.0
CES9093000001,2022-07-01,2025-08-01,14280.0,112.0
CES9093000001,2022-07-01,2025-09-05,14280.0,112.0
CES9093000001,2022-07-01,2025-11-20,14280.0,112.0
CES9093000001,2022-07-01,2025-12-16,14280.0,112.0
CES9093000001,2022-07-01,2026-01-09,14280.0,112.0
CES9093000001,2022-07-01,2026-02-11,14307.0,125.0
CES9093000001,2022-07-01,2026-03-06,14307.0,125.0
CES9093000001,2022-07-01,2026-04-03,14307.0,125.0
CES9093000001,2022-07-01,2026-05-08,14307.0,125.0
CES9093000001,2022-07-01,2026-06-05,14307.0,125.0
CES9093000001,2022-07-01,2026-07-02,14307.0,125.0
CES9093000001,2022-08-01,2022-09-02,14120.0,6.0
CES9093000001,2022-08-01,2022-10-07,14198.0,41.0
CES9093000001,2022-08-01,2022-11-04,14201.0,44.0
CES9093000001,2022-08-01,2022-12-02,14201.0,44.0
CES9093000001,2022-08-01,2023-01-06,14201.0,44.0
CES9093000001,2022-08-01,2023-02-03,14257.0,42.0
CES9093000001,2022-08-01,2023-03-10,14257.0,42.0
CES9093000001,2022-08-01,2023-04-07,14257.0,42.0
CES9093000001,2022-08-01,2023-05-05,14257.0,42.0
CES9093000001,2022-08-01,2023-06-02,14257.0,42.0
CES9093000001,2022-08-01,2023-07-07,14257.0,42.0
CES9093000001,2022-08-01,2023-08-04,14257.0,42.0
CES9093000001,2022-08-01,2023-09-01,14257.0,42.0
CES9093000001,2022-08-01,2023-10-06,14257.0,42.0
CES9093000001,2022-08-01,2023-11-03,14257.0,42.0
CES9093000001,2022-08-01,2023-12-08,14257.0,42.0
CES9093000001,2022-08-01,2024-01-05,14257.0,42.0
CES9093000001,2022-08-01,2024-02-02,14266.0,-6.0
CES9093000001,2022-08-01,2024-03-08,14266.0,-6.0
CES9093000001,2022-08-01,2024-04-05,14266.0,-6.0
CES9093000001,2022-08-01,2024-05-03,14266.0,-6.0
CES9093000001,2022-08-01,2024-06-07,14266.0,-6.0
CES9093000001,2022-08-01,2024-07-05,14266.0,-6.0
CES9093000001,2022-08-01,2024-08-02,14266.0,-6.0
CES9093000001,2022-08-01,2024-09-06,14266.0,-6.0
CES9093000001,2022-08-01,2024-10-04,14266.0,-6.0
CES9093000001,2022-08-01,2024-11-01,14266.0,-6.0
CES9093000001,2022-08-01,2024-12-06,14266.0,-6.0
CES9093000001,2022-08-01,2025-01-10,14266.0,-6.0
CES9093000001,2022-08-01,2025-02-07,14264.0,-16.0
CES9093000001,2022-08-01,2025-03-07,14264.0,-16.0
CES9093000001,2022-08-01,2025-04-04,14264.0,-16.0
CES9093000001,2022-08-01,2025-05-02,14264.0,-16.0
CES9093000001,2022-08-01,2025-06-06,14264.0,-16.0
CES9093000001,2022-08-01,2025-07-03,14264.0,-16.0
CES9093000001,2022-08-01,2025-08-01,14264.0,-16.0
CES9093000001,2022-08-01,2025-09-05,14264.0,-16.0
CES9093000001,2022-08-01,2025-11-20,14264.0,-16.0
CES9093000001,2022-08-01,2025-12-16,14264.0,-16.0
CES9093000001,2022-08-01,2026-01-09,14264.0,-16.0
CES9093000001,2022-08-01,2026-02-11,14301.0,-6.0
CES9093000001,2022-08-01,2026-03-06,14301.0,-6.0
CES9093000001,2022-08-01,2026-04-03,14301.0,-6.0
CES9093000001,2022-08-01,2026-05-08,14301.0,-6.0
CES9093000001,2022-08-01,2026-06-05,14301.0,-6.0
CES9093000001,2022-08-01,2026-07-02,14301.0,-6.0
CES9093000001,2022-09-01,2022-10-07,14187.0,-11.0
CES9093000001,2022-09-01,2022-11-04,14194.0,-7.0
CES9093000001,2022-09-01,2022-12-02,14200.0,-1.0
CES9093000001,2022-09-01,2023-01-06,14200.0,-1.0
CES9093000001,2022-09-01,2023-02-03,14255.0,-2.0
CES9093000001,2022-09-01,2023-03-10,14255.0,-2.0
CES9093000001,2022-09-01,2023-04-07,14255.0,-2.0
CES9093000001,2022-09-01,2023-05-05,14255.0,-2.0
CES9093000001,2022-09-01,2023-06-02,14255.0,-2.0
CES9093000001,2022-09-01,2023-07-07,14255.0,-2.0
CES9093000001,2022-09-01,2023-08-04,14255.0,-2.0
CES9093000001,2022-09-01,2023-09-01,14255.0,-2.0
CES9093000001,2022-09-01,2023-10-06,14255.0,-2.0
CES9093000001,2022-09-01,2023-11-03,14255.0,-2.0
CES9093000001,2022-09-01,2023-12-08,14255.0,-2.0
CES9093000001,2022-09-01,2024-01-05,14255.0,-2.0
CES9093000001,2022-09-01,2024-02-02,14260.0,-6.0
CES9093000001,2022-09-01,2024-03-08,14260.0,-6.0
CES9093000001,2022-09-01,2024-04-05,14260.0,-6.0
CES9093000001,2022-09-01,2024-05-03,14260.0,-6.0
CES9093000001,2022-09-01,2024-06-07,14260.0,-6.0
CES9093000001,2022-09-01,2024-07-05,14260.0,-6.0
CES9093000001,2022-09-01,2024-08-02,14260.0,-6.0
CES9093000001,2022-09-01,2024-09-06,14260.0,-6.0
CES9093000001,2022-09-01,2024-10-04,14260.0,-6.0
CES9093000001,2022-09-01,2024-11-01,14260.0,-6.0
CES9093000001,2022-09-01,2024-12-06,14260.0,-6.0
CES9093000001,2022-09-01,2025-01-10,14260.0,-6.0
CES9093000001,2022-09-01,2025-02-07,14269.0,5.0
CES9093000001,2022-09-01,2025-03-07,14269.0,5.0
CES9093000001,2022-09-01,2025-04-04,14269.0,5.0
CES9093000001,2022-09-01,2025-05-02,14269.0,5.0
CES9093000001,2022-09-01,2025-06-06,14269.0,5.0
CES9093000001,2022-09-01,2025-07-03,14269.0,5.0
CES9093000001,2022-09-01,2025-08-01,14269.0,5.0
CES9093000001,2022-09-01,2025-09-05,14269.0,5.0
CES9093000001,2022-09-01,2025-11-20,14269.0,5.0
CES9093000001,2022-09-01,2025-12-16,14269.0,5.0
CES9093000001,2022-09-01,2026-01-09,14269.0,5.0
CES9093000001,2022-09-01,2026-02-11,14283.0,-18.0
CES9093000001,2022-09-01,2026-03-06,14283.0,-18.0
CES9093000001,2022-09-01,2026-04-03,14283.0,-18.0
CES9093000001,2022-09-01,2026-05-08,14283.0,-18.0
CES9093000001,2022-09-01,2026-06-05,14283.0,-18.0
CES9093000001,2022-09-01,2026-07-02,14283.0,-18.0
CES9093000001,2022-10-01,2022-11-04,14223.0,29.0
CES9093000001,2022-10-01,2022-12-02,14231.0,31.0
CES9093000001,2022-10-01,2023-01-06,14238.0,38.0
CES9093000001,2022-10-01,2023-02-03,14287.0,32.0
CES9093000001,2022-10-01,2023-03-10,14287.0,32.0
CES9093000001,2022-10-01,2023-04-07,14287.0,32.0
CES9093000001,2022-10-01,2023-05-05,14287.0,32.0
CES9093000001,2022-10-01,2023-06-02,14287.0,32.0
CES9093000001,2022-10-01,2023-07-07,14287.0,32.0
CES9093000001,2022-10-01,2023-08-04,14287.0,32.0
CES9093000001,2022-10-01,2023-09-01,14287.0,32.0
CES9093000001,2022-10-01,2023-10-06,14287.0,32.0
CES9093000001,2022-10-01,2023-11-03,14287.0,32.0
CES9093000001,2022-10-01,2023-12-08,14287.0,32.0
CES9093000001,2022-10-01,2024-01-05,14287.0,32.0
CES9093000001,2022-10-01,2024-02-02,14287.0,27.0
CES9093000001,2022-10-01,2024-03-08,14287.0,27.0
CES9093000001,2022-10-01,2024-04-05,14287.0,27.0
CES9093000001,2022-10-01,2024-05-03,14287.0,27.0
CES9093000001,2022-10-01,2024-06-07,14287.0,27.0
CES9093000001,2022-10-01,2024-07-05,14287.0,27.0
CES9093000001,2022-10-01,2024-08-02,14287.0,27.0
CES9093000001,2022-10-01,2024-09-06,14287.0,27.0
CES9093000001,2022-10-01,2024-10-04,14287.0,27.0
CES9093000001,2022-10-01,2024-11-01,14287.0,27.0
CES9093000001,2022-10-01,2024-12-06,14287.0,27.0
CES9093000001,2022-10-01,2025-01-10,14287.0,27.0
CES9093000001,2022-10-01,2025-02-07,14301.0,32.0
CES9093000001,2022-10-01,2025-03-07,14301.0,32.0
CES9093000001,2022-10-01,2025-04-04,14301.0,32.0
CES9093000001,2022-10-01,2025-05-02,14301.0,32.0
CES9093000001,2022-10-01,2025-06-06,14301.0,32.0
CES9093000001,2022-10-01,2025-07-03,14301.0,32.0
CES9093000001,2022-10-01,2025-08-01,14301.0,32.0
CES9093000001,2022-10-01,2025-09-05,14301.0,32.0
CES9093000001,2022-10-01,2025-11-20,14301.0,32.0
CES9093000001,2022-10-01,2025-12-16,14301.0,32.0
CES9093000001,2022-10-01,2026-01-09,14301.0,32.0
CES9093000001,2022-10-01,2026-02-11,14283.0,0.0
CES9093000001,2022-10-01,2026-03-06,14283.0,0.0
CES9093000001,2022-10-01,2026-04-03,14283.0,0.0
CES9093000001,2022-10-01,2026-05-08,14283.0,0.0
CES9093000001,2022-10-01,2026-06-05,14283.0,0.0
CES9093000001,2022-10-01,2026-07-02,14283.0,0.0
CES9093000001,2022-11-01,2022-12-02,14263.0,32.0
CES9093000001,2022-11-01,2023-01-06,14276.0,38.0
CES9093000001,2022-11-01,2023-02-03,14335.0,48.0
CES9093000001,2022-11-01,2023-03-10,14335.0,48.0
CES9093000001,2022-11-01,2023-04-07,14335.0,48.0
CES9093000001,2022-11-01,2023-05-05,14335.0,48.0
CES9093000001,2022-11-01,2023-06-02,14335.0,48.0
CES9093000001,2022-11-01,2023-07-07,14335.0,48.0
CES9093000001,2022-11-01,2023-08-04,14335.0,48.0
CES9093000001,2022-11-01,2023-09-01,14335.0,48.0
CES9093000001,2022-11-01,2023-10-06,14335.0,48.0
CES9093000001,2022-11-01,2023-11-03,14335.0,48.0
CES9093000001,2022-11-01,2023-12-08,14335.0,48.0
CES9093000001,2022-11-01,2024-01-05,14335.0,48.0
CES9093000001,2022-11-01,2024-02-02,14328.0,41.0
CES9093000001,2022-11-01,2024-03-08,14328.0,41.0
CES9093000001,2022-11-01,2024-04-05,14328.0,41.0
CES9093000001,2022-11-01,2024-05-03,14328.0,41.0
CES9093000001,2022-11-01,2024-06-07,14328.0,41.0
CES9093000001,2022-11-01,2024-07-05,14328.0,41.0
CES9093000001,2022-11-01,2024-08-02,14328.0,41.0
CES9093000001,2022-11-01,2024-09-06,14328.0,41.0
CES9093000001,2022-11-01,2024-10-04,14328.0,41.0
CES9093000001,2022-11-01,2024-11-01,14328.0,41.0
CES9093000001,2022-11-01,2024-12-06,14328.0,41.0
CES9093000001,2022-11-01,2025-01-10,14328.0,41.0
CES9093000001,2022-11-01,2025-02-07,14337.0,36.0
CES9093000001,2022-11-01,2025-03-07,14337.0,36.0
CES9093000001,2022-11-01,2025-04-04,14337.0,36.0
CES9093000001,2022-11-01,2025-05-02,14337.0,36.0
CES9093000001,2022-11-01,2025-06-06,14337.0,36.0
CES9093000001,2022-11-01,2025-07-03,14337.0,36.0
CES9093000001,2022-11-01,2025-08-01,14337.0,36.0
CES9093000001,2022-11-01,2025-09-05,14337.0,36.0
CES9093000001,2022-11-01,2025-11-20,14337.0,36.0
CES9093000001,2022-11-01,2025-12-16,14337.0,36.0
CES9093000001,2022-11-01,2026-01-09,14337.0,36.0
CES9093000001,2022-11-01,2026-02-11,14339.0,56.0
CES9093000001,2022-11-01,2026-03-06,14339.0,56.0
CES9093000001,2022-11-01,2026-04-03,14339.0,56.0
CES9093000001,2022-11-01,2026-05-08,14339.0,56.0
CES9093000001,2022-11-01,2026-06-05,14339.0,56.0
CES9093000001,2022-11-01,2026-07-02,14339.0,56.0
CES9093000001,2022-12-01,2023-01-06,14297.0,21.0
CES9093000001,2022-12-01,2023-02-03,14364.0,29.0
CES9093000001,2022-12-01,2023-03-10,14370.0,35.0
CES9093000001,2022-12-01,2023-04-07,14370.0,35.0
CES9093000001,2022-12-01,2023-05-05,14370.0,35.0
CES9093000001,2022-12-01,2023-06-02,14370.0,35.0
CES9093000001,2022-12-01,2023-07-07,14370.0,35.0
CES9093000001,2022-12-01,2023-08-04,14370.0,35.0
CES9093000001,2022-12-01,2023-09-01,14370.0,35.0
CES9093000001,2022-12-01,2023-10-06,14370.0,35.0
CES9093000001,2022-12-01,2023-11-03,14370.0,35.0
CES9093000001,2022-12-01,2023-12-08,14370.0,35.0
CES9093000001,2022-12-01,2024-01-05,14370.0,35.0
CES9093000001,2022-12-01,2024-02-02,14360.0,32.0
CES9093000001,2022-12-01,2024-03-08,14360.0,32.0
CES9093000001,2022-12-01,2024-04-05,14360.0,32.0
CES9093000001,2022-12-01,2024-05-03,14360.0,32.0
CES9093000001,2022-12-01,2024-06-07,14360.0,32.0
CES9093000001,2022-12-01,2024-07-05,14360.0,32.0
CES9093000001,2022-12-01,2024-08-02,14360.0,32.0
CES9093000001,2022-12-01,2024-09-06,14360.0,32.0
CES9093000001,2022-12-01,2024-10-04,14360.0,32.0
CES9093000001,2022-12-01,2024-11-01,14360.0,32.0
CES9093000001,2022-12-01,2024-12-06,14360.0,32.0
CES9093000001,2022-12-01,2025-01-10,14360.0,32.0
CES9093000001,2022-12-01,2025-02-07,14364.0,27.0
CES9093000001,2022-12-01,2025-03-07,14364.0,27.0
CES9093000001,2022-12-01,2025-04-04,14364.0,27.0
CES9093000001,2022-12-01,2025-05-02,14364.0,27.0
CES9093000001,2022-12-01,2025-06-06,14364.0,27.0
CES9093000001,2022-12-01,2025-07-03,14364.0,27.0
CES9093000001,2022-12-01,2025-08-01,14364.0,27.0
CES9093000001,2022-12-01,2025-09-05,14364.0,27.0
CES9093000001,2022-12-01,2025-11-20,14364.0,27.0
CES9093000001,2022-12-01,2025-12-16,14364.0,27.0
CES9093000001,2022-12-01,2026-01-09,14364.0,27.0
CES9093000001,2022-12-01,2026-02-11,14358.0,19.0
CES9093000001,2022-12-01,2026-03-06,14358.0,19.0
CES9093000001,2022-12-01,2026-04-03,14358.0,19.0
CES9093000001,2022-12-01,2026-05-08,14358.0,19.0
CES9093000001,2022-12-01,2026-06-05,14358.0,19.0
CES9093000001,2022-12-01,2026-07-02,14358.0,19.0
CES9093000001,2023-01-01,2023-02-03,14394.0,30.0
CES9093000001,2023-01-01,2023-03-10,14406.0,36.0
CES9093000001,2023-01-01,2023-04-07,14408.0,38.0
CES9093000001,2023-01-01,2023-05-05,14408.0,38.0
CES9093000001,2023-01-01,2023-06-02,14408.0,38.0
CES9093000001,2023-01-01,2023-07-07,14408.0,38.0
CES9093000001,2023-01-01,2023-08-04,14408.0,38.0
CES9093000001,2023-01-01,2023-09-01,14408.0,38.0
CES9093000001,2023-01-01,2023-10-06,14408.0,38.0
CES9093000001,2023-01-01,2023-11-03,14408.0,38.0
CES9093000001,2023-01-01,2023-12-08,14408.0,38.0
CES9093000001,2023-01-01,2024-01-05,14408.0,38.0
CES9093000001,2023-01-01,2024-02-02,14402.0,42.0
CES9093000001,2023-01-01,2024-03-08,14402.0,42.0
CES9093000001,2023-01-01,2024-04-05,14402.0,42.0
CES9093000001,2023-01-01,2024-05-03,14402.0,42.0
CES9093000001,2023-01-01,2024-06-07,14402.0,42.0
CES9093000001,2023-01-01,2024-07-05,14402.0,42.0
CES9093000001,2023-01-01,2024-08-02,14402.0,42.0
CES9093000001,2023-01-01,2024-09-06,14402.0,42.0
CES9093000001,2023-01-01,2024-10-04,14402.0,42.0
CES9093000001,2023-01-01,2024-11-01,14402.0,42.0
CES9093000001,2023-01-01,2024-12-06,14402.0,42.0
CES9093000001,2023-01-01,2025-01-10,14402.0,42.0
CES9093000001,2023-01-01,2025-02-07,14411.0,47.0
CES9093000001,2023-01-01,2025-03-07,14411.0,47.0
CES9093000001,2023-01-01,2025-04-04,14411.0,47.0
CES9093000001,2023-01-01,2025-05-02,14411.0,47.0
CES9093000001,2023-01-01,2025-06-06,14411.0,47.0
CES9093000001,2023-01-01,2025-07-03,14411.0,47.0
CES9093000001,2023-01-01,2025-08-01,14411.0,47.0
CES9093000001,2023-01-01,2025-09-05,14411.0,47.0
CES9093000001,2023-01-01,2025-11-20,14411.0,47.0
CES9093000001,2023-01-01,2025-12-16,14411.0,47.0
CES9093000001,2023-01-01,2026-01-09,14411.0,47.0
CES9093000001,2023-01-01,2026-02-11,14405.0,47.0
CES9093000001,2023-01-01,2026-03-06,14405.0,47.0
CES9093000001,2023-01-01,2026-04-03,14405.0,47.0
CES9093000001,2023-01-01,2026-05-08,14405.0,47.0
CES9093000001,2023-01-01,2026-06-05,14405.0,47.0
CES9093000001,2023-01-01,2026-07-02,14405.0,47.0
CES9093000001,2023-02-01,2023-03-10,14443.0,37.0
CES9093000001,2023-02-01,2023-04-07,14444.0,36.0
CES9093000001,2023-02-01,2023-05-05,14435.0,27.0
CES9093000001,2023-02-01,2023-06-02,14435.0,27.0
CES9093000001,2023-02-01,2023-07-07,14435.0,27.0
CES9093000001,2023-02-01,2023-08-04,14435.0,27.0
CES9093000001,2023-02-01,2023-09-01,14435.0,27.0
CES9093000001,2023-02-01,2023-10-06,14435.0,27.0
CES9093000001,2023-02-01,2023-11-03,14435.0,27.0
CES9093000001,2023-02-01,2023-12-08,14435.0,27.0
CES9093000001,2023-02-01,2024-01-05,14435.0,27.0
CES9093000001,2023-02-01,2024-02-02,14430.0,28.0
CES9093000001,2023-02-01,2024-03-08,14430.0,28.0
CES9093000001,2023-02-01,2024-04-05,14430.0,28.0
CES9093000001,2023-02-01,2024-05-03,14430.0,28.0
CES9093000001,2023-02-01,2024-06-07,14430.0,28.0
CES9093000001,2023-02-01,2024-07-05,14430.0,28.0
CES9093000001,2023-02-01,2024-08-02,14430.0,28.0
CES9093000001,2023-02-01,2024-09-06,14430.0,28.0
CES9093000001,2023-02-01,2024-10-04,14430.0,28.0
CES9093000001,2023-02-01,2024-11-01,14430.0,28.0
CES9093000001,2023-02-01,2024-12-06,14430.0,28.0
CES9093000001,2023-02-01,2025-01-10,14430.0,28.0
CES9093000001,2023-02-01,2025-02-07,14439.0,28.0
CES9093000001,2023-02-01,2025-03-07,14439.0,28.0
CES9093000001,2023-02-01,2025-04-04,14439.0,28.0
CES9093000001,2023-02-01,2025-05-02,14439.0,28.0
CES9093000001,2023-02-01,2025-06-06,14439.0,28.0
CES9093000001,2023-02-01,2025-07-03,14439.0,28.0
CES9093000001,2023-02-01,2025-08-01,14439.0,28.0
CES9093000001,2023-02-01,2025-09-05,14439.0,28.0
CES9093000001,2023-02-01,2025-11-20,14439.0,28.0
CES9093000001,2023-02-01,2025-12-16,14439.0,28.0
CES9093000001,2023-02-01,2026-01-09,14439.0,28.0
CES9093000001,2023-02-01,2026-02-11,14433.0,28.0
CES9093000001,2023-02-01,2026-03-06,14433.0,28.0
CES9093000001,2023-02-01,2026-04-03,14433.0,28.0
CES9093000001,2023-02-01,2026-05-08,14433.0,28.0
CES9093000001,2023-02-01,2026-06-05,14433.0,28.0
CES9093000001,2023-02-01,2026-07-02,14433.0,28.0
CES9093000001,2023-03-01,2023-04-07,14470.0,26.0
CES9093000001,2023-03-01,2023-05-05,14456.0,21.0
CES9093000001,2023-03-01,2023-06-02,14464.0,29.0
CES9093000001,2023-03-01,2023-07-07,14464.0,29.0
CES9093000001,2023-03-01,2023-08-04,14464.0,29.0
CES9093000001,2023-03-01,2023-09-01,14464.0,29.0
CES9093000001,2023-03-01,2023-10-06,14464.0,29.0
CES9093000001,2023-03-01,2023-11-03,14464.0,29.0
CES9093000001,2023-03-01,2023-12-08,14464.0,29.0
CES9093000001,2023-03-01,2024-01-05,14464.0,29.0
CES9093000001,2023-03-01,2024-02-02,14457.0,27.0
CES9093000001,2023-03-01,2024-03-08,14457.0,27.0
CES9093000001,2023-03-01,2024-04-05,14457.0,27.0
CES9093000001,2023-03-01,2024-05-03,14457.0,27.0
CES9093000001,2023-03-01,2024-06-07,14457.0,27.0
CES9093000001,2023-03-01,2024-07-05,14457.0,27.0
CES9093000001,2023-03-01,2024-08-02,14457.0,27.0
CES9093000001,2023-03-01,2024-09-06,14457.0,27.0
CES9093000001,2023-03-01,2024-10-04,14457.0,27.0
CES9093000001,2023-03-01,2024-11-01,14457.0,27.0
CES9093000001,2023-03-01,2024-12-06,14457.0,27.0
CES9093000001,2023-03-01,2025-01-10,14457.0,27.0
CES9093000001,2023-03-01,2025-02-07,14453.0,14.0
CES9093000001,2023-03-01,2025-03-07,14453.0,14.0
CES9093000001,2023-03-01,2025-04-04,14453.0,14.0
CES9093000001,2023-03-01,2025-05-02,14453.0,14.0
CES9093000001,2023-03-01,2025-06-06,14453.0,14.0
CES9093000001,2023-03-01,2025-07-03,14453.0,14.0
CES9093000001,2023-03-01,2025-08-01,14453.0,14.0
CES9093000001,2023-03-01,2025-09-05,14453.0,14.0
CES9093000001,2023-03-01,2025-11-20,14453.0,14.0
CES9093000001,2023-03-01,2025-12-16,14453.0,14.0
CES9093000001,2023-03-01,2026-01-09,14453.0,14.0
CES9093000001,2023-03-01,2026-02-11,14455.0,22.0
CES9093000001,2023-03-01,2026-03-06,14455.0,22.0
CES9093000001,2023-03-01,2026-04-03,14455.0,22.0
CES9093000001,2023-03-01,2026-05-08,14455.0,22.0
CES9093000001,2023-03-01,2026-06-05,14455.0,22.0
CES9093000001,2023-03-01,2026-07-02,14455.0,22.0
CES9093000001,2023-04-01,2023-05-05,14473.0,17.0
CES9093000001,2023-04-01,2023-06-02,14488.0,24.0
CES9093000001,2023-04-01,2023-07-07,14491.0,27.0
CES9093000001,2023-04-01,2023-08-04,14491.0,27.0
CES9093000001,2023-04-01,2023-09-01,14491.0,27.0
CES9093000001,2023-04-01,2023-10-06,14491.0,27.0
CES9093000001,2023-04-01,2023-11-03,14491.0,27.0
CES9093000001,2023-04-01,2023-12-08,14491.0,27.0
CES9093000001,2023-04-01,2024-01-05,14491.0,27.0
CES9093000001,2023-04-01,2024-02-02,14482.0,25.0
CES9093000001,2023-04-01,2024-03-08,14482.0,25.0
CES9093000001,2023-04-01,2024-04-05,14482.0,25.0
CES9093000001,2023-04-01,2024-05-03,14482.0,25.0
CES9093000001,2023-04-01,2024-06-07,14482.0,25.0
CES9093000001,2023-04-01,2024-07-05,14482.0,25.0
CES9093000001,2023-04-01,2024-08-02,14482.0,25.0
CES9093000001,2023-04-01,2024-09-06,14482.0,25.0
CES9093000001,2023-04-01,2024-10-04,14482.0,25.0
CES9093000001,2023-04-01,2024-11-01,14482.0,25.0
CES9093000001,2023-04-01,2024-12-06,14482.0,25.0
CES9093000001,2023-04-01,2025-01-10,14482.0,25.0
CES9093000001,2023-04-01,2025-02-07,14478.0,25.0
CES9093000001,2023-04-01,2025-03-07,14478.0,25.0
CES9093000001,2023-04-01,2025-04-04,14478.0,25.0
CES9093000001,2023-04-01,2025-05-02,14478.0,25.0
CES9093000001,2023-04-01,2025-06-06,14478.0,25.0
CES9093000001,2023-04-01,2025-07-03,14478.0,25.0
CES9093000001,2023-04-01,2025-08-01,14478.0,25.0
CES9093000001,2023-04-01,2025-09-05,14478.0,25.0
CES9093000001,2023-04-01,2025-11-20,14478.0,25.0
CES9093000001,2023-04-01,2025-12-16,14478.0,25.0
CES9093000001,2023-04-01,2026-01-09,14478.0,25.0
CES9093000001,2023-04-01,2026-02-11,14486.0,31.0
CES9093000001,2023-04-01,2026-03-06,14486.0,31.0
CES9093000001,2023-04-01,2026-04-03,14486.0,31.0
CES9093000001,2023-04-01,2026-05-08,14486.0,31.0
CES9093000001,2023-04-01,2026-06-05,14486.0,31.0
CES9093000001,2023-04-01,2026-07-02,14486.0,31.0
CES9093000001,2023-05-01,2023-06-02,14518.0,30.0
CES9093000001,2023-05-01,2023-07-07,14522.0,31.0
CES9093000001,2023-05-01,2023-08-04,14494.0,3.0
CES9093000001,2023-05-01,2023-09-01,14494.0,3.0
CES9093000001,2023-05-01,2023-10-06,14494.0,3.0
CES9093000001,2023-05-01,2023-11-03,14494.0,3.0
CES9093000001,2023-05-01,2023-12-08,14494.0,3.0
CES9093000001,2023-05-01,2024-01-05,14494.0,3.0
CES9093000001,2023-05-01,2024-02-02,14508.0,26.0
CES9093000001,2023-05-01,2024-03-08,14508.0,26.0
CES9093000001,2023-05-01,2024-04-05,14508.0,26.0
CES9093000001,2023-05-01,2024-05-03,14508.0,26.0
CES9093000001,2023-05-01,2024-06-07,14508.0,26.0
CES9093000001,2023-05-01,2024-07-05,14508.0,26.0
CES9093000001,2023-05-01,2024-08-02,14508.0,26.0
CES9093000001,2023-05-01,2024-09-06,14508.0,26.0
CES9093000001,2023-05-01,2024-10-04,14508.0,26.0
CES9093000001,2023-05-01,2024-11-01,14508.0,26.0
CES9093000001,2023-05-01,2024-12-06,14508.0,26.0
CES9093000001,2023-05-01,2025-01-10,14508.0,26.0
CES9093000001,2023-05-01,2025-02-07,14509.0,31.0
CES9093000001,2023-05-01,2025-03-07,14509.0,31.0
CES9093000001,2023-05-01,2025-04-04,14509.0,31.0
CES9093000001,2023-05-01,2025-05-02,14509.0,31.0
CES9093000001,2023-05-01,2025-06-06,14509.0,31.0
CES9093000001,2023-05-01,2025-07-03,14509.0,31.0
CES9093000001,2023-05-01,2025-08-01,14509.0,31.0
CES9093000001,2023-05-01,2025-09-05,14509.0,31.0
CES9093000001,2023-05-01,2025-11-20,14509.0,31.0
CES9093000001,2023-05-01,2025-12-16,14509.0,31.0
CES9093000001,2023-05-01,2026-01-09,14509.0,31.0
CES9093000001,2023-05-01,2026-02-11,14529.0,43.0
CES9093000001,2023-05-01,2026-03-06,14529.0,43.0
CES9093000001,2023-05-01,2026-04-03,14529.0,43.0
CES9093000001,2023-05-01,2026-05-08,14529.0,43.0
CES9093000001,2023-05-01,2026-06-05,14529.0,43.0
CES9093000001,2023-05-01,2026-07-02,14529.0,43.0
CES9093000001,2023-06-01,2023-07-07,14554.0,32.0
CES9093000001,2023-06-01,2023-08-04,14518.0,24.0
CES9093000001,2023-06-01,2023-09-01,14492.0,-2.0
CES9093000001,2023-06-01,2023-10-06,14492.0,-2.0
CES9093000001,2023-06-01,2023-11-03,14492.0,-2.0
CES9093000001,2023-06-01,2023-12-08,14492.0,-2.0
CES9093000001,2023-06-01,2024-01-05,14492.0,-2.0
CES9093000001,2023-06-01,2024-02-02,14536.0,28.0
CES9093000001,2023-06-01,2024-03-08,14536.0,28.0
CES9093000001,2023-06-01,2024-04-05,14536.0,28.0
CES9093000001,2023-06-01,2024-05-03,14536.0,28.0
CES9093000001,2023-06-01,2024-06-07,14536.0,28.0
CES9093000001,2023-06-01,2024-07-05,14536.0,28.0
CES9093000001,2023-06-01,2024-08-02,14536.0,28.0
CES9093000001,2023-06-01,2024-09-06,14536.0,28.0
CES9093000001,2023-06-01,2024-10-04,14536.0,28.0
CES9093000001,2023-06-01,2024-11-01,14536.0,28.0
CES9093000001,2023-06-01,2024-12-06,14536.0,28.0
CES9093000001,2023-06-01,2025-01-10,14536.0,28.0
CES9093000001,2023-06-01,2025-02-07,14565.0,56.0
CES9093000001,2023-06-01,2025-03-07,14565.0,56.0
CES9093000001,2023-06-01,2025-04-04,14565.0,56.0
CES9093000001,2023-06-01,2025-05-02,14565.0,56.0
CES9093000001,2023-06-01,2025-06-06,14565.0,56.0
CES9093000001,2023-06-01,2025-07-03,14565.0,56.0
CES9093000001,2023-06-01,2025-08-01,14565.0,56.0
CES9093000001,2023-06-01,2025-09-05,14565.0,56.0
CES9093000001,2023-06-01,2025-11-20,14565.0,56.0
CES9093000001,2023-06-01,2025-12-16,14565.0,56.0
CES9093000001,2023-06-01,2026-01-09,14565.0,56.0
CES9093000001,2023-06-01,2026-02-11,14572.0,43.0
CES9093000001,2023-06-01,2026-03-06,14572.0,43.0
CES9093000001,2023-06-01,2026-04-03,14572.0,43.0
CES9093000001,2023-06-01,2026-05-08,14572.0,43.0
CES9093000001,2023-06-01,2026-06-05,14572.0,43.0
CES9093000001,2023-06-01,2026-07-02,14572.0,43.0
CES9093000001,2023-07-01,2023-08-04,14537.0,19.0
CES9093000001,2023-07-01,2023-09-01,14493.0,1.0
CES9093000001,2023-07-01,2023-10-06,14561.0,69.0
CES9093000001,2023-07-01,2023-11-03,14561.0,69.0
CES9093000001,2023-07-01,2023-12-08,14561.0,69.0
CES9093000001,2023-07-01,2024-01-05,14561.0,69.0
CES9093000001,2023-07-01,2024-02-02,14564.0,28.0
CES9093000001,2023-07-01,2024-03-08,14564.0,28.0
CES9093000001,2023-07-01,2024-04-05,14564.0,28.0
CES9093000001,2023-07-01,2024-05-03,14564.0,28.0
CES9093000001,2023-07-01,2024-06-07,14564.0,28.0
CES9093000001,2023-07-01,2024-07-05,14564.0,28.0
CES9093000001,2023-07-01,2024-08-02,14564.0,28.0
CES9093000001,2023-07-01,2024-09-06,14564.0,28.0
CES9093000001,2023-07-01,2024-10-04,14564.0,28.0
CES9093000001,2023-07-01,2024-11-01,14564.0,28.0
CES9093000001,2023-07-01,2024-12-06,14564.0,28.0
CES9093000001,2023-07-01,2025-01-10,14564.0,28.0
CES9093000001,2023-07-01,2025-02-07,14589.0,24.0
CES9093000001,2023-07-01,2025-03-07,14589.0,24.0
CES9093000001,2023-07-01,2025-04-04,14589.0,24.0
CES9093000001,2023-07-01,2025-05-02,14589.0,24.0
CES9093000001,2023-07-01,2025-06-06,14589.0,24.0
CES9093000001,2023-07-01,2025-07-03,14589.0,24.0
CES9093000001,2023-07-01,2025-08-01,14589.0,24.0
CES9093000001,2023-07-01,2025-09-05,14589.0,24.0
CES9093000001,2023-07-01,2025-11-20,14589.0,24.0
CES9093000001,2023-07-01,2025-12-16,14589.0,24.0
CES9093000001,2023-07-01,2026-01-09,14589.0,24.0
CES9093000001,2023-07-01,2026-02-11,14609.0,37.0
CES9093000001,2023-07-01,2026-03-06,14609.0,37.0
CES9093000001,2023-07-01,2026-04-03,14609.0,37.0
CES9093000001,2023-07-01,2026-05-08,14609.0,37.0
CES9093000001,2023-07-01,2026-06-05,14609.0,37.0
CES9093000001,2023-07-01,2026-07-02,14609.0,37.0
CES9093000001,2023-08-01,2023-09-01,14491.0,-2.0
CES9093000001,2023-08-01,2023-10-06,14576.0,15.0
CES9093000001,2023-08-01,2023-11-03,14585.0,24.0
CES9093000001,2023-08-01,2023-12-08,14585.0,24.0
CES9093000001,2023-08-01,2024-01-05,14585.0,24.0
CES9093000001,2023-08-01,2024-02-02,14585.0,21.0
CES9093000001,2023-08-01,2024-03-08,14585.0,21.0
CES9093000001,2023-08-01,2024-04-05,14585.0,21.0
CES9093000001,2023-08-01,2024-05-03,14585.0,21.0
CES9093000001,2023-08-01,2024-06-07,14585.0,21.0
CES9093000001,2023-08-01,2024-07-05,14585.0,21.0
CES9093000001,2023-08-01,2024-08-02,14585.0,21.0
CES9093000001,2023-08-01,2024-09-06,14585.0,21.0
CES9093000001,2023-08-01,2024-10-04,14585.0,21.0
CES9093000001,2023-08-01,2024-11-01,14585.0,21.0
CES9093000001,2023-08-01,2024-12-06,14585.0,21.0
CES9093000001,2023-08-01,2025-01-10,14585.0,21.0
CES9093000001,2023-08-01,2025-02-07,14603.0,14.0
CES9093000001,2023-08-01,2025-03-07,14603.0,14.0
CES9093000001,2023-08-01,2025-04-04,14603.0,14.0
CES9093000001,2023-08-01,2025-05-02,14603.0,14.0
CES9093000001,2023-08-01,2025-06-06,14603.0,14.0
CES9093000001,2023-08-01,2025-07-03,14603.0,14.0
CES9093000001,2023-08-01,2025-08-01,14603.0,14.0
CES9093000001,2023-08-01,2025-09-05,14603.0,14.0
CES9093000001,2023-08-01,2025-11-20,14603.0,14.0
CES9093000001,2023-08-01,2025-12-16,14603.0,14.0
CES9093000001,2023-08-01,2026-01-09,14603.0,14.0
CES9093000001,2023-08-01,2026-02-11,14641.0,32.0
CES9093000001,2023-08-01,2026-03-06,14641.0,32.0
CES9093000001,2023-08-01,2026-04-03,14641.0,32.0
CES9093000001,2023-08-01,2026-05-08,14641.0,32.0
CES9093000001,2023-08-01,2026-06-05,14641.0,32.0
CES9093000001,2023-08-01,2026-07-02,14641.0,32.0
CES9093000001,2023-09-01,2023-10-06,14614.0,38.0
CES9093000001,2023-09-01,2023-11-03,14622.0,37.0
CES9093000001,2023-09-01,2023-12-08,14616.0,31.0
CES9093000001,2023-09-01,2024-01-05,14616.0,31.0
CES9093000001,2023-09-01,2024-02-02,14612.0,27.0
CES9093000001,2023-09-01,2024-03-08,14612.0,27.0
CES9093000001,2023-09-01,2024-04-05,14612.0,27.0
CES9093000001,2023-09-01,2024-05-03,14612.0,27.0
CES9093000001,2023-09-01,2024-06-07,14612.0,27.0
CES9093000001,2023-09-01,2024-07-05,14612.0,27.0
CES9093000001,2023-09-01,2024-08-02,14612.0,27.0
CES9093000001,2023-09-01,2024-09-06,14612.0,27.0
CES9093000001,2023-09-01,2024-10-04,14612.0,27.0
CES9093000001,2023-09-01,2024-11-01,14612.0,27.0
CES9093000001,2023-09-01,2024-12-06,14612.0,27.0
CES9093000001,2023-09-01,2025-01-10,14612.0,27.0
CES9093000001,2023-09-01,2025-02-07,14653.0,50.0
CES9093000001,2023-09-01,2025-03-07,14653.0,50.0
CES9093000001,2023-09-01,2025-04-04,14653.0,50.0
CES9093000001,2023-09-01,2025-05-02,14653.0,50.0
CES9093000001,2023-09-01,2025-06-06,14653.0,50.0
CES9093000001,2023-09-01,2025-07-03,14653.0,50.0
CES9093000001,2023-09-01,2025-08-01,14653.0,50.0
CES9093000001,2023-09-01,2025-09-05,14653.0,50.0
CES9093000001,2023-09-01,2025-11-20,14653.0,50.0
CES9093000001,2023-09-01,2025-12-16,14653.0,50.0
CES9093000001,2023-09-01,2026-01-09,14653.0,50.0
CES9093000001,2023-09-01,2026-02-11,14660.0,19.0
CES9093000001,2023-09-01,2026-03-06,14660.0,19.0
CES9093000001,2023-09-01,2026-04-03,14660.0,19.0
CES9093000001,2023-09-01,2026-05-08,14660.0,19.0
CES9093000001,2023-09-01,2026-06-05,14660.0,19.0
CES9093000001,2023-09-01,2026-07-02,14660.0,19.0
CES9093000001,2023-10-01,2023-11-03,14660.0,38.0
CES9093000001,2023-10-01,2023-12-08,14648.0,32.0
CES9093000001,2023-10-01,2024-01-05,14644.0,28.0
CES9093000001,2023-10-01,2024-02-02,14642.0,30.0
CES9093000001,2023-10-01,2024-03-08,14642.0,30.0
CES9093000001,2023-10-01,2024-04-05,14642.0,30.0
CES9093000001,2023-10-01,2024-05-03,14642.0,30.0
CES9093000001,2023-10-01,2024-06-07,14642.0,30.0
CES9093000001,2023-10-01,2024-07-05,14642.0,30.0
CES9093000001,2023-10-01,2024-08-02,14642.0,30.0
CES9093000001,2023-10-01,2024-09-06,14642.0,30.0
CES9093000001,2023-10-01,2024-10-04,14642.0,30.0
CES9093000001,2023-10-01,2024-11-01,14642.0,30.0
CES9093000001,2023-10-01,2024-12-06,14642.0,30.0
CES9093000001,2023-10-01,2025-01-10,14642.0,30.0
CES9093000001,2023-10-01,2025-02-07,14693.0,40.0
CES9093000001,2023-10-01,2025-03-07,14693.0,40.0
CES9093000001,2023-10-01,2025-04-04,14693.0,40.0
CES9093000001,2023-10-01,2025-05-02,14693.0,40.0
CES9093000001,2023-10-01,2025-06-06,14693.0,40.0
CES9093000001,2023-10-01,2025-07-03,14693.0,40.0
CES9093000001,2023-10-01,2025-08-01,14693.0,40.0
CES9093000001,2023-10-01,2025-09-05,14693.0,40.0
CES9093000001,2023-10-01,2025-11-20,14693.0,40.0
CES9093000001,2023-10-01,2025-12-16,14693.0,40.0
CES9093000001,2023-10-01,2026-01-09,14693.0,40.0
CES9093000001,2023-10-01,2026-02-11,14676.0,16.0
CES9093000001,2023-10-01,2026-03-06,14676.0,16.0
CES9093000001,2023-10-01,2026-04-03,14676.0,16.0
CES9093000001,2023-10-01,2026-05-08,14676.0,16.0
CES9093000001,2023-10-01,2026-06-05,14676.0,16.0
CES9093000001,2023-10-01,2026-07-02,14676.0,16.0
CES9093000001,2023-11-01,2023-12-08,14680.0,32.0
CES9093000001,2023-11-01,2024-01-05,14675.0,31.0
CES9093000001,2023-11-01,2024-02-02,14665.0,23.0
CES9093000001,2023-11-01,2024-03-08,14665.0,23.0
CES9093000001,2023-11-01,2024-04-05,14665.0,23.0
CES9093000001,2023-11-01,2024-05-03,14665.0,23.0
CES9093000001,2023-11-01,2024-06-07,14665.0,23.0
CES9093000001,2023-11-01,2024-07-05,14665.0,23.0
CES9093000001,2023-11-01,2024-08-02,14665.0,23.0
CES9093000001,2023-11-01,2024-09-06,14665.0,23.0
CES9093000001,2023-11-01,2024-10-04,14665.0,23.0
CES9093000001,2023-11-01,2024-11-01,14665.0,23.0
CES9093000001,2023-11-01,2024-12-06,14665.0,23.0
CES9093000001,2023-11-01,2025-01-10,14665.0,23.0
CES9093000001,2023-11-01,2025-02-07,14728.0,35.0
CES9093000001,2023-11-01,2025-03-07,14728.0,35.0
CES9093000001,2023-11-01,2025-04-04,14728.0,35.0
CES9093000001,2023-11-01,2025-05-02,14728.0,35.0
CES9093000001,2023-11-01,2025-06-06,14728.0,35.0
CES9093000001,2023-11-01,2025-07-03,14728.0,35.0
CES9093000001,2023-11-01,2025-08-01,14728.0,35.0
CES9093000001,2023-11-01,2025-09-05,14728.0,35.0
CES9093000001,2023-11-01,2025-11-20,14728.0,35.0
CES9093000001,2023-11-01,2025-12-16,14728.0,35.0
CES9093000001,2023-11-01,2026-01-09,14728.0,35.0
CES9093000001,2023-11-01,2026-02-11,14713.0,37.0
CES9093000001,2023-11-01,2026-03-06,14713.0,37.0
CES9093000001,2023-11-01,2026-04-03,14713.0,37.0
CES9093000001,2023-11-01,2026-05-08,14713.0,37.0
CES9093000001,2023-11-01,2026-06-05,14713.0,37.0
CES9093000001,2023-11-01,2026-07-02,14713.0,37.0
CES9093000001,2023-12-01,2024-01-05,14712.0,37.0
CES9093000001,2023-12-01,2024-02-02,14700.0,35.0
CES9093000001,2023-12-01,2024-03-08,14711.0,46.0
CES9093000001,2023-12-01,2024-04-05,14711.0,46.0
CES9093000001,2023-12-01,2024-05-03,14711.0,46.0
CES9093000001,2023-12-01,2024-06-07,14711.0,46.0
CES9093000001,2023-12-01,2024-07-05,14711.0,46.0
CES9093000001,2023-12-01,2024-08-02,14711.0,46.0
CES9093000001,2023-12-01,2024-09-06,14711.0,46.0
CES9093000001,2023-12-01,2024-10-04,14711.0,46.0
CES9093000001,2023-12-01,2024-11-01,14711.0,46.0
CES9093000001,2023-12-01,2024-12-06,14711.0,46.0
CES9093000001,2023-12-01,2025-01-10,14711.0,46.0
CES9093000001,2023-12-01,2025-02-07,14763.0,35.0
CES9093000001,2023-12-01,2025-03-07,14763.0,35.0
CES9093000001,2023-12-01,2025-04-04,14763.0,35.0
CES9093000001,2023-12-01,2025-05-02,14763.0,35.0
CES9093000001,2023-12-01,2025-06-06,14763.0,35.0
CES9093000001,2023-12-01,2025-07-03,14763.0,35.0
CES9093000001,2023-12-01,2025-08-01,14763.0,35.0
CES9093000001,2023-12-01,2025-09-05,14763.0,35.0
CES9093000001,2023-12-01,2025-11-20,14763.0,35.0
CES9093000001,2023-12-01,2025-12-16,14763.0,35.0
CES9093000001,2023-12-01,2026-01-09,14763.0,35.0
CES9093000001,2023-12-01,2026-02-11,14755.0,42.0
CES9093000001,2023-12-01,2026-03-06,14755.0,42.0
CES9093000001,2023-12-01,2026-04-03,14755.0,42.0
CES9093000001,2023-12-01,2026-05-08,14755.0,42.0
CES9093000001,2023-12-01,2026-06-05,14755.0,42.0
CES9093000001,2023-12-01,2026-07-02,14755.0,42.0
CES9093000001,2024-01-01,2024-02-02,14715.0,15.0
CES9093000001,2024-01-01,2024-03-08,14732.0,21.0
CES9093000001,2024-01-01,2024-04-05,14742.0,31.0
CES9093000001,2024-01-01,2024-05-03,14742.0,31.0
CES9093000001,2024-01-01,2024-06-07,14742.0,31.0
CES9093000001,2024-01-01,2024-07-05,14742.0,31.0
CES9093000001,2024-01-01,2024-08-02,14742.0,31.0
CES9093000001,2024-01-01,2024-09-06,14742.0,31.0
CES9093000001,2024-01-01,2024-10-04,14742.0,31.0
CES9093000001,2024-01-01,2024-11-01,14742.0,31.0
CES9093000001,2024-01-01,2024-12-06,14742.0,31.0
CES9093000001,2024-01-01,2025-01-10,14742.0,31.0
CES9093000001,2024-01-01,2025-02-07,14786.0,23.0
CES9093000001,2024-01-01,2025-03-07,14786.0,23.0
CES9093000001,2024-01-01,2025-04-04,14786.0,23.0
CES9093000001,2024-01-01,2025-05-02,14786.0,23.0
CES9093000001,2024-01-01,2025-06-06,14786.0,23.0
CES9093000001,2024-01-01,2025-07-03,14786.0,23.0
CES9093000001,2024-01-01,2025-08-01,14786.0,23.0
CES9093000001,2024-01-01,2025-09-05,14786.0,23.0
CES9093000001,2024-01-01,2025-11-20,14786.0,23.0
CES9093000001,2024-01-01,2025-12-16,14786.0,23.0
CES9093000001,2024-01-01,2026-01-09,14786.0,23.0
CES9093000001,2024-01-01,2026-02-11,14781.0,26.0
CES9093000001,2024-01-01,2026-03-06,14781.0,26.0
CES9093000001,2024-01-01,2026-04-03,14781.0,26.0
CES9093000001,2024-01-01,2026-05-08,14781.0,26.0
CES9093000001,2024-01-01,2026-06-05,14781.0,26.0
CES9093000001,2024-01-01,2026-07-02,14781.0,26.0
CES9093000001,2024-02-01,2024-03-08,14770.0,38.0
CES9093000001,2024-02-01,2024-04-05,14784.0,42.0
CES9093000001,2024-02-01,2024-05-03,14776.0,34.0
CES9093000001,2024-02-01,2024-06-07,14776.0,34.0
CES9093000001,2024-02-01,2024-07-05,14776.0,34.0
CES9093000001,2024-02-01,2024-08-02,14776.0,34.0
CES9093000001,2024-02-01,2024-09-06,14776.0,34.0
CES9093000001,2024-02-01,2024-10-04,14776.0,34.0
CES9093000001,2024-02-01,2024-11-01,14776.0,34.0
CES9093000001,2024-02-01,2024-12-06,14776.0,34.0
CES9093000001,2024-02-01,2025-01-10,14776.0,34.0
CES9093000001,2024-02-01,2025-02-07,14835.0,49.0
CES9093000001,2024-02-01,2025-03-07,14835.0,49.0
CES9093000001,2024-02-01,2025-04-04,14835.0,49.0
CES9093000001,2024-02-01,2025-05-02,14835.0,49.0
CES9093000001,2024-02-01,2025-06-06,14835.0,49.0
CES9093000001,2024-02-01,2025-07-03,14835.0,49.0
CES9093000001,2024-02-01,2025-08-01,14835.0,49.0
CES9093000001,2024-02-01,2025-09-05,14835.0,49.0
CES9093000001,2024-02-01,2025-11-20,14835.0,49.0
CES9093000001,2024-02-01,2025-12-16,14835.0,49.0
CES9093000001,2024-02-01,2026-01-09,14835.0,49.0
CES9093000001,2024-02-01,2026-02-11,14826.0,45.0
CES9093000001,2024-02-01,2026-03-06,14826.0,45.0
CES9093000001,2024-02-01,2026-04-03,14826.0,45.0
CES9093000001,2024-02-01,2026-05-08,14826.0,45.0
CES9093000001,2024-02-01,2026-06-05,14826.0,45.0
CES9093000001,2024-02-01,2026-07-02,14826.0,45.0
CES9093000001,2024-03-01,2024-04-05,14833.0,49.0
CES9093000001,2024-03-01,2024-05-03,14827.0,51.0
CES9093000001,2024-03-01,2024-06-07,14832.0,56.0
CES9093000001,2024-03-01,2024-07-05,14832.0,56.0
CES9093000001,2024-03-01,2024-08-02,14832.0,56.0
CES9093000001,2024-03-01,2024-09-06,14832.0,56.0
CES9093000001,2024-03-01,2024-10-04,14832.0,56.0
CES9093000001,2024-03-01,2024-11-01,14832.0,56.0
CES9093000001,2024-03-01,2024-12-06,14832.0,56.0
CES9093000001,2024-03-01,2025-01-10,14832.0,56.0
CES9093000001,2024-03-01,2025-02-07,14890.0,55.0
CES9093000001,2024-03-01,2025-03-07,14890.0,55.0
CES9093000001,2024-03-01,2025-04-04,14890.0,55.0
CES9093000001,2024-03-01,2025-05-02,14890.0,55.0
CES9093000001,2024-03-01,2025-06-06,14890.0,55.0
CES9093000001,2024-03-01,2025-07-03,14890.0,55.0
CES9093000001,2024-03-01,2025-08-01,14890.0,55.0
CES9093000001,2024-03-01,2025-09-05,14890.0,55.0
CES9093000001,2024-03-01,2025-11-20,14890.0,55.0
CES9093000001,2024-03-01,2025-12-16,14890.0,55.0
CES9093000001,2024-03-01,2026-01-09,14890.0,55.0
CES9093000001,2024-03-01,2026-02-11,14894.0,68.0
CES9093000001,2024-03-01,2026-03-06,14894.0,68.0
CES9093000001,2024-03-01,2026-04-03,14894.0,68.0
CES9093000001,2024-03-01,2026-05-08,14894.0,68.0
CES9093000001,2024-03-01,2026-06-05,14894.0,68.0
CES9093000001,2024-03-01,2026-07-02,14894.0,68.0
CES9093000001,2024-04-01,2024-05-03,14827.0,0.0
CES9093000001,2024-04-01,2024-06-07,14831.0,-1.0
CES9093000001,2024-04-01,2024-07-05,14828.0,-4.0
CES9093000001,2024-04-01,2024-08-02,14828.0,-4.0
CES9093000001,2024-04-01,2024-09-06,14828.0,-4.0
CES9093000001,2024-04-01,2024-10-04,14828.0,-4.0
CES9093000001,2024-04-01,2024-11-01,14828.0,-4.0
CES9093000001,2024-04-01,2024-12-06,14828.0,-4.0
CES9093000001,2024-04-01,2025-01-10,14828.0,-4.0
CES9093000001,2024-04-01,2025-02-07,14877.0,-13.0
CES9093000001,2024-04-01,2025-03-07,14877.0,-13.0
CES9093000001,2024-04-01,2025-04-04,14877.0,-13.0
CES9093000001,2024-04-01,2025-05-02,14877.0,-13.0
CES9093000001,2024-04-01,2025-06-06,14877.0,-13.0
CES9093000001,2024-04-01,2025-07-03,14877.0,-13.0
CES9093000001,2024-04-01,2025-08-01,14877.0,-13.0
CES9093000001,2024-04-01,2025-09-05,14877.0,-13.0
CES9093000001,2024-04-01,2025-11-20,14877.0,-13.0
CES9093000001,2024-04-01,2025-12-16,14877.0,-13.0
CES9093000001,2024-04-01,2026-01-09,14877.0,-13.0
CES9093000001,2024-04-01,2026-02-11,14884.0,-10.0
CES9093000001,2024-04-01,2026-03-06,14884.0,-10.0
CES9093000001,2024-04-01,2026-04-03,14884.0,-10.0
CES9093000001,2024-04-01,2026-05-08,14884.0,-10.0
CES9093000001,2024-04-01,2026-06-05,14884.0,-10.0
CES9093000001,2024-04-01,2026-07-02,14884.0,-10.0
CES9093000001,2024-05-01,2024-06-07,14865.0,34.0
CES9093000001,2024-05-01,2024-07-05,14859.0,31.0
CES9093000001,2024-05-01,2024-08-02,14856.0,28.0
CES9093000001,2024-05-01,2024-09-06,14856.0,28.0
CES9093000001,2024-05-01,2024-10-04,14856.0,28.0
CES9093000001,2024-05-01,2024-11-01,14856.0,28.0
CES9093000001,2024-05-01,2024-12-06,14856.0,28.0
CES9093000001,2024-05-01,2025-01-10,14856.0,28.0
CES9093000001,2024-05-01,2025-02-07,14905.0,28.0
CES9093000001,2024-05-01,2025-03-07,14905.0,28.0
CES9093000001,2024-05-01,2025-04-04,14905.0,28.0
CES9093000001,2024-05-01,2025-05-02,14905.0,28.0
CES9093000001,2024-05-01,2025-06-06,14905.0,28.0
CES9093000001,2024-05-01,2025-07-03,14905.0,28.0
CES9093000001,2024-05-01,2025-08-01,14905.0,28.0
CES9093000001,2024-05-01,2025-09-05,14905.0,28.0
CES9093000001,2024-05-01,2025-11-20,14905.0,28.0
CES9093000001,2024-05-01,2025-12-16,14905.0,28.0
CES9093000001,2024-05-01,2026-01-09,14905.0,28.0
CES9093000001,2024-05-01,2026-02-11,14909.0,25.0
CES9093000001,2024-05-01,2026-03-06,14909.0,25.0
CES9093000001,2024-05-01,2026-04-03,14909.0,25.0
CES9093000001,2024-05-01,2026-05-08,14909.0,25.0
CES9093000001,2024-05-01,2026-06-05,14909.0,25.0
CES9093000001,2024-05-01,2026-07-02,14909.0,25.0
CES9093000001,2024-06-01,2024-07-05,14898.0,39.0
CES9093000001,2024-06-01,2024-08-02,14881.0,25.0
CES9093000001,2024-06-01,2024-09-06,14868.0,12.0
CES9093000001,2024-06-01,2024-10-04,14868.0,12.0
CES9093000001,2024-06-01,2024-11-01,14868.0,12.0
CES9093000001,2024-06-01,2024-12-06,14868.0,12.0
CES9093000001,2024-06-01,2025-01-10,14868.0,12.0
CES9093000001,2024-06-01,2025-02-07,14915.0,10.0
CES9093000001,2024-06-01,2025-03-07,14915.0,10.0
CES9093000001,2024-06-01,2025-04-04,14915.0,10.0
CES9093000001,2024-06-01,2025-05-02,14915.0,10.0
CES9093000001,2024-06-01,2025-06-06,14915.0,10.0
CES9093000001,2024-06-01,2025-07-03,14915.0,10.0
CES9093000001,2024-06-01,2025-08-01,14915.0,10.0
CES9093000001,2024-06-01,2025-09-05,14915.0,10.0
CES9093000001,2024-06-01,2025-11-20,14915.0,10.0
CES9093000001,2024-06-01,2025-12-16,14915.0,10.0
CES9093000001,2024-06-01,2026-01-09,14915.0,10.0
CES9093000001,2024-06-01,2026-02-11,14911.0,2.0
CES9093000001,2024-06-01,2026-03-06,14911.0,2.0
CES9093000001,2024-06-01,2026-04-03,14911.0,2.0
CES9093000001,2024-06-01,2026-05-08,14911.0,2.0
CES9093000001,2024-06-01,2026-06-05,14911.0,2.0
CES9093000001,2024-06-01,2026-07-02,14911.0,2.0
CES9093000001,2024-07-01,2024-08-02,14890.0,9.0
CES9093000001,2024-07-01,2024-09-06,14873.0,5.0
CES9093000001,2024-07-01,2024-10-04,14890.0,22.0
CES9093000001,2024-07-01,2024-11-01,14890.0,22.0
CES9093000001,2024-07-01,2024-12-06,14890.0,22.0
CES9093000001,2024-07-01,2025-01-10,14890.0,22.0
CES9093000001,2024-07-01,2025-02-07,14946.0,31.0
CES9093000001,2024-07-01,2025-03-07,14946.0,31.0
CES9093000001,2024-07-01,2025-04-04,14946.0,31.0
CES9093000001,2024-07-01,2025-05-02,14946.0,31.0
CES9093000001,2024-07-01,2025-06-06,14946.0,31.0
CES9093000001,2024-07-01,2025-07-03,14946.0,31.0
CES9093000001,2024-07-01,2025-08-01,14946.0,31.0
CES9093000001,2024-07-01,2025-09-05,14946.0,31.0
CES9093000001,2024-07-01,2025-11-20,14946.0,31.0
CES9093000001,2024-07-01,2025-12-16,14946.0,31.0
CES9093000001,2024-07-01,2026-01-09,14946.0,31.0
CES9093000001,2024-07-01,2026-02-11,14950.0,39.0
CES9093000001,2024-07-01,2026-03-06,14950.0,39.0
CES9093000001,2024-07-01,2026-04-03,14950.0,39.0
CES9093000001,2024-07-01,2026-05-08,14950.0,39.0
CES9093000001,2024-07-01,2026-06-05,14950.0,39.0
CES9093000001,2024-07-01,2026-07-02,14950.0,39.0
CES9093000001,2024-08-01,2024-09-06,14895.0,22.0
CES9093000001,2024-08-01,2024-10-04,14923.0,33.0
CES9093000001,2024-08-01,2024-11-01,14916.0,26.0
CES9093000001,2024-08-01,2024-12-06,14916.0,26.0
CES9093000001,2024-08-01,2025-01-10,14916.0,26.0
CES9093000001,2024-08-01,2025-02-07,14973.0,27.0
CES9093000001,2024-08-01,2025-03-07,14973.0,27.0
CES9093000001,2024-08-01,2025-04-04,14973.0,27.0
CES9093000001,2024-08-01,2025-05-02,14973.0,27.0
CES9093000001,2024-08-01,2025-06-06,14973.0,27.0
CES9093000001,2024-08-01,2025-07-03,14973.0,27.0
CES9093000001,2024-08-01,2025-08-01,14973.0,27.0
CES9093000001,2024-08-01,2025-09-05,14973.0,27.0
CES9093000001,2024-08-01,2025-11-20,14973.0,27.0
CES9093000001,2024-08-01,2025-12-16,14973.0,27.0
CES9093000001,2024-08-01,2026-01-09,14973.0,27.0
CES9093000001,2024-08-01,2026-02-11,14957.0,7.0
CES9093000001,2024-08-01,2026-03-06,14957.0,7.0
CES9093000001,2024-08-01,2026-04-03,14957.0,7.0
CES9093000001,2024-08-01,2026-05-08,14957.0,7.0
CES9093000001,2024-08-01,2026-06-05,14957.0,7.0
CES9093000001,2024-08-01,2026-07-02,14957.0,7.0
CES9093000001,2024-09-01,2024-10-04,14939.0,16.0
CES9093000001,2024-09-01,2024-11-01,14930.0,14.0
CES9093000001,2024-09-01,2024-12-06,14923.0,7.0
CES9093000001,2024-09-01,2025-01-10,14923.0,7.0
CES9093000001,2024-09-01,2025-02-07,14986.0,13.0
CES9093000001,2024-09-01,2025-03-07,14986.0,13.0
CES9093000001,2024-09-01,2025-04-04,14986.0,13.0
CES9093000001,2024-09-01,2025-05-02,14986.0,13.0
CES9093000001,2024-09-01,2025-06-06,14986.0,13.0
CES9093000001,2024-09-01,2025-07-03,14986.0,13.0
CES9093000001,2024-09-01,2025-08-01,14986.0,13.0
CES9093000001,2024-09-01,2025-09-05,14986.0,13.0
CES9093000001,2024-09-01,2025-11-20,14986.0,13.0
CES9093000001,2024-09-01,2025-12-16,14986.0,13.0
CES9093000001,2024-09-01,2026-01-09,14986.0,13.0
CES9093000001,2024-09-01,2026-02-11,14958.0,1.0
CES9093000001,2024-09-01,2026-03-06,14958.0,1.0
CES9093000001,2024-09-01,2026-04-03,14958.0,1.0
CES9093000001,2024-09-01,2026-05-08,14958.0,1.0
CES9093000001,2024-09-01,2026-06-05,14958.0,1.0
CES9093000001,2024-09-01,2026-07-02,14958.0,1.0
CES9093000001,2024-10-01,2024-11-01,14951.0,21.0
CES9093000001,2024-10-01,2024-12-06,14940.0,17.0
CES9093000001,2024-10-01,2025-01-10,14941.0,18.0
CES9093000001,2024-10-01,2025-02-07,15012.0,26.0
CES9093000001,2024-10-01,2025-03-07,15012.0,26.0
CES9093000001,2024-10-01,2025-04-04,15012.0,26.0
CES9093000001,2024-10-01,2025-05-02,15012.0,26.0
CES9093000001,2024-10-01,2025-06-06,15012.0,26.0
CES9093000001,2024-10-01,2025-07-03,15012.0,26.0
CES9093000001,2024-10-01,2025-08-01,15012.0,26.0
CES9093000001,2024-10-01,2025-09-05,15012.0,26.0
CES9093000001,2024-10-01,2025-11-20,15012.0,26.0
CES9093000001,2024-10-01,2025-12-16,15012.0,26.0
CES9093000001,2024-10-01,2026-01-09,15012.0,26.0
CES9093000001,2024-10-01,2026-02-11,14981.0,23.0
CES9093000001,2024-10-01,2026-03-06,14981.0,23.0
CES9093000001,2024-10-01,2026-04-03,14981.0,23.0
CES9093000001,2024-10-01,2026-05-08,14981.0,23.0
CES9093000001,2024-10-01,2026-06-05,14981.0,23.0
CES9093000001,2024-10-01,2026-07-02,14981.0,23.0
CES9093000001,2024-11-01,2024-12-06,14955.0,15.0
CES9093000001,2024-11-01,2025-01-10,14958.0,17.0
CES9093000001,2024-11-01,2025-02-07,15022.0,10.0
CES9093000001,2024-11-01,2025-03-07,15022.0,10.0
CES9093000001,2024-11-01,2025-04-04,15022.0,10.0
CES9093000001,2024-11-01,2025-05-02,15022.0,10.0
CES9093000001,2024-11-01,2025-06-06,15022.0,10.0
CES9093000001,2024-11-01,2025-07-03,15022.0,10.0
CES9093000001,2024-11-01,2025-08-01,15022.0,10.0
CES9093000001,2024-11-01,2025-09-05,15022.0,10.0
CES9093000001,2024-11-01,2025-11-20,15022.0,10.0
CES9093000001,2024-11-01,2025-12-16,15022.0,10.0
CES9093000001,2024-11-01,2026-01-09,15022.0,10.0
CES9093000001,2024-11-01,2026-02-11,14993.0,12.0
CES9093000001,2024-11-01,2026-03-06,14993.0,12.0
CES9093000001,2024-11-01,2026-04-03,14993.0,12.0
CES9093000001,2024-11-01,2026-05-08,14993.0,12.0
CES9093000001,2024-11-01,2026-06-05,14993.0,12.0
CES9093000001,2024-11-01,2026-07-02,14993.0,12.0
CES9093000001,2024-12-01,2025-01-10,14975.0,17.0
CES9093000001,2024-12-01,2025-02-07,15039.0,17.0
CES9093000001,2024-12-01,2025-03-07,15036.0,14.0
CES9093000001,2024-12-01,2025-04-04,15036.0,14.0
CES9093000001,2024-12-01,2025-05-02,15036.0,14.0
CES9093000001,2024-12-01,2025-06-06,15036.0,14.0
CES9093000001,2024-12-01,2025-07-03,15036.0,14.0
CES9093000001,2024-12-01,2025-08-01,15036.0,14.0
CES9093000001,2024-12-01,2025-09-05,15036.0,14.0
CES9093000001,2024-12-01,2025-11-20,15036.0,14.0
CES9093000001,2024-12-01,2025-12-16,15036.0,14.0
CES9093000001,2024-12-01,2026-01-09,15036.0,14.0
CES9093000001,2024-12-01,2026-02-11,15005.0,12.0
CES9093000001,2024-12-01,2026-03-06,15005.0,12.0
CES9093000001,2024-12-01,2026-04-03,15005.0,12.0
CES9093000001,2024-12-01,2026-05-08,15005.0,12.0
CES9093000001,2024-12-01,2026-06-05,15005.0,12.0
CES9093000001,2024-12-01,2026-07-02,15005.0,12.0
CES9093000001,2025-01-01,2025-02-07,15060.0,21.0
CES9093000001,2025-01-01,2025-03-07,15056.0,20.0
CES9093000001,2025-01-01,2025-04-04,15053.0,17.0
CES9093000001,2025-01-01,2025-05-02,15053.0,17.0
CES9093000001,2025-01-01,2025-06-06,15053.0,17.0
CES9093000001,2025-01-01,2025-07-03,15053.0,17.0
CES9093000001,2025-01-01,2025-08-01,15053.0,17.0
CES9093000001,2025-01-01,2025-09-05,15053.0,17.0
CES9093000001,2025-01-01,2025-11-20,15053.0,17.0
CES9093000001,2025-01-01,2025-12-16,15053.0,17.0
CES9093000001,2025-01-01,2026-01-09,15053.0,17.0
CES9093000001,2025-01-01,2026-02-11,15022.0,17.0
CES9093000001,2025-01-01,2026-03-06,15022.0,17.0
CES9093000001,2025-01-01,2026-04-03,15022.0,17.0
CES9093000001,2025-01-01,2026-05-08,15022.0,17.0
CES9093000001,2025-01-01,2026-06-05,15022.0,17.0
CES9093000001,2025-01-01,2026-07-02,15022.0,17.0
CES9093000001,2025-02-01,2025-03-07,15076.0,20.0
CES9093000001,2025-02-01,2025-04-04,15069.0,16.0
CES9093000001,2025-02-01,2025-05-02,15071.0,18.0
CES9093000001,2025-02-01,2025-06-06,15071.0,18.0
CES9093000001,2025-02-01,2025-07-03,15071.0,18.0
CES9093000001,2025-02-01,2025-08-01,15071.0,18.0
CES9093000001,2025-02-01,2025-09-05,15071.0,18.0
CES9093000001,2025-02-01,2025-11-20,15071.0,18.0
CES9093000001,2025-02-01,2025-12-16,15071.0,18.0
CES9093000001,2025-02-01,2026-01-09,15071.0,18.0
CES9093000001,2025-02-01,2026-02-11,15037.0,15.0
CES9093000001,2025-02-01,2026-03-06,15037.0,15.0
CES9093000001,2025-02-01,2026-04-03,15037.0,15.0
CES9093000001,2025-02-01,2026-05-08,15037.0,15.0
CES9093000001,2025-02-01,2026-06-05,15037.0,15.0
CES9093000001,2025-02-01,2026-07-02,15037.0,15.0
CES9093000001,2025-03-01,2025-04-04,15086.0,17.0
CES9093000001,2025-03-01,2025-05-02,15088.0,17.0
CES9093000001,2025-03-01,2025-06-06,15087.0,16.0
CES9093000001,2025-03-01,2025-07-03,15087.0,16.0
CES9093000001,2025-03-01,2025-08-01,15087.0,16.0
CES9093000001,2025-03-01,2025-09-05,15087.0,16.0
CES9093000001,2025-03-01,2025-11-20,15087.0,16.0
CES9093000001,2025-03-01,2025-12-16,15087.0,16.0
CES9093000001,2025-03-01,2026-01-09,15087.0,16.0
CES9093000001,2025-03-01,2026-02-11,15048.0,11.0
CES9093000001,2025-03-01,2026-03-06,15048.0,11.0
CES9093000001,2025-03-01,2026-04-03,15048.0,11.0
CES9093000001,2025-03-01,2026-05-08,15048.0,11.0
CES9093000001,2025-03-01,2026-06-05,15048.0,11.0
CES9093000001,2025-03-01,2026-07-02,15048.0,11.0
CES9093000001,2025-04-01,2025-05-02,15101.0,13.0
CES9093000001,2025-04-01,2025-06-06,15098.0,11.0
CES9093000001,2025-04-01,2025-07-03,15114.0,27.0
CES9093000001,2025-04-01,2025-08-01,15114.0,27.0
CES9093000001,2025-04-01,2025-09-05,15114.0,27.0
CES9093000001,2025-04-01,2025-11-20,15114.0,27.0
CES9093000001,2025-04-01,2025-12-16,15114.0,27.0
CES9093000001,2025-04-01,2026-01-09,15114.0,27.0
CES9093000001,2025-04-01,2026-02-11,15070.0,22.0
CES9093000001,2025-04-01,2026-03-06,15070.0,22.0
CES9093000001,2025-04-01,2026-04-03,15070.0,22.0
CES9093000001,2025-04-01,2026-05-08,15070.0,22.0
CES9093000001,2025-04-01,2026-06-05,15070.0,22.0
CES9093000001,2025-04-01,2026-07-02,15070.0,22.0
CES9093000001,2025-05-01,2025-06-06,15119.0,21.0
CES9093000001,2025-05-01,2025-07-03,15139.0,25.0
CES9093000001,2025-05-01,2025-08-01,15101.0,-13.0
CES9093000001,2025-05-01,2025-09-05,15101.0,-13.0
CES9093000001,2025-05-01,2025-11-20,15101.0,-13.0
CES9093000001,2025-05-01,2025-12-16,15101.0,-13.0
CES9093000001,2025-05-01,2026-01-09,15101.0,-13.0
CES9093000001,2025-05-01,2026-02-11,15094.0,24.0
CES9093000001,2025-05-01,2026-03-06,15094.0,24.0
CES9093000001,2025-05-01,2026-04-03,15094.0,24.0
CES9093000001,2025-05-01,2026-05-08,15094.0,24.0
CES9093000001,2025-05-01,2026-06-05,15094.0,24.0
CES9093000001,2025-05-01,2026-07-02,15094.0,24.0
CES9093000001,2025-06-01,2025-07-03,15172.0,33.0
CES9093000001,2025-06-01,2025-08-01,15111.0,10.0
CES9093000001,2025-06-01,2025-09-05,15128.0,27.0
CES9093000001,2025-06-01,2025-11-20,15128.0,27.0
CES9093000001,2025-06-01,2025-12-16,15128.0,27.0
CES9093000001,2025-06-01,2026-01-09,15128.0,27.0
CES9093000001,2025-06-01,2026-02-11,15126.0,32.0
CES9093000001,2025-06-01,2026-03-06,15126.0,32.0
CES9093000001,2025-06-01,2026-04-03,15126.0,32.0
CES9093000001,2025-06-01,2026-05-08,15126.0,32.0
CES9093000001,2025-06-01,2026-06-05,15126.0,32.0
CES9093000001,2025-06-01,2026-07-02,15126.0,32.0
CES9093000001,2025-07-01,2025-08-01,15108.0,-3.0
CES9093000001,2025-07-01,2025-09-05,15145.0,17.0
CES9093000001,2025-07-01,2025-11-20,15158.0,30.0
CES9093000001,2025-07-01,2025-12-16,15158.0,30.0
CES9093000001,2025-07-01,2026-01-09,15158.0,30.0
CES9093000001,2025-07-01,2026-02-11,15146.0,20.0
CES9093000001,2025-07-01,2026-03-06,15146.0,20.0
CES9093000001,2025-07-01,2026-04-03,15146.0,20.0
CES9093000001,2025-07-01,2026-05-08,15146.0,20.0
CES9093000001,2025-07-01,2026-06-05,15146.0,20.0
CES9093000001,2025-07-01,2026-07-02,15146.0,20.0
CES9093000001,2025-08-01,2025-09-05,15157.0,12.0
CES9093000001,2025-08-01,2025-11-20,15172.0,14.0
CES9093000001,2025-08-01,2025-12-16,15168.0,10.0
CES9093000001,2025-08-01,2026-01-09,15168.0,10.0
CES9093000001,2025-08-01,2026-02-11,15132.0,-14.0
CES9093000001,2025-08-01,2026-03-06,15132.0,-14.0
CES9093000001,2025-08-01,2026-04-03,15132.0,-14.0
CES9093000001,2025-08-01,2026-05-08,15132.0,-14.0
CES9093000001,2025-08-01,2026-06-05,15132.0,-14.0
CES9093000001,2025-08-01,2026-07-02,15132.0,-14.0
CES9093000001,2025-09-01,2025-11-20,15181.0,9.0
CES9093000001,2025-09-01,2025-12-16,15168.0,0.0
CES9093000001,2025-09-01,2026-01-09,15168.0,0.0
CES9093000001,2025-09-01,2026-02-11,15132.0,0.0
CES9093000001,2025-09-01,2026-03-06,15132.0,0.0
CES9093000001,2025-09-01,2026-04-03,15132.0,0.0
CES9093000001,2025-09-01,2026-05-08,15132.0,0.0
CES9093000001,2025-09-01,2026-06-05,15132.0,0.0
CES9093000001,2025-09-01,2026-07-02,15132.0,0.0
CES9093000001,2025-10-01,2025-12-16,15185.0,17.0
CES9093000001,2025-10-01,2026-01-09,15186.0,18.0
CES9093000001,2025-10-01,2026-02-11,15149.0,17.0
CES9093000001,2025-10-01,2026-03-06,15149.0,17.0
CES9093000001,2025-10-01,2026-04-03,15149.0,17.0
CES9093000001,2025-10-01,2026-05-08,15149.0,17.0
CES9093000001,2025-10-01,2026-06-05,15149.0,17.0
CES9093000001,2025-10-01,2026-07-02,15149.0,17.0
CES9093000001,2025-11-01,2025-12-16,15183.0,-2.0
CES9093000001,2025-11-01,2026-01-09,15188.0,2.0
CES9093000001,2025-11-01,2026-02-11,15145.0,-4.0
CES9093000001,2025-11-01,2026-03-06,15145.0,-4.0
CES9093000001,2025-11-01,2026-04-03,15145.0,-4.0
CES9093000001,2025-11-01,2026-05-08,15145.0,-4.0
CES9093000001,2025-11-01,2026-06-05,15145.0,-4.0
CES9093000001,2025-11-01,2026-07-02,15145.0,-4.0
CES9093000001,2025-12-01,2026-01-09,15206.0,18.0
CES9093000001,2025-12-01,2026-02-11,15152.0,7.0
CES9093000001,2025-12-01,2026-03-06,15151.0,6.0
CES9093000001,2025-12-01,2026-04-03,15151.0,6.0
CES9093000001,2025-12-01,2026-05-08,15151.0,6.0
CES9093000001,2025-12-01,2026-06-05,15151.0,6.0
CES9093000001,2025-12-01,2026-07-02,15151.0,6.0
CES9093000001,2026-01-01,2026-02-11,15162.0,10.0
CES9093000001,2026-01-01,2026-03-06,15161.0,10.0
CES9093000001,2026-01-01,2026-04-03,15165.0,14.0
CES9093000001,2026-01-01,2026-05-08,15165.0,14.0
CES9093000001,2026-01-01,2026-06-05,15165.0,14.0
CES9093000001,2026-01-01,2026-07-02,15165.0,14.0
CES9093000001,2026-02-01,2026-03-06,15160.0,-1.0
CES9093000001,2026-02-01,2026-04-03,15169.0,4.0
CES9093000001,2026-02-01,2026-05-08,15159.0,-6.0
CES9093000001,2026-02-01,2026-06-05,15159.0,-6.0
CES9093000001,2026-02-01,2026-07-02,15159.0,-6.0
CES9093000001,2026-03-01,2026-04-03,15183.0,14.0
CES9093000001,2026-03-01,2026-05-08,15171.0,12.0
CES9093000001,2026-03-01,2026-06-05,15182.0,23.0
CES9093000001,2026-03-01,2026-07-02,15182.0,23.0
CES9093000001,2026-04-01,2026-05-08,15171.0,0.0
CES9093000001,2026-04-01,2026-06-05,15188.0,6.0
CES9093000001,2026-04-01,2026-07-02,15181.0,-1.0
CES9093000001,2026-05-01,2026-06-05,15243.0,55.0
CES9093000001,2026-05-01,2026-07-02,15214.0,33.0
CES9093000001,2026-06-01,2026-07-02,15216.0,2.0
PAYEMS,2020-01-01,2020-02-07,152186.0,225.0
PAYEMS,2020-01-01,2020-03-06,152271.0,273.0
PAYEMS,2020-01-01,2020-04-03,152212.0,214.0
PAYEMS,2020-01-01,2020-05-08,152212.0,214.0
PAYEMS,2020-01-01,2020-05-11,152212.0,214.0
PAYEMS,2020-01-01,2020-06-05,152212.0,214.0
PAYEMS,2020-01-01,2020-07-02,152212.0,214.0
PAYEMS,2020-01-01,2020-08-07,152212.0,214.0
PAYEMS,2020-01-01,2020-09-04,152212.0,214.0
PAYEMS,2020-01-01,2020-10-02,152212.0,214.0
PAYEMS,2020-01-01,2020-11-06,152212.0,214.0
PAYEMS,2020-01-01,2020-12-04,152212.0,214.0
PAYEMS,2020-01-01,2021-01-08,152212.0,214.0
PAYEMS,2020-01-01,2021-02-05,152234.0,315.0
PAYEMS,2020-01-01,2021-03-05,152234.0,315.0
PAYEMS,2020-01-01,2021-04-02,152234.0,315.0
PAYEMS,2020-01-01,2021-05-07,152234.0,315.0
PAYEMS,2020-01-01,2021-06-04,152234.0,315.0
PAYEMS,2020-01-01,2021-07-02,152234.0,315.0
PAYEMS,2020-01-01,2021-08-06,152234.0,315.0
PAYEMS,2020-01-01,2021-09-03,152234.0,315.0
PAYEMS,2020-01-01,2021-10-08,152234.0,315.0
PAYEMS,2020-01-01,2021-11-05,152234.0,315.0
PAYEMS,2020-01-01,2021-12-03,152234.0,315.0
PAYEMS,2020-01-01,2022-01-07,152234.0,315.0
PAYEMS,2020-01-01,2022-02-04,152128.0,339.0
PAYEMS,2020-01-01,2022-03-04,152128.0,339.0
PAYEMS,2020-01-01,2022-04-01,152128.0,339.0
PAYEMS,2020-01-01,2022-05-06,152128.0,339.0
PAYEMS,2020-01-01,2022-06-03,152128.0,339.0
PAYEMS,2020-01-01,2022-07-08,152128.0,339.0
PAYEMS,2020-01-01,2022-08-05,152128.0,339.0
PAYEMS,2020-01-01,2022-09-02,152128.0,339.0
PAYEMS,2020-01-01,2022-10-07,152128.0,339.0
PAYEMS,2020-01-01,2022-11-04,152128.0,339.0
PAYEMS,2020-01-01,2022-12-02,152128.0,339.0
PAYEMS,2020-01-01,2023-01-06,152128.0,339.0
PAYEMS,2020-01-01,2023-02-03,152098.0,334.0
PAYEMS,2020-01-01,2023-03-10,152098.0,334.0
PAYEMS,2020-01-01,2023-04-07,152098.0,334.0
PAYEMS,2020-01-01,2023-05-05,152098.0,334.0
PAYEMS,2020-01-01,2023-06-02,152098.0,334.0
PAYEMS,2020-01-01,2023-07-07,152098.0,334.0
PAYEMS,2020-01-01,2023-08-04,152098.0,334.0
PAYEMS,2020-01-01,2023-09-01,152098.0,334.0
PAYEMS,2020-01-01,2023-10-06,152098.0,334.0
PAYEMS,2020-01-01,2023-11-03,152098.0,334.0
PAYEMS,2020-01-01,2023-12-08,152098.0,334.0
PAYEMS,2020-01-01,2024-01-05,152098.0,334.0
PAYEMS,2020-01-01,2024-02-02,152045.0,253.0
PAYEMS,2020-01-01,2024-03-08,152045.0,253.0
PAYEMS,2020-01-01,2024-04-05,152045.0,253.0
PAYEMS,2020-01-01,2024-05-03,152045.0,253.0
PAYEMS,2020-01-01,2024-06-07,152045.0,253.0
PAYEMS,2020-01-01,2024-07-05,152045.0,253.0
PAYEMS,2020-01-01,2024-08-02,152045.0,253.0
PAYEMS,2020-01-01,2024-09-06,152045.0,253.0
PAYEMS,2020-01-01,2024-10-04,152045.0,253.0
PAYEMS,2020-01-01,2024-11-01,152045.0,253.0
PAYEMS,2020-01-01,2024-12-06,152045.0,253.0
PAYEMS,2020-01-01,2025-01-10,152045.0,253.0
PAYEMS,2020-01-01,2025-02-07,152031.0,236.0
PAYEMS,2020-01-01,2025-03-07,152031.0,236.0
PAYEMS,2020-01-01,2025-04-04,152031.0,236.0
PAYEMS,2020-01-01,2025-05-02,152031.0,236.0
PAYEMS,2020-01-01,2025-06-06,152031.0,236.0
PAYEMS,2020-01-01,2025-07-03,152031.0,236.0
PAYEMS,2020-01-01,2025-08-01,152031.0,236.0
PAYEMS,2020-01-01,2025-09-05,152031.0,236.0
PAYEMS,2020-01-01,2025-11-20,152031.0,236.0
PAYEMS,2020-01-01,2025-12-16,152031.0,236.0
PAYEMS,2020-01-01,2026-01-09,152031.0,236.0
PAYEMS,2020-01-01,2026-02-11,152031.0,237.0
PAYEMS,2020-01-01,2026-03-06,152031.0,237.0
PAYEMS,2020-01-01,2026-04-03,152031.0,237.0
PAYEMS,2020-01-01,2026-05-08,152031.0,237.0
PAYEMS,2020-01-01,2026-06-05,152031.0,237.0
PAYEMS,2020-01-01,2026-07-02,152031.0,237.0
PAYEMS,2020-02-01,2020-03-06,152544.0,273.0
PAYEMS,2020-02-01,2020-04-03,152487.0,275.0
PAYEMS,2020-02-01,2020-05-08,152442.0,230.0
PAYEMS,2020-02-01,2020-05-11,152463.0,251.0
PAYEMS,2020-02-01,2020-06-05,152463.0,251.0
PAYEMS,2020-02-01,2020-07-02,152463.0,251.0
PAYEMS,2020-02-01,2020-08-07,152463.0,251.0
PAYEMS,2020-02-01,2020-09-04,152463.0,251.0
PAYEMS,2020-02-01,2020-10-02,152463.0,251.0
PAYEMS,2020-02-01,2020-11-06,152463.0,251.0
PAYEMS,2020-02-01,2020-12-04,152463.0,251.0
PAYEMS,2020-02-01,2021-01-08,152463.0,251.0
PAYEMS,2020-02-01,2021-02-05,152523.0,289.0
PAYEMS,2020-02-01,2021-03-05,152523.0,289.0
PAYEMS,2020-02-01,2021-04-02,152523.0,289.0
PAYEMS,2020-02-01,2021-05-07,152523.0,289.0
PAYEMS,2020-02-01,2021-06-04,152523.0,289.0
PAYEMS,2020-02-01,2021-07-02,152523.0,289.0
PAYEMS,2020-02-01,2021-08-06,152523.0,289.0
PAYEMS,2020-02-01,2021-09-03,152523.0,289.0
PAYEMS,2020-02-01,2021-10-08,152523.0,289.0
PAYEMS,2020-02-01,2021-11-05,152523.0,289.0
PAYEMS,2020-02-01,2021-12-03,152523.0,289.0
PAYEMS,2020-02-01,2022-01-07,152523.0,289.0
PAYEMS,2020-02-01,2022-02-04,152504.0,376.0
PAYEMS,2020-02-01,2022-03-04,152504.0,376.0
PAYEMS,2020-02-01,2022-04-01,152504.0,376.0
PAYEMS,2020-02-01,2022-05-06,152504.0,376.0
PAYEMS,2020-02-01,2022-06-03,152504.0,376.0
PAYEMS,2020-02-01,2022-07-08,152504.0,376.0
PAYEMS,2020-02-01,2022-08-05,152504.0,376.0
PAYEMS,2020-02-01,2022-09-02,152504.0,376.0
PAYEMS,2020-02-01,2022-10-07,152504.0,376.0
PAYEMS,2020-02-01,2022-11-04,152504.0,376.0
PAYEMS,2020-02-01,2022-12-02,152504.0,376.0
PAYEMS,2020-02-01,2023-01-06,152504.0,376.0
PAYEMS,2020-02-01,2023-02-03,152371.0,273.0
PAYEMS,2020-02-01,2023-03-10,152371.0,273.0
PAYEMS,2020-02-01,2023-04-07,152371.0,273.0
PAYEMS,2020-02-01,2023-05-05,152371.0,273.0
PAYEMS,2020-02-01,2023-06-02,152371.0,273.0
PAYEMS,2020-02-01,2023-07-07,152371.0,273.0
PAYEMS,2020-02-01,2023-08-04,152371.0,273.0
PAYEMS,2020-02-01,2023-09-01,152371.0,273.0
PAYEMS,2020-02-01,2023-10-06,152371.0,273.0
PAYEMS,2020-02-01,2023-11-03,152371.0,273.0
PAYEMS,2020-02-01,2023-12-08,152371.0,273.0
PAYEMS,2020-02-01,2024-01-05,152371.0,273.0
PAYEMS,2020-02-01,2024-02-02,152309.0,264.0
PAYEMS,2020-02-01,2024-03-08,152309.0,264.0
PAYEMS,2020-02-01,2024-04-05,152309.0,264.0
PAYEMS,2020-02-01,2024-05-03,152309.0,264.0
PAYEMS,2020-02-01,2024-06-07,152309.0,264.0
PAYEMS,2020-02-01,2024-07-05,152309.0,264.0
PAYEMS,2020-02-01,2024-08-02,152309.0,264.0
PAYEMS,2020-02-01,2024-09-06,152309.0,264.0
PAYEMS,2020-02-01,2024-10-04,152309.0,264.0
PAYEMS,2020-02-01,2024-11-01,152309.0,264.0
PAYEMS,2020-02-01,2024-12-06,152309.0,264.0
PAYEMS,2020-02-01,2025-01-10,152309.0,264.0
PAYEMS,2020-02-01,2025-02-07,152292.0,261.0
PAYEMS,2020-02-01,2025-03-07,152292.0,261.0
PAYEMS,2020-02-01,2025-04-04,152292.0,261.0
PAYEMS,2020-02-01,2025-05-02,152292.0,261.0
PAYEMS,2020-02-01,2025-06-06,152292.0,261.0
PAYEMS,2020-02-01,2025-07-03,152292.0,261.0
PAYEMS,2020-02-01,2025-08-01,152292.0,261.0
PAYEMS,2020-02-01,2025-09-05,152292.0,261.0
PAYEMS,2020-02-01,2025-11-20,152292.0,261.0
PAYEMS,2020-02-01,2025-12-16,152292.0,261.0
PAYEMS,2020-02-01,2026-01-09,152292.0,261.0
PAYEMS,2020-02-01,2026-02-11,152293.0,262.0
PAYEMS,2020-02-01,2026-03-06,152293.0,262.0
PAYEMS,2020-02-01,2026-04-03,152293.0,262.0
PAYEMS,2020-02-01,2026-05-08,152293.0,262.0
PAYEMS,2020-02-01,2026-06-05,152293.0,262.0
PAYEMS,2020-02-01,2026-07-02,152293.0,262.0
PAYEMS,2020-03-01,2020-04-03,151786.0,-701.0
PAYEMS,2020-03-01,2020-05-08,151572.0,-870.0
PAYEMS,2020-03-01,2020-05-11,151582.0,-881.0
PAYEMS,2020-03-01,2020-06-05,151090.0,-1373.0
PAYEMS,2020-03-01,2020-07-02,151090.0,-1373.0
PAYEMS,2020-03-01,2020-08-07,151090.0,-1373.0
PAYEMS,2020-03-01,2020-09-04,151090.0,-1373.0
PAYEMS,2020-03-01,2020-10-02,151090.0,-1373.0
PAYEMS,2020-03-01,2020-11-06,151090.0,-1373.0
PAYEMS,2020-03-01,2020-12-04,151090.0,-1373.0
PAYEMS,2020-03-01,2021-01-08,151090.0,-1373.0
PAYEMS,2020-03-01,2021-02-05,150840.0,-1683.0
PAYEMS,2020-03-01,2021-03-05,150840.0,-1683.0
PAYEMS,2020-03-01,2021-04-02,150840.0,-1683.0
PAYEMS,2020-03-01,2021-05-07,150840.0,-1683.0
PAYEMS,2020-03-01,2021-06-04,150840.0,-1683.0
PAYEMS,2020-03-01,2021-07-02,150840.0,-1683.0
PAYEMS,2020-03-01,2021-08-06,150840.0,-1683.0
PAYEMS,2020-03-01,2021-09-03,150840.0,-1683.0
PAYEMS,2020-03-01,2021-10-08,150840.0,-1683.0
PAYEMS,2020-03-01,2021-11-05,150840.0,-1683.0
PAYEMS,2020-03-01,2021-12-03,150840.0,-1683.0
PAYEMS,2020-03-01,2022-01-07,150840.0,-1683.0
PAYEMS,2020-03-01,2022-02-04,151006.0,-1498.0
PAYEMS,2020-03-01,2022-03-04,151006.0,-1498.0
PAYEMS,2020-03-01,2022-04-01,151006.0,-1498.0
PAYEMS,2020-03-01,2022-05-06,151006.0,-1498.0
PAYEMS,2020-03-01,2022-06-03,151006.0,-1498.0
PAYEMS,2020-03-01,2022-07-08,151006.0,-1498.0
PAYEMS,2020-03-01,2022-08-05,151006.0,-1498.0
PAYEMS,2020-03-01,2022-09-02,151006.0,-1498.0
PAYEMS,2020-03-01,2022-10-07,151006.0,-1498.0
PAYEMS,2020-03-01,2022-11-04,151006.0,-1498.0
PAYEMS,2020-03-01,2022-12-02,151006.0,-1498.0
PAYEMS,2020-03-01,2023-01-06,151006.0,-1498.0
PAYEMS,2020-03-01,2023-02-03,150944.0,-1427.0
PAYEMS,2020-03-01,2023-03-10,150944.0,-1427.0
PAYEMS,2020-03-01,2023-04-07,150944.0,-1427.0
PAYEMS,2020-03-01,2023-05-05,150944.0,-1427.0
PAYEMS,2020-03-01,2023-06-02,150944.0,-1427.0
PAYEMS,2020-03-01,2023-07-07,150944.0,-1427.0
PAYEMS,2020-03-01,2023-08-04,150944.0,-1427.0
PAYEMS,2020-03-01,2023-09-01,150944.0,-1427.0
PAYEMS,2020-03-01,2023-10-06,150944.0,-1427.0
PAYEMS,2020-03-01,2023-11-03,150944.0,-1427.0
PAYEMS,2020-03-01,2023-12-08,150944.0,-1427.0
PAYEMS,2020-03-01,2024-01-05,150944.0,-1427.0
PAYEMS,2020-03-01,2024-02-02,150898.0,-1411.0
PAYEMS,2020-03-01,2024-03-08,150898.0,-1411.0
PAYEMS,2020-03-01,2024-04-05,150898.0,-1411.0
PAYEMS,2020-03-01,2024-05-03,150898.0,-1411.0
PAYEMS,2020-03-01,2024-06-07,150898.0,-1411.0
PAYEMS,2020-03-01,2024-07-05,150898.0,-1411.0
PAYEMS,2020-03-01,2024-08-02,150898.0,-1411.0
PAYEMS,2020-03-01,2024-09-06,150898.0,-1411.0
PAYEMS,2020-03-01,2024-10-04,150898.0,-1411.0
PAYEMS,2020-03-01,2024-11-01,150898.0,-1411.0
PAYEMS,2020-03-01,2024-12-06,150898.0,-1411.0
PAYEMS,2020-03-01,2025-01-10,150898.0,-1411.0
PAYEMS,2020-03-01,2025-02-07,150895.0,-1397.0
PAYEMS,2020-03-01,2025-03-07,150895.0,-1397.0
PAYEMS,2020-03-01,2025-04-04,150895.0,-1397.0
PAYEMS,2020-03-01,2025-05-02,150895.0,-1397.0
PAYEMS,2020-03-01,2025-06-06,150895.0,-1397.0
PAYEMS,2020-03-01,2025-07-03,150895.0,-1397.0
PAYEMS,2020-03-01,2025-08-01,150895.0,-1397.0
PAYEMS,2020-03-01,2025-09-05,150895.0,-1397.0
PAYEMS,2020-03-01,2025-11-20,150895.0,-1397.0
PAYEMS,2020-03-01,2025-12-16,150895.0,-1397.0
PAYEMS,2020-03-01,2026-01-09,150895.0,-1397.0
PAYEMS,2020-03-01,2026-02-11,150895.0,-1398.0
PAYEMS,2020-03-01,2026-03-06,150895.0,-1398.0
PAYEMS,2020-03-01,2026-04-03,150895.0,-1398.0
PAYEMS,2020-03-01,2026-05-08,150895.0,-1398.0
PAYEMS,2020-03-01,2026-06-05,150895.0,-1398.0
PAYEMS,2020-03-01,2026-07-02,150895.0,-1398.0
PAYEMS,2020-04-01,2020-05-08,131072.0,-20500.0
PAYEMS,2020-04-01,2020-05-11,131045.0,-20537.0
PAYEMS,2020-04-01,2020-06-05,130403.0,-20687.0
PAYEMS,2020-04-01,2020-07-02,130303.0,-20787.0
PAYEMS,2020-04-01,2020-08-07,130303.0,-20787.0
PAYEMS,2020-04-01,2020-09-04,130303.0,-20787.0
PAYEMS,2020-04-01,2020-10-02,130303.0,-20787.0
PAYEMS,2020-04-01,2020-11-06,130303.0,-20787.0
PAYEMS,2020-04-01,2020-12-04,130303.0,-20787.0
PAYEMS,2020-04-01,2021-01-08,130303.0,-20787.0
PAYEMS,2020-04-01,2021-02-05,130161.0,-20679.0
PAYEMS,2020-04-01,2021-03-05,130161.0,-20679.0
PAYEMS,2020-04-01,2021-04-02,130161.0,-20679.0
PAYEMS,2020-04-01,2021-05-07,130161.0,-20679.0
PAYEMS,2020-04-01,2021-06-04,130161.0,-20679.0
PAYEMS,2020-04-01,2021-07-02,130161.0,-20679.0
PAYEMS,2020-04-01,2021-08-06,130161.0,-20679.0
PAYEMS,2020-04-01,2021-09-03,130161.0,-20679.0
PAYEMS,2020-04-01,2021-10-08,130161.0,-20679.0
PAYEMS,2020-04-01,2021-11-05,130161.0,-20679.0
PAYEMS,2020-04-01,2021-12-03,130161.0,-20679.0
PAYEMS,2020-04-01,2022-01-07,130161.0,-20679.0
PAYEMS,2020-04-01,2022-02-04,130513.0,-20493.0
PAYEMS,2020-04-01,2022-03-04,130513.0,-20493.0
PAYEMS,2020-04-01,2022-04-01,130513.0,-20493.0
PAYEMS,2020-04-01,2022-05-06,130513.0,-20493.0
PAYEMS,2020-04-01,2022-06-03,130513.0,-20493.0
PAYEMS,2020-04-01,2022-07-08,130513.0,-20493.0
PAYEMS,2020-04-01,2022-08-05,130513.0,-20493.0
PAYEMS,2020-04-01,2022-09-02,130513.0,-20493.0
PAYEMS,2020-04-01,2022-10-07,130513.0,-20493.0
PAYEMS,2020-04-01,2022-11-04,130513.0,-20493.0
PAYEMS,2020-04-01,2022-12-02,130513.0,-20493.0
PAYEMS,2020-04-01,2023-01-06,130513.0,-20493.0
PAYEMS,2020-04-01,2023-02-03,130430.0,-20514.0
PAYEMS,2020-04-01,2023-03-10,130430.0,-20514.0
PAYEMS,2020-04-01,2023-04-07,130430.0,-20514.0
PAYEMS,2020-04-01,2023-05-05,130430.0,-20514.0
PAYEMS,2020-04-01,2023-06-02,130430.0,-20514.0
PAYEMS,2020-04-01,2023-07-07,130430.0,-20514.0
PAYEMS,2020-04-01,2023-08-04,130430.0,-20514.0
PAYEMS,2020-04-01,2023-09-01,130430.0,-20514.0
PAYEMS,2020-04-01,2023-10-06,130430.0,-20514.0
PAYEMS,2020-04-01,2023-11-03,130430.0,-20514.0
PAYEMS,2020-04-01,2023-12-08,130430.0,-20514.0
PAYEMS,2020-04-01,2024-01-05,130430.0,-20514.0
PAYEMS,2020-04-01,2024-02-02,130421.0,-20477.0
PAYEMS,2020-04-01,2024-03-08,130421.0,-20477.0
PAYEMS,2020-04-01,2024-04-05,130421.0,-20477.0
PAYEMS,2020-04-01,2024-05-03,130421.0,-20477.0
PAYEMS,2020-04-01,2024-06-07,130421.0,-20477.0
PAYEMS,2020-04-01,2024-07-05,130421.0,-20477.0
PAYEMS,2020-04-01,2024-08-02,130421.0,-20477.0
PAYEMS,2020-04-01,2024-09-06,130421.0,-20477.0
PAYEMS,2020-04-01,2024-10-04,130421.0,-20477.0
PAYEMS,2020-04-01,2024-11-01,130421.0,-20477.0
PAYEMS,2020-04-01,2024-12-06,130421.0,-20477.0
PAYEMS,2020-04-01,2025-01-10,130421.0,-20477.0
PAYEMS,2020-04-01,2025-02-07,130424.0,-20471.0
PAYEMS,2020-04-01,2025-03-07,130424.0,-20471.0
PAYEMS,2020-04-01,2025-04-04,130424.0,-20471.0
PAYEMS,2020-04-01,2025-05-02,130424.0,-20471.0
PAYEMS,2020-04-01,2025-06-06,130424.0,-20471.0
PAYEMS,2020-04-01,2025-07-03,130424.0,-20471.0
PAYEMS,2020-04-01,2025-08-01,130424.0,-20471.0
PAYEMS,2020-04-01,2025-09-05,130424.0,-20471.0
PAYEMS,2020-04-01,2025-11-20,130424.0,-20471.0
PAYEMS,2020-04-01,2025-12-16,130424.0,-20471.0
PAYEMS,2020-04-01,2026-01-09,130424.0,-20471.0
PAYEMS,2020-04-01,2026-02-11,130426.0,-20469.0
PAYEMS,2020-04-01,2026-03-06,130426.0,-20469.0
PAYEMS,2020-04-01,2026-04-03,130426.0,-20469.0
PAYEMS,2020-04-01,2026-05-08,130426.0,-20469.0
PAYEMS,2020-04-01,2026-06-05,130426.0,-20469.0
PAYEMS,2020-04-01,2026-07-02,130426.0,-20469.0
PAYEMS,2020-05-01,2020-06-05,132912.0,2509.0
PAYEMS,2020-05-01,2020-07-02,133002.0,2699.0
PAYEMS,2020-05-01,2020-08-07,133028.0,2725.0
PAYEMS,2020-05-01,2020-09-04,133028.0,2725.0
PAYEMS,2020-05-01,2020-10-02,133028.0,2725.0
PAYEMS,2020-05-01,2020-11-06,133028.0,2725.0
PAYEMS,2020-05-01,2020-12-04,133028.0,2725.0
PAYEMS,2020-05-01,2021-01-08,133028.0,2725.0
PAYEMS,2020-05-01,2021-02-05,132994.0,2833.0
PAYEMS,2020-05-01,2021-03-05,132994.0,2833.0
PAYEMS,2020-05-01,2021-04-02,132994.0,2833.0
PAYEMS,2020-05-01,2021-05-07,132994.0,2833.0
PAYEMS,2020-05-01,2021-06-04,132994.0,2833.0
PAYEMS,2020-05-01,2021-07-02,132994.0,2833.0
PAYEMS,2020-05-01,2021-08-06,132994.0,2833.0
PAYEMS,2020-05-01,2021-09-03,132994.0,2833.0
PAYEMS,2020-05-01,2021-10-08,132994.0,2833.0
PAYEMS,2020-05-01,2021-11-05,132994.0,2833.0
PAYEMS,2020-05-01,2021-12-03,132994.0,2833.0
PAYEMS,2020-05-01,2022-01-07,132994.0,2833.0
PAYEMS,2020-05-01,2022-02-04,133155.0,2642.0
PAYEMS,2020-05-01,2022-03-04,133155.0,2642.0
PAYEMS,2020-05-01,2022-04-01,133155.0,2642.0
PAYEMS,2020-05-01,2022-05-06,133155.0,2642.0
PAYEMS,2020-05-01,2022-06-03,133155.0,2642.0
PAYEMS,2020-05-01,2022-07-08,133155.0,2642.0
PAYEMS,2020-05-01,2022-08-05,133155.0,2642.0
PAYEMS,2020-05-01,2022-09-02,133155.0,2642.0
PAYEMS,2020-05-01,2022-10-07,133155.0,2642.0
PAYEMS,2020-05-01,2022-11-04,133155.0,2642.0
PAYEMS,2020-05-01,2022-12-02,133155.0,2642.0
PAYEMS,2020-05-01,2023-01-06,133155.0,2642.0
PAYEMS,2020-05-01,2023-02-03,133055.0,2625.0
PAYEMS,2020-05-01,2023-03-10,133055.0,2625.0
PAYEMS,2020-05-01,2023-04-07,133055.0,2625.0
PAYEMS,2020-05-01,2023-05-05,133055.0,2625.0
PAYEMS,2020-05-01,2023-06-02,133055.0,2625.0
PAYEMS,2020-05-01,2023-07-07,133055.0,2625.0
PAYEMS,2020-05-01,2023-08-04,133055.0,2625.0
PAYEMS,2020-05-01,2023-09-01,133055.0,2625.0
PAYEMS,2020-05-01,2023-10-06,133055.0,2625.0
PAYEMS,2020-05-01,2023-11-03,133055.0,2625.0
PAYEMS,2020-05-01,2023-12-08,133055.0,2625.0
PAYEMS,2020-05-01,2024-01-05,133055.0,2625.0
PAYEMS,2020-05-01,2024-02-02,133040.0,2619.0
PAYEMS,2020-05-01,2024-03-08,133040.0,2619.0
PAYEMS,2020-05-01,2024-04-05,133040.0,2619.0
PAYEMS,2020-05-01,2024-05-03,133040.0,2619.0
PAYEMS,2020-05-01,2024-06-07,133040.0,2619.0
PAYEMS,2020-05-01,2024-07-05,133040.0,2619.0
PAYEMS,2020-05-01,2024-08-02,133040.0,2619.0
PAYEMS,2020-05-01,2024-09-06,133040.0,2619.0
PAYEMS,2020-05-01,2024-10-04,133040.0,2619.0
PAYEMS,2020-05-01,2024-11-01,133040.0,2619.0
PAYEMS,2020-05-01,2024-12-06,133040.0,2619.0
PAYEMS,2020-05-01,2025-01-10,133040.0,2619.0
PAYEMS,2020-05-01,2025-02-07,133040.0,2616.0
PAYEMS,2020-05-01,2025-03-07,133040.0,2616.0
PAYEMS,2020-05-01,2025-04-04,133040.0,2616.0
PAYEMS,2020-05-01,2025-05-02,133040.0,2616.0
PAYEMS,2020-05-01,2025-06-06,133040.0,2616.0
PAYEMS,2020-05-01,2025-07-03,133040.0,2616.0
PAYEMS,2020-05-01,2025-08-01,133040.0,2616.0
PAYEMS,2020-05-01,2025-09-05,133040.0,2616.0
PAYEMS,2020-05-01,2025-11-20,133040.0,2616.0
PAYEMS,2020-05-01,2025-12-16,133040.0,2616.0
PAYEMS,2020-05-01,2026-01-09,133040.0,2616.0
PAYEMS,2020-05-01,2026-02-11,133040.0,2614.0
PAYEMS,2020-05-01,2026-03-06,133040.0,2614.0
PAYEMS,2020-05-01,2026-04-03,133040.0,2614.0
PAYEMS,2020-05-01,2026-05-08,133040.0,2614.0
PAYEMS,2020-05-01,2026-06-05,133040.0,2614.0
PAYEMS,2020-05-01,2026-07-02,133040.0,2614.0
PAYEMS,2020-06-01,2020-07-02,137802.0,4800.0
PAYEMS,2020-06-01,2020-08-07,137819.0,4791.0
PAYEMS,2020-06-01,2020-09-04,137809.0,4781.0
PAYEMS,2020-06-01,2020-10-02,137809.0,4781.0
PAYEMS,2020-06-01,2020-11-06,137809.0,4781.0
PAYEMS,2020-06-01,2020-12-04,137809.0,4781.0
PAYEMS,2020-06-01,2021-01-08,137809.0,4781.0
PAYEMS,2020-06-01,2021-02-05,137840.0,4846.0
PAYEMS,2020-06-01,2021-03-05,137840.0,4846.0
PAYEMS,2020-06-01,2021-04-02,137840.0,4846.0
PAYEMS,2020-06-01,2021-05-07,137840.0,4846.0
PAYEMS,2020-06-01,2021-06-04,137840.0,4846.0
PAYEMS,2020-06-01,2021-07-02,137840.0,4846.0
PAYEMS,2020-06-01,2021-08-06,137840.0,4846.0
PAYEMS,2020-06-01,2021-09-03,137840.0,4846.0
PAYEMS,2020-06-01,2021-10-08,137840.0,4846.0
PAYEMS,2020-06-01,2021-11-05,137840.0,4846.0
PAYEMS,2020-06-01,2021-12-03,137840.0,4846.0
PAYEMS,2020-06-01,2022-01-07,137840.0,4846.0
PAYEMS,2020-06-01,2022-02-04,137660.0,4505.0
PAYEMS,2020-06-01,2022-03-04,137660.0,4505.0
PAYEMS,2020-06-01,2022-04-01,137660.0,4505.0
PAYEMS,2020-06-01,2022-05-06,137660.0,4505.0
PAYEMS,2020-06-01,2022-06-03,137660.0,4505.0
PAYEMS,2020-06-01,2022-07-08,137660.0,4505.0
PAYEMS,2020-06-01,2022-08-05,137660.0,4505.0
PAYEMS,2020-06-01,2022-09-02,137660.0,4505.0
PAYEMS,2020-06-01,2022-10-07,137660.0,4505.0
PAYEMS,2020-06-01,2022-11-04,137660.0,4505.0
PAYEMS,2020-06-01,2022-12-02,137660.0,4505.0
PAYEMS,2020-06-01,2023-01-06,137660.0,4505.0
PAYEMS,2020-06-01,2023-02-03,137620.0,4565.0
PAYEMS,2020-06-01,2023-03-10,137620.0,4565.0
PAYEMS,2020-06-01,2023-04-07,137620.0,4565.0
PAYEMS,2020-06-01,2023-05-05,137620.0,4565.0
PAYEMS,2020-06-01,2023-06-02,137620.0,4565.0
PAYEMS,2020-06-01,2023-07-07,137620.0,4565.0
PAYEMS,2020-06-01,2023-08-04,137620.0,4565.0
PAYEMS,2020-06-01,2023-09-01,137620.0,4565.0
PAYEMS,2020-06-01,2023-10-06,137620.0,4565.0
PAYEMS,2020-06-01,2023-11-03,137620.0,4565.0
PAYEMS,2020-06-01,2023-12-08,137620.0,4565.0
PAYEMS,2020-06-01,2024-01-05,137620.0,4565.0
PAYEMS,2020-06-01,2024-02-02,137655.0,4615.0
PAYEMS,2020-06-01,2024-03-08,137655.0,4615.0
PAYEMS,2020-06-01,2024-04-05,137655.0,4615.0
PAYEMS,2020-06-01,2024-05-03,137655.0,4615.0
PAYEMS,2020-06-01,2024-06-07,137655.0,4615.0
PAYEMS,2020-06-01,2024-07-05,137655.0,4615.0
PAYEMS,2020-06-01,2024-08-02,137655.0,4615.0
PAYEMS,2020-06-01,2024-09-06,137655.0,4615.0
PAYEMS,2020-06-01,2024-10-04,137655.0,4615.0
PAYEMS,2020-06-01,2024-11-01,137655.0,4615.0
PAYEMS,2020-06-01,2024-12-06,137655.0,4615.0
PAYEMS,2020-06-01,2025-01-10,137655.0,4615.0
PAYEMS,2020-06-01,2025-02-07,137671.0,4631.0
PAYEMS,2020-06-01,2025-03-07,137671.0,4631.0
PAYEMS,2020-06-01,2025-04-04,137671.0,4631.0
PAYEMS,2020-06-01,2025-05-02,137671.0,4631.0
PAYEMS,2020-06-01,2025-06-06,137671.0,4631.0
PAYEMS,2020-06-01,2025-07-03,137671.0,4631.0
PAYEMS,2020-06-01,2025-08-01,137671.0,4631.0
PAYEMS,2020-06-01,2025-09-05,137671.0,4631.0
PAYEMS,2020-06-01,2025-11-20,137671.0,4631.0
PAYEMS,2020-06-01,2025-12-16,137671.0,4631.0
PAYEMS,2020-06-01,2026-01-09,137671.0,4631.0
PAYEMS,2020-06-01,2026-02-11,137671.0,4631.0
PAYEMS,2020-06-01,2026-03-06,137671.0,4631.0
PAYEMS,2020-06-01,2026-04-03,137671.0,4631.0
PAYEMS,2020-06-01,2026-05-08,137671.0,4631.0
PAYEMS,2020-06-01,2026-06-05,137671.0,4631.0
PAYEMS,2020-06-01,2026-07-02,137671.0,4631.0
PAYEMS,2020-07-01,2020-08-07,139582.0,1763.0
PAYEMS,2020-07-01,2020-09-04,139543.0,1734.0
PAYEMS,2020-07-01,2020-10-02,139570.0,1761.0
PAYEMS,2020-07-01,2020-11-06,139570.0,1761.0
PAYEMS,2020-07-01,2020-12-04,139570.0,1761.0
PAYEMS,2020-07-01,2021-01-08,139570.0,1761.0
PAYEMS,2020-07-01,2021-02-05,139566.0,1726.0
PAYEMS,2020-07-01,2021-03-05,139566.0,1726.0
PAYEMS,2020-07-01,2021-04-02,139566.0,1726.0
PAYEMS,2020-07-01,2021-05-07,139566.0,1726.0
PAYEMS,2020-07-01,2021-06-04,139566.0,1726.0
PAYEMS,2020-07-01,2021-07-02,139566.0,1726.0
PAYEMS,2020-07-01,2021-08-06,139566.0,1726.0
PAYEMS,2020-07-01,2021-09-03,139566.0,1726.0
PAYEMS,2020-07-01,2021-10-08,139566.0,1726.0
PAYEMS,2020-07-01,2021-11-05,139566.0,1726.0
PAYEMS,2020-07-01,2021-12-03,139566.0,1726.0
PAYEMS,2020-07-01,2022-01-07,139566.0,1726.0
PAYEMS,2020-07-01,2022-02-04,139048.0,1388.0
PAYEMS,2020-07-01,2022-03-04,139048.0,1388.0
PAYEMS,2020-07-01,2022-04-01,139048.0,1388.0
PAYEMS,2020-07-01,2022-05-06,139048.0,1388.0
PAYEMS,2020-07-01,2022-06-03,139048.0,1388.0
PAYEMS,2020-07-01,2022-07-08,139048.0,1388.0
PAYEMS,2020-07-01,2022-08-05,139048.0,1388.0
PAYEMS,2020-07-01,2022-09-02,139048.0,1388.0
PAYEMS,2020-07-01,2022-10-07,139048.0,1388.0
PAYEMS,2020-07-01,2022-11-04,139048.0,1388.0
PAYEMS,2020-07-01,2022-12-02,139048.0,1388.0
PAYEMS,2020-07-01,2023-01-06,139048.0,1388.0
PAYEMS,2020-07-01,2023-02-03,139064.0,1444.0
PAYEMS,2020-07-01,2023-03-10,139064.0,1444.0
PAYEMS,2020-07-01,2023-04-07,139064.0,1444.0
PAYEMS,2020-07-01,2023-05-05,139064.0,1444.0
PAYEMS,2020-07-01,2023-06-02,139064.0,1444.0
PAYEMS,2020-07-01,2023-07-07,139064.0,1444.0
PAYEMS,2020-07-01,2023-08-04,139064.0,1444.0
PAYEMS,2020-07-01,2023-09-01,139064.0,1444.0
PAYEMS,2020-07-01,2023-10-06,139064.0,1444.0
PAYEMS,2020-07-01,2023-11-03,139064.0,1444.0
PAYEMS,2020-07-01,2023-12-08,139064.0,1444.0
PAYEMS,2020-07-01,2024-01-05,139064.0,1444.0
PAYEMS,2020-07-01,2024-02-02,139240.0,1585.0
PAYEMS,2020-07-01,2024-03-08,139240.0,1585.0
PAYEMS,2020-07-01,2024-04-05,139240.0,1585.0
PAYEMS,2020-07-01,2024-05-03,139240.0,1585.0
PAYEMS,2020-07-01,2024-06-07,139240.0,1585.0
PAYEMS,2020-07-01,2024-07-05,139240.0,1585.0
PAYEMS,2020-07-01,2024-08-02,139240.0,1585.0
PAYEMS,2020-07-01,2024-09-06,139240.0,1585.0
PAYEMS,2020-07-01,2024-10-04,139240.0,1585.0
PAYEMS,2020-07-01,2024-11-01,139240.0,1585.0
PAYEMS,2020-07-01,2024-12-06,139240.0,1585.0
PAYEMS,2020-07-01,2025-01-10,139240.0,1585.0
PAYEMS,2020-07-01,2025-02-07,139255.0,1584.0
PAYEMS,2020-07-01,2025-03-07,139255.0,1584.0
PAYEMS,2020-07-01,2025-04-04,139255.0,1584.0
PAYEMS,2020-07-01,2025-05-02,139255.0,1584.0
PAYEMS,2020-07-01,2025-06-06,139255.0,1584.0
PAYEMS,2020-07-01,2025-07-03,139255.0,1584.0
PAYEMS,2020-07-01,2025-08-01,139255.0,1584.0
PAYEMS,2020-07-01,2025-09-05,139255.0,1584.0
PAYEMS,2020-07-01,2025-11-20,139255.0,1584.0
PAYEMS,2020-07-01,2025-12-16,139255.0,1584.0
PAYEMS,2020-07-01,2026-01-09,139255.0,1584.0
PAYEMS,2020-07-01,2026-02-11,139255.0,1584.0
PAYEMS,2020-07-01,2026-03-06,139255.0,1584.0
PAYEMS,2020-07-01,2026-04-03,139255.0,1584.0
PAYEMS,2020-07-01,2026-05-08,139255.0,1584.0
PAYEMS,2020-07-01,2026-06-05,139255.0,1584.0
PAYEMS,2020-07-01,2026-07-02,139255.0,1584.0
PAYEMS,2020-08-01,2020-09-04,140914.0,1371.0
PAYEMS,2020-08-01,2020-10-02,141059.0,1489.0
PAYEMS,2020-08-01,2020-11-06,141063.0,1493.0
PAYEMS,2020-08-01,2020-12-04,141063.0,1493.0
PAYEMS,2020-08-01,2021-01-08,141063.0,1493.0
PAYEMS,2020-08-01,2021-02-05,141149.0,1583.0
PAYEMS,2020-08-01,2021-03-05,141149.0,1583.0
PAYEMS,2020-08-01,2021-04-02,141149.0,1583.0
PAYEMS,2020-08-01,2021-05-07,141149.0,1583.0
PAYEMS,2020-08-01,2021-06-04,141149.0,1583.0
PAYEMS,2020-08-01,2021-07-02,141149.0,1583.0
PAYEMS,2020-08-01,2021-08-06,141149.0,1583.0
PAYEMS,2020-08-01,2021-09-03,141149.0,1583.0
PAYEMS,2020-08-01,2021-10-08,141149.0,1583.0
PAYEMS,2020-08-01,2021-11-05,141149.0,1583.0
PAYEMS,2020-08-01,2021-12-03,141149.0,1583.0
PAYEMS,2020-08-01,2022-01-07,141149.0,1583.0
PAYEMS,2020-08-01,2022-02-04,140713.0,1665.0
PAYEMS,2020-08-01,2022-03-04,140713.0,1665.0
PAYEMS,2020-08-01,2022-04-01,140713.0,1665.0
PAYEMS,2020-08-01,2022-05-06,140713.0,1665.0
PAYEMS,2020-08-01,2022-06-03,140713.0,1665.0
PAYEMS,2020-08-01,2022-07-08,140713.0,1665.0
PAYEMS,2020-08-01,2022-08-05,140713.0,1665.0
PAYEMS,2020-08-01,2022-09-02,140713.0,1665.0
PAYEMS,2020-08-01,2022-10-07,140713.0,1665.0
PAYEMS,2020-08-01,2022-11-04,140713.0,1665.0
PAYEMS,2020-08-01,2022-12-02,140713.0,1665.0
PAYEMS,2020-08-01,2023-01-06,140713.0,1665.0
PAYEMS,2020-08-01,2023-02-03,140799.0,1735.0
PAYEMS,2020-08-01,2023-03-10,140799.0,1735.0
PAYEMS,2020-08-01,2023-04-07,140799.0,1735.0
PAYEMS,2020-08-01,2023-05-05,140799.0,1735.0
PAYEMS,2020-08-01,2023-06-02,140799.0,1735.0
PAYEMS,2020-08-01,2023-07-07,140799.0,1735.0
PAYEMS,2020-08-01,2023-08-04,140799.0,1735.0
PAYEMS,2020-08-01,2023-09-01,140799.0,1735.0
PAYEMS,2020-08-01,2023-10-06,140799.0,1735.0
PAYEMS,2020-08-01,2023-11-03,140799.0,1735.0
PAYEMS,2020-08-01,2023-12-08,140799.0,1735.0
PAYEMS,2020-08-01,2024-01-05,140799.0,1735.0
PAYEMS,2020-08-01,2024-02-02,140774.0,1534.0
PAYEMS,2020-08-01,2024-03-08,140774.0,1534.0
PAYEMS,2020-08-01,2024-04-05,140774.0,1534.0
PAYEMS,2020-08-01,2024-05-03,140774.0,1534.0
PAYEMS,2020-08-01,2024-06-07,140774.0,1534.0
PAYEMS,2020-08-01,2024-07-05,140774.0,1534.0
PAYEMS,2020-08-01,2024-08-02,140774.0,1534.0
PAYEMS,2020-08-01,2024-09-06,140774.0,1534.0
PAYEMS,2020-08-01,2024-10-04,140774.0,1534.0
PAYEMS,2020-08-01,2024-11-01,140774.0,1534.0
PAYEMS,2020-08-01,2024-12-06,140774.0,1534.0
PAYEMS,2020-08-01,2025-01-10,140774.0,1534.0
PAYEMS,2020-08-01,2025-02-07,140819.0,1564.0
PAYEMS,2020-08-01,2025-03-07,140819.0,1564.0
PAYEMS,2020-08-01,2025-04-04,140819.0,1564.0
PAYEMS,2020-08-01,2025-05-02,140819.0,1564.0
PAYEMS,2020-08-01,2025-06-06,140819.0,1564.0
PAYEMS,2020-08-01,2025-07-03,140819.0,1564.0
PAYEMS,2020-08-01,2025-08-01,140819.0,1564.0
PAYEMS,2020-08-01,2025-09-05,140819.0,1564.0
PAYEMS,2020-08-01,2025-11-20,140819.0,1564.0
PAYEMS,2020-08-01,2025-12-16,140819.0,1564.0
PAYEMS,2020-08-01,2026-01-09,140819.0,1564.0
PAYEMS,2020-08-01,2026-02-11,140821.0,1566.0
PAYEMS,2020-08-01,2026-03-06,140821.0,1566.0
PAYEMS,2020-08-01,2026-04-03,140821.0,1566.0
PAYEMS,2020-08-01,2026-05-08,140821.0,1566.0
PAYEMS,2020-08-01,2026-06-05,140821.0,1566.0
PAYEMS,2020-08-01,2026-07-02,140821.0,1566.0
PAYEMS,2020-09-01,2020-10-02,141720.0,661.0
PAYEMS,2020-09-01,2020-11-06,141735.0,672.0
PAYEMS,2020-09-01,2020-12-04,141774.0,711.0
PAYEMS,2020-09-01,2021-01-08,141774.0,711.0
PAYEMS,2020-09-01,2021-02-05,141865.0,716.0
PAYEMS,2020-09-01,2021-03-05,141865.0,716.0
PAYEMS,2020-09-01,2021-04-02,141865.0,716.0
PAYEMS,2020-09-01,2021-05-07,141865.0,716.0
PAYEMS,2020-09-01,2021-06-04,141865.0,716.0
PAYEMS,2020-09-01,2021-07-02,141865.0,716.0
PAYEMS,2020-09-01,2021-08-06,141865.0,716.0
PAYEMS,2020-09-01,2021-09-03,141865.0,716.0
PAYEMS,2020-09-01,2021-10-08,141865.0,716.0
PAYEMS,2020-09-01,2021-11-05,141865.0,716.0
PAYEMS,2020-09-01,2021-12-03,141865.0,716.0
PAYEMS,2020-09-01,2022-01-07,141865.0,716.0
PAYEMS,2020-09-01,2022-02-04,141632.0,919.0
PAYEMS,2020-09-01,2022-03-04,141632.0,919.0
PAYEMS,2020-09-01,2022-04-01,141632.0,919.0
PAYEMS,2020-09-01,2022-05-06,141632.0,919.0
PAYEMS,2020-09-01,2022-06-03,141632.0,919.0
PAYEMS,2020-09-01,2022-07-08,141632.0,919.0
PAYEMS,2020-09-01,2022-08-05,141632.0,919.0
PAYEMS,2020-09-01,2022-09-02,141632.0,919.0
PAYEMS,2020-09-01,2022-10-07,141632.0,919.0
PAYEMS,2020-09-01,2022-11-04,141632.0,919.0
PAYEMS,2020-09-01,2022-12-02,141632.0,919.0
PAYEMS,2020-09-01,2023-01-06,141632.0,919.0
PAYEMS,2020-09-01,2023-02-03,141760.0,961.0
PAYEMS,2020-09-01,2023-03-10,141760.0,961.0
PAYEMS,2020-09-01,2023-04-07,141760.0,961.0
PAYEMS,2020-09-01,2023-05-05,141760.0,961.0
PAYEMS,2020-09-01,2023-06-02,141760.0,961.0
PAYEMS,2020-09-01,2023-07-07,141760.0,961.0
PAYEMS,2020-09-01,2023-08-04,141760.0,961.0
PAYEMS,2020-09-01,2023-09-01,141760.0,961.0
PAYEMS,2020-09-01,2023-10-06,141760.0,961.0
PAYEMS,2020-09-01,2023-11-03,141760.0,961.0
PAYEMS,2020-09-01,2023-12-08,141760.0,961.0
PAYEMS,2020-09-01,2024-01-05,141760.0,961.0
PAYEMS,2020-09-01,2024-02-02,141820.0,1046.0
PAYEMS,2020-09-01,2024-03-08,141820.0,1046.0
PAYEMS,2020-09-01,2024-04-05,141820.0,1046.0
PAYEMS,2020-09-01,2024-05-03,141820.0,1046.0
PAYEMS,2020-09-01,2024-06-07,141820.0,1046.0
PAYEMS,2020-09-01,2024-07-05,141820.0,1046.0
PAYEMS,2020-09-01,2024-08-02,141820.0,1046.0
PAYEMS,2020-09-01,2024-09-06,141820.0,1046.0
PAYEMS,2020-09-01,2024-10-04,141820.0,1046.0
PAYEMS,2020-09-01,2024-11-01,141820.0,1046.0
PAYEMS,2020-09-01,2024-12-06,141820.0,1046.0
PAYEMS,2020-09-01,2025-01-10,141820.0,1046.0
PAYEMS,2020-09-01,2025-02-07,141770.0,951.0
PAYEMS,2020-09-01,2025-03-07,141770.0,951.0
PAYEMS,2020-09-01,2025-04-04,141770.0,951.0
PAYEMS,2020-09-01,2025-05-02,141770.0,951.0
PAYEMS,2020-09-01,2025-06-06,141770.0,951.0
PAYEMS,2020-09-01,2025-07-03,141770.0,951.0
PAYEMS,2020-09-01,2025-08-01,141770.0,951.0
PAYEMS,2020-09-01,2025-09-05,141770.0,951.0
PAYEMS,2020-09-01,2025-11-20,141770.0,951.0
PAYEMS,2020-09-01,2025-12-16,141770.0,951.0
PAYEMS,2020-09-01,2026-01-09,141770.0,951.0
PAYEMS,2020-09-01,2026-02-11,141770.0,949.0
PAYEMS,2020-09-01,2026-03-06,141770.0,949.0
PAYEMS,2020-09-01,2026-04-03,141770.0,949.0
PAYEMS,2020-09-01,2026-05-08,141770.0,949.0
PAYEMS,2020-09-01,2026-06-05,141770.0,949.0
PAYEMS,2020-09-01,2026-07-02,141770.0,949.0
PAYEMS,2020-10-01,2020-11-06,142373.0,638.0
PAYEMS,2020-10-01,2020-12-04,142384.0,610.0
PAYEMS,2020-10-01,2021-01-08,142428.0,654.0
PAYEMS,2020-10-01,2021-02-05,142545.0,680.0
PAYEMS,2020-10-01,2021-03-05,142545.0,680.0
PAYEMS,2020-10-01,2021-04-02,142545.0,680.0
PAYEMS,2020-10-01,2021-05-07,142545.0,680.0
PAYEMS,2020-10-01,2021-06-04,142545.0,680.0
PAYEMS,2020-10-01,2021-07-02,142545.0,680.0
PAYEMS,2020-10-01,2021-08-06,142545.0,680.0
PAYEMS,2020-10-01,2021-09-03,142545.0,680.0
PAYEMS,2020-10-01,2021-10-08,142545.0,680.0
PAYEMS,2020-10-01,2021-11-05,142545.0,680.0
PAYEMS,2020-10-01,2021-12-03,142545.0,680.0
PAYEMS,2020-10-01,2022-01-07,142545.0,680.0
PAYEMS,2020-10-01,2022-02-04,142279.0,647.0
PAYEMS,2020-10-01,2022-03-04,142279.0,647.0
PAYEMS,2020-10-01,2022-04-01,142279.0,647.0
PAYEMS,2020-10-01,2022-05-06,142279.0,647.0
PAYEMS,2020-10-01,2022-06-03,142279.0,647.0
PAYEMS,2020-10-01,2022-07-08,142279.0,647.0
PAYEMS,2020-10-01,2022-08-05,142279.0,647.0
PAYEMS,2020-10-01,2022-09-02,142279.0,647.0
PAYEMS,2020-10-01,2022-10-07,142279.0,647.0
PAYEMS,2020-10-01,2022-11-04,142279.0,647.0
PAYEMS,2020-10-01,2022-12-02,142279.0,647.0
PAYEMS,2020-10-01,2023-01-06,142279.0,647.0
PAYEMS,2020-10-01,2023-02-03,142479.0,719.0
PAYEMS,2020-10-01,2023-03-10,142479.0,719.0
PAYEMS,2020-10-01,2023-04-07,142479.0,719.0
PAYEMS,2020-10-01,2023-05-05,142479.0,719.0
PAYEMS,2020-10-01,2023-06-02,142479.0,719.0
PAYEMS,2020-10-01,2023-07-07,142479.0,719.0
PAYEMS,2020-10-01,2023-08-04,142479.0,719.0
PAYEMS,2020-10-01,2023-09-01,142479.0,719.0
PAYEMS,2020-10-01,2023-10-06,142479.0,719.0
PAYEMS,2020-10-01,2023-11-03,142479.0,719.0
PAYEMS,2020-10-01,2023-12-08,142479.0,719.0
PAYEMS,2020-10-01,2024-01-05,142479.0,719.0
PAYEMS,2020-10-01,2024-02-02,142493.0,673.0
PAYEMS,2020-10-01,2024-03-08,142493.0,673.0
PAYEMS,2020-10-01,2024-04-05,142493.0,673.0
PAYEMS,2020-10-01,2024-05-03,142493.0,673.0
PAYEMS,2020-10-01,2024-06-07,142493.0,673.0
PAYEMS,2020-10-01,2024-07-05,142493.0,673.0
PAYEMS,2020-10-01,2024-08-02,142493.0,673.0
PAYEMS,2020-10-01,2024-09-06,142493.0,673.0
PAYEMS,2020-10-01,2024-10-04,142493.0,673.0
PAYEMS,2020-10-01,2024-11-01,142493.0,673.0
PAYEMS,2020-10-01,2024-12-06,142493.0,673.0
PAYEMS,2020-10-01,2025-01-10,142493.0,673.0
PAYEMS,2020-10-01,2025-02-07,142461.0,691.0
PAYEMS,2020-10-01,2025-03-07,142461.0,691.0
PAYEMS,2020-10-01,2025-04-04,142461.0,691.0
PAYEMS,2020-10-01,2025-05-02,142461.0,691.0
PAYEMS,2020-10-01,2025-06-06,142461.0,691.0
PAYEMS,2020-10-01,2025-07-03,142461.0,691.0
PAYEMS,2020-10-01,2025-08-01,142461.0,691.0
PAYEMS,2020-10-01,2025-09-05,142461.0,691.0
PAYEMS,2020-10-01,2025-11-20,142461.0,691.0
PAYEMS,2020-10-01,2025-12-16,142461.0,691.0
PAYEMS,2020-10-01,2026-01-09,142461.0,691.0
PAYEMS,2020-10-01,2026-02-11,142460.0,690.0
PAYEMS,2020-10-01,2026-03-06,142460.0,690.0
PAYEMS,2020-10-01,2026-04-03,142460.0,690.0
PAYEMS,2020-10-01,2026-05-08,142460.0,690.0
PAYEMS,2020-10-01,2026-06-05,142460.0,690.0
PAYEMS,2020-10-01,2026-07-02,142460.0,690.0
PAYEMS,2020-11-01,2020-12-04,142629.0,245.0
PAYEMS,2020-11-01,2021-01-08,142764.0,336.0
PAYEMS,2020-11-01,2021-02-05,142809.0,264.0
PAYEMS,2020-11-01,2021-03-05,142809.0,264.0
PAYEMS,2020-11-01,2021-04-02,142809.0,264.0
PAYEMS,2020-11-01,2021-05-07,142809.0,264.0
PAYEMS,2020-11-01,2021-06-04,142809.0,264.0
PAYEMS,2020-11-01,2021-07-02,142809.0,264.0
PAYEMS,2020-11-01,2021-08-06,142809.0,264.0
PAYEMS,2020-11-01,2021-09-03,142809.0,264.0
PAYEMS,2020-11-01,2021-10-08,142809.0,264.0
PAYEMS,2020-11-01,2021-11-05,142809.0,264.0
PAYEMS,2020-11-01,2021-12-03,142809.0,264.0
PAYEMS,2020-11-01,2022-01-07,142809.0,264.0
PAYEMS,2020-11-01,2022-02-04,142612.0,333.0
PAYEMS,2020-11-01,2022-03-04,142612.0,333.0
PAYEMS,2020-11-01,2022-04-01,142612.0,333.0
PAYEMS,2020-11-01,2022-05-06,142612.0,333.0
PAYEMS,2020-11-01,2022-06-03,142612.0,333.0
PAYEMS,2020-11-01,2022-07-08,142612.0,333.0
PAYEMS,2020-11-01,2022-08-05,142612.0,333.0
PAYEMS,2020-11-01,2022-09-02,142612.0,333.0
PAYEMS,2020-11-01,2022-10-07,142612.0,333.0
PAYEMS,2020-11-01,2022-11-04,142612.0,333.0
PAYEMS,2020-11-01,2022-12-02,142612.0,333.0
PAYEMS,2020-11-01,2023-01-06,142612.0,333.0
PAYEMS,2020-11-01,2023-02-03,142743.0,264.0
PAYEMS,2020-11-01,2023-03-10,142743.0,264.0
PAYEMS,2020-11-01,2023-04-07,142743.0,264.0
PAYEMS,2020-11-01,2023-05-05,142743.0,264.0
PAYEMS,2020-11-01,2023-06-02,142743.0,264.0
PAYEMS,2020-11-01,2023-07-07,142743.0,264.0
PAYEMS,2020-11-01,2023-08-04,142743.0,264.0
PAYEMS,2020-11-01,2023-09-01,142743.0,264.0
PAYEMS,2020-11-01,2023-10-06,142743.0,264.0
PAYEMS,2020-11-01,2023-11-03,142743.0,264.0
PAYEMS,2020-11-01,2023-12-08,142743.0,264.0
PAYEMS,2020-11-01,2024-01-05,142743.0,264.0
PAYEMS,2020-11-01,2024-02-02,142761.0,268.0
PAYEMS,2020-11-01,2024-03-08,142761.0,268.0
PAYEMS,2020-11-01,2024-04-05,142761.0,268.0
PAYEMS,2020-11-01,2024-05-03,142761.0,268.0
PAYEMS,2020-11-01,2024-06-07,142761.0,268.0
PAYEMS,2020-11-01,2024-07-05,142761.0,268.0
PAYEMS,2020-11-01,2024-08-02,142761.0,268.0
PAYEMS,2020-11-01,2024-09-06,142761.0,268.0
PAYEMS,2020-11-01,2024-10-04,142761.0,268.0
PAYEMS,2020-11-01,2024-11-01,142761.0,268.0
PAYEMS,2020-11-01,2024-12-06,142761.0,268.0
PAYEMS,2020-11-01,2025-01-10,142761.0,268.0
PAYEMS,2020-11-01,2025-02-07,142731.0,270.0
PAYEMS,2020-11-01,2025-03-07,142731.0,270.0
PAYEMS,2020-11-01,2025-04-04,142731.0,270.0
PAYEMS,2020-11-01,2025-05-02,142731.0,270.0
PAYEMS,2020-11-01,2025-06-06,142731.0,270.0
PAYEMS,2020-11-01,2025-07-03,142731.0,270.0
PAYEMS,2020-11-01,2025-08-01,142731.0,270.0
PAYEMS,2020-11-01,2025-09-05,142731.0,270.0
PAYEMS,2020-11-01,2025-11-20,142731.0,270.0
PAYEMS,2020-11-01,2025-12-16,142731.0,270.0
PAYEMS,2020-11-01,2026-01-09,142731.0,270.0
PAYEMS,2020-11-01,2026-02-11,142733.0,273.0
PAYEMS,2020-11-01,2026-03-06,142733.0,273.0
PAYEMS,2020-11-01,2026-04-03,142733.0,273.0
PAYEMS,2020-11-01,2026-05-08,142733.0,273.0
PAYEMS,2020-11-01,2026-06-05,142733.0,273.0
PAYEMS,2020-11-01,2026-07-02,142733.0,273.0
PAYEMS,2020-12-01,2021-01-08,142624.0,-140.0
PAYEMS,2020-12-01,2021-02-05,142582.0,-227.0
PAYEMS,2020-12-01,2021-03-05,142503.0,-306.0
PAYEMS,2020-12-01,2021-04-02,142503.0,-306.0
PAYEMS,2020-12-01,2021-05-07,142503.0,-306.0
PAYEMS,2020-12-01,2021-06-04,142503.0,-306.0
PAYEMS,2020-12-01,2021-07-02,142503.0,-306.0
PAYEMS,2020-12-01,2021-08-06,142503.0,-306.0
PAYEMS,2020-12-01,2021-09-03,142503.0,-306.0
PAYEMS,2020-12-01,2021-10-08,142503.0,-306.0
PAYEMS,2020-12-01,2021-11-05,142503.0,-306.0
PAYEMS,2020-12-01,2021-12-03,142503.0,-306.0
PAYEMS,2020-12-01,2022-01-07,142503.0,-306.0
PAYEMS,2020-12-01,2022-02-04,142497.0,-115.0
PAYEMS,2020-12-01,2022-03-04,142497.0,-115.0
PAYEMS,2020-12-01,2022-04-01,142497.0,-115.0
PAYEMS,2020-12-01,2022-05-06,142497.0,-115.0
PAYEMS,2020-12-01,2022-06-03,142497.0,-115.0
PAYEMS,2020-12-01,2022-07-08,142497.0,-115.0
PAYEMS,2020-12-01,2022-08-05,142497.0,-115.0
PAYEMS,2020-12-01,2022-09-02,142497.0,-115.0
PAYEMS,2020-12-01,2022-10-07,142497.0,-115.0
PAYEMS,2020-12-01,2022-11-04,142497.0,-115.0
PAYEMS,2020-12-01,2022-12-02,142497.0,-115.0
PAYEMS,2020-12-01,2023-01-06,142497.0,-115.0
PAYEMS,2020-12-01,2023-02-03,142475.0,-268.0
PAYEMS,2020-12-01,2023-03-10,142475.0,-268.0
PAYEMS,2020-12-01,2023-04-07,142475.0,-268.0
PAYEMS,2020-12-01,2023-05-05,142475.0,-268.0
PAYEMS,2020-12-01,2023-06-02,142475.0,-268.0
PAYEMS,2020-12-01,2023-07-07,142475.0,-268.0
PAYEMS,2020-12-01,2023-08-04,142475.0,-268.0
PAYEMS,2020-12-01,2023-09-01,142475.0,-268.0
PAYEMS,2020-12-01,2023-10-06,142475.0,-268.0
PAYEMS,2020-12-01,2023-11-03,142475.0,-268.0
PAYEMS,2020-12-01,2023-12-08,142475.0,-268.0
PAYEMS,2020-12-01,2024-01-05,142475.0,-268.0
PAYEMS,2020-12-01,2024-02-02,142518.0,-243.0
PAYEMS,2020-12-01,2024-03-08,142518.0,-243.0
PAYEMS,2020-12-01,2024-04-05,142518.0,-243.0
PAYEMS,2020-12-01,2024-05-03,142518.0,-243.0
PAYEMS,2020-12-01,2024-06-07,142518.0,-243.0
PAYEMS,2020-12-01,2024-07-05,142518.0,-243.0
PAYEMS,2020-12-01,2024-08-02,142518.0,-243.0
PAYEMS,2020-12-01,2024-09-06,142518.0,-243.0
PAYEMS,2020-12-01,2024-10-04,142518.0,-243.0
PAYEMS,2020-12-01,2024-11-01,142518.0,-243.0
PAYEMS,2020-12-01,2024-12-06,142518.0,-243.0
PAYEMS,2020-12-01,2025-01-10,142518.0,-243.0
PAYEMS,2020-12-01,2025-02-07,142548.0,-183.0
PAYEMS,2020-12-01,2025-03-07,142548.0,-183.0
PAYEMS,2020-12-01,2025-04-04,142548.0,-183.0
PAYEMS,2020-12-01,2025-05-02,142548.0,-183.0
PAYEMS,2020-12-01,2025-06-06,142548.0,-183.0
PAYEMS,2020-12-01,2025-07-03,142548.0,-183.0
PAYEMS,2020-12-01,2025-08-01,142548.0,-183.0
PAYEMS,2020-12-01,2025-09-05,142548.0,-183.0
PAYEMS,2020-12-01,2025-11-20,142548.0,-183.0
PAYEMS,2020-12-01,2025-12-16,142548.0,-183.0
PAYEMS,2020-12-01,2026-01-09,142548.0,-183.0
PAYEMS,2020-12-01,2026-02-11,142548.0,-185.0
PAYEMS,2020-12-01,2026-03-06,142548.0,-185.0
PAYEMS,2020-12-01,2026-04-03,142548.0,-185.0
PAYEMS,2020-12-01,2026-05-08,142548.0,-185.0
PAYEMS,2020-12-01,2026-06-05,142548.0,-185.0
PAYEMS,2020-12-01,2026-07-02,142548.0,-185.0
PAYEMS,2021-01-01,2021-02-05,142631.0,49.0
PAYEMS,2021-01-01,2021-03-05,142669.0,166.0
PAYEMS,2021-01-01,2021-04-02,142736.0,233.0
PAYEMS,2021-01-01,2021-05-07,142736.0,233.0
PAYEMS,2021-01-01,2021-06-04,142736.0,233.0
PAYEMS,2021-01-01,2021-07-02,142736.0,233.0
PAYEMS,2021-01-01,2021-08-06,142736.0,233.0
PAYEMS,2021-01-01,2021-09-03,142736.0,233.0
PAYEMS,2021-01-01,2021-10-08,142736.0,233.0
PAYEMS,2021-01-01,2021-11-05,142736.0,233.0
PAYEMS,2021-01-01,2021-12-03,142736.0,233.0
PAYEMS,2021-01-01,2022-01-07,142736.0,233.0
PAYEMS,2021-01-01,2022-02-04,143017.0,520.0
PAYEMS,2021-01-01,2022-03-04,143017.0,520.0
PAYEMS,2021-01-01,2022-04-01,143017.0,520.0
PAYEMS,2021-01-01,2022-05-06,143017.0,520.0
PAYEMS,2021-01-01,2022-06-03,143017.0,520.0
PAYEMS,2021-01-01,2022-07-08,143017.0,520.0
PAYEMS,2021-01-01,2022-08-05,143017.0,520.0
PAYEMS,2021-01-01,2022-09-02,143017.0,520.0
PAYEMS,2021-01-01,2022-10-07,143017.0,520.0
PAYEMS,2021-01-01,2022-11-04,143017.0,520.0
PAYEMS,2021-01-01,2022-12-02,143017.0,520.0
PAYEMS,2021-01-01,2023-01-06,143017.0,520.0
PAYEMS,2021-01-01,2023-02-03,142969.0,494.0
PAYEMS,2021-01-01,2023-03-10,142969.0,494.0
PAYEMS,2021-01-01,2023-04-07,142969.0,494.0
PAYEMS,2021-01-01,2023-05-05,142969.0,494.0
PAYEMS,2021-01-01,2023-06-02,142969.0,494.0
PAYEMS,2021-01-01,2023-07-07,142969.0,494.0
PAYEMS,2021-01-01,2023-08-04,142969.0,494.0
PAYEMS,2021-01-01,2023-09-01,142969.0,494.0
PAYEMS,2021-01-01,2023-10-06,142969.0,494.0
PAYEMS,2021-01-01,2023-11-03,142969.0,494.0
PAYEMS,2021-01-01,2023-12-08,142969.0,494.0
PAYEMS,2021-01-01,2024-01-05,142969.0,494.0
PAYEMS,2021-01-01,2024-02-02,142916.0,398.0
PAYEMS,2021-01-01,2024-03-08,142916.0,398.0
PAYEMS,2021-01-01,2024-04-05,142916.0,398.0
PAYEMS,2021-01-01,2024-05-03,142916.0,398.0
PAYEMS,2021-01-01,2024-06-07,142916.0,398.0
PAYEMS,2021-01-01,2024-07-05,142916.0,398.0
PAYEMS,2021-01-01,2024-08-02,142916.0,398.0
PAYEMS,2021-01-01,2024-09-06,142916.0,398.0
PAYEMS,2021-01-01,2024-10-04,142916.0,398.0
PAYEMS,2021-01-01,2024-11-01,142916.0,398.0
PAYEMS,2021-01-01,2024-12-06,142916.0,398.0
PAYEMS,2021-01-01,2025-01-10,142916.0,398.0
PAYEMS,2021-01-01,2025-02-07,142913.0,365.0
PAYEMS,2021-01-01,2025-03-07,142913.0,365.0
PAYEMS,2021-01-01,2025-04-04,142913.0,365.0
PAYEMS,2021-01-01,2025-05-02,142913.0,365.0
PAYEMS,2021-01-01,2025-06-06,142913.0,365.0
PAYEMS,2021-01-01,2025-07-03,142913.0,365.0
PAYEMS,2021-01-01,2025-08-01,142913.0,365.0
PAYEMS,2021-01-01,2025-09-05,142913.0,365.0
PAYEMS,2021-01-01,2025-11-20,142913.0,365.0
PAYEMS,2021-01-01,2025-12-16,142913.0,365.0
PAYEMS,2021-01-01,2026-01-09,142913.0,365.0
PAYEMS,2021-01-01,2026-02-11,142863.0,315.0
PAYEMS,2021-01-01,2026-03-06,142863.0,315.0
PAYEMS,2021-01-01,2026-04-03,142863.0,315.0
PAYEMS,2021-01-01,2026-05-08,142863.0,315.0
PAYEMS,2021-01-01,2026-06-05,142863.0,315.0
PAYEMS,2021-01-01,2026-07-02,142863.0,315.0
PAYEMS,2021-02-01,2021-03-05,143048.0,379.0
PAYEMS,2021-02-01,2021-04-02,143204.0,468.0
PAYEMS,2021-02-01,2021-05-07,143272.0,536.0
PAYEMS,2021-02-01,2021-06-04,143272.0,536.0
PAYEMS,2021-02-01,2021-07-02,143272.0,536.0
PAYEMS,2021-02-01,2021-08-06,143272.0,536.0
PAYEMS,2021-02-01,2021-09-03,143272.0,536.0
PAYEMS,2021-02-01,2021-10-08,143272.0,536.0
PAYEMS,2021-02-01,2021-11-05,143272.0,536.0
PAYEMS,2021-02-01,2021-12-03,143272.0,536.0
PAYEMS,2021-02-01,2022-01-07,143272.0,536.0
PAYEMS,2021-02-01,2022-02-04,143727.0,710.0
PAYEMS,2021-02-01,2022-03-04,143727.0,710.0
PAYEMS,2021-02-01,2022-04-01,143727.0,710.0
PAYEMS,2021-02-01,2022-05-06,143727.0,710.0
PAYEMS,2021-02-01,2022-06-03,143727.0,710.0
PAYEMS,2021-02-01,2022-07-08,143727.0,710.0
PAYEMS,2021-02-01,2022-08-05,143727.0,710.0
PAYEMS,2021-02-01,2022-09-02,143727.0,710.0
PAYEMS,2021-02-01,2022-10-07,143727.0,710.0
PAYEMS,2021-02-01,2022-11-04,143727.0,710.0
PAYEMS,2021-02-01,2022-12-02,143727.0,710.0
PAYEMS,2021-02-01,2023-01-06,143727.0,710.0
PAYEMS,2021-02-01,2023-02-03,143544.0,575.0
PAYEMS,2021-02-01,2023-03-10,143544.0,575.0
PAYEMS,2021-02-01,2023-04-07,143544.0,575.0
PAYEMS,2021-02-01,2023-05-05,143544.0,575.0
PAYEMS,2021-02-01,2023-06-02,143544.0,575.0
PAYEMS,2021-02-01,2023-07-07,143544.0,575.0
PAYEMS,2021-02-01,2023-08-04,143544.0,575.0
PAYEMS,2021-02-01,2023-09-01,143544.0,575.0
PAYEMS,2021-02-01,2023-10-06,143544.0,575.0
PAYEMS,2021-02-01,2023-11-03,143544.0,575.0
PAYEMS,2021-02-01,2023-12-08,143544.0,575.0
PAYEMS,2021-02-01,2024-01-05,143544.0,575.0
PAYEMS,2021-02-01,2024-02-02,143443.0,527.0
PAYEMS,2021-02-01,2024-03-08,143443.0,527.0
PAYEMS,2021-02-01,2024-04-05,143443.0,527.0
PAYEMS,2021-02-01,2024-05-03,143443.0,527.0
PAYEMS,2021-02-01,2024-06-07,143443.0,527.0
PAYEMS,2021-02-01,2024-07-05,143443.0,527.0
PAYEMS,2021-02-01,2024-08-02,143443.0,527.0
PAYEMS,2021-02-01,2024-09-06,143443.0,527.0
PAYEMS,2021-02-01,2024-10-04,143443.0,527.0
PAYEMS,2021-02-01,2024-11-01,143443.0,527.0
PAYEMS,2021-02-01,2024-12-06,143443.0,527.0
PAYEMS,2021-02-01,2025-01-10,143443.0,527.0
PAYEMS,2021-02-01,2025-02-07,143422.0,509.0
PAYEMS,2021-02-01,2025-03-07,143422.0,509.0
PAYEMS,2021-02-01,2025-04-04,143422.0,509.0
PAYEMS,2021-02-01,2025-05-02,143422.0,509.0
PAYEMS,2021-02-01,2025-06-06,143422.0,509.0
PAYEMS,2021-02-01,2025-07-03,143422.0,509.0
PAYEMS,2021-02-01,2025-08-01,143422.0,509.0
PAYEMS,2021-02-01,2025-09-05,143422.0,509.0
PAYEMS,2021-02-01,2025-11-20,143422.0,509.0
PAYEMS,2021-02-01,2025-12-16,143422.0,509.0
PAYEMS,2021-02-01,2026-01-09,143422.0,509.0
PAYEMS,2021-02-01,2026-02-11,143380.0,517.0
PAYEMS,2021-02-01,2026-03-06,143380.0,517.0
PAYEMS,2021-02-01,2026-04-03,143380.0,517.0
PAYEMS,2021-02-01,2026-05-08,143380.0,517.0
PAYEMS,2021-02-01,2026-06-05,143380.0,517.0
PAYEMS,2021-02-01,2026-07-02,143380.0,517.0
PAYEMS,2021-03-01,2021-04-02,144120.0,916.0
PAYEMS,2021-03-01,2021-05-07,144042.0,770.0
PAYEMS,2021-03-01,2021-06-04,144057.0,785.0
PAYEMS,2021-03-01,2021-07-02,144057.0,785.0
PAYEMS,2021-03-01,2021-08-06,144057.0,785.0
PAYEMS,2021-03-01,2021-09-03,144057.0,785.0
PAYEMS,2021-03-01,2021-10-08,144057.0,785.0
PAYEMS,2021-03-01,2021-11-05,144057.0,785.0
PAYEMS,2021-03-01,2021-12-03,144057.0,785.0
PAYEMS,2021-03-01,2022-01-07,144057.0,785.0
PAYEMS,2021-03-01,2022-02-04,144431.0,704.0
PAYEMS,2021-03-01,2022-03-04,144431.0,704.0
PAYEMS,2021-03-01,2022-04-01,144431.0,704.0
PAYEMS,2021-03-01,2022-05-06,144431.0,704.0
PAYEMS,2021-03-01,2022-06-03,144431.0,704.0
PAYEMS,2021-03-01,2022-07-08,144431.0,704.0
PAYEMS,2021-03-01,2022-08-05,144431.0,704.0
PAYEMS,2021-03-01,2022-09-02,144431.0,704.0
PAYEMS,2021-03-01,2022-10-07,144431.0,704.0
PAYEMS,2021-03-01,2022-11-04,144431.0,704.0
PAYEMS,2021-03-01,2022-12-02,144431.0,704.0
PAYEMS,2021-03-01,2023-01-06,144431.0,704.0
PAYEMS,2021-03-01,2023-02-03,144328.0,784.0
PAYEMS,2021-03-01,2023-03-10,144328.0,784.0
PAYEMS,2021-03-01,2023-04-07,144328.0,784.0
PAYEMS,2021-03-01,2023-05-05,144328.0,784.0
PAYEMS,2021-03-01,2023-06-02,144328.0,784.0
PAYEMS,2021-03-01,2023-07-07,144328.0,784.0
PAYEMS,2021-03-01,2023-08-04,144328.0,784.0
PAYEMS,2021-03-01,2023-09-01,144328.0,784.0
PAYEMS,2021-03-01,2023-10-06,144328.0,784.0
PAYEMS,2021-03-01,2023-11-03,144328.0,784.0
PAYEMS,2021-03-01,2023-12-08,144328.0,784.0
PAYEMS,2021-03-01,2024-01-05,144328.0,784.0
PAYEMS,2021-03-01,2024-02-02,144274.0,831.0
PAYEMS,2021-03-01,2024-03-08,144274.0,831.0
PAYEMS,2021-03-01,2024-04-05,144274.0,831.0
PAYEMS,2021-03-01,2024-05-03,144274.0,831.0
PAYEMS,2021-03-01,2024-06-07,144274.0,831.0
PAYEMS,2021-03-01,2024-07-05,144274.0,831.0
PAYEMS,2021-03-01,2024-08-02,144274.0,831.0
PAYEMS,2021-03-01,2024-09-06,144274.0,831.0
PAYEMS,2021-03-01,2024-10-04,144274.0,831.0
PAYEMS,2021-03-01,2024-11-01,144274.0,831.0
PAYEMS,2021-03-01,2024-12-06,144274.0,831.0
PAYEMS,2021-03-01,2025-01-10,144274.0,831.0
PAYEMS,2021-03-01,2025-02-07,144246.0,824.0
PAYEMS,2021-03-01,2025-03-07,144246.0,824.0
PAYEMS,2021-03-01,2025-04-04,144246.0,824.0
PAYEMS,2021-03-01,2025-05-02,144246.0,824.0
PAYEMS,2021-03-01,2025-06-06,144246.0,824.0
PAYEMS,2021-03-01,2025-07-03,144246.0,824.0
PAYEMS,2021-03-01,2025-08-01,144246.0,824.0
PAYEMS,2021-03-01,2025-09-05,144246.0,824.0
PAYEMS,2021-03-01,2025-11-20,144246.0,824.0
PAYEMS,2021-03-01,2025-12-16,144246.0,824.0
PAYEMS,2021-03-01,2026-01-09,144246.0,824.0
PAYEMS,2021-03-01,2026-02-11,144232.0,852.0
PAYEMS,2021-03-01,2026-03-06,144232.0,852.0
PAYEMS,2021-03-01,2026-04-03,144232.0,852.0
PAYEMS,2021-03-01,2026-05-08,144232.0,852.0
PAYEMS,2021-03-01,2026-06-05,144232.0,852.0
PAYEMS,2021-03-01,2026-07-02,144232.0,852.0
PAYEMS,2021-04-01,2021-05-07,144308.0,266.0
PAYEMS,2021-04-01,2021-06-04,144335.0,278.0
PAYEMS,2021-04-01,2021-07-02,144326.0,269.0
PAYEMS,2021-04-01,2021-08-06,144326.0,269.0
PAYEMS,2021-04-01,2021-09-03,144326.0,269.0
PAYEMS,2021-04-01,2021-10-08,144326.0,269.0
PAYEMS,2021-04-01,2021-11-05,144326.0,269.0
PAYEMS,2021-04-01,2021-12-03,144326.0,269.0
PAYEMS,2021-04-01,2022-01-07,144326.0,269.0
PAYEMS,2021-04-01,2022-02-04,144694.0,263.0
PAYEMS,2021-04-01,2022-03-04,144694.0,263.0
PAYEMS,2021-04-01,2022-04-01,144694.0,263.0
PAYEMS,2021-04-01,2022-05-06,144694.0,263.0
PAYEMS,2021-04-01,2022-06-03,144694.0,263.0
PAYEMS,2021-04-01,2022-07-08,144694.0,263.0
PAYEMS,2021-04-01,2022-08-05,144694.0,263.0
PAYEMS,2021-04-01,2022-09-02,144694.0,263.0
PAYEMS,2021-04-01,2022-10-07,144694.0,263.0
PAYEMS,2021-04-01,2022-11-04,144694.0,263.0
PAYEMS,2021-04-01,2022-12-02,144694.0,263.0
PAYEMS,2021-04-01,2023-01-06,144694.0,263.0
PAYEMS,2021-04-01,2023-02-03,144614.0,286.0
PAYEMS,2021-04-01,2023-03-10,144614.0,286.0
PAYEMS,2021-04-01,2023-04-07,144614.0,286.0
PAYEMS,2021-04-01,2023-05-05,144614.0,286.0
PAYEMS,2021-04-01,2023-06-02,144614.0,286.0
PAYEMS,2021-04-01,2023-07-07,144614.0,286.0
PAYEMS,2021-04-01,2023-08-04,144614.0,286.0
PAYEMS,2021-04-01,2023-09-01,144614.0,286.0
PAYEMS,2021-04-01,2023-10-06,144614.0,286.0
PAYEMS,2021-04-01,2023-11-03,144614.0,286.0
PAYEMS,2021-04-01,2023-12-08,144614.0,286.0
PAYEMS,2021-04-01,2024-01-05,144614.0,286.0
PAYEMS,2021-04-01,2024-02-02,144593.0,319.0
PAYEMS,2021-04-01,2024-03-08,144593.0,319.0
PAYEMS,2021-04-01,2024-04-05,144593.0,319.0
PAYEMS,2021-04-01,2024-05-03,144593.0,319.0
PAYEMS,2021-04-01,2024-06-07,144593.0,319.0
PAYEMS,2021-04-01,2024-07-05,144593.0,319.0
PAYEMS,2021-04-01,2024-08-02,144593.0,319.0
PAYEMS,2021-04-01,2024-09-06,144593.0,319.0
PAYEMS,2021-04-01,2024-10-04,144593.0,319.0
PAYEMS,2021-04-01,2024-11-01,144593.0,319.0
PAYEMS,2021-04-01,2024-12-06,144593.0,319.0
PAYEMS,2021-04-01,2025-01-10,144593.0,319.0
PAYEMS,2021-04-01,2025-02-07,144611.0,365.0
PAYEMS,2021-04-01,2025-03-07,144611.0,365.0
PAYEMS,2021-04-01,2025-04-04,144611.0,365.0
PAYEMS,2021-04-01,2025-05-02,144611.0,365.0
PAYEMS,2021-04-01,2025-06-06,144611.0,365.0
PAYEMS,2021-04-01,2025-07-03,144611.0,365.0
PAYEMS,2021-04-01,2025-08-01,144611.0,365.0
PAYEMS,2021-04-01,2025-09-05,144611.0,365.0
PAYEMS,2021-04-01,2025-11-20,144611.0,365.0
PAYEMS,2021-04-01,2025-12-16,144611.0,365.0
PAYEMS,2021-04-01,2026-01-09,144611.0,365.0
PAYEMS,2021-04-01,2026-02-11,144587.0,355.0
PAYEMS,2021-04-01,2026-03-06,144587.0,355.0
PAYEMS,2021-04-01,2026-04-03,144587.0,355.0
PAYEMS,2021-04-01,2026-05-08,144587.0,355.0
PAYEMS,2021-04-01,2026-06-05,144587.0,355.0
PAYEMS,2021-04-01,2026-07-02,144587.0,355.0
PAYEMS,2021-05-01,2021-06-04,144894.0,559.0
PAYEMS,2021-05-01,2021-07-02,144909.0,583.0
PAYEMS,2021-05-01,2021-08-06,144940.0,614.0
PAYEMS,2021-05-01,2021-09-03,144940.0,614.0
PAYEMS,2021-05-01,2021-10-08,144940.0,614.0
PAYEMS,2021-05-01,2021-11-05,144940.0,614.0
PAYEMS,2021-05-01,2021-12-03,144940.0,614.0
PAYEMS,2021-05-01,2022-01-07,144940.0,614.0
PAYEMS,2021-05-01,2022-02-04,145141.0,447.0
PAYEMS,2021-05-01,2022-03-04,145141.0,447.0
PAYEMS,2021-05-01,2022-04-01,145141.0,447.0
PAYEMS,2021-05-01,2022-05-06,145141.0,447.0
PAYEMS,2021-05-01,2022-06-03,145141.0,447.0
PAYEMS,2021-05-01,2022-07-08,145141.0,447.0
PAYEMS,2021-05-01,2022-08-05,145141.0,447.0
PAYEMS,2021-05-01,2022-09-02,145141.0,447.0
PAYEMS,2021-05-01,2022-10-07,145141.0,447.0
PAYEMS,2021-05-01,2022-11-04,145141.0,447.0
PAYEMS,2021-05-01,2022-12-02,145141.0,447.0
PAYEMS,2021-05-01,2023-01-06,145141.0,447.0
PAYEMS,2021-05-01,2023-02-03,145096.0,482.0
PAYEMS,2021-05-01,2023-03-10,145096.0,482.0
PAYEMS,2021-05-01,2023-04-07,145096.0,482.0
PAYEMS,2021-05-01,2023-05-05,145096.0,482.0
PAYEMS,2021-05-01,2023-06-02,145096.0,482.0
PAYEMS,2021-05-01,2023-07-07,145096.0,482.0
PAYEMS,2021-05-01,2023-08-04,145096.0,482.0
PAYEMS,2021-05-01,2023-09-01,145096.0,482.0
PAYEMS,2021-05-01,2023-10-06,145096.0,482.0
PAYEMS,2021-05-01,2023-11-03,145096.0,482.0
PAYEMS,2021-05-01,2023-12-08,145096.0,482.0
PAYEMS,2021-05-01,2024-01-05,145096.0,482.0
PAYEMS,2021-05-01,2024-02-02,145044.0,451.0
PAYEMS,2021-05-01,2024-03-08,145044.0,451.0
PAYEMS,2021-05-01,2024-04-05,145044.0,451.0
PAYEMS,2021-05-01,2024-05-03,145044.0,451.0
PAYEMS,2021-05-01,2024-06-07,145044.0,451.0
PAYEMS,2021-05-01,2024-07-05,145044.0,451.0
PAYEMS,2021-05-01,2024-08-02,145044.0,451.0
PAYEMS,2021-05-01,2024-09-06,145044.0,451.0
PAYEMS,2021-05-01,2024-10-04,145044.0,451.0
PAYEMS,2021-05-01,2024-11-01,145044.0,451.0
PAYEMS,2021-05-01,2024-12-06,145044.0,451.0
PAYEMS,2021-05-01,2025-01-10,145044.0,451.0
PAYEMS,2021-05-01,2025-02-07,145032.0,421.0
PAYEMS,2021-05-01,2025-03-07,145032.0,421.0
PAYEMS,2021-05-01,2025-04-04,145032.0,421.0
PAYEMS,2021-05-01,2025-05-02,145032.0,421.0
PAYEMS,2021-05-01,2025-06-06,145032.0,421.0
PAYEMS,2021-05-01,2025-07-03,145032.0,421.0
PAYEMS,2021-05-01,2025-08-01,145032.0,421.0
PAYEMS,2021-05-01,2025-09-05,145032.0,421.0
PAYEMS,2021-05-01,2025-11-20,145032.0,421.0
PAYEMS,2021-05-01,2025-12-16,145032.0,421.0
PAYEMS,2021-05-01,2026-01-09,145032.0,421.0
PAYEMS,2021-05-01,2026-02-11,145065.0,478.0
PAYEMS,2021-05-01,2026-03-06,145065.0,478.0
PAYEMS,2021-05-01,2026-04-03,145065.0,478.0
PAYEMS,2021-05-01,2026-05-08,145065.0,478.0
PAYEMS,2021-05-01,2026-06-05,145065.0,478.0
PAYEMS,2021-05-01,2026-07-02,145065.0,478.0
PAYEMS,2021-06-01,2021-07-02,145759.0,850.0
PAYEMS,2021-06-01,2021-08-06,145878.0,938.0
PAYEMS,2021-06-01,2021-09-03,145902.0,962.0
PAYEMS,2021-06-01,2021-10-08,145902.0,962.0
PAYEMS,2021-06-01,2021-11-05,145902.0,962.0
PAYEMS,2021-06-01,2021-12-03,145902.0,962.0
PAYEMS,2021-06-01,2022-01-07,145902.0,962.0
PAYEMS,2021-06-01,2022-02-04,145698.0,557.0
PAYEMS,2021-06-01,2022-03-04,145698.0,557.0
PAYEMS,2021-06-01,2022-04-01,145698.0,557.0
PAYEMS,2021-06-01,2022-05-06,145698.0,557.0
PAYEMS,2021-06-01,2022-06-03,145698.0,557.0
PAYEMS,2021-06-01,2022-07-08,145698.0,557.0
PAYEMS,2021-06-01,2022-08-05,145698.0,557.0
PAYEMS,2021-06-01,2022-09-02,145698.0,557.0
PAYEMS,2021-06-01,2022-10-07,145698.0,557.0
PAYEMS,2021-06-01,2022-11-04,145698.0,557.0
PAYEMS,2021-06-01,2022-12-02,145698.0,557.0
PAYEMS,2021-06-01,2023-01-06,145698.0,557.0
PAYEMS,2021-06-01,2023-02-03,145789.0,693.0
PAYEMS,2021-06-01,2023-03-10,145789.0,693.0
PAYEMS,2021-06-01,2023-04-07,145789.0,693.0
PAYEMS,2021-06-01,2023-05-05,145789.0,693.0
PAYEMS,2021-06-01,2023-06-02,145789.0,693.0
PAYEMS,2021-06-01,2023-07-07,145789.0,693.0
PAYEMS,2021-06-01,2023-08-04,145789.0,693.0
PAYEMS,2021-06-01,2023-09-01,145789.0,693.0
PAYEMS,2021-06-01,2023-10-06,145789.0,693.0
PAYEMS,2021-06-01,2023-11-03,145789.0,693.0
PAYEMS,2021-06-01,2023-12-08,145789.0,693.0
PAYEMS,2021-06-01,2024-01-05,145789.0,693.0
PAYEMS,2021-06-01,2024-02-02,145822.0,778.0
PAYEMS,2021-06-01,2024-03-08,145822.0,778.0
PAYEMS,2021-06-01,2024-04-05,145822.0,778.0
PAYEMS,2021-06-01,2024-05-03,145822.0,778.0
PAYEMS,2021-06-01,2024-06-07,145822.0,778.0
PAYEMS,2021-06-01,2024-07-05,145822.0,778.0
PAYEMS,2021-06-01,2024-08-02,145822.0,778.0
PAYEMS,2021-06-01,2024-09-06,145822.0,778.0
PAYEMS,2021-06-01,2024-10-04,145822.0,778.0
PAYEMS,2021-06-01,2024-11-01,145822.0,778.0
PAYEMS,2021-06-01,2024-12-06,145822.0,778.0
PAYEMS,2021-06-01,2025-01-10,145822.0,778.0
PAYEMS,2021-06-01,2025-02-07,145828.0,796.0
PAYEMS,2021-06-01,2025-03-07,145828.0,796.0
PAYEMS,2021-06-01,2025-04-04,145828.0,796.0
PAYEMS,2021-06-01,2025-05-02,145828.0,796.0
PAYEMS,2021-06-01,2025-06-06,145828.0,796.0
PAYEMS,2021-06-01,2025-07-03,145828.0,796.0
PAYEMS,2021-06-01,2025-08-01,145828.0,796.0
PAYEMS,2021-06-01,2025-09-05,145828.0,796.0
PAYEMS,2021-06-01,2025-11-20,145828.0,796.0
PAYEMS,2021-06-01,2025-12-16,145828.0,796.0
PAYEMS,2021-06-01,2026-01-09,145828.0,796.0
PAYEMS,2021-06-01,2026-02-11,145820.0,755.0
PAYEMS,2021-06-01,2026-03-06,145820.0,755.0
PAYEMS,2021-06-01,2026-04-03,145820.0,755.0
PAYEMS,2021-06-01,2026-05-08,145820.0,755.0
PAYEMS,2021-06-01,2026-06-05,145820.0,755.0
PAYEMS,2021-06-01,2026-07-02,145820.0,755.0
PAYEMS,2021-07-01,2021-08-06,146821.0,943.0
PAYEMS,2021-07-01,2021-09-03,146955.0,1053.0
PAYEMS,2021-07-01,2021-10-08,146993.0,1091.0
PAYEMS,2021-07-01,2021-11-05,146993.0,1091.0
PAYEMS,2021-07-01,2021-12-03,146993.0,1091.0
PAYEMS,2021-07-01,2022-01-07,146993.0,1091.0
PAYEMS,2021-07-01,2022-02-04,146387.0,689.0
PAYEMS,2021-07-01,2022-03-04,146387.0,689.0
PAYEMS,2021-07-01,2022-04-01,146387.0,689.0
PAYEMS,2021-07-01,2022-05-06,146387.0,689.0
PAYEMS,2021-07-01,2022-06-03,146387.0,689.0
PAYEMS,2021-07-01,2022-07-08,146387.0,689.0
PAYEMS,2021-07-01,2022-08-05,146387.0,689.0
PAYEMS,2021-07-01,2022-09-02,146387.0,689.0
PAYEMS,2021-07-01,2022-10-07,146387.0,689.0
PAYEMS,2021-07-01,2022-11-04,146387.0,689.0
PAYEMS,2021-07-01,2022-12-02,146387.0,689.0
PAYEMS,2021-07-01,2023-01-06,146387.0,689.0
PAYEMS,2021-07-01,2023-02-03,146558.0,769.0
PAYEMS,2021-07-01,2023-03-10,146558.0,769.0
PAYEMS,2021-07-01,2023-04-07,146558.0,769.0
PAYEMS,2021-07-01,2023-05-05,146558.0,769.0
PAYEMS,2021-07-01,2023-06-02,146558.0,769.0
PAYEMS,2021-07-01,2023-07-07,146558.0,769.0
PAYEMS,2021-07-01,2023-08-04,146558.0,769.0
PAYEMS,2021-07-01,2023-09-01,146558.0,769.0
PAYEMS,2021-07-01,2023-10-06,146558.0,769.0
PAYEMS,2021-07-01,2023-11-03,146558.0,769.0
PAYEMS,2021-07-01,2023-12-08,146558.0,769.0
PAYEMS,2021-07-01,2024-01-05,146558.0,769.0
PAYEMS,2021-07-01,2024-02-02,146761.0,939.0
PAYEMS,2021-07-01,2024-03-08,146761.0,939.0
PAYEMS,2021-07-01,2024-04-05,146761.0,939.0
PAYEMS,2021-07-01,2024-05-03,146761.0,939.0
PAYEMS,2021-07-01,2024-06-07,146761.0,939.0
PAYEMS,2021-07-01,2024-07-05,146761.0,939.0
PAYEMS,2021-07-01,2024-08-02,146761.0,939.0
PAYEMS,2021-07-01,2024-09-06,146761.0,939.0
PAYEMS,2021-07-01,2024-10-04,146761.0,939.0
PAYEMS,2021-07-01,2024-11-01,146761.0,939.0
PAYEMS,2021-07-01,2024-12-06,146761.0,939.0
PAYEMS,2021-07-01,2025-01-10,146761.0,939.0
PAYEMS,2021-07-01,2025-02-07,146759.0,931.0
PAYEMS,2021-07-01,2025-03-07,146759.0,931.0
PAYEMS,2021-07-01,2025-04-04,146759.0,931.0
PAYEMS,2021-07-01,2025-05-02,146759.0,931.0
PAYEMS,2021-07-01,2025-06-06,146759.0,931.0
PAYEMS,2021-07-01,2025-07-03,146759.0,931.0
PAYEMS,2021-07-01,2025-08-01,146759.0,931.0
PAYEMS,2021-07-01,2025-09-05,146759.0,931.0
PAYEMS,2021-07-01,2025-11-20,146759.0,931.0
PAYEMS,2021-07-01,2025-12-16,146759.0,931.0
PAYEMS,2021-07-01,2026-01-09,146759.0,931.0
PAYEMS,2021-07-01,2026-02-11,146762.0,942.0
PAYEMS,2021-07-01,2026-03-06,146762.0,942.0
PAYEMS,2021-07-01,2026-04-03,146762.0,942.0
PAYEMS,2021-07-01,2026-05-08,146762.0,942.0
PAYEMS,2021-07-01,2026-06-05,146762.0,942.0
PAYEMS,2021-07-01,2026-07-02,146762.0,942.0
PAYEMS,2021-08-01,2021-09-03,147190.0,235.0
PAYEMS,2021-08-01,2021-10-08,147359.0,366.0
PAYEMS,2021-08-01,2021-11-05,147476.0,483.0
PAYEMS,2021-08-01,2021-12-03,147476.0,483.0
PAYEMS,2021-08-01,2022-01-07,147476.0,483.0
PAYEMS,2021-08-01,2022-02-04,146904.0,517.0
PAYEMS,2021-08-01,2022-03-04,146904.0,517.0
PAYEMS,2021-08-01,2022-04-01,146904.0,517.0
PAYEMS,2021-08-01,2022-05-06,146904.0,517.0
PAYEMS,2021-08-01,2022-06-03,146904.0,517.0
PAYEMS,2021-08-01,2022-07-08,146904.0,517.0
PAYEMS,2021-08-01,2022-08-05,146904.0,517.0
PAYEMS,2021-08-01,2022-09-02,146904.0,517.0
PAYEMS,2021-08-01,2022-10-07,146904.0,517.0
PAYEMS,2021-08-01,2022-11-04,146904.0,517.0
PAYEMS,2021-08-01,2022-12-02,146904.0,517.0
PAYEMS,2021-08-01,2023-01-06,146904.0,517.0
PAYEMS,2021-08-01,2023-02-03,147221.0,663.0
PAYEMS,2021-08-01,2023-03-10,147221.0,663.0
PAYEMS,2021-08-01,2023-04-07,147221.0,663.0
PAYEMS,2021-08-01,2023-05-05,147221.0,663.0
PAYEMS,2021-08-01,2023-06-02,147221.0,663.0
PAYEMS,2021-08-01,2023-07-07,147221.0,663.0
PAYEMS,2021-08-01,2023-08-04,147221.0,663.0
PAYEMS,2021-08-01,2023-09-01,147221.0,663.0
PAYEMS,2021-08-01,2023-10-06,147221.0,663.0
PAYEMS,2021-08-01,2023-11-03,147221.0,663.0
PAYEMS,2021-08-01,2023-12-08,147221.0,663.0
PAYEMS,2021-08-01,2024-01-05,147221.0,663.0
PAYEMS,2021-08-01,2024-02-02,147226.0,465.0
PAYEMS,2021-08-01,2024-03-08,147226.0,465.0
PAYEMS,2021-08-01,2024-04-05,147226.0,465.0
PAYEMS,2021-08-01,2024-05-03,147226.0,465.0
PAYEMS,2021-08-01,2024-06-07,147226.0,465.0
PAYEMS,2021-08-01,2024-07-05,147226.0,465.0
PAYEMS,2021-08-01,2024-08-02,147226.0,465.0
PAYEMS,2021-08-01,2024-09-06,147226.0,465.0
PAYEMS,2021-08-01,2024-10-04,147226.0,465.0
PAYEMS,2021-08-01,2024-11-01,147226.0,465.0
PAYEMS,2021-08-01,2024-12-06,147226.0,465.0
PAYEMS,2021-08-01,2025-01-10,147226.0,465.0
PAYEMS,2021-08-01,2025-02-07,147246.0,487.0
PAYEMS,2021-08-01,2025-03-07,147246.0,487.0
PAYEMS,2021-08-01,2025-04-04,147246.0,487.0
PAYEMS,2021-08-01,2025-05-02,147246.0,487.0
PAYEMS,2021-08-01,2025-06-06,147246.0,487.0
PAYEMS,2021-08-01,2025-07-03,147246.0,487.0
PAYEMS,2021-08-01,2025-08-01,147246.0,487.0
PAYEMS,2021-08-01,2025-09-05,147246.0,487.0
PAYEMS,2021-08-01,2025-11-20,147246.0,487.0
PAYEMS,2021-08-01,2025-12-16,147246.0,487.0
PAYEMS,2021-08-01,2026-01-09,147246.0,487.0
PAYEMS,2021-08-01,2026-02-11,147314.0,552.0
PAYEMS,2021-08-01,2026-03-06,147314.0,552.0
PAYEMS,2021-08-01,2026-04-03,147314.0,552.0
PAYEMS,2021-08-01,2026-05-08,147314.0,552.0
PAYEMS,2021-08-01,2026-06-05,147314.0,552.0
PAYEMS,2021-08-01,2026-07-02,147314.0,552.0
PAYEMS,2021-09-01,2021-10-08,147553.0,194.0
PAYEMS,2021-09-01,2021-11-05,147788.0,312.0
PAYEMS,2021-09-01,2021-12-03,147855.0,379.0
PAYEMS,2021-09-01,2022-01-07,147855.0,379.0
PAYEMS,2021-09-01,2022-02-04,147328.0,424.0
PAYEMS,2021-09-01,2022-03-04,147328.0,424.0
PAYEMS,2021-09-01,2022-04-01,147328.0,424.0
PAYEMS,2021-09-01,2022-05-06,147328.0,424.0
PAYEMS,2021-09-01,2022-06-03,147328.0,424.0
PAYEMS,2021-09-01,2022-07-08,147328.0,424.0
PAYEMS,2021-09-01,2022-08-05,147328.0,424.0
PAYEMS,2021-09-01,2022-09-02,147328.0,424.0
PAYEMS,2021-09-01,2022-10-07,147328.0,424.0
PAYEMS,2021-09-01,2022-11-04,147328.0,424.0
PAYEMS,2021-09-01,2022-12-02,147328.0,424.0
PAYEMS,2021-09-01,2023-01-06,147328.0,424.0
PAYEMS,2021-09-01,2023-02-03,147778.0,557.0
PAYEMS,2021-09-01,2023-03-10,147778.0,557.0
PAYEMS,2021-09-01,2023-04-07,147778.0,557.0
PAYEMS,2021-09-01,2023-05-05,147778.0,557.0
PAYEMS,2021-09-01,2023-06-02,147778.0,557.0
PAYEMS,2021-09-01,2023-07-07,147778.0,557.0
PAYEMS,2021-09-01,2023-08-04,147778.0,557.0
PAYEMS,2021-09-01,2023-09-01,147778.0,557.0
PAYEMS,2021-09-01,2023-10-06,147778.0,557.0
PAYEMS,2021-09-01,2023-11-03,147778.0,557.0
PAYEMS,2021-09-01,2023-12-08,147778.0,557.0
PAYEMS,2021-09-01,2024-01-05,147778.0,557.0
PAYEMS,2021-09-01,2024-02-02,147706.0,480.0
PAYEMS,2021-09-01,2024-03-08,147706.0,480.0
PAYEMS,2021-09-01,2024-04-05,147706.0,480.0
PAYEMS,2021-09-01,2024-05-03,147706.0,480.0
PAYEMS,2021-09-01,2024-06-07,147706.0,480.0
PAYEMS,2021-09-01,2024-07-05,147706.0,480.0
PAYEMS,2021-09-01,2024-08-02,147706.0,480.0
PAYEMS,2021-09-01,2024-09-06,147706.0,480.0
PAYEMS,2021-09-01,2024-10-04,147706.0,480.0
PAYEMS,2021-09-01,2024-11-01,147706.0,480.0
PAYEMS,2021-09-01,2024-12-06,147706.0,480.0
PAYEMS,2021-09-01,2025-01-10,147706.0,480.0
PAYEMS,2021-09-01,2025-02-07,147712.0,466.0
PAYEMS,2021-09-01,2025-03-07,147712.0,466.0
PAYEMS,2021-09-01,2025-04-04,147712.0,466.0
PAYEMS,2021-09-01,2025-05-02,147712.0,466.0
PAYEMS,2021-09-01,2025-06-06,147712.0,466.0
PAYEMS,2021-09-01,2025-07-03,147712.0,466.0
PAYEMS,2021-09-01,2025-08-01,147712.0,466.0
PAYEMS,2021-09-01,2025-09-05,147712.0,466.0
PAYEMS,2021-09-01,2025-11-20,147712.0,466.0
PAYEMS,2021-09-01,2025-12-16,147712.0,466.0
PAYEMS,2021-09-01,2026-01-09,147712.0,466.0
PAYEMS,2021-09-01,2026-02-11,147771.0,457.0
PAYEMS,2021-09-01,2026-03-06,147771.0,457.0
PAYEMS,2021-09-01,2026-04-03,147771.0,457.0
PAYEMS,2021-09-01,2026-05-08,147771.0,457.0
PAYEMS,2021-09-01,2026-06-05,147771.0,457.0
PAYEMS,2021-09-01,2026-07-02,147771.0,457.0
PAYEMS,2021-10-01,2021-11-05,148319.0,531.0
PAYEMS,2021-10-01,2021-12-03,148401.0,546.0
PAYEMS,2021-10-01,2022-01-07,148503.0,648.0
PAYEMS,2021-10-01,2022-02-04,148005.0,677.0
PAYEMS,2021-10-01,2022-03-04,148005.0,677.0
PAYEMS,2021-10-01,2022-04-01,148005.0,677.0
PAYEMS,2021-10-01,2022-05-06,148005.0,677.0
PAYEMS,2021-10-01,2022-06-03,148005.0,677.0
PAYEMS,2021-10-01,2022-07-08,148005.0,677.0
PAYEMS,2021-10-01,2022-08-05,148005.0,677.0
PAYEMS,2021-10-01,2022-09-02,148005.0,677.0
PAYEMS,2021-10-01,2022-10-07,148005.0,677.0
PAYEMS,2021-10-01,2022-11-04,148005.0,677.0
PAYEMS,2021-10-01,2022-12-02,148005.0,677.0
PAYEMS,2021-10-01,2023-01-06,148005.0,677.0
PAYEMS,2021-10-01,2023-02-03,148559.0,781.0
PAYEMS,2021-10-01,2023-03-10,148559.0,781.0
PAYEMS,2021-10-01,2023-04-07,148559.0,781.0
PAYEMS,2021-10-01,2023-05-05,148559.0,781.0
PAYEMS,2021-10-01,2023-06-02,148559.0,781.0
PAYEMS,2021-10-01,2023-07-07,148559.0,781.0
PAYEMS,2021-10-01,2023-08-04,148559.0,781.0
PAYEMS,2021-10-01,2023-09-01,148559.0,781.0
PAYEMS,2021-10-01,2023-10-06,148559.0,781.0
PAYEMS,2021-10-01,2023-11-03,148559.0,781.0
PAYEMS,2021-10-01,2023-12-08,148559.0,781.0
PAYEMS,2021-10-01,2024-01-05,148559.0,781.0
PAYEMS,2021-10-01,2024-02-02,148566.0,860.0
PAYEMS,2021-10-01,2024-03-08,148566.0,860.0
PAYEMS,2021-10-01,2024-04-05,148566.0,860.0
PAYEMS,2021-10-01,2024-05-03,148566.0,860.0
PAYEMS,2021-10-01,2024-06-07,148566.0,860.0
PAYEMS,2021-10-01,2024-07-05,148566.0,860.0
PAYEMS,2021-10-01,2024-08-02,148566.0,860.0
PAYEMS,2021-10-01,2024-09-06,148566.0,860.0
PAYEMS,2021-10-01,2024-10-04,148566.0,860.0
PAYEMS,2021-10-01,2024-11-01,148566.0,860.0
PAYEMS,2021-10-01,2024-12-06,148566.0,860.0
PAYEMS,2021-10-01,2025-01-10,148566.0,860.0
PAYEMS,2021-10-01,2025-02-07,148569.0,857.0
PAYEMS,2021-10-01,2025-03-07,148569.0,857.0
PAYEMS,2021-10-01,2025-04-04,148569.0,857.0
PAYEMS,2021-10-01,2025-05-02,148569.0,857.0
PAYEMS,2021-10-01,2025-06-06,148569.0,857.0
PAYEMS,2021-10-01,2025-07-03,148569.0,857.0
PAYEMS,2021-10-01,2025-08-01,148569.0,857.0
PAYEMS,2021-10-01,2025-09-05,148569.0,857.0
PAYEMS,2021-10-01,2025-11-20,148569.0,857.0
PAYEMS,2021-10-01,2025-12-16,148569.0,857.0
PAYEMS,2021-10-01,2026-01-09,148569.0,857.0
PAYEMS,2021-10-01,2026-02-11,148572.0,801.0
PAYEMS,2021-10-01,2026-03-06,148572.0,801.0
PAYEMS,2021-10-01,2026-04-03,148572.0,801.0
PAYEMS,2021-10-01,2026-05-08,148572.0,801.0
PAYEMS,2021-10-01,2026-06-05,148572.0,801.0
PAYEMS,2021-10-01,2026-07-02,148572.0,801.0
PAYEMS,2021-11-01,2021-12-03,148611.0,210.0
PAYEMS,2021-11-01,2022-01-07,148752.0,249.0
PAYEMS,2021-11-01,2022-02-04,148652.0,647.0
PAYEMS,2021-11-01,2022-03-04,148652.0,647.0
PAYEMS,2021-11-01,2022-04-01,148652.0,647.0
PAYEMS,2021-11-01,2022-05-06,148652.0,647.0
PAYEMS,2021-11-01,2022-06-03,148652.0,647.0
PAYEMS,2021-11-01,2022-07-08,148652.0,647.0
PAYEMS,2021-11-01,2022-08-05,148652.0,647.0
PAYEMS,2021-11-01,2022-09-02,148652.0,647.0
PAYEMS,2021-11-01,2022-10-07,148652.0,647.0
PAYEMS,2021-11-01,2022-11-04,148652.0,647.0
PAYEMS,2021-11-01,2022-12-02,148652.0,647.0
PAYEMS,2021-11-01,2023-01-06,148652.0,647.0
PAYEMS,2021-11-01,2023-02-03,149173.0,614.0
PAYEMS,2021-11-01,2023-03-10,149173.0,614.0
PAYEMS,2021-11-01,2023-04-07,149173.0,614.0
PAYEMS,2021-11-01,2023-05-05,149173.0,614.0
PAYEMS,2021-11-01,2023-06-02,149173.0,614.0
PAYEMS,2021-11-01,2023-07-07,149173.0,614.0
PAYEMS,2021-11-01,2023-08-04,149173.0,614.0
PAYEMS,2021-11-01,2023-09-01,149173.0,614.0
PAYEMS,2021-11-01,2023-10-06,149173.0,614.0
PAYEMS,2021-11-01,2023-11-03,149173.0,614.0
PAYEMS,2021-11-01,2023-12-08,149173.0,614.0
PAYEMS,2021-11-01,2024-01-05,149173.0,614.0
PAYEMS,2021-11-01,2024-02-02,149197.0,631.0
PAYEMS,2021-11-01,2024-03-08,149197.0,631.0
PAYEMS,2021-11-01,2024-04-05,149197.0,631.0
PAYEMS,2021-11-01,2024-05-03,149197.0,631.0
PAYEMS,2021-11-01,2024-06-07,149197.0,631.0
PAYEMS,2021-11-01,2024-07-05,149197.0,631.0
PAYEMS,2021-11-01,2024-08-02,149197.0,631.0
PAYEMS,2021-11-01,2024-09-06,149197.0,631.0
PAYEMS,2021-11-01,2024-10-04,149197.0,631.0
PAYEMS,2021-11-01,2024-11-01,149197.0,631.0
PAYEMS,2021-11-01,2024-12-06,149197.0,631.0
PAYEMS,2021-11-01,2025-01-10,149197.0,631.0
PAYEMS,2021-11-01,2025-02-07,149206.0,637.0
PAYEMS,2021-11-01,2025-03-07,149206.0,637.0
PAYEMS,2021-11-01,2025-04-04,149206.0,637.0
PAYEMS,2021-11-01,2025-05-02,149206.0,637.0
PAYEMS,2021-11-01,2025-06-06,149206.0,637.0
PAYEMS,2021-11-01,2025-07-03,149206.0,637.0
PAYEMS,2021-11-01,2025-08-01,149206.0,637.0
PAYEMS,2021-11-01,2025-09-05,149206.0,637.0
PAYEMS,2021-11-01,2025-11-20,149206.0,637.0
PAYEMS,2021-11-01,2025-12-16,149206.0,637.0
PAYEMS,2021-11-01,2026-01-09,149206.0,637.0
PAYEMS,2021-11-01,2026-02-11,149230.0,658.0
PAYEMS,2021-11-01,2026-03-06,149230.0,658.0
PAYEMS,2021-11-01,2026-04-03,149230.0,658.0
PAYEMS,2021-11-01,2026-05-08,149230.0,658.0
PAYEMS,2021-11-01,2026-06-05,149230.0,658.0
PAYEMS,2021-11-01,2026-07-02,149230.0,658.0
PAYEMS,2021-12-01,2022-01-07,148951.0,199.0
PAYEMS,2021-12-01,2022-02-04,149162.0,510.0
PAYEMS,2021-12-01,2022-03-04,149240.0,588.0
PAYEMS,2021-12-01,2022-04-01,149240.0,588.0
PAYEMS,2021-12-01,2022-05-06,149240.0,588.0
PAYEMS,2021-12-01,2022-06-03,149240.0,588.0
PAYEMS,2021-12-01,2022-07-08,149240.0,588.0
PAYEMS,2021-12-01,2022-08-05,149240.0,588.0
PAYEMS,2021-12-01,2022-09-02,149240.0,588.0
PAYEMS,2021-12-01,2022-10-07,149240.0,588.0
PAYEMS,2021-12-01,2022-11-04,149240.0,588.0
PAYEMS,2021-12-01,2022-12-02,149240.0,588.0
PAYEMS,2021-12-01,2023-01-06,149240.0,588.0
PAYEMS,2021-12-01,2023-02-03,149742.0,569.0
PAYEMS,2021-12-01,2023-03-10,149742.0,569.0
PAYEMS,2021-12-01,2023-04-07,149742.0,569.0
PAYEMS,2021-12-01,2023-05-05,149742.0,569.0
PAYEMS,2021-12-01,2023-06-02,149742.0,569.0
PAYEMS,2021-12-01,2023-07-07,149742.0,569.0
PAYEMS,2021-12-01,2023-08-04,149742.0,569.0
PAYEMS,2021-12-01,2023-09-01,149742.0,569.0
PAYEMS,2021-12-01,2023-10-06,149742.0,569.0
PAYEMS,2021-12-01,2023-11-03,149742.0,569.0
PAYEMS,2021-12-01,2023-12-08,149742.0,569.0
PAYEMS,2021-12-01,2024-01-05,149742.0,569.0
PAYEMS,2021-12-01,2024-02-02,149763.0,566.0
PAYEMS,2021-12-01,2024-03-08,149763.0,566.0
PAYEMS,2021-12-01,2024-04-05,149763.0,566.0
PAYEMS,2021-12-01,2024-05-03,149763.0,566.0
PAYEMS,2021-12-01,2024-06-07,149763.0,566.0
PAYEMS,2021-12-01,2024-07-05,149763.0,566.0
PAYEMS,2021-12-01,2024-08-02,149763.0,566.0
PAYEMS,2021-12-01,2024-09-06,149763.0,566.0
PAYEMS,2021-12-01,2024-10-04,149763.0,566.0
PAYEMS,2021-12-01,2024-11-01,149763.0,566.0
PAYEMS,2021-12-01,2024-12-06,149763.0,566.0
PAYEMS,2021-12-01,2025-01-10,149763.0,566.0
PAYEMS,2021-12-01,2025-02-07,149781.0,575.0
PAYEMS,2021-12-01,2025-03-07,149781.0,575.0
PAYEMS,2021-12-01,2025-04-04,149781.0,575.0
PAYEMS,2021-12-01,2025-05-02,149781.0,575.0
PAYEMS,2021-12-01,2025-06-06,149781.0,575.0
PAYEMS,2021-12-01,2025-07-03,149781.0,575.0
PAYEMS,2021-12-01,2025-08-01,149781.0,575.0
PAYEMS,2021-12-01,2025-09-05,149781.0,575.0
PAYEMS,2021-12-01,2025-11-20,149781.0,575.0
PAYEMS,2021-12-01,2025-12-16,149781.0,575.0
PAYEMS,2021-12-01,2026-01-09,149781.0,575.0
PAYEMS,2021-12-01,2026-02-11,149816.0,586.0
PAYEMS,2021-12-01,2026-03-06,149816.0,586.0
PAYEMS,2021-12-01,2026-04-03,149816.0,586.0
PAYEMS,2021-12-01,2026-05-08,149816.0,586.0
PAYEMS,2021-12-01,2026-06-05,149816.0,586.0
PAYEMS,2021-12-01,2026-07-02,149816.0,586.0
PAYEMS,2022-01-01,2022-02-04,149629.0,467.0
PAYEMS,2022-01-01,2022-03-04,149721.0,481.0
PAYEMS,2022-01-01,2022-04-01,149744.0,504.0
PAYEMS,2022-01-01,2022-05-06,149744.0,504.0
PAYEMS,2022-01-01,2022-06-03,149744.0,504.0
PAYEMS,2022-01-01,2022-07-08,149744.0,504.0
PAYEMS,2022-01-01,2022-08-05,149744.0,504.0
PAYEMS,2022-01-01,2022-09-02,149744.0,504.0
PAYEMS,2022-01-01,2022-10-07,149744.0,504.0
PAYEMS,2022-01-01,2022-11-04,149744.0,504.0
PAYEMS,2022-01-01,2022-12-02,149744.0,504.0
PAYEMS,2022-01-01,2023-01-06,149744.0,504.0
PAYEMS,2022-01-01,2023-02-03,150106.0,364.0
PAYEMS,2022-01-01,2023-03-10,150106.0,364.0
PAYEMS,2022-01-01,2023-04-07,150106.0,364.0
PAYEMS,2022-01-01,2023-05-05,150106.0,364.0
PAYEMS,2022-01-01,2023-06-02,150106.0,364.0
PAYEMS,2022-01-01,2023-07-07,150106.0,364.0
PAYEMS,2022-01-01,2023-08-04,150106.0,364.0
PAYEMS,2022-01-01,2023-09-01,150106.0,364.0
PAYEMS,2022-01-01,2023-10-06,150106.0,364.0
PAYEMS,2022-01-01,2023-11-03,150106.0,364.0
PAYEMS,2022-01-01,2023-12-08,150106.0,364.0
PAYEMS,2022-01-01,2024-01-05,150106.0,364.0
PAYEMS,2022-01-01,2024-02-02,150014.0,251.0
PAYEMS,2022-01-01,2024-03-08,150014.0,251.0
PAYEMS,2022-01-01,2024-04-05,150014.0,251.0
PAYEMS,2022-01-01,2024-05-03,150014.0,251.0
PAYEMS,2022-01-01,2024-06-07,150014.0,251.0
PAYEMS,2022-01-01,2024-07-05,150014.0,251.0
PAYEMS,2022-01-01,2024-08-02,150014.0,251.0
PAYEMS,2022-01-01,2024-09-06,150014.0,251.0
PAYEMS,2022-01-01,2024-10-04,150014.0,251.0
PAYEMS,2022-01-01,2024-11-01,150014.0,251.0
PAYEMS,2022-01-01,2024-12-06,150014.0,251.0
PAYEMS,2022-01-01,2025-01-10,150014.0,251.0
PAYEMS,2022-01-01,2025-02-07,150006.0,225.0
PAYEMS,2022-01-01,2025-03-07,150006.0,225.0
PAYEMS,2022-01-01,2025-04-04,150006.0,225.0
PAYEMS,2022-01-01,2025-05-02,150006.0,225.0
PAYEMS,2022-01-01,2025-06-06,150006.0,225.0
PAYEMS,2022-01-01,2025-07-03,150006.0,225.0
PAYEMS,2022-01-01,2025-08-01,150006.0,225.0
PAYEMS,2022-01-01,2025-09-05,150006.0,225.0
PAYEMS,2022-01-01,2025-11-20,150006.0,225.0
PAYEMS,2022-01-01,2025-12-16,150006.0,225.0
PAYEMS,2022-01-01,2026-01-09,150006.0,225.0
PAYEMS,2022-01-01,2026-02-11,150006.0,190.0
PAYEMS,2022-01-01,2026-03-06,150006.0,190.0
PAYEMS,2022-01-01,2026-04-03,150006.0,190.0
PAYEMS,2022-01-01,2026-05-08,150006.0,190.0
PAYEMS,2022-01-01,2026-06-05,150006.0,190.0
PAYEMS,2022-01-01,2026-07-02,150006.0,190.0
PAYEMS,2022-02-01,2022-03-04,150399.0,678.0
PAYEMS,2022-02-01,2022-04-01,150494.0,750.0
PAYEMS,2022-02-01,2022-05-06,150458.0,714.0
PAYEMS,2022-02-01,2022-06-03,150458.0,714.0
PAYEMS,2022-02-01,2022-07-08,150458.0,714.0
PAYEMS,2022-02-01,2022-08-05,150458.0,714.0
PAYEMS,2022-02-01,2022-09-02,150458.0,714.0
PAYEMS,2022-02-01,2022-10-07,150458.0,714.0
PAYEMS,2022-02-01,2022-11-04,150458.0,714.0
PAYEMS,2022-02-01,2022-12-02,150458.0,714.0
PAYEMS,2022-02-01,2023-01-06,150458.0,714.0
PAYEMS,2022-02-01,2023-02-03,151010.0,904.0
PAYEMS,2022-02-01,2023-03-10,151010.0,904.0
PAYEMS,2022-02-01,2023-04-07,151010.0,904.0
PAYEMS,2022-02-01,2023-05-05,151010.0,904.0
PAYEMS,2022-02-01,2023-06-02,151010.0,904.0
PAYEMS,2022-02-01,2023-07-07,151010.0,904.0
PAYEMS,2022-02-01,2023-08-04,151010.0,904.0
PAYEMS,2022-02-01,2023-09-01,151010.0,904.0
PAYEMS,2022-02-01,2023-10-06,151010.0,904.0
PAYEMS,2022-02-01,2023-11-03,151010.0,904.0
PAYEMS,2022-02-01,2023-12-08,151010.0,904.0
PAYEMS,2022-02-01,2024-01-05,151010.0,904.0
PAYEMS,2022-02-01,2024-02-02,150876.0,862.0
PAYEMS,2022-02-01,2024-03-08,150876.0,862.0
PAYEMS,2022-02-01,2024-04-05,150876.0,862.0
PAYEMS,2022-02-01,2024-05-03,150876.0,862.0
PAYEMS,2022-02-01,2024-06-07,150876.0,862.0
PAYEMS,2022-02-01,2024-07-05,150876.0,862.0
PAYEMS,2022-02-01,2024-08-02,150876.0,862.0
PAYEMS,2022-02-01,2024-09-06,150876.0,862.0
PAYEMS,2022-02-01,2024-10-04,150876.0,862.0
PAYEMS,2022-02-01,2024-11-01,150876.0,862.0
PAYEMS,2022-02-01,2024-12-06,150876.0,862.0
PAYEMS,2022-02-01,2025-01-10,150876.0,862.0
PAYEMS,2022-02-01,2025-02-07,150875.0,869.0
PAYEMS,2022-02-01,2025-03-07,150875.0,869.0
PAYEMS,2022-02-01,2025-04-04,150875.0,869.0
PAYEMS,2022-02-01,2025-05-02,150875.0,869.0
PAYEMS,2022-02-01,2025-06-06,150875.0,869.0
PAYEMS,2022-02-01,2025-07-03,150875.0,869.0
PAYEMS,2022-02-01,2025-08-01,150875.0,869.0
PAYEMS,2022-02-01,2025-09-05,150875.0,869.0
PAYEMS,2022-02-01,2025-11-20,150875.0,869.0
PAYEMS,2022-02-01,2025-12-16,150875.0,869.0
PAYEMS,2022-02-01,2026-01-09,150875.0,869.0
PAYEMS,2022-02-01,2026-02-11,150825.0,819.0
PAYEMS,2022-02-01,2026-03-06,150825.0,819.0
PAYEMS,2022-02-01,2026-04-03,150825.0,819.0
PAYEMS,2022-02-01,2026-05-08,150825.0,819.0
PAYEMS,2022-02-01,2026-06-05,150825.0,819.0
PAYEMS,2022-02-01,2026-07-02,150825.0,819.0
PAYEMS,2022-03-01,2022-04-01,150925.0,431.0
PAYEMS,2022-03-01,2022-05-06,150886.0,428.0
PAYEMS,2022-03-01,2022-06-03,150856.0,398.0
PAYEMS,2022-03-01,2022-07-08,150856.0,398.0
PAYEMS,2022-03-01,2022-08-05,150856.0,398.0
PAYEMS,2022-03-01,2022-09-02,150856.0,398.0
PAYEMS,2022-03-01,2022-10-07,150856.0,398.0
PAYEMS,2022-03-01,2022-11-04,150856.0,398.0
PAYEMS,2022-03-01,2022-12-02,150856.0,398.0
PAYEMS,2022-03-01,2023-01-06,150856.0,398.0
PAYEMS,2022-03-01,2023-02-03,151424.0,414.0
PAYEMS,2022-03-01,2023-03-10,151424.0,414.0
PAYEMS,2022-03-01,2023-04-07,151424.0,414.0
PAYEMS,2022-03-01,2023-05-05,151424.0,414.0
PAYEMS,2022-03-01,2023-06-02,151424.0,414.0
PAYEMS,2022-03-01,2023-07-07,151424.0,414.0
PAYEMS,2022-03-01,2023-08-04,151424.0,414.0
PAYEMS,2022-03-01,2023-09-01,151424.0,414.0
PAYEMS,2022-03-01,2023-10-06,151424.0,414.0
PAYEMS,2022-03-01,2023-11-03,151424.0,414.0
PAYEMS,2022-03-01,2023-12-08,151424.0,414.0
PAYEMS,2022-03-01,2024-01-05,151424.0,414.0
PAYEMS,2022-03-01,2024-02-02,151370.0,494.0
PAYEMS,2022-03-01,2024-03-08,151370.0,494.0
PAYEMS,2022-03-01,2024-04-05,151370.0,494.0
PAYEMS,2022-03-01,2024-05-03,151370.0,494.0
PAYEMS,2022-03-01,2024-06-07,151370.0,494.0
PAYEMS,2022-03-01,2024-07-05,151370.0,494.0
PAYEMS,2022-03-01,2024-08-02,151370.0,494.0
PAYEMS,2022-03-01,2024-09-06,151370.0,494.0
PAYEMS,2022-03-01,2024-10-04,151370.0,494.0
PAYEMS,2022-03-01,2024-11-01,151370.0,494.0
PAYEMS,2022-03-01,2024-12-06,151370.0,494.0
PAYEMS,2022-03-01,2025-01-10,151370.0,494.0
PAYEMS,2022-03-01,2025-02-07,151346.0,471.0
PAYEMS,2022-03-01,2025-03-07,151346.0,471.0
PAYEMS,2022-03-01,2025-04-04,151346.0,471.0
PAYEMS,2022-03-01,2025-05-02,151346.0,471.0
PAYEMS,2022-03-01,2025-06-06,151346.0,471.0
PAYEMS,2022-03-01,2025-07-03,151346.0,471.0
PAYEMS,2022-03-01,2025-08-01,151346.0,471.0
PAYEMS,2022-03-01,2025-09-05,151346.0,471.0
PAYEMS,2022-03-01,2025-11-20,151346.0,471.0
PAYEMS,2022-03-01,2025-12-16,151346.0,471.0
PAYEMS,2022-03-01,2026-01-09,151346.0,471.0
PAYEMS,2022-03-01,2026-02-11,151315.0,490.0
PAYEMS,2022-03-01,2026-03-06,151315.0,490.0
PAYEMS,2022-03-01,2026-04-03,151315.0,490.0
PAYEMS,2022-03-01,2026-05-08,151315.0,490.0
PAYEMS,2022-03-01,2026-06-05,151315.0,490.0
PAYEMS,2022-03-01,2026-07-02,151315.0,490.0
PAYEMS,2022-04-01,2022-05-06,151314.0,428.0
PAYEMS,2022-04-01,2022-06-03,151292.0,436.0
PAYEMS,2022-04-01,2022-07-08,151224.0,368.0
PAYEMS,2022-04-01,2022-08-05,151224.0,368.0
PAYEMS,2022-04-01,2022-09-02,151224.0,368.0
PAYEMS,2022-04-01,2022-10-07,151224.0,368.0
PAYEMS,2022-04-01,2022-11-04,151224.0,368.0
PAYEMS,2022-04-01,2022-12-02,151224.0,368.0
PAYEMS,2022-04-01,2023-01-06,151224.0,368.0
PAYEMS,2022-04-01,2023-02-03,151678.0,254.0
PAYEMS,2022-04-01,2023-03-10,151678.0,254.0
PAYEMS,2022-04-01,2023-04-07,151678.0,254.0
PAYEMS,2022-04-01,2023-05-05,151678.0,254.0
PAYEMS,2022-04-01,2023-06-02,151678.0,254.0
PAYEMS,2022-04-01,2023-07-07,151678.0,254.0
PAYEMS,2022-04-01,2023-08-04,151678.0,254.0
PAYEMS,2022-04-01,2023-09-01,151678.0,254.0
PAYEMS,2022-04-01,2023-10-06,151678.0,254.0
PAYEMS,2022-04-01,2023-11-03,151678.0,254.0
PAYEMS,2022-04-01,2023-12-08,151678.0,254.0
PAYEMS,2022-04-01,2024-01-05,151678.0,254.0
PAYEMS,2022-04-01,2024-02-02,151642.0,272.0
PAYEMS,2022-04-01,2024-03-08,151642.0,272.0
PAYEMS,2022-04-01,2024-04-05,151642.0,272.0
PAYEMS,2022-04-01,2024-05-03,151642.0,272.0
PAYEMS,2022-04-01,2024-06-07,151642.0,272.0
PAYEMS,2022-04-01,2024-07-05,151642.0,272.0
PAYEMS,2022-04-01,2024-08-02,151642.0,272.0
PAYEMS,2022-04-01,2024-09-06,151642.0,272.0
PAYEMS,2022-04-01,2024-10-04,151642.0,272.0
PAYEMS,2022-04-01,2024-11-01,151642.0,272.0
PAYEMS,2022-04-01,2024-12-06,151642.0,272.0
PAYEMS,2022-04-01,2025-01-10,151642.0,272.0
PAYEMS,2022-04-01,2025-02-07,151651.0,305.0
PAYEMS,2022-04-01,2025-03-07,151651.0,305.0
PAYEMS,2022-04-01,2025-04-04,151651.0,305.0
PAYEMS,2022-04-01,2025-05-02,151651.0,305.0
PAYEMS,2022-04-01,2025-06-06,151651.0,305.0
PAYEMS,2022-04-01,2025-07-03,151651.0,305.0
PAYEMS,2022-04-01,2025-08-01,151651.0,305.0
PAYEMS,2022-04-01,2025-09-05,151651.0,305.0
PAYEMS,2022-04-01,2025-11-20,151651.0,305.0
PAYEMS,2022-04-01,2025-12-16,151651.0,305.0
PAYEMS,2022-04-01,2026-01-09,151651.0,305.0
PAYEMS,2022-04-01,2026-02-11,151623.0,308.0
PAYEMS,2022-04-01,2026-03-06,151623.0,308.0
PAYEMS,2022-04-01,2026-04-03,151623.0,308.0
PAYEMS,2022-04-01,2026-05-08,151623.0,308.0
PAYEMS,2022-04-01,2026-06-05,151623.0,308.0
PAYEMS,2022-04-01,2026-07-02,151623.0,308.0
PAYEMS,2022-05-01,2022-06-03,151682.0,390.0
PAYEMS,2022-05-01,2022-07-08,151608.0,384.0
PAYEMS,2022-05-01,2022-08-05,151610.0,386.0
PAYEMS,2022-05-01,2022-09-02,151610.0,386.0
PAYEMS,2022-05-01,2022-10-07,151610.0,386.0
PAYEMS,2022-05-01,2022-11-04,151610.0,386.0
PAYEMS,2022-05-01,2022-12-02,151610.0,386.0
PAYEMS,2022-05-01,2023-01-06,151610.0,386.0
PAYEMS,2022-05-01,2023-02-03,152042.0,364.0
PAYEMS,2022-05-01,2023-03-10,152042.0,364.0
PAYEMS,2022-05-01,2023-04-07,152042.0,364.0
PAYEMS,2022-05-01,2023-05-05,152042.0,364.0
PAYEMS,2022-05-01,2023-06-02,152042.0,364.0
PAYEMS,2022-05-01,2023-07-07,152042.0,364.0
PAYEMS,2022-05-01,2023-08-04,152042.0,364.0
PAYEMS,2022-05-01,2023-09-01,152042.0,364.0
PAYEMS,2022-05-01,2023-10-06,152042.0,364.0
PAYEMS,2022-05-01,2023-11-03,152042.0,364.0
PAYEMS,2022-05-01,2023-12-08,152042.0,364.0
PAYEMS,2022-05-01,2024-01-05,152042.0,364.0
PAYEMS,2022-05-01,2024-02-02,151928.0,286.0
PAYEMS,2022-05-01,2024-03-08,151928.0,286.0
PAYEMS,2022-05-01,2024-04-05,151928.0,286.0
PAYEMS,2022-05-01,2024-05-03,151928.0,286.0
PAYEMS,2022-05-01,2024-06-07,151928.0,286.0
PAYEMS,2022-05-01,2024-07-05,151928.0,286.0
PAYEMS,2022-05-01,2024-08-02,151928.0,286.0
PAYEMS,2022-05-01,2024-09-06,151928.0,286.0
PAYEMS,2022-05-01,2024-10-04,151928.0,286.0
PAYEMS,2022-05-01,2024-11-01,151928.0,286.0
PAYEMS,2022-05-01,2024-12-06,151928.0,286.0
PAYEMS,2022-05-01,2025-01-10,151928.0,286.0
PAYEMS,2022-05-01,2025-02-07,151892.0,241.0
PAYEMS,2022-05-01,2025-03-07,151892.0,241.0
PAYEMS,2022-05-01,2025-04-04,151892.0,241.0
PAYEMS,2022-05-01,2025-05-02,151892.0,241.0
PAYEMS,2022-05-01,2025-06-06,151892.0,241.0
PAYEMS,2022-05-01,2025-07-03,151892.0,241.0
PAYEMS,2022-05-01,2025-08-01,151892.0,241.0
PAYEMS,2022-05-01,2025-09-05,151892.0,241.0
PAYEMS,2022-05-01,2025-11-20,151892.0,241.0
PAYEMS,2022-05-01,2025-12-16,151892.0,241.0
PAYEMS,2022-05-01,2026-01-09,151892.0,241.0
PAYEMS,2022-05-01,2026-02-11,151924.0,301.0
PAYEMS,2022-05-01,2026-03-06,151924.0,301.0
PAYEMS,2022-05-01,2026-04-03,151924.0,301.0
PAYEMS,2022-05-01,2026-05-08,151924.0,301.0
PAYEMS,2022-05-01,2026-06-05,151924.0,301.0
PAYEMS,2022-05-01,2026-07-02,151924.0,301.0
PAYEMS,2022-06-01,2022-07-08,151980.0,372.0
PAYEMS,2022-06-01,2022-08-05,152008.0,398.0
PAYEMS,2022-06-01,2022-09-02,151903.0,293.0
PAYEMS,2022-06-01,2022-10-07,151903.0,293.0
PAYEMS,2022-06-01,2022-11-04,151903.0,293.0
PAYEMS,2022-06-01,2022-12-02,151903.0,293.0
PAYEMS,2022-06-01,2023-01-06,151903.0,293.0
PAYEMS,2022-06-01,2023-02-03,152412.0,370.0
PAYEMS,2022-06-01,2023-03-10,152412.0,370.0
PAYEMS,2022-06-01,2023-04-07,152412.0,370.0
PAYEMS,2022-06-01,2023-05-05,152412.0,370.0
PAYEMS,2022-06-01,2023-06-02,152412.0,370.0
PAYEMS,2022-06-01,2023-07-07,152412.0,370.0
PAYEMS,2022-06-01,2023-08-04,152412.0,370.0
PAYEMS,2022-06-01,2023-09-01,152412.0,370.0
PAYEMS,2022-06-01,2023-10-06,152412.0,370.0
PAYEMS,2022-06-01,2023-11-03,152412.0,370.0
PAYEMS,2022-06-01,2023-12-08,152412.0,370.0
PAYEMS,2022-06-01,2024-01-05,152412.0,370.0
PAYEMS,2022-06-01,2024-02-02,152348.0,420.0
PAYEMS,2022-06-01,2024-03-08,152348.0,420.0
PAYEMS,2022-06-01,2024-04-05,152348.0,420.0
PAYEMS,2022-06-01,2024-05-03,152348.0,420.0
PAYEMS,2022-06-01,2024-06-07,152348.0,420.0
PAYEMS,2022-06-01,2024-07-05,152348.0,420.0
PAYEMS,2022-06-01,2024-08-02,152348.0,420.0
PAYEMS,2022-06-01,2024-09-06,152348.0,420.0
PAYEMS,2022-06-01,2024-10-04,152348.0,420.0
PAYEMS,2022-06-01,2024-11-01,152348.0,420.0
PAYEMS,2022-06-01,2024-12-06,152348.0,420.0
PAYEMS,2022-06-01,2025-01-10,152348.0,420.0
PAYEMS,2022-06-01,2025-02-07,152353.0,461.0
PAYEMS,2022-06-01,2025-03-07,152353.0,461.0
PAYEMS,2022-06-01,2025-04-04,152353.0,461.0
PAYEMS,2022-06-01,2025-05-02,152353.0,461.0
PAYEMS,2022-06-01,2025-06-06,152353.0,461.0
PAYEMS,2022-06-01,2025-07-03,152353.0,461.0
PAYEMS,2022-06-01,2025-08-01,152353.0,461.0
PAYEMS,2022-06-01,2025-09-05,152353.0,461.0
PAYEMS,2022-06-01,2025-11-20,152353.0,461.0
PAYEMS,2022-06-01,2025-12-16,152353.0,461.0
PAYEMS,2022-06-01,2026-01-09,152353.0,461.0
PAYEMS,2022-06-01,2026-02-11,152358.0,434.0
PAYEMS,2022-06-01,2026-03-06,152358.0,434.0
PAYEMS,2022-06-01,2026-04-03,152358.0,434.0
PAYEMS,2022-06-01,2026-05-08,152358.0,434.0
PAYEMS,2022-06-01,2026-06-05,152358.0,434.0
PAYEMS,2022-06-01,2026-07-02,152358.0,434.0
PAYEMS,2022-07-01,2022-08-05,152536.0,528.0
PAYEMS,2022-07-01,2022-09-02,152429.0,526.0
PAYEMS,2022-07-01,2022-10-07,152440.0,537.0
PAYEMS,2022-07-01,2022-11-04,152440.0,537.0
PAYEMS,2022-07-01,2022-12-02,152440.0,537.0
PAYEMS,2022-07-01,2023-01-06,152440.0,537.0
PAYEMS,2022-07-01,2023-02-03,152980.0,568.0
PAYEMS,2022-07-01,2023-03-10,152980.0,568.0
PAYEMS,2022-07-01,2023-04-07,152980.0,568.0
PAYEMS,2022-07-01,2023-05-05,152980.0,568.0
PAYEMS,2022-07-01,2023-06-02,152980.0,568.0
PAYEMS,2022-07-01,2023-07-07,152980.0,568.0
PAYEMS,2022-07-01,2023-08-04,152980.0,568.0
PAYEMS,2022-07-01,2023-09-01,152980.0,568.0
PAYEMS,2022-07-01,2023-10-06,152980.0,568.0
PAYEMS,2022-07-01,2023-11-03,152980.0,568.0
PAYEMS,2022-07-01,2023-12-08,152980.0,568.0
PAYEMS,2022-07-01,2024-01-05,152980.0,568.0
PAYEMS,2022-07-01,2024-02-02,153038.0,690.0
PAYEMS,2022-07-01,2024-03-08,153038.0,690.0
PAYEMS,2022-07-01,2024-04-05,153038.0,690.0
PAYEMS,2022-07-01,2024-05-03,153038.0,690.0
PAYEMS,2022-07-01,2024-06-07,153038.0,690.0
PAYEMS,2022-07-01,2024-07-05,153038.0,690.0
PAYEMS,2022-07-01,2024-08-02,153038.0,690.0
PAYEMS,2022-07-01,2024-09-06,153038.0,690.0
PAYEMS,2022-07-01,2024-10-04,153038.0,690.0
PAYEMS,2022-07-01,2024-11-01,153038.0,690.0
PAYEMS,2022-07-01,2024-12-06,153038.0,690.0
PAYEMS,2022-07-01,2025-01-10,153038.0,690.0
PAYEMS,2022-07-01,2025-02-07,153049.0,696.0
PAYEMS,2022-07-01,2025-03-07,153049.0,696.0
PAYEMS,2022-07-01,2025-04-04,153049.0,696.0
PAYEMS,2022-07-01,2025-05-02,153049.0,696.0
PAYEMS,2022-07-01,2025-06-06,153049.0,696.0
PAYEMS,2022-07-01,2025-07-03,153049.0,696.0
PAYEMS,2022-07-01,2025-08-01,153049.0,696.0
PAYEMS,2022-07-01,2025-09-05,153049.0,696.0
PAYEMS,2022-07-01,2025-11-20,153049.0,696.0
PAYEMS,2022-07-01,2025-12-16,153049.0,696.0
PAYEMS,2022-07-01,2026-01-09,153049.0,696.0
PAYEMS,2022-07-01,2026-02-11,153072.0,714.0
PAYEMS,2022-07-01,2026-03-06,153072.0,714.0
PAYEMS,2022-07-01,2026-04-03,153072.0,714.0
PAYEMS,2022-07-01,2026-05-08,153072.0,714.0
PAYEMS,2022-07-01,2026-06-05,153072.0,714.0
PAYEMS,2022-07-01,2026-07-02,153072.0,714.0
PAYEMS,2022-08-01,2022-09-02,152744.0,315.0
PAYEMS,2022-08-01,2022-10-07,152755.0,315.0
PAYEMS,2022-08-01,2022-11-04,152732.0,292.0
PAYEMS,2022-08-01,2022-12-02,152732.0,292.0
PAYEMS,2022-08-01,2023-01-06,152732.0,292.0
PAYEMS,2022-08-01,2023-02-03,153332.0,352.0
PAYEMS,2022-08-01,2023-03-10,153332.0,352.0
PAYEMS,2022-08-01,2023-04-07,153332.0,352.0
PAYEMS,2022-08-01,2023-05-05,153332.0,352.0
PAYEMS,2022-08-01,2023-06-02,153332.0,352.0
PAYEMS,2022-08-01,2023-07-07,153332.0,352.0
PAYEMS,2022-08-01,2023-08-04,153332.0,352.0
PAYEMS,2022-08-01,2023-09-01,153332.0,352.0
PAYEMS,2022-08-01,2023-10-06,153332.0,352.0
PAYEMS,2022-08-01,2023-11-03,153332.0,352.0
PAYEMS,2022-08-01,2023-12-08,153332.0,352.0
PAYEMS,2022-08-01,2024-01-05,153332.0,352.0
PAYEMS,2022-08-01,2024-02-02,153281.0,243.0
PAYEMS,2022-08-01,2024-03-08,153281.0,243.0
PAYEMS,2022-08-01,2024-04-05,153281.0,243.0
PAYEMS,2022-08-01,2024-05-03,153281.0,243.0
PAYEMS,2022-08-01,2024-06-07,153281.0,243.0
PAYEMS,2022-08-01,2024-07-05,153281.0,243.0
PAYEMS,2022-08-01,2024-08-02,153281.0,243.0
PAYEMS,2022-08-01,2024-09-06,153281.0,243.0
PAYEMS,2022-08-01,2024-10-04,153281.0,243.0
PAYEMS,2022-08-01,2024-11-01,153281.0,243.0
PAYEMS,2022-08-01,2024-12-06,153281.0,243.0
PAYEMS,2022-08-01,2025-01-10,153281.0,243.0
PAYEMS,2022-08-01,2025-02-07,153286.0,237.0
PAYEMS,2022-08-01,2025-03-07,153286.0,237.0
PAYEMS,2022-08-01,2025-04-04,153286.0,237.0
PAYEMS,2022-08-01,2025-05-02,153286.0,237.0
PAYEMS,2022-08-01,2025-06-06,153286.0,237.0
PAYEMS,2022-08-01,2025-07-03,153286.0,237.0
PAYEMS,2022-08-01,2025-08-01,153286.0,237.0
PAYEMS,2022-08-01,2025-09-05,153286.0,237.0
PAYEMS,2022-08-01,2025-11-20,153286.0,237.0
PAYEMS,2022-08-01,2025-12-16,153286.0,237.0
PAYEMS,2022-08-01,2026-01-09,153286.0,237.0
PAYEMS,2022-08-01,2026-02-11,153362.0,290.0
PAYEMS,2022-08-01,2026-03-06,153362.0,290.0
PAYEMS,2022-08-01,2026-04-03,153362.0,290.0
PAYEMS,2022-08-01,2026-05-08,153362.0,290.0
PAYEMS,2022-08-01,2026-06-05,153362.0,290.0
PAYEMS,2022-08-01,2026-07-02,153362.0,290.0
PAYEMS,2022-09-01,2022-10-07,153018.0,263.0
PAYEMS,2022-09-01,2022-11-04,153047.0,315.0
PAYEMS,2022-09-01,2022-12-02,153001.0,269.0
PAYEMS,2022-09-01,2023-01-06,153001.0,269.0
PAYEMS,2022-09-01,2023-02-03,153682.0,350.0
PAYEMS,2022-09-01,2023-03-10,153682.0,350.0
PAYEMS,2022-09-01,2023-04-07,153682.0,350.0
PAYEMS,2022-09-01,2023-05-05,153682.0,350.0
PAYEMS,2022-09-01,2023-06-02,153682.0,350.0
PAYEMS,2022-09-01,2023-07-07,153682.0,350.0
PAYEMS,2022-09-01,2023-08-04,153682.0,350.0
PAYEMS,2022-09-01,2023-09-01,153682.0,350.0
PAYEMS,2022-09-01,2023-10-06,153682.0,350.0
PAYEMS,2022-09-01,2023-11-03,153682.0,350.0
PAYEMS,2022-09-01,2023-12-08,153682.0,350.0
PAYEMS,2022-09-01,2024-01-05,153682.0,350.0
PAYEMS,2022-09-01,2024-02-02,153536.0,255.0
PAYEMS,2022-09-01,2024-03-08,153536.0,255.0
PAYEMS,2022-09-01,2024-04-05,153536.0,255.0
PAYEMS,2022-09-01,2024-05-03,153536.0,255.0
PAYEMS,2022-09-01,2024-06-07,153536.0,255.0
PAYEMS,2022-09-01,2024-07-05,153536.0,255.0
PAYEMS,2022-09-01,2024-08-02,153536.0,255.0
PAYEMS,2022-09-01,2024-09-06,153536.0,255.0
PAYEMS,2022-09-01,2024-10-04,153536.0,255.0
PAYEMS,2022-09-01,2024-11-01,153536.0,255.0
PAYEMS,2022-09-01,2024-12-06,153536.0,255.0
PAYEMS,2022-09-01,2025-01-10,153536.0,255.0
PAYEMS,2022-09-01,2025-02-07,153513.0,227.0
PAYEMS,2022-09-01,2025-03-07,153513.0,227.0
PAYEMS,2022-09-01,2025-04-04,153513.0,227.0
PAYEMS,2022-09-01,2025-05-02,153513.0,227.0
PAYEMS,2022-09-01,2025-06-06,153513.0,227.0
PAYEMS,2022-09-01,2025-07-03,153513.0,227.0
PAYEMS,2022-09-01,2025-08-01,153513.0,227.0
PAYEMS,2022-09-01,2025-09-05,153513.0,227.0
PAYEMS,2022-09-01,2025-11-20,153513.0,227.0
PAYEMS,2022-09-01,2025-12-16,153513.0,227.0
PAYEMS,2022-09-01,2026-01-09,153513.0,227.0
PAYEMS,2022-09-01,2026-02-11,153582.0,220.0
PAYEMS,2022-09-01,2026-03-06,153582.0,220.0
PAYEMS,2022-09-01,2026-04-03,153582.0,220.0
PAYEMS,2022-09-01,2026-05-08,153582.0,220.0
PAYEMS,2022-09-01,2026-06-05,153582.0,220.0
PAYEMS,2022-09-01,2026-07-02,153582.0,220.0
PAYEMS,2022-10-01,2022-11-04,153308.0,261.0
PAYEMS,2022-10-01,2022-12-02,153285.0,284.0
PAYEMS,2022-10-01,2023-01-06,153264.0,263.0
PAYEMS,2022-10-01,2023-02-03,154006.0,324.0
PAYEMS,2022-10-01,2023-03-10,154006.0,324.0
PAYEMS,2022-10-01,2023-04-07,154006.0,324.0
PAYEMS,2022-10-01,2023-05-05,154006.0,324.0
PAYEMS,2022-10-01,2023-06-02,154006.0,324.0
PAYEMS,2022-10-01,2023-07-07,154006.0,324.0
PAYEMS,2022-10-01,2023-08-04,154006.0,324.0
PAYEMS,2022-10-01,2023-09-01,154006.0,324.0
PAYEMS,2022-10-01,2023-10-06,154006.0,324.0
PAYEMS,2022-10-01,2023-11-03,154006.0,324.0
PAYEMS,2022-10-01,2023-12-08,154006.0,324.0
PAYEMS,2022-10-01,2024-01-05,154006.0,324.0
PAYEMS,2022-10-01,2024-02-02,153897.0,361.0
PAYEMS,2022-10-01,2024-03-08,153897.0,361.0
PAYEMS,2022-10-01,2024-04-05,153897.0,361.0
PAYEMS,2022-10-01,2024-05-03,153897.0,361.0
PAYEMS,2022-10-01,2024-06-07,153897.0,361.0
PAYEMS,2022-10-01,2024-07-05,153897.0,361.0
PAYEMS,2022-10-01,2024-08-02,153897.0,361.0
PAYEMS,2022-10-01,2024-09-06,153897.0,361.0
PAYEMS,2022-10-01,2024-10-04,153897.0,361.0
PAYEMS,2022-10-01,2024-11-01,153897.0,361.0
PAYEMS,2022-10-01,2024-12-06,153897.0,361.0
PAYEMS,2022-10-01,2025-01-10,153897.0,361.0
PAYEMS,2022-10-01,2025-02-07,153913.0,400.0
PAYEMS,2022-10-01,2025-03-07,153913.0,400.0
PAYEMS,2022-10-01,2025-04-04,153913.0,400.0
PAYEMS,2022-10-01,2025-05-02,153913.0,400.0
PAYEMS,2022-10-01,2025-06-06,153913.0,400.0
PAYEMS,2022-10-01,2025-07-03,153913.0,400.0
PAYEMS,2022-10-01,2025-08-01,153913.0,400.0
PAYEMS,2022-10-01,2025-09-05,153913.0,400.0
PAYEMS,2022-10-01,2025-11-20,153913.0,400.0
PAYEMS,2022-10-01,2025-12-16,153913.0,400.0
PAYEMS,2022-10-01,2026-01-09,153913.0,400.0
PAYEMS,2022-10-01,2026-02-11,153939.0,357.0
PAYEMS,2022-10-01,2026-03-06,153939.0,357.0
PAYEMS,2022-10-01,2026-04-03,153939.0,357.0
PAYEMS,2022-10-01,2026-05-08,153939.0,357.0
PAYEMS,2022-10-01,2026-06-05,153939.0,357.0
PAYEMS,2022-10-01,2026-07-02,153939.0,357.0
PAYEMS,2022-11-01,2022-12-02,153548.0,263.0
PAYEMS,2022-11-01,2023-01-06,153520.0,256.0
PAYEMS,2022-11-01,2023-02-03,154296.0,290.0
PAYEMS,2022-11-01,2023-03-10,154296.0,290.0
PAYEMS,2022-11-01,2023-04-07,154296.0,290.0
PAYEMS,2022-11-01,2023-05-05,154296.0,290.0
PAYEMS,2022-11-01,2023-06-02,154296.0,290.0
PAYEMS,2022-11-01,2023-07-07,154296.0,290.0
PAYEMS,2022-11-01,2023-08-04,154296.0,290.0
PAYEMS,2022-11-01,2023-09-01,154296.0,290.0
PAYEMS,2022-11-01,2023-10-06,154296.0,290.0
PAYEMS,2022-11-01,2023-11-03,154296.0,290.0
PAYEMS,2022-11-01,2023-12-08,154296.0,290.0
PAYEMS,2022-11-01,2024-01-05,154296.0,290.0
PAYEMS,2022-11-01,2024-02-02,154155.0,258.0
PAYEMS,2022-11-01,2024-03-08,154155.0,258.0
PAYEMS,2022-11-01,2024-04-05,154155.0,258.0
PAYEMS,2022-11-01,2024-05-03,154155.0,258.0
PAYEMS,2022-11-01,2024-06-07,154155.0,258.0
PAYEMS,2022-11-01,2024-07-05,154155.0,258.0
PAYEMS,2022-11-01,2024-08-02,154155.0,258.0
PAYEMS,2022-11-01,2024-09-06,154155.0,258.0
PAYEMS,2022-11-01,2024-10-04,154155.0,258.0
PAYEMS,2022-11-01,2024-11-01,154155.0,258.0
PAYEMS,2022-11-01,2024-12-06,154155.0,258.0
PAYEMS,2022-11-01,2025-01-10,154155.0,258.0
PAYEMS,2022-11-01,2025-02-07,154210.0,297.0
PAYEMS,2022-11-01,2025-03-07,154210.0,297.0
PAYEMS,2022-11-01,2025-04-04,154210.0,297.0
PAYEMS,2022-11-01,2025-05-02,154210.0,297.0
PAYEMS,2022-11-01,2025-06-06,154210.0,297.0
PAYEMS,2022-11-01,2025-07-03,154210.0,297.0
PAYEMS,2022-11-01,2025-08-01,154210.0,297.0
PAYEMS,2022-11-01,2025-09-05,154210.0,297.0
PAYEMS,2022-11-01,2025-11-20,154210.0,297.0
PAYEMS,2022-11-01,2025-12-16,154210.0,297.0
PAYEMS,2022-11-01,2026-01-09,154210.0,297.0
PAYEMS,2022-11-01,2026-02-11,154242.0,303.0
PAYEMS,2022-11-01,2026-03-06,154242.0,303.0
PAYEMS,2022-11-01,2026-04-03,154242.0,303.0
PAYEMS,2022-11-01,2026-05-08,154242.0,303.0
PAYEMS,2022-11-01,2026-06-05,154242.0,303.0
PAYEMS,2022-11-01,2026-07-02,154242.0,303.0
PAYEMS,2022-12-01,2023-01-06,153743.0,223.0
PAYEMS,2022-12-01,2023-02-03,154556.0,260.0
PAYEMS,2022-12-01,2023-03-10,154535.0,239.0
PAYEMS,2022-12-01,2023-04-07,154535.0,239.0
PAYEMS,2022-12-01,2023-05-05,154535.0,239.0
PAYEMS,2022-12-01,2023-06-02,154535.0,239.0
PAYEMS,2022-12-01,2023-07-07,154535.0,239.0
PAYEMS,2022-12-01,2023-08-04,154535.0,239.0
PAYEMS,2022-12-01,2023-09-01,154535.0,239.0
PAYEMS,2022-12-01,2023-10-06,154535.0,239.0
PAYEMS,2022-12-01,2023-11-03,154535.0,239.0
PAYEMS,2022-12-01,2023-12-08,154535.0,239.0
PAYEMS,2022-12-01,2024-01-05,154535.0,239.0
PAYEMS,2022-12-01,2024-02-02,154291.0,136.0
PAYEMS,2022-12-01,2024-03-08,154291.0,136.0
PAYEMS,2022-12-01,2024-04-05,154291.0,136.0
PAYEMS,2022-12-01,2024-05-03,154291.0,136.0
PAYEMS,2022-12-01,2024-06-07,154291.0,136.0
PAYEMS,2022-12-01,2024-07-05,154291.0,136.0
PAYEMS,2022-12-01,2024-08-02,154291.0,136.0
PAYEMS,2022-12-01,2024-09-06,154291.0,136.0
PAYEMS,2022-12-01,2024-10-04,154291.0,136.0
PAYEMS,2022-12-01,2024-11-01,154291.0,136.0
PAYEMS,2022-12-01,2024-12-06,154291.0,136.0
PAYEMS,2022-12-01,2025-01-10,154291.0,136.0
PAYEMS,2022-12-01,2025-02-07,154336.0,126.0
PAYEMS,2022-12-01,2025-03-07,154336.0,126.0
PAYEMS,2022-12-01,2025-04-04,154336.0,126.0
PAYEMS,2022-12-01,2025-05-02,154336.0,126.0
PAYEMS,2022-12-01,2025-06-06,154336.0,126.0
PAYEMS,2022-12-01,2025-07-03,154336.0,126.0
PAYEMS,2022-12-01,2025-08-01,154336.0,126.0
PAYEMS,2022-12-01,2025-09-05,154336.0,126.0
PAYEMS,2022-12-01,2025-11-20,154336.0,126.0
PAYEMS,2022-12-01,2025-12-16,154336.0,126.0
PAYEMS,2022-12-01,2026-01-09,154336.0,126.0
PAYEMS,2022-12-01,2026-02-11,154342.0,100.0
PAYEMS,2022-12-01,2026-03-06,154342.0,100.0
PAYEMS,2022-12-01,2026-04-03,154342.0,100.0
PAYEMS,2022-12-01,2026-05-08,154342.0,100.0
PAYEMS,2022-12-01,2026-06-05,154342.0,100.0
PAYEMS,2022-12-01,2026-07-02,154342.0,100.0
PAYEMS,2023-01-01,2023-02-03,155073.0,517.0
PAYEMS,2023-01-01,2023-03-10,155039.0,504.0
PAYEMS,2023-01-01,2023-04-07,155007.0,472.0
PAYEMS,2023-01-01,2023-05-05,155007.0,472.0
PAYEMS,2023-01-01,2023-06-02,155007.0,472.0
PAYEMS,2023-01-01,2023-07-07,155007.0,472.0
PAYEMS,2023-01-01,2023-08-04,155007.0,472.0
PAYEMS,2023-01-01,2023-09-01,155007.0,472.0
PAYEMS,2023-01-01,2023-10-06,155007.0,472.0
PAYEMS,2023-01-01,2023-11-03,155007.0,472.0
PAYEMS,2023-01-01,2023-12-08,155007.0,472.0
PAYEMS,2023-01-01,2024-01-05,155007.0,472.0
PAYEMS,2023-01-01,2024-02-02,154773.0,482.0
PAYEMS,2023-01-01,2024-03-08,154773.0,482.0
PAYEMS,2023-01-01,2024-04-05,154773.0,482.0
PAYEMS,2023-01-01,2024-05-03,154773.0,482.0
PAYEMS,2023-01-01,2024-06-07,154773.0,482.0
PAYEMS,2023-01-01,2024-07-05,154773.0,482.0
PAYEMS,2023-01-01,2024-08-02,154773.0,482.0
PAYEMS,2023-01-01,2024-09-06,154773.0,482.0
PAYEMS,2023-01-01,2024-10-04,154773.0,482.0
PAYEMS,2023-01-01,2024-11-01,154773.0,482.0
PAYEMS,2023-01-01,2024-12-06,154773.0,482.0
PAYEMS,2023-01-01,2025-01-10,154773.0,482.0
PAYEMS,2023-01-01,2025-02-07,154780.0,444.0
PAYEMS,2023-01-01,2025-03-07,154780.0,444.0
PAYEMS,2023-01-01,2025-04-04,154780.0,444.0
PAYEMS,2023-01-01,2025-05-02,154780.0,444.0
PAYEMS,2023-01-01,2025-06-06,154780.0,444.0
PAYEMS,2023-01-01,2025-07-03,154780.0,444.0
PAYEMS,2023-01-01,2025-08-01,154780.0,444.0
PAYEMS,2023-01-01,2025-09-05,154780.0,444.0
PAYEMS,2023-01-01,2025-11-20,154780.0,444.0
PAYEMS,2023-01-01,2025-12-16,154780.0,444.0
PAYEMS,2023-01-01,2026-01-09,154780.0,444.0
PAYEMS,2023-01-01,2026-02-11,154776.0,434.0
PAYEMS,2023-01-01,2026-03-06,154776.0,434.0
PAYEMS,2023-01-01,2026-04-03,154776.0,434.0
PAYEMS,2023-01-01,2026-05-08,154776.0,434.0
PAYEMS,2023-01-01,2026-06-05,154776.0,434.0
PAYEMS,2023-01-01,2026-07-02,154776.0,434.0
PAYEMS,2023-02-01,2023-03-10,155350.0,311.0
PAYEMS,2023-02-01,2023-04-07,155333.0,326.0
PAYEMS,2023-02-01,2023-05-05,155255.0,248.0
PAYEMS,2023-02-01,2023-06-02,155255.0,248.0
PAYEMS,2023-02-01,2023-07-07,155255.0,248.0
PAYEMS,2023-02-01,2023-08-04,155255.0,248.0
PAYEMS,2023-02-01,2023-09-01,155255.0,248.0
PAYEMS,2023-02-01,2023-10-06,155255.0,248.0
PAYEMS,2023-02-01,2023-11-03,155255.0,248.0
PAYEMS,2023-02-01,2023-12-08,155255.0,248.0
PAYEMS,2023-02-01,2024-01-05,155255.0,248.0
PAYEMS,2023-02-01,2024-02-02,155060.0,287.0
PAYEMS,2023-02-01,2024-03-08,155060.0,287.0
PAYEMS,2023-02-01,2024-04-05,155060.0,287.0
PAYEMS,2023-02-01,2024-05-03,155060.0,287.0
PAYEMS,2023-02-01,2024-06-07,155060.0,287.0
PAYEMS,2023-02-01,2024-07-05,155060.0,287.0
PAYEMS,2023-02-01,2024-08-02,155060.0,287.0
PAYEMS,2023-02-01,2024-09-06,155060.0,287.0
PAYEMS,2023-02-01,2024-10-04,155060.0,287.0
PAYEMS,2023-02-01,2024-11-01,155060.0,287.0
PAYEMS,2023-02-01,2024-12-06,155060.0,287.0
PAYEMS,2023-02-01,2025-01-10,155060.0,287.0
PAYEMS,2023-02-01,2025-02-07,155086.0,306.0
PAYEMS,2023-02-01,2025-03-07,155086.0,306.0
PAYEMS,2023-02-01,2025-04-04,155086.0,306.0
PAYEMS,2023-02-01,2025-05-02,155086.0,306.0
PAYEMS,2023-02-01,2025-06-06,155086.0,306.0
PAYEMS,2023-02-01,2025-07-03,155086.0,306.0
PAYEMS,2023-02-01,2025-08-01,155086.0,306.0
PAYEMS,2023-02-01,2025-09-05,155086.0,306.0
PAYEMS,2023-02-01,2025-11-20,155086.0,306.0
PAYEMS,2023-02-01,2025-12-16,155086.0,306.0
PAYEMS,2023-02-01,2026-01-09,155086.0,306.0
PAYEMS,2023-02-01,2026-02-11,155066.0,290.0
PAYEMS,2023-02-01,2026-03-06,155066.0,290.0
PAYEMS,2023-02-01,2026-04-03,155066.0,290.0
PAYEMS,2023-02-01,2026-05-08,155066.0,290.0
PAYEMS,2023-02-01,2026-06-05,155066.0,290.0
PAYEMS,2023-02-01,2026-07-02,155066.0,290.0
PAYEMS,2023-03-01,2023-04-07,155569.0,236.0
PAYEMS,2023-03-01,2023-05-05,155420.0,165.0
PAYEMS,2023-03-01,2023-06-02,155472.0,217.0
PAYEMS,2023-03-01,2023-07-07,155472.0,217.0
PAYEMS,2023-03-01,2023-08-04,155472.0,217.0
PAYEMS,2023-03-01,2023-09-01,155472.0,217.0
PAYEMS,2023-03-01,2023-10-06,155472.0,217.0
PAYEMS,2023-03-01,2023-11-03,155472.0,217.0
PAYEMS,2023-03-01,2023-12-08,155472.0,217.0
PAYEMS,2023-03-01,2024-01-05,155472.0,217.0
PAYEMS,2023-03-01,2024-02-02,155206.0,146.0
PAYEMS,2023-03-01,2024-03-08,155206.0,146.0
PAYEMS,2023-03-01,2024-04-05,155206.0,146.0
PAYEMS,2023-03-01,2024-05-03,155206.0,146.0
PAYEMS,2023-03-01,2024-06-07,155206.0,146.0
PAYEMS,2023-03-01,2024-07-05,155206.0,146.0
PAYEMS,2023-03-01,2024-08-02,155206.0,146.0
PAYEMS,2023-03-01,2024-09-06,155206.0,146.0
PAYEMS,2023-03-01,2024-10-04,155206.0,146.0
PAYEMS,2023-03-01,2024-11-01,155206.0,146.0
PAYEMS,2023-03-01,2024-12-06,155206.0,146.0
PAYEMS,2023-03-01,2025-01-10,155206.0,146.0
PAYEMS,2023-03-01,2025-02-07,155171.0,85.0
PAYEMS,2023-03-01,2025-03-07,155171.0,85.0
PAYEMS,2023-03-01,2025-04-04,155171.0,85.0
PAYEMS,2023-03-01,2025-05-02,155171.0,85.0
PAYEMS,2023-03-01,2025-06-06,155171.0,85.0
PAYEMS,2023-03-01,2025-07-03,155171.0,85.0
PAYEMS,2023-03-01,2025-08-01,155171.0,85.0
PAYEMS,2023-03-01,2025-09-05,155171.0,85.0
PAYEMS,2023-03-01,2025-11-20,155171.0,85.0
PAYEMS,2023-03-01,2025-12-16,155171.0,85.0
PAYEMS,2023-03-01,2026-01-09,155171.0,85.0
PAYEMS,2023-03-01,2026-02-11,155134.0,68.0
PAYEMS,2023-03-01,2026-03-06,155134.0,68.0
PAYEMS,2023-03-01,2026-04-03,155134.0,68.0
PAYEMS,2023-03-01,2026-05-08,155134.0,68.0
PAYEMS,2023-03-01,2026-06-05,155134.0,68.0
PAYEMS,2023-03-01,2026-07-02,155134.0,68.0
PAYEMS,2023-04-01,2023-05-05,155673.0,253.0
PAYEMS,2023-04-01,2023-06-02,155766.0,294.0
PAYEMS,2023-04-01,2023-07-07,155689.0,217.0
PAYEMS,2023-04-01,2023-08-04,155689.0,217.0
PAYEMS,2023-04-01,2023-09-01,155689.0,217.0
PAYEMS,2023-04-01,2023-10-06,155689.0,217.0
PAYEMS,2023-04-01,2023-11-03,155689.0,217.0
PAYEMS,2023-04-01,2023-12-08,155689.0,217.0
PAYEMS,2023-04-01,2024-01-05,155689.0,217.0
PAYEMS,2023-04-01,2024-02-02,155484.0,278.0
PAYEMS,2023-04-01,2024-03-08,155484.0,278.0
PAYEMS,2023-04-01,2024-04-05,155484.0,278.0
PAYEMS,2023-04-01,2024-05-03,155484.0,278.0
PAYEMS,2023-04-01,2024-06-07,155484.0,278.0
PAYEMS,2023-04-01,2024-07-05,155484.0,278.0
PAYEMS,2023-04-01,2024-08-02,155484.0,278.0
PAYEMS,2023-04-01,2024-09-06,155484.0,278.0
PAYEMS,2023-04-01,2024-10-04,155484.0,278.0
PAYEMS,2023-04-01,2024-11-01,155484.0,278.0
PAYEMS,2023-04-01,2024-12-06,155484.0,278.0
PAYEMS,2023-04-01,2025-01-10,155484.0,278.0
PAYEMS,2023-04-01,2025-02-07,155387.0,216.0
PAYEMS,2023-04-01,2025-03-07,155387.0,216.0
PAYEMS,2023-04-01,2025-04-04,155387.0,216.0
PAYEMS,2023-04-01,2025-05-02,155387.0,216.0
PAYEMS,2023-04-01,2025-06-06,155387.0,216.0
PAYEMS,2023-04-01,2025-07-03,155387.0,216.0
PAYEMS,2023-04-01,2025-08-01,155387.0,216.0
PAYEMS,2023-04-01,2025-09-05,155387.0,216.0
PAYEMS,2023-04-01,2025-11-20,155387.0,216.0
PAYEMS,2023-04-01,2025-12-16,155387.0,216.0
PAYEMS,2023-04-01,2026-01-09,155387.0,216.0
PAYEMS,2023-04-01,2026-02-11,155375.0,241.0
PAYEMS,2023-04-01,2026-03-06,155375.0,241.0
PAYEMS,2023-04-01,2026-04-03,155375.0,241.0
PAYEMS,2023-04-01,2026-05-08,155375.0,241.0
PAYEMS,2023-04-01,2026-06-05,155375.0,241.0
PAYEMS,2023-04-01,2026-07-02,155375.0,241.0
PAYEMS,2023-05-01,2023-06-02,156105.0,339.0
PAYEMS,2023-05-01,2023-07-07,155995.0,306.0
PAYEMS,2023-05-01,2023-08-04,155970.0,281.0
PAYEMS,2023-05-01,2023-09-01,155970.0,281.0
PAYEMS,2023-05-01,2023-10-06,155970.0,281.0
PAYEMS,2023-05-01,2023-11-03,155970.0,281.0
PAYEMS,2023-05-01,2023-12-08,155970.0,281.0
PAYEMS,2023-05-01,2024-01-05,155970.0,281.0
PAYEMS,2023-05-01,2024-02-02,155787.0,303.0
PAYEMS,2023-05-01,2024-03-08,155787.0,303.0
PAYEMS,2023-05-01,2024-04-05,155787.0,303.0
PAYEMS,2023-05-01,2024-05-03,155787.0,303.0
PAYEMS,2023-05-01,2024-06-07,155787.0,303.0
PAYEMS,2023-05-01,2024-07-05,155787.0,303.0
PAYEMS,2023-05-01,2024-08-02,155787.0,303.0
PAYEMS,2023-05-01,2024-09-06,155787.0,303.0
PAYEMS,2023-05-01,2024-10-04,155787.0,303.0
PAYEMS,2023-05-01,2024-11-01,155787.0,303.0
PAYEMS,2023-05-01,2024-12-06,155787.0,303.0
PAYEMS,2023-05-01,2025-01-10,155787.0,303.0
PAYEMS,2023-05-01,2025-02-07,155614.0,227.0
PAYEMS,2023-05-01,2025-03-07,155614.0,227.0
PAYEMS,2023-05-01,2025-04-04,155614.0,227.0
PAYEMS,2023-05-01,2025-05-02,155614.0,227.0
PAYEMS,2023-05-01,2025-06-06,155614.0,227.0
PAYEMS,2023-05-01,2025-07-03,155614.0,227.0
PAYEMS,2023-05-01,2025-08-01,155614.0,227.0
PAYEMS,2023-05-01,2025-09-05,155614.0,227.0
PAYEMS,2023-05-01,2025-11-20,155614.0,227.0
PAYEMS,2023-05-01,2025-12-16,155614.0,227.0
PAYEMS,2023-05-01,2026-01-09,155614.0,227.0
PAYEMS,2023-05-01,2026-02-11,155655.0,280.0
PAYEMS,2023-05-01,2026-03-06,155655.0,280.0
PAYEMS,2023-05-01,2026-04-03,155655.0,280.0
PAYEMS,2023-05-01,2026-05-08,155655.0,280.0
PAYEMS,2023-05-01,2026-06-05,155655.0,280.0
PAYEMS,2023-05-01,2026-07-02,155655.0,280.0
PAYEMS,2023-06-01,2023-07-07,156204.0,209.0
PAYEMS,2023-06-01,2023-08-04,156155.0,185.0
PAYEMS,2023-06-01,2023-09-01,156075.0,105.0
PAYEMS,2023-06-01,2023-10-06,156075.0,105.0
PAYEMS,2023-06-01,2023-11-03,156075.0,105.0
PAYEMS,2023-06-01,2023-12-08,156075.0,105.0
PAYEMS,2023-06-01,2024-01-05,156075.0,105.0
PAYEMS,2023-06-01,2024-02-02,156027.0,240.0
PAYEMS,2023-06-01,2024-03-08,156027.0,240.0
PAYEMS,2023-06-01,2024-04-05,156027.0,240.0
PAYEMS,2023-06-01,2024-05-03,156027.0,240.0
PAYEMS,2023-06-01,2024-06-07,156027.0,240.0
PAYEMS,2023-06-01,2024-07-05,156027.0,240.0
PAYEMS,2023-06-01,2024-08-02,156027.0,240.0
PAYEMS,2023-06-01,2024-09-06,156027.0,240.0
PAYEMS,2023-06-01,2024-10-04,156027.0,240.0
PAYEMS,2023-06-01,2024-11-01,156027.0,240.0
PAYEMS,2023-06-01,2024-12-06,156027.0,240.0
PAYEMS,2023-06-01,2025-01-10,156027.0,240.0
PAYEMS,2023-06-01,2025-02-07,155871.0,257.0
PAYEMS,2023-06-01,2025-03-07,155871.0,257.0
PAYEMS,2023-06-01,2025-04-04,155871.0,257.0
PAYEMS,2023-06-01,2025-05-02,155871.0,257.0
PAYEMS,2023-06-01,2025-06-06,155871.0,257.0
PAYEMS,2023-06-01,2025-07-03,155871.0,257.0
PAYEMS,2023-06-01,2025-08-01,155871.0,257.0
PAYEMS,2023-06-01,2025-09-05,155871.0,257.0
PAYEMS,2023-06-01,2025-11-20,155871.0,257.0
PAYEMS,2023-06-01,2025-12-16,155871.0,257.0
PAYEMS,2023-06-01,2026-01-09,155871.0,257.0
PAYEMS,2023-06-01,2026-02-11,155880.0,225.0
PAYEMS,2023-06-01,2026-03-06,155880.0,225.0
PAYEMS,2023-06-01,2026-04-03,155880.0,225.0
PAYEMS,2023-06-01,2026-05-08,155880.0,225.0
PAYEMS,2023-06-01,2026-06-05,155880.0,225.0
PAYEMS,2023-06-01,2026-07-02,155880.0,225.0
PAYEMS,2023-07-01,2023-08-04,156342.0,187.0
PAYEMS,2023-07-01,2023-09-01,156232.0,157.0
PAYEMS,2023-07-01,2023-10-06,156311.0,236.0
PAYEMS,2023-07-01,2023-11-03,156311.0,236.0
PAYEMS,2023-07-01,2023-12-08,156311.0,236.0
PAYEMS,2023-07-01,2024-01-05,156311.0,236.0
PAYEMS,2023-07-01,2024-02-02,156211.0,184.0
PAYEMS,2023-07-01,2024-03-08,156211.0,184.0
PAYEMS,2023-07-01,2024-04-05,156211.0,184.0
PAYEMS,2023-07-01,2024-05-03,156211.0,184.0
PAYEMS,2023-07-01,2024-06-07,156211.0,184.0
PAYEMS,2023-07-01,2024-07-05,156211.0,184.0
PAYEMS,2023-07-01,2024-08-02,156211.0,184.0
PAYEMS,2023-07-01,2024-09-06,156211.0,184.0
PAYEMS,2023-07-01,2024-10-04,156211.0,184.0
PAYEMS,2023-07-01,2024-11-01,156211.0,184.0
PAYEMS,2023-07-01,2024-12-06,156211.0,184.0
PAYEMS,2023-07-01,2025-01-10,156211.0,184.0
PAYEMS,2023-07-01,2025-02-07,156019.0,148.0
PAYEMS,2023-07-01,2025-03-07,156019.0,148.0
PAYEMS,2023-07-01,2025-04-04,156019.0,148.0
PAYEMS,2023-07-01,2025-05-02,156019.0,148.0
PAYEMS,2023-07-01,2025-06-06,156019.0,148.0
PAYEMS,2023-07-01,2025-07-03,156019.0,148.0
PAYEMS,2023-07-01,2025-08-01,156019.0,148.0
PAYEMS,2023-07-01,2025-09-05,156019.0,148.0
PAYEMS,2023-07-01,2025-11-20,156019.0,148.0
PAYEMS,2023-07-01,2025-12-16,156019.0,148.0
PAYEMS,2023-07-01,2026-01-09,156019.0,148.0
PAYEMS,2023-07-01,2026-02-11,156043.0,163.0
PAYEMS,2023-07-01,2026-03-06,156043.0,163.0
PAYEMS,2023-07-01,2026-04-03,156043.0,163.0
PAYEMS,2023-07-01,2026-05-08,156043.0,163.0
PAYEMS,2023-07-01,2026-06-05,156043.0,163.0
PAYEMS,2023-07-01,2026-07-02,156043.0,163.0
PAYEMS,2023-08-01,2023-09-01,156419.0,187.0
PAYEMS,2023-08-01,2023-10-06,156538.0,227.0
PAYEMS,2023-08-01,2023-11-03,156476.0,165.0
PAYEMS,2023-08-01,2023-12-08,156476.0,165.0
PAYEMS,2023-08-01,2024-01-05,156476.0,165.0
PAYEMS,2023-08-01,2024-02-02,156421.0,210.0
PAYEMS,2023-08-01,2024-03-08,156421.0,210.0
PAYEMS,2023-08-01,2024-04-05,156421.0,210.0
PAYEMS,2023-08-01,2024-05-03,156421.0,210.0
PAYEMS,2023-08-01,2024-06-07,156421.0,210.0
PAYEMS,2023-08-01,2024-07-05,156421.0,210.0
PAYEMS,2023-08-01,2024-08-02,156421.0,210.0
PAYEMS,2023-08-01,2024-09-06,156421.0,210.0
PAYEMS,2023-08-01,2024-10-04,156421.0,210.0
PAYEMS,2023-08-01,2024-11-01,156421.0,210.0
PAYEMS,2023-08-01,2024-12-06,156421.0,210.0
PAYEMS,2023-08-01,2025-01-10,156421.0,210.0
PAYEMS,2023-08-01,2025-02-07,156176.0,157.0
PAYEMS,2023-08-01,2025-03-07,156176.0,157.0
PAYEMS,2023-08-01,2025-04-04,156176.0,157.0
PAYEMS,2023-08-01,2025-05-02,156176.0,157.0
PAYEMS,2023-08-01,2025-06-06,156176.0,157.0
PAYEMS,2023-08-01,2025-07-03,156176.0,157.0
PAYEMS,2023-08-01,2025-08-01,156176.0,157.0
PAYEMS,2023-08-01,2025-09-05,156176.0,157.0
PAYEMS,2023-08-01,2025-11-20,156176.0,157.0
PAYEMS,2023-08-01,2025-12-16,156176.0,157.0
PAYEMS,2023-08-01,2026-01-09,156176.0,157.0
PAYEMS,2023-08-01,2026-02-11,156261.0,218.0
PAYEMS,2023-08-01,2026-03-06,156261.0,218.0
PAYEMS,2023-08-01,2026-04-03,156261.0,218.0
PAYEMS,2023-08-01,2026-05-08,156261.0,218.0
PAYEMS,2023-08-01,2026-06-05,156261.0,218.0
PAYEMS,2023-08-01,2026-07-02,156261.0,218.0
PAYEMS,2023-09-01,2023-10-06,156874.0,336.0
PAYEMS,2023-09-01,2023-11-03,156773.0,297.0
PAYEMS,2023-09-01,2023-12-08,156738.0,262.0
PAYEMS,2023-09-01,2024-01-05,156738.0,262.0
PAYEMS,2023-09-01,2024-02-02,156667.0,246.0
PAYEMS,2023-09-01,2024-03-08,156667.0,246.0
PAYEMS,2023-09-01,2024-04-05,156667.0,246.0
PAYEMS,2023-09-01,2024-05-03,156667.0,246.0
PAYEMS,2023-09-01,2024-06-07,156667.0,246.0
PAYEMS,2023-09-01,2024-07-05,156667.0,246.0
PAYEMS,2023-09-01,2024-08-02,156667.0,246.0
PAYEMS,2023-09-01,2024-09-06,156667.0,246.0
PAYEMS,2023-09-01,2024-10-04,156667.0,246.0
PAYEMS,2023-09-01,2024-11-01,156667.0,246.0
PAYEMS,2023-09-01,2024-12-06,156667.0,246.0
PAYEMS,2023-09-01,2025-01-10,156667.0,246.0
PAYEMS,2023-09-01,2025-02-07,156334.0,158.0
PAYEMS,2023-09-01,2025-03-07,156334.0,158.0
PAYEMS,2023-09-01,2025-04-04,156334.0,158.0
PAYEMS,2023-09-01,2025-05-02,156334.0,158.0
PAYEMS,2023-09-01,2025-06-06,156334.0,158.0
PAYEMS,2023-09-01,2025-07-03,156334.0,158.0
PAYEMS,2023-09-01,2025-08-01,156334.0,158.0
PAYEMS,2023-09-01,2025-09-05,156334.0,158.0
PAYEMS,2023-09-01,2025-11-20,156334.0,158.0
PAYEMS,2023-09-01,2025-12-16,156334.0,158.0
PAYEMS,2023-09-01,2026-01-09,156334.0,158.0
PAYEMS,2023-09-01,2026-02-11,156417.0,156.0
PAYEMS,2023-09-01,2026-03-06,156417.0,156.0
PAYEMS,2023-09-01,2026-04-03,156417.0,156.0
PAYEMS,2023-09-01,2026-05-08,156417.0,156.0
PAYEMS,2023-09-01,2026-06-05,156417.0,156.0
PAYEMS,2023-09-01,2026-07-02,156417.0,156.0
PAYEMS,2023-10-01,2023-11-03,156923.0,150.0
PAYEMS,2023-10-01,2023-12-08,156888.0,150.0
PAYEMS,2023-10-01,2024-01-05,156843.0,105.0
PAYEMS,2023-10-01,2024-02-02,156832.0,165.0
PAYEMS,2023-10-01,2024-03-08,156832.0,165.0
PAYEMS,2023-10-01,2024-04-05,156832.0,165.0
PAYEMS,2023-10-01,2024-05-03,156832.0,165.0
PAYEMS,2023-10-01,2024-06-07,156832.0,165.0
PAYEMS,2023-10-01,2024-07-05,156832.0,165.0
PAYEMS,2023-10-01,2024-08-02,156832.0,165.0
PAYEMS,2023-10-01,2024-09-06,156832.0,165.0
PAYEMS,2023-10-01,2024-10-04,156832.0,165.0
PAYEMS,2023-10-01,2024-11-01,156832.0,165.0
PAYEMS,2023-10-01,2024-12-06,156832.0,165.0
PAYEMS,2023-10-01,2025-01-10,156832.0,165.0
PAYEMS,2023-10-01,2025-02-07,156520.0,186.0
PAYEMS,2023-10-01,2025-03-07,156520.0,186.0
PAYEMS,2023-10-01,2025-04-04,156520.0,186.0
PAYEMS,2023-10-01,2025-05-02,156520.0,186.0
PAYEMS,2023-10-01,2025-06-06,156520.0,186.0
PAYEMS,2023-10-01,2025-07-03,156520.0,186.0
PAYEMS,2023-10-01,2025-08-01,156520.0,186.0
PAYEMS,2023-10-01,2025-09-05,156520.0,186.0
PAYEMS,2023-10-01,2025-11-20,156520.0,186.0
PAYEMS,2023-10-01,2025-12-16,156520.0,186.0
PAYEMS,2023-10-01,2026-01-09,156520.0,186.0
PAYEMS,2023-10-01,2026-02-11,156576.0,159.0
PAYEMS,2023-10-01,2026-03-06,156576.0,159.0
PAYEMS,2023-10-01,2026-04-03,156576.0,159.0
PAYEMS,2023-10-01,2026-05-08,156576.0,159.0
PAYEMS,2023-10-01,2026-06-05,156576.0,159.0
PAYEMS,2023-10-01,2026-07-02,156576.0,159.0
PAYEMS,2023-11-01,2023-12-08,157087.0,199.0
PAYEMS,2023-11-01,2024-01-05,157016.0,173.0
PAYEMS,2023-11-01,2024-02-02,157014.0,182.0
PAYEMS,2023-11-01,2024-03-08,157014.0,182.0
PAYEMS,2023-11-01,2024-04-05,157014.0,182.0
PAYEMS,2023-11-01,2024-05-03,157014.0,182.0
PAYEMS,2023-11-01,2024-06-07,157014.0,182.0
PAYEMS,2023-11-01,2024-07-05,157014.0,182.0
PAYEMS,2023-11-01,2024-08-02,157014.0,182.0
PAYEMS,2023-11-01,2024-09-06,157014.0,182.0
PAYEMS,2023-11-01,2024-10-04,157014.0,182.0
PAYEMS,2023-11-01,2024-11-01,157014.0,182.0
PAYEMS,2023-11-01,2024-12-06,157014.0,182.0
PAYEMS,2023-11-01,2025-01-10,157014.0,182.0
PAYEMS,2023-11-01,2025-02-07,156661.0,141.0
PAYEMS,2023-11-01,2025-03-07,156661.0,141.0
PAYEMS,2023-11-01,2025-04-04,156661.0,141.0
PAYEMS,2023-11-01,2025-05-02,156661.0,141.0
PAYEMS,2023-11-01,2025-06-06,156661.0,141.0
PAYEMS,2023-11-01,2025-07-03,156661.0,141.0
PAYEMS,2023-11-01,2025-08-01,156661.0,141.0
PAYEMS,2023-11-01,2025-09-05,156661.0,141.0
PAYEMS,2023-11-01,2025-11-20,156661.0,141.0
PAYEMS,2023-11-01,2025-12-16,156661.0,141.0
PAYEMS,2023-11-01,2026-01-09,156661.0,141.0
PAYEMS,2023-11-01,2026-02-11,156703.0,127.0
PAYEMS,2023-11-01,2026-03-06,156703.0,127.0
PAYEMS,2023-11-01,2026-04-03,156703.0,127.0
PAYEMS,2023-11-01,2026-05-08,156703.0,127.0
PAYEMS,2023-11-01,2026-06-05,156703.0,127.0
PAYEMS,2023-11-01,2026-07-02,156703.0,127.0
PAYEMS,2023-12-01,2024-01-05,157232.0,216.0
PAYEMS,2023-12-01,2024-02-02,157347.0,333.0
PAYEMS,2023-12-01,2024-03-08,157304.0,290.0
PAYEMS,2023-12-01,2024-04-05,157304.0,290.0
PAYEMS,2023-12-01,2024-05-03,157304.0,290.0
PAYEMS,2023-12-01,2024-06-07,157304.0,290.0
PAYEMS,2023-12-01,2024-07-05,157304.0,290.0
PAYEMS,2023-12-01,2024-08-02,157304.0,290.0
PAYEMS,2023-12-01,2024-09-06,157304.0,290.0
PAYEMS,2023-12-01,2024-10-04,157304.0,290.0
PAYEMS,2023-12-01,2024-11-01,157304.0,290.0
PAYEMS,2023-12-01,2024-12-06,157304.0,290.0
PAYEMS,2023-12-01,2025-01-10,157304.0,290.0
PAYEMS,2023-12-01,2025-02-07,156930.0,269.0
PAYEMS,2023-12-01,2025-03-07,156930.0,269.0
PAYEMS,2023-12-01,2025-04-04,156930.0,269.0
PAYEMS,2023-12-01,2025-05-02,156930.0,269.0
PAYEMS,2023-12-01,2025-06-06,156930.0,269.0
PAYEMS,2023-12-01,2025-07-03,156930.0,269.0
PAYEMS,2023-12-01,2025-08-01,156930.0,269.0
PAYEMS,2023-12-01,2025-09-05,156930.0,269.0
PAYEMS,2023-12-01,2025-11-20,156930.0,269.0
PAYEMS,2023-12-01,2025-12-16,156930.0,269.0
PAYEMS,2023-12-01,2026-01-09,156930.0,269.0
PAYEMS,2023-12-01,2026-02-11,156857.0,154.0
PAYEMS,2023-12-01,2026-03-06,156857.0,154.0
PAYEMS,2023-12-01,2026-04-03,156857.0,154.0
PAYEMS,2023-12-01,2026-05-08,156857.0,154.0
PAYEMS,2023-12-01,2026-06-05,156857.0,154.0
PAYEMS,2023-12-01,2026-07-02,156857.0,154.0
PAYEMS,2024-01-01,2024-02-02,157700.0,353.0
PAYEMS,2024-01-01,2024-03-08,157533.0,229.0
PAYEMS,2024-01-01,2024-04-05,157560.0,256.0
PAYEMS,2024-01-01,2024-05-03,157560.0,256.0
PAYEMS,2024-01-01,2024-06-07,157560.0,256.0
PAYEMS,2024-01-01,2024-07-05,157560.0,256.0
PAYEMS,2024-01-01,2024-08-02,157560.0,256.0
PAYEMS,2024-01-01,2024-09-06,157560.0,256.0
PAYEMS,2024-01-01,2024-10-04,157560.0,256.0
PAYEMS,2024-01-01,2024-11-01,157560.0,256.0
PAYEMS,2024-01-01,2024-12-06,157560.0,256.0
PAYEMS,2024-01-01,2025-01-10,157560.0,256.0
PAYEMS,2024-01-01,2025-02-07,157049.0,119.0
PAYEMS,2024-01-01,2025-03-07,157049.0,119.0
PAYEMS,2024-01-01,2025-04-04,157049.0,119.0
PAYEMS,2024-01-01,2025-05-02,157049.0,119.0
PAYEMS,2024-01-01,2025-06-06,157049.0,119.0
PAYEMS,2024-01-01,2025-07-03,157049.0,119.0
PAYEMS,2024-01-01,2025-08-01,157049.0,119.0
PAYEMS,2024-01-01,2025-09-05,157049.0,119.0
PAYEMS,2024-01-01,2025-11-20,157049.0,119.0
PAYEMS,2024-01-01,2025-12-16,157049.0,119.0
PAYEMS,2024-01-01,2026-01-09,157049.0,119.0
PAYEMS,2024-01-01,2026-02-11,157032.0,175.0
PAYEMS,2024-01-01,2026-03-06,157032.0,175.0
PAYEMS,2024-01-01,2026-04-03,157032.0,175.0
PAYEMS,2024-01-01,2026-05-08,157032.0,175.0
PAYEMS,2024-01-01,2026-06-05,157032.0,175.0
PAYEMS,2024-01-01,2026-07-02,157032.0,175.0
PAYEMS,2024-02-01,2024-03-08,157808.0,275.0
PAYEMS,2024-02-01,2024-04-05,157830.0,270.0
PAYEMS,2024-02-01,2024-05-03,157796.0,236.0
PAYEMS,2024-02-01,2024-06-07,157796.0,236.0
PAYEMS,2024-02-01,2024-07-05,157796.0,236.0
PAYEMS,2024-02-01,2024-08-02,157796.0,236.0
PAYEMS,2024-02-01,2024-09-06,157796.0,236.0
PAYEMS,2024-02-01,2024-10-04,157796.0,236.0
PAYEMS,2024-02-01,2024-11-01,157796.0,236.0
PAYEMS,2024-02-01,2024-12-06,157796.0,236.0
PAYEMS,2024-02-01,2025-01-10,157796.0,236.0
PAYEMS,2024-02-01,2025-02-07,157271.0,222.0
PAYEMS,2024-02-01,2025-03-07,157271.0,222.0
PAYEMS,2024-02-01,2025-04-04,157271.0,222.0
PAYEMS,2024-02-01,2025-05-02,157271.0,222.0
PAYEMS,2024-02-01,2025-06-06,157271.0,222.0
PAYEMS,2024-02-01,2025-07-03,157271.0,222.0
PAYEMS,2024-02-01,2025-08-01,157271.0,222.0
PAYEMS,2024-02-01,2025-09-05,157271.0,222.0
PAYEMS,2024-02-01,2025-11-20,157271.0,222.0
PAYEMS,2024-02-01,2025-12-16,157271.0,222.0
PAYEMS,2024-02-01,2026-01-09,157271.0,222.0
PAYEMS,2024-02-01,2026-02-11,157238.0,206.0
PAYEMS,2024-02-01,2026-03-06,157238.0,206.0
PAYEMS,2024-02-01,2026-04-03,157238.0,206.0
PAYEMS,2024-02-01,2026-05-08,157238.0,206.0
PAYEMS,2024-02-01,2026-06-05,157238.0,206.0
PAYEMS,2024-02-01,2026-07-02,157238.0,206.0
PAYEMS,2024-03-01,2024-04-05,158133.0,303.0
PAYEMS,2024-03-01,2024-05-03,158111.0,315.0
PAYEMS,2024-03-01,2024-06-07,158106.0,310.0
PAYEMS,2024-03-01,2024-07-05,158106.0,310.0
PAYEMS,2024-03-01,2024-08-02,158106.0,310.0
PAYEMS,2024-03-01,2024-09-06,158106.0,310.0
PAYEMS,2024-03-01,2024-10-04,158106.0,310.0
PAYEMS,2024-03-01,2024-11-01,158106.0,310.0
PAYEMS,2024-03-01,2024-12-06,158106.0,310.0
PAYEMS,2024-03-01,2025-01-10,158106.0,310.0
PAYEMS,2024-03-01,2025-02-07,157517.0,246.0
PAYEMS,2024-03-01,2025-03-07,157517.0,246.0
PAYEMS,2024-03-01,2025-04-04,157517.0,246.0
PAYEMS,2024-03-01,2025-05-02,157517.0,246.0
PAYEMS,2024-03-01,2025-06-06,157517.0,246.0
PAYEMS,2024-03-01,2025-07-03,157517.0,246.0
PAYEMS,2024-03-01,2025-08-01,157517.0,246.0
PAYEMS,2024-03-01,2025-09-05,157517.0,246.0
PAYEMS,2024-03-01,2025-11-20,157517.0,246.0
PAYEMS,2024-03-01,2025-12-16,157517.0,246.0
PAYEMS,2024-03-01,2026-01-09,157517.0,246.0
PAYEMS,2024-03-01,2026-02-11,157466.0,228.0
PAYEMS,2024-03-01,2026-03-06,157466.0,228.0
PAYEMS,2024-03-01,2026-04-03,157466.0,228.0
PAYEMS,2024-03-01,2026-05-08,157466.0,228.0
PAYEMS,2024-03-01,2026-06-05,157466.0,228.0
PAYEMS,2024-03-01,2026-07-02,157466.0,228.0
PAYEMS,2024-04-01,2024-05-03,158286.0,175.0
PAYEMS,2024-04-01,2024-06-07,158271.0,165.0
PAYEMS,2024-04-01,2024-07-05,158214.0,108.0
PAYEMS,2024-04-01,2024-08-02,158214.0,108.0
PAYEMS,2024-04-01,2024-09-06,158214.0,108.0
PAYEMS,2024-04-01,2024-10-04,158214.0,108.0
PAYEMS,2024-04-01,2024-11-01,158214.0,108.0
PAYEMS,2024-04-01,2024-12-06,158214.0,108.0
PAYEMS,2024-04-01,2025-01-10,158214.0,108.0
PAYEMS,2024-04-01,2025-02-07,157635.0,118.0
PAYEMS,2024-04-01,2025-03-07,157635.0,118.0
PAYEMS,2024-04-01,2025-04-04,157635.0,118.0
PAYEMS,2024-04-01,2025-05-02,157635.0,118.0
PAYEMS,2024-04-01,2025-06-06,157635.0,118.0
PAYEMS,2024-04-01,2025-07-03,157635.0,118.0
PAYEMS,2024-04-01,2025-08-01,157635.0,118.0
PAYEMS,2024-04-01,2025-09-05,157635.0,118.0
PAYEMS,2024-04-01,2025-11-20,157635.0,118.0
PAYEMS,2024-04-01,2025-12-16,157635.0,118.0
PAYEMS,2024-04-01,2026-01-09,157635.0,118.0
PAYEMS,2024-04-01,2026-02-11,157530.0,64.0
PAYEMS,2024-04-01,2026-03-06,157530.0,64.0
PAYEMS,2024-04-01,2026-04-03,157530.0,64.0
PAYEMS,2024-04-01,2026-05-08,157530.0,64.0
PAYEMS,2024-04-01,2026-06-05,157530.0,64.0
PAYEMS,2024-04-01,2026-07-02,157530.0,64.0
PAYEMS,2024-05-01,2024-06-07,158543.0,272.0
PAYEMS,2024-05-01,2024-07-05,158432.0,218.0
PAYEMS,2024-05-01,2024-08-02,158430.0,216.0
PAYEMS,2024-05-01,2024-09-06,158430.0,216.0
PAYEMS,2024-05-01,2024-10-04,158430.0,216.0
PAYEMS,2024-05-01,2024-11-01,158430.0,216.0
PAYEMS,2024-05-01,2024-12-06,158430.0,216.0
PAYEMS,2024-05-01,2025-01-10,158430.0,216.0
PAYEMS,2024-05-01,2025-02-07,157828.0,193.0
PAYEMS,2024-05-01,2025-03-07,157828.0,193.0
PAYEMS,2024-05-01,2025-04-04,157828.0,193.0
PAYEMS,2024-05-01,2025-05-02,157828.0,193.0
PAYEMS,2024-05-01,2025-06-06,157828.0,193.0
PAYEMS,2024-05-01,2025-07-03,157828.0,193.0
PAYEMS,2024-05-01,2025-08-01,157828.0,193.0
PAYEMS,2024-05-01,2025-09-05,157828.0,193.0
PAYEMS,2024-05-01,2025-11-20,157828.0,193.0
PAYEMS,2024-05-01,2025-12-16,157828.0,193.0
PAYEMS,2024-05-01,2026-01-09,157828.0,193.0
PAYEMS,2024-05-01,2026-02-11,157608.0,78.0
PAYEMS,2024-05-01,2026-03-06,157608.0,78.0
PAYEMS,2024-05-01,2026-04-03,157608.0,78.0
PAYEMS,2024-05-01,2026-05-08,157608.0,78.0
PAYEMS,2024-05-01,2026-06-05,157608.0,78.0
PAYEMS,2024-05-01,2026-07-02,157608.0,78.0
PAYEMS,2024-06-01,2024-07-05,158638.0,206.0
PAYEMS,2024-06-01,2024-08-02,158609.0,179.0
PAYEMS,2024-06-01,2024-09-06,158548.0,118.0
PAYEMS,2024-06-01,2024-10-04,158548.0,118.0
PAYEMS,2024-06-01,2024-11-01,158548.0,118.0
PAYEMS,2024-06-01,2024-12-06,158548.0,118.0
PAYEMS,2024-06-01,2025-01-10,158548.0,118.0
PAYEMS,2024-06-01,2025-02-07,157915.0,87.0
PAYEMS,2024-06-01,2025-03-07,157915.0,87.0
PAYEMS,2024-06-01,2025-04-04,157915.0,87.0
PAYEMS,2024-06-01,2025-05-02,157915.0,87.0
PAYEMS,2024-06-01,2025-06-06,157915.0,87.0
PAYEMS,2024-06-01,2025-07-03,157915.0,87.0
PAYEMS,2024-06-01,2025-08-01,157915.0,87.0
PAYEMS,2024-06-01,2025-09-05,157915.0,87.0
PAYEMS,2024-06-01,2025-11-20,157915.0,87.0
PAYEMS,2024-06-01,2025-12-16,157915.0,87.0
PAYEMS,2024-06-01,2026-01-09,157915.0,87.0
PAYEMS,2024-06-01,2026-02-11,157695.0,87.0
PAYEMS,2024-06-01,2026-03-06,157695.0,87.0
PAYEMS,2024-06-01,2026-04-03,157695.0,87.0
PAYEMS,2024-06-01,2026-05-08,157695.0,87.0
PAYEMS,2024-06-01,2026-06-05,157695.0,87.0
PAYEMS,2024-06-01,2026-07-02,157695.0,87.0
PAYEMS,2024-07-01,2024-08-02,158723.0,114.0
PAYEMS,2024-07-01,2024-09-06,158637.0,89.0
PAYEMS,2024-07-01,2024-10-04,158692.0,144.0
PAYEMS,2024-07-01,2024-11-01,158692.0,144.0
PAYEMS,2024-07-01,2024-12-06,158692.0,144.0
PAYEMS,2024-07-01,2025-01-10,158692.0,144.0
PAYEMS,2024-07-01,2025-02-07,158003.0,88.0
PAYEMS,2024-07-01,2025-03-07,158003.0,88.0
PAYEMS,2024-07-01,2025-04-04,158003.0,88.0
PAYEMS,2024-07-01,2025-05-02,158003.0,88.0
PAYEMS,2024-07-01,2025-06-06,158003.0,88.0
PAYEMS,2024-07-01,2025-07-03,158003.0,88.0
PAYEMS,2024-07-01,2025-08-01,158003.0,88.0
PAYEMS,2024-07-01,2025-09-05,158003.0,88.0
PAYEMS,2024-07-01,2025-11-20,158003.0,88.0
PAYEMS,2024-07-01,2025-12-16,158003.0,88.0
PAYEMS,2024-07-01,2026-01-09,158003.0,88.0
PAYEMS,2024-07-01,2026-02-11,157748.0,53.0
PAYEMS,2024-07-01,2026-03-06,157748.0,53.0
PAYEMS,2024-07-01,2026-04-03,157748.0,53.0
PAYEMS,2024-07-01,2026-05-08,157748.0,53.0
PAYEMS,2024-07-01,2026-06-05,157748.0,53.0
PAYEMS,2024-07-01,2026-07-02,157748.0,53.0
PAYEMS,2024-08-01,2024-09-06,158779.0,142.0
PAYEMS,2024-08-01,2024-10-04,158851.0,159.0
PAYEMS,2024-08-01,2024-11-01,158770.0,78.0
PAYEMS,2024-08-01,2024-12-06,158770.0,78.0
PAYEMS,2024-08-01,2025-01-10,158770.0,78.0
PAYEMS,2024-08-01,2025-02-07,158074.0,71.0
PAYEMS,2024-08-01,2025-03-07,158074.0,71.0
PAYEMS,2024-08-01,2025-04-04,158074.0,71.0
PAYEMS,2024-08-01,2025-05-02,158074.0,71.0
PAYEMS,2024-08-01,2025-06-06,158074.0,71.0
PAYEMS,2024-08-01,2025-07-03,158074.0,71.0
PAYEMS,2024-08-01,2025-08-01,158074.0,71.0
PAYEMS,2024-08-01,2025-09-05,158074.0,71.0
PAYEMS,2024-08-01,2025-11-20,158074.0,71.0
PAYEMS,2024-08-01,2025-12-16,158074.0,71.0
PAYEMS,2024-08-01,2026-01-09,158074.0,71.0
PAYEMS,2024-08-01,2026-02-11,157757.0,9.0
PAYEMS,2024-08-01,2026-03-06,157757.0,9.0
PAYEMS,2024-08-01,2026-04-03,157757.0,9.0
PAYEMS,2024-08-01,2026-05-08,157757.0,9.0
PAYEMS,2024-08-01,2026-06-05,157757.0,9.0
PAYEMS,2024-08-01,2026-07-02,157757.0,9.0
PAYEMS,2024-09-01,2024-10-04,159105.0,254.0
PAYEMS,2024-09-01,2024-11-01,158993.0,223.0
PAYEMS,2024-09-01,2024-12-06,159025.0,255.0
PAYEMS,2024-09-01,2025-01-10,159025.0,255.0
PAYEMS,2024-09-01,2025-02-07,158314.0,240.0
PAYEMS,2024-09-01,2025-03-07,158314.0,240.0
PAYEMS,2024-09-01,2025-04-04,158314.0,240.0
PAYEMS,2024-09-01,2025-05-02,158314.0,240.0
PAYEMS,2024-09-01,2025-06-06,158314.0,240.0
PAYEMS,2024-09-01,2025-07-03,158314.0,240.0
PAYEMS,2024-09-01,2025-08-01,158314.0,240.0
PAYEMS,2024-09-01,2025-09-05,158314.0,240.0
PAYEMS,2024-09-01,2025-11-20,158314.0,240.0
PAYEMS,2024-09-01,2025-12-16,158314.0,240.0
PAYEMS,2024-09-01,2026-01-09,158314.0,240.0
PAYEMS,2024-09-01,2026-02-11,157912.0,155.0
PAYEMS,2024-09-01,2026-03-06,157912.0,155.0
PAYEMS,2024-09-01,2026-04-03,157912.0,155.0
PAYEMS,2024-09-01,2026-05-08,157912.0,155.0
PAYEMS,2024-09-01,2026-06-05,157912.0,155.0
PAYEMS,2024-09-01,2026-07-02,157912.0,155.0
PAYEMS,2024-10-01,2024-11-01,159005.0,12.0
PAYEMS,2024-10-01,2024-12-06,159061.0,36.0
PAYEMS,2024-10-01,2025-01-10,159068.0,43.0
PAYEMS,2024-10-01,2025-02-07,158358.0,44.0
PAYEMS,2024-10-01,2025-03-07,158358.0,44.0
PAYEMS,2024-10-01,2025-04-04,158358.0,44.0
PAYEMS,2024-10-01,2025-05-02,158358.0,44.0
PAYEMS,2024-10-01,2025-06-06,158358.0,44.0
PAYEMS,2024-10-01,2025-07-03,158358.0,44.0
PAYEMS,2024-10-01,2025-08-01,158358.0,44.0
PAYEMS,2024-10-01,2025-09-05,158358.0,44.0
PAYEMS,2024-10-01,2025-11-20,158358.0,44.0
PAYEMS,2024-10-01,2025-12-16,158358.0,44.0
PAYEMS,2024-10-01,2026-01-09,158358.0,44.0
PAYEMS,2024-10-01,2026-02-11,157945.0,33.0
PAYEMS,2024-10-01,2026-03-06,157945.0,33.0
PAYEMS,2024-10-01,2026-04-03,157945.0,33.0
PAYEMS,2024-10-01,2026-05-08,157945.0,33.0
PAYEMS,2024-10-01,2026-06-05,157945.0,33.0
PAYEMS,2024-10-01,2026-07-02,157945.0,33.0
PAYEMS,2024-11-01,2024-12-06,159288.0,227.0
PAYEMS,2024-11-01,2025-01-10,159280.0,212.0
PAYEMS,2024-11-01,2025-02-07,158619.0,261.0
PAYEMS,2024-11-01,2025-03-07,158619.0,261.0
PAYEMS,2024-11-01,2025-04-04,158619.0,261.0
PAYEMS,2024-11-01,2025-05-02,158619.0,261.0
PAYEMS,2024-11-01,2025-06-06,158619.0,261.0
PAYEMS,2024-11-01,2025-07-03,158619.0,261.0
PAYEMS,2024-11-01,2025-08-01,158619.0,261.0
PAYEMS,2024-11-01,2025-09-05,158619.0,261.0
PAYEMS,2024-11-01,2025-11-20,158619.0,261.0
PAYEMS,2024-11-01,2025-12-16,158619.0,261.0
PAYEMS,2024-11-01,2026-01-09,158619.0,261.0
PAYEMS,2024-11-01,2026-02-11,158079.0,134.0
PAYEMS,2024-11-01,2026-03-06,158079.0,134.0
PAYEMS,2024-11-01,2026-04-03,158079.0,134.0
PAYEMS,2024-11-01,2026-05-08,158079.0,134.0
PAYEMS,2024-11-01,2026-06-05,158079.0,134.0
PAYEMS,2024-11-01,2026-07-02,158079.0,134.0
PAYEMS,2024-12-01,2025-01-10,159536.0,256.0
PAYEMS,2024-12-01,2025-02-07,158926.0,307.0
PAYEMS,2024-12-01,2025-03-07,158942.0,323.0
PAYEMS,2024-12-01,2025-04-04,158942.0,323.0
PAYEMS,2024-12-01,2025-05-02,158942.0,323.0
PAYEMS,2024-12-01,2025-06-06,158942.0,323.0
PAYEMS,2024-12-01,2025-07-03,158942.0,323.0
PAYEMS,2024-12-01,2025-08-01,158942.0,323.0
PAYEMS,2024-12-01,2025-09-05,158942.0,323.0
PAYEMS,2024-12-01,2025-11-20,158942.0,323.0
PAYEMS,2024-12-01,2025-12-16,158942.0,323.0
PAYEMS,2024-12-01,2026-01-09,158942.0,323.0
PAYEMS,2024-12-01,2026-02-11,158316.0,237.0
PAYEMS,2024-12-01,2026-03-06,158316.0,237.0
PAYEMS,2024-12-01,2026-04-03,158316.0,237.0
PAYEMS,2024-12-01,2026-05-08,158316.0,237.0
PAYEMS,2024-12-01,2026-06-05,158316.0,237.0
PAYEMS,2024-12-01,2026-07-02,158316.0,237.0
PAYEMS,2025-01-01,2025-02-07,159069.0,143.0
PAYEMS,2025-01-01,2025-03-07,159067.0,125.0
PAYEMS,2025-01-01,2025-04-04,159053.0,111.0
PAYEMS,2025-01-01,2025-05-02,159053.0,111.0
PAYEMS,2025-01-01,2025-06-06,159053.0,111.0
PAYEMS,2025-01-01,2025-07-03,159053.0,111.0
PAYEMS,2025-01-01,2025-08-01,159053.0,111.0
PAYEMS,2025-01-01,2025-09-05,159053.0,111.0
PAYEMS,2025-01-01,2025-11-20,159053.0,111.0
PAYEMS,2025-01-01,2025-12-16,159053.0,111.0
PAYEMS,2025-01-01,2026-01-09,159053.0,111.0
PAYEMS,2025-01-01,2026-02-11,158268.0,-48.0
PAYEMS,2025-01-01,2026-03-06,158268.0,-48.0
PAYEMS,2025-01-01,2026-04-03,158268.0,-48.0
PAYEMS,2025-01-01,2026-05-08,158268.0,-48.0
PAYEMS,2025-01-01,2026-06-05,158268.0,-48.0
PAYEMS,2025-01-01,2026-07-02,158268.0,-48.0
PAYEMS,2025-02-01,2025-03-07,159218.0,151.0
PAYEMS,2025-02-01,2025-04-04,159170.0,117.0
PAYEMS,2025-02-01,2025-05-02,159155.0,102.0
PAYEMS,2025-02-01,2025-06-06,159155.0,102.0
PAYEMS,2025-02-01,2025-07-03,159155.0,102.0
PAYEMS,2025-02-01,2025-08-01,159155.0,102.0
PAYEMS,2025-02-01,2025-09-05,159155.0,102.0
PAYEMS,2025-02-01,2025-11-20,159155.0,102.0
PAYEMS,2025-02-01,2025-12-16,159155.0,102.0
PAYEMS,2025-02-01,2026-01-09,159155.0,102.0
PAYEMS,2025-02-01,2026-02-11,158310.0,42.0
PAYEMS,2025-02-01,2026-03-06,158310.0,42.0
PAYEMS,2025-02-01,2026-04-03,158310.0,42.0
PAYEMS,2025-02-01,2026-05-08,158310.0,42.0
PAYEMS,2025-02-01,2026-06-05,158310.0,42.0
PAYEMS,2025-02-01,2026-07-02,158310.0,42.0
PAYEMS,2025-03-01,2025-04-04,159398.0,228.0
PAYEMS,2025-03-01,2025-05-02,159340.0,185.0
PAYEMS,2025-03-01,2025-06-06,159275.0,120.0
PAYEMS,2025-03-01,2025-07-03,159275.0,120.0
PAYEMS,2025-03-01,2025-08-01,159275.0,120.0
PAYEMS,2025-03-01,2025-09-05,159275.0,120.0
PAYEMS,2025-03-01,2025-11-20,159275.0,120.0
PAYEMS,2025-03-01,2025-12-16,159275.0,120.0
PAYEMS,2025-03-01,2026-01-09,159275.0,120.0
PAYEMS,2025-03-01,2026-02-11,158377.0,67.0
PAYEMS,2025-03-01,2026-03-06,158377.0,67.0
PAYEMS,2025-03-01,2026-04-03,158377.0,67.0
PAYEMS,2025-03-01,2026-05-08,158377.0,67.0
PAYEMS,2025-03-01,2026-06-05,158377.0,67.0
PAYEMS,2025-03-01,2026-07-02,158377.0,67.0
PAYEMS,2025-04-01,2025-05-02,159517.0,177.0
PAYEMS,2025-04-01,2025-06-06,159422.0,147.0
PAYEMS,2025-04-01,2025-07-03,159433.0,158.0
PAYEMS,2025-04-01,2025-08-01,159433.0,158.0
PAYEMS,2025-04-01,2025-09-05,159433.0,158.0
PAYEMS,2025-04-01,2025-11-20,159433.0,158.0
PAYEMS,2025-04-01,2025-12-16,159433.0,158.0
PAYEMS,2025-04-01,2026-01-09,159433.0,158.0
PAYEMS,2025-04-01,2026-02-11,158485.0,108.0
PAYEMS,2025-04-01,2026-03-06,158485.0,108.0
PAYEMS,2025-04-01,2026-04-03,158485.0,108.0
PAYEMS,2025-04-01,2026-05-08,158485.0,108.0
PAYEMS,2025-04-01,2026-06-05,158485.0,108.0
PAYEMS,2025-04-01,2026-07-02,158485.0,108.0
PAYEMS,2025-05-01,2025-06-06,159561.0,139.0
PAYEMS,2025-05-01,2025-07-03,159577.0,144.0
PAYEMS,2025-05-01,2025-08-01,159452.0,19.0
PAYEMS,2025-05-01,2025-09-05,159452.0,19.0
PAYEMS,2025-05-01,2025-11-20,159452.0,19.0
PAYEMS,2025-05-01,2025-12-16,159452.0,19.0
PAYEMS,2025-05-01,2026-01-09,159452.0,19.0
PAYEMS,2025-05-01,2026-02-11,158498.0,13.0
PAYEMS,2025-05-01,2026-03-06,158498.0,13.0
PAYEMS,2025-05-01,2026-04-03,158498.0,13.0
PAYEMS,2025-05-01,2026-05-08,158498.0,13.0
PAYEMS,2025-05-01,2026-06-05,158498.0,13.0
PAYEMS,2025-05-01,2026-07-02,158498.0,13.0
PAYEMS,2025-06-01,2025-07-03,159724.0,147.0
PAYEMS,2025-06-01,2025-08-01,159466.0,14.0
PAYEMS,2025-06-01,2025-09-05,159439.0,-13.0
PAYEMS,2025-06-01,2025-11-20,159439.0,-13.0
PAYEMS,2025-06-01,2025-12-16,159439.0,-13.0
PAYEMS,2025-06-01,2026-01-09,159439.0,-13.0
PAYEMS,2025-06-01,2026-02-11,158478.0,-20.0
PAYEMS,2025-06-01,2026-03-06,158478.0,-20.0
PAYEMS,2025-06-01,2026-04-03,158478.0,-20.0
PAYEMS,2025-06-01,2026-05-08,158478.0,-20.0
PAYEMS,2025-06-01,2026-06-05,158478.0,-20.0
PAYEMS,2025-06-01,2026-07-02,158478.0,-20.0
PAYEMS,2025-07-01,2025-08-01,159539.0,73.0
PAYEMS,2025-07-01,2025-09-05,159518.0,79.0
PAYEMS,2025-07-01,2025-11-20,159511.0,72.0
PAYEMS,2025-07-01,2025-12-16,159511.0,72.0
PAYEMS,2025-07-01,2026-01-09,159511.0,72.0
PAYEMS,2025-07-01,2026-02-11,158542.0,64.0
PAYEMS,2025-07-01,2026-03-06,158542.0,64.0
PAYEMS,2025-07-01,2026-04-03,158542.0,64.0
PAYEMS,2025-07-01,2026-05-08,158542.0,64.0
PAYEMS,2025-07-01,2026-06-05,158542.0,64.0
PAYEMS,2025-07-01,2026-07-02,158542.0,64.0
PAYEMS,2025-08-01,2025-09-05,159540.0,22.0
PAYEMS,2025-08-01,2025-11-20,159507.0,-4.0
PAYEMS,2025-08-01,2025-12-16,159485.0,-26.0
PAYEMS,2025-08-01,2026-01-09,159485.0,-26.0
PAYEMS,2025-08-01,2026-02-11,158472.0,-70.0
PAYEMS,2025-08-01,2026-03-06,158472.0,-70.0
PAYEMS,2025-08-01,2026-04-03,158472.0,-70.0
PAYEMS,2025-08-01,2026-05-08,158472.0,-70.0
PAYEMS,2025-08-01,2026-06-05,158472.0,-70.0
PAYEMS,2025-08-01,2026-07-02,158472.0,-70.0
PAYEMS,2025-09-01,2025-11-20,159626.0,119.0
PAYEMS,2025-09-01,2025-12-16,159593.0,108.0
PAYEMS,2025-09-01,2026-01-09,159593.0,108.0
PAYEMS,2025-09-01,2026-02-11,158548.0,76.0
PAYEMS,2025-09-01,2026-03-06,158548.0,76.0
PAYEMS,2025-09-01,2026-04-03,158548.0,76.0
PAYEMS,2025-09-01,2026-05-08,158548.0,76.0
PAYEMS,2025-09-01,2026-06-05,158548.0,76.0
PAYEMS,2025-09-01,2026-07-02,158548.0,76.0
PAYEMS,2025-10-01,2025-12-16,159488.0,-105.0
PAYEMS,2025-10-01,2026-01-09,159420.0,-173.0
PAYEMS,2025-10-01,2026-02-11,158408.0,-140.0
PAYEMS,2025-10-01,2026-03-06,158408.0,-140.0
PAYEMS,2025-10-01,2026-04-03,158408.0,-140.0
PAYEMS,2025-10-01,2026-05-08,158408.0,-140.0
PAYEMS,2025-10-01,2026-06-05,158408.0,-140.0
PAYEMS,2025-10-01,2026-07-02,158408.0,-140.0
PAYEMS,2025-11-01,2025-12-16,159552.0,64.0
PAYEMS,2025-11-01,2026-01-09,159476.0,56.0
PAYEMS,2025-11-01,2026-02-11,158449.0,41.0
PAYEMS,2025-11-01,2026-03-06,158449.0,41.0
PAYEMS,2025-11-01,2026-04-03,158449.0,41.0
PAYEMS,2025-11-01,2026-05-08,158449.0,41.0
PAYEMS,2025-11-01,2026-06-05,158449.0,41.0
PAYEMS,2025-11-01,2026-07-02,158449.0,41.0
PAYEMS,2025-12-01,2026-01-09,159526.0,50.0
PAYEMS,2025-12-01,2026-02-11,158497.0,48.0
PAYEMS,2025-12-01,2026-03-06,158432.0,-17.0
PAYEMS,2025-12-01,2026-04-03,158432.0,-17.0
PAYEMS,2025-12-01,2026-05-08,158432.0,-17.0
PAYEMS,2025-12-01,2026-06-05,158432.0,-17.0
PAYEMS,2025-12-01,2026-07-02,158432.0,-17.0
PAYEMS,2026-01-01,2026-02-11,158627.0,130.0
PAYEMS,2026-01-01,2026-03-06,158558.0,126.0
PAYEMS,2026-01-01,2026-04-03,158592.0,160.0
PAYEMS,2026-01-01,2026-05-08,158592.0,160.0
PAYEMS,2026-01-01,2026-06-05,158592.0,160.0
PAYEMS,2026-01-01,2026-07-02,158592.0,160.0
PAYEMS,2026-02-01,2026-03-06,158466.0,-92.0
PAYEMS,2026-02-01,2026-04-03,158459.0,-133.0
PAYEMS,2026-02-01,2026-05-08,158436.0,-156.0
PAYEMS,2026-02-01,2026-06-05,158436.0,-156.0
PAYEMS,2026-02-01,2026-07-02,158436.0,-156.0
PAYEMS,2026-03-01,2026-04-03,158637.0,178.0
PAYEMS,2026-03-01,2026-05-08,158621.0,185.0
PAYEMS,2026-03-01,2026-06-05,158650.0,214.0
PAYEMS,2026-03-01,2026-07-02,158650.0,214.0
PAYEMS,2026-04-01,2026-05-08,158736.0,115.0
PAYEMS,2026-04-01,2026-06-05,158829.0,179.0
PAYEMS,2026-04-01,2026-07-02,158798.0,148.0
PAYEMS,2026-05-01,2026-06-05,159001.0,172.0
PAYEMS,2026-05-01,2026-07-02,158927.0,129.0
PAYEMS,2026-06-01,2026-07-02,158984.0,57.0
USGOVT,2020-01-01,2020-02-07,22683.0,19.0
USGOVT,2020-01-01,2020-03-06,22730.0,51.0
USGOVT,2020-01-01,2020-04-03,22714.0,35.0
USGOVT,2020-01-01,2020-05-08,22714.0,35.0
USGOVT,2020-01-01,2020-06-05,22714.0,35.0
USGOVT,2020-01-01,2020-07-02,22714.0,35.0
USGOVT,2020-01-01,2020-08-07,22714.0,35.0
USGOVT,2020-01-01,2020-09-04,22714.0,35.0
USGOVT,2020-01-01,2020-10-02,22714.0,35.0
USGOVT,2020-01-01,2020-11-06,22714.0,35.0
USGOVT,2020-01-01,2020-12-04,22714.0,35.0
USGOVT,2020-01-01,2021-01-08,22714.0,35.0
USGOVT,2020-01-01,2021-02-05,22789.0,60.0
USGOVT,2020-01-01,2021-03-05,22789.0,60.0
USGOVT,2020-01-01,2021-04-02,22789.0,60.0
USGOVT,2020-01-01,2021-05-07,22789.0,60.0
USGOVT,2020-01-01,2021-06-04,22789.0,60.0
USGOVT,2020-01-01,2021-07-02,22789.0,60.0
USGOVT,2020-01-01,2021-08-06,22789.0,60.0
USGOVT,2020-01-01,2021-09-03,22789.0,60.0
USGOVT,2020-01-01,2021-10-08,22789.0,60.0
USGOVT,2020-01-01,2021-11-05,22789.0,60.0
USGOVT,2020-01-01,2021-12-03,22789.0,60.0
USGOVT,2020-01-01,2022-01-07,22789.0,60.0
USGOVT,2020-01-01,2022-02-04,22784.0,53.0
USGOVT,2020-01-01,2022-03-04,22784.0,53.0
USGOVT,2020-01-01,2022-04-01,22784.0,53.0
USGOVT,2020-01-01,2022-05-06,22784.0,53.0
USGOVT,2020-01-01,2022-06-03,22784.0,53.0
USGOVT,2020-01-01,2022-07-08,22784.0,53.0
USGOVT,2020-01-01,2022-08-05,22784.0,53.0
USGOVT,2020-01-01,2022-09-02,22784.0,53.0
USGOVT,2020-01-01,2022-10-07,22784.0,53.0
USGOVT,2020-01-01,2022-11-04,22784.0,53.0
USGOVT,2020-01-01,2022-12-02,22784.0,53.0
USGOVT,2020-01-01,2023-01-06,22784.0,53.0
USGOVT,2020-01-01,2023-02-03,22783.0,60.0
USGOVT,2020-01-01,2023-03-10,22783.0,60.0
USGOVT,2020-01-01,2023-04-07,22783.0,60.0
USGOVT,2020-01-01,2023-05-05,22783.0,60.0
USGOVT,2020-01-01,2023-06-02,22783.0,60.0
USGOVT,2020-01-01,2023-07-07,22783.0,60.0
USGOVT,2020-01-01,2023-08-04,22783.0,60.0
USGOVT,2020-01-01,2023-09-01,22783.0,60.0
USGOVT,2020-01-01,2023-10-06,22783.0,60.0
USGOVT,2020-01-01,2023-11-03,22783.0,60.0
USGOVT,2020-01-01,2023-12-08,22783.0,60.0
USGOVT,2020-01-01,2024-01-05,22783.0,60.0
USGOVT,2020-01-01,2024-02-02,22787.0,61.0
USGOVT,2020-01-01,2024-03-08,22787.0,61.0
USGOVT,2020-01-01,2024-04-05,22787.0,61.0
USGOVT,2020-01-01,2024-05-03,22787.0,61.0
USGOVT,2020-01-01,2024-06-07,22787.0,61.0
USGOVT,2020-01-01,2024-07-05,22787.0,61.0
USGOVT,2020-01-01,2024-08-02,22787.0,61.0
USGOVT,2020-01-01,2024-09-06,22787.0,61.0
USGOVT,2020-01-01,2024-10-04,22787.0,61.0
USGOVT,2020-01-01,2024-11-01,22787.0,61.0
USGOVT,2020-01-01,2024-12-06,22787.0,61.0
USGOVT,2020-01-01,2025-01-10,22787.0,61.0
USGOVT,2020-01-01,2025-02-07,22781.0,55.0
USGOVT,2020-01-01,2025-03-07,22781.0,55.0
USGOVT,2020-01-01,2025-04-04,22781.0,55.0
USGOVT,2020-01-01,2025-05-02,22781.0,55.0
USGOVT,2020-01-01,2025-06-06,22781.0,55.0
USGOVT,2020-01-01,2025-07-03,22781.0,55.0
USGOVT,2020-01-01,2025-08-01,22781.0,55.0
USGOVT,2020-01-01,2025-09-05,22781.0,55.0
USGOVT,2020-01-01,2025-11-20,22781.0,55.0
USGOVT,2020-01-01,2025-12-16,22781.0,55.0
USGOVT,2020-01-01,2026-01-09,22781.0,55.0
USGOVT,2020-01-01,2026-02-11,22781.0,55.0
USGOVT,2020-01-01,2026-03-06,22781.0,55.0
USGOVT,2020-01-01,2026-04-03,22781.0,55.0
USGOVT,2020-01-01,2026-05-08,22781.0,55.0
USGOVT,2020-01-01,2026-06-05,22781.0,55.0
USGOVT,2020-01-01,2026-07-02,22781.0,55.0
USGOVT,2020-02-01,2020-03-06,22775.0,45.0
USGOVT,2020-02-01,2020-04-03,22747.0,33.0
USGOVT,2020-02-01,2020-05-08,22745.0,31.0
USGOVT,2020-02-01,2020-06-05,22745.0,31.0
USGOVT,2020-02-01,2020-07-02,22745.0,31.0
USGOVT,2020-02-01,2020-08-07,22745.0,31.0
USGOVT,2020-02-01,2020-09-04,22745.0,31.0
USGOVT,2020-02-01,2020-10-02,22745.0,31.0
USGOVT,2020-02-01,2020-11-06,22745.0,31.0
USGOVT,2020-02-01,2020-12-04,22745.0,31.0
USGOVT,2020-02-01,2021-01-08,22745.0,31.0
USGOVT,2020-02-01,2021-02-05,22835.0,46.0
USGOVT,2020-02-01,2021-03-05,22835.0,46.0
USGOVT,2020-02-01,2021-04-02,22835.0,46.0
USGOVT,2020-02-01,2021-05-07,22835.0,46.0
USGOVT,2020-02-01,2021-06-04,22835.0,46.0
USGOVT,2020-02-01,2021-07-02,22835.0,46.0
USGOVT,2020-02-01,2021-08-06,22835.0,46.0
USGOVT,2020-02-01,2021-09-03,22835.0,46.0
USGOVT,2020-02-01,2021-10-08,22835.0,46.0
USGOVT,2020-02-01,2021-11-05,22835.0,46.0
USGOVT,2020-02-01,2021-12-03,22835.0,46.0
USGOVT,2020-02-01,2022-01-07,22835.0,46.0
USGOVT,2020-02-01,2022-02-04,22879.0,95.0
USGOVT,2020-02-01,2022-03-04,22879.0,95.0
USGOVT,2020-02-01,2022-04-01,22879.0,95.0
USGOVT,2020-02-01,2022-05-06,22879.0,95.0
USGOVT,2020-02-01,2022-06-03,22879.0,95.0
USGOVT,2020-02-01,2022-07-08,22879.0,95.0
USGOVT,2020-02-01,2022-08-05,22879.0,95.0
USGOVT,2020-02-01,2022-09-02,22879.0,95.0
USGOVT,2020-02-01,2022-10-07,22879.0,95.0
USGOVT,2020-02-01,2022-11-04,22879.0,95.0
USGOVT,2020-02-01,2022-12-02,22879.0,95.0
USGOVT,2020-02-01,2023-01-06,22879.0,95.0
USGOVT,2020-02-01,2023-02-03,22871.0,88.0
USGOVT,2020-02-01,2023-03-10,22871.0,88.0
USGOVT,2020-02-01,2023-04-07,22871.0,88.0
USGOVT,2020-02-01,2023-05-05,22871.0,88.0
USGOVT,2020-02-01,2023-06-02,22871.0,88.0
USGOVT,2020-02-01,2023-07-07,22871.0,88.0
USGOVT,2020-02-01,2023-08-04,22871.0,88.0
USGOVT,2020-02-01,2023-09-01,22871.0,88.0
USGOVT,2020-02-01,2023-10-06,22871.0,88.0
USGOVT,2020-02-01,2023-11-03,22871.0,88.0
USGOVT,2020-02-01,2023-12-08,22871.0,88.0
USGOVT,2020-02-01,2024-01-05,22871.0,88.0
USGOVT,2020-02-01,2024-02-02,22867.0,80.0
USGOVT,2020-02-01,2024-03-08,22867.0,80.0
USGOVT,2020-02-01,2024-04-05,22867.0,80.0
USGOVT,2020-02-01,2024-05-03,22867.0,80.0
USGOVT,2020-02-01,2024-06-07,22867.0,80.0
USGOVT,2020-02-01,2024-07-05,22867.0,80.0
USGOVT,2020-02-01,2024-08-02,22867.0,80.0
USGOVT,2020-02-01,2024-09-06,22867.0,80.0
USGOVT,2020-02-01,2024-10-04,22867.0,80.0
USGOVT,2020-02-01,2024-11-01,22867.0,80.0
USGOVT,2020-02-01,2024-12-06,22867.0,80.0
USGOVT,2020-02-01,2025-01-10,22867.0,80.0
USGOVT,2020-02-01,2025-02-07,22857.0,76.0
USGOVT,2020-02-01,2025-03-07,22857.0,76.0
USGOVT,2020-02-01,2025-04-04,22857.0,76.0
USGOVT,2020-02-01,2025-05-02,22857.0,76.0
USGOVT,2020-02-01,2025-06-06,22857.0,76.0
USGOVT,2020-02-01,2025-07-03,22857.0,76.0
USGOVT,2020-02-01,2025-08-01,22857.0,76.0
USGOVT,2020-02-01,2025-09-05,22857.0,76.0
USGOVT,2020-02-01,2025-11-20,22857.0,76.0
USGOVT,2020-02-01,2025-12-16,22857.0,76.0
USGOVT,2020-02-01,2026-01-09,22857.0,76.0
USGOVT,2020-02-01,2026-02-11,22857.0,76.0
USGOVT,2020-02-01,2026-03-06,22857.0,76.0
USGOVT,2020-02-01,2026-04-03,22857.0,76.0
USGOVT,2020-02-01,2026-05-08,22857.0,76.0
USGOVT,2020-02-01,2026-06-05,22857.0,76.0
USGOVT,2020-02-01,2026-07-02,22857.0,76.0
USGOVT,2020-03-01,2020-04-03,22759.0,12.0
USGOVT,2020-03-01,2020-05-08,22717.0,-28.0
USGOVT,2020-03-01,2020-06-05,22728.0,-17.0
USGOVT,2020-03-01,2020-07-02,22728.0,-17.0
USGOVT,2020-03-01,2020-08-07,22728.0,-17.0
USGOVT,2020-03-01,2020-09-04,22728.0,-17.0
USGOVT,2020-03-01,2020-10-02,22728.0,-17.0
USGOVT,2020-03-01,2020-11-06,22728.0,-17.0
USGOVT,2020-03-01,2020-12-04,22728.0,-17.0
USGOVT,2020-03-01,2021-01-08,22728.0,-17.0
USGOVT,2020-03-01,2021-02-05,22774.0,-61.0
USGOVT,2020-03-01,2021-03-05,22774.0,-61.0
USGOVT,2020-03-01,2021-04-02,22774.0,-61.0
USGOVT,2020-03-01,2021-05-07,22774.0,-61.0
USGOVT,2020-03-01,2021-06-04,22774.0,-61.0
USGOVT,2020-03-01,2021-07-02,22774.0,-61.0
USGOVT,2020-03-01,2021-08-06,22774.0,-61.0
USGOVT,2020-03-01,2021-09-03,22774.0,-61.0
USGOVT,2020-03-01,2021-10-08,22774.0,-61.0
USGOVT,2020-03-01,2021-11-05,22774.0,-61.0
USGOVT,2020-03-01,2021-12-03,22774.0,-61.0
USGOVT,2020-03-01,2022-01-07,22774.0,-61.0
USGOVT,2020-03-01,2022-02-04,22825.0,-54.0
USGOVT,2020-03-01,2022-03-04,22825.0,-54.0
USGOVT,2020-03-01,2022-04-01,22825.0,-54.0
USGOVT,2020-03-01,2022-05-06,22825.0,-54.0
USGOVT,2020-03-01,2022-06-03,22825.0,-54.0
USGOVT,2020-03-01,2022-07-08,22825.0,-54.0
USGOVT,2020-03-01,2022-08-05,22825.0,-54.0
USGOVT,2020-03-01,2022-09-02,22825.0,-54.0
USGOVT,2020-03-01,2022-10-07,22825.0,-54.0
USGOVT,2020-03-01,2022-11-04,22825.0,-54.0
USGOVT,2020-03-01,2022-12-02,22825.0,-54.0
USGOVT,2020-03-01,2023-01-06,22825.0,-54.0
USGOVT,2020-03-01,2023-02-03,22841.0,-30.0
USGOVT,2020-03-01,2023-03-10,22841.0,-30.0
USGOVT,2020-03-01,2023-04-07,22841.0,-30.0
USGOVT,2020-03-01,2023-05-05,22841.0,-30.0
USGOVT,2020-03-01,2023-06-02,22841.0,-30.0
USGOVT,2020-03-01,2023-07-07,22841.0,-30.0
USGOVT,2020-03-01,2023-08-04,22841.0,-30.0
USGOVT,2020-03-01,2023-09-01,22841.0,-30.0
USGOVT,2020-03-01,2023-10-06,22841.0,-30.0
USGOVT,2020-03-01,2023-11-03,22841.0,-30.0
USGOVT,2020-03-01,2023-12-08,22841.0,-30.0
USGOVT,2020-03-01,2024-01-05,22841.0,-30.0
USGOVT,2020-03-01,2024-02-02,22832.0,-35.0
USGOVT,2020-03-01,2024-03-08,22832.0,-35.0
USGOVT,2020-03-01,2024-04-05,22832.0,-35.0
USGOVT,2020-03-01,2024-05-03,22832.0,-35.0
USGOVT,2020-03-01,2024-06-07,22832.0,-35.0
USGOVT,2020-03-01,2024-07-05,22832.0,-35.0
USGOVT,2020-03-01,2024-08-02,22832.0,-35.0
USGOVT,2020-03-01,2024-09-06,22832.0,-35.0
USGOVT,2020-03-01,2024-10-04,22832.0,-35.0
USGOVT,2020-03-01,2024-11-01,22832.0,-35.0
USGOVT,2020-03-01,2024-12-06,22832.0,-35.0
USGOVT,2020-03-01,2025-01-10,22832.0,-35.0
USGOVT,2020-03-01,2025-02-07,22827.0,-30.0
USGOVT,2020-03-01,2025-03-07,22827.0,-30.0
USGOVT,2020-03-01,2025-04-04,22827.0,-30.0
USGOVT,2020-03-01,2025-05-02,22827.0,-30.0
USGOVT,2020-03-01,2025-06-06,22827.0,-30.0
USGOVT,2020-03-01,2025-07-03,22827.0,-30.0
USGOVT,2020-03-01,2025-08-01,22827.0,-30.0
USGOVT,2020-03-01,2025-09-05,22827.0,-30.0
USGOVT,2020-03-01,2025-11-20,22827.0,-30.0
USGOVT,2020-03-01,2025-12-16,22827.0,-30.0
USGOVT,2020-03-01,2026-01-09,22827.0,-30.0
USGOVT,2020-03-01,2026-02-11,22827.0,-30.0
USGOVT,2020-03-01,2026-03-06,22827.0,-30.0
USGOVT,2020-03-01,2026-04-03,22827.0,-30.0
USGOVT,2020-03-01,2026-05-08,22827.0,-30.0
USGOVT,2020-03-01,2026-06-05,22827.0,-30.0
USGOVT,2020-03-01,2026-07-02,22827.0,-30.0
USGOVT,2020-04-01,2020-05-08,21737.0,-980.0
USGOVT,2020-04-01,2020-06-05,21765.0,-963.0
USGOVT,2020-04-01,2020-07-02,21776.0,-952.0
USGOVT,2020-04-01,2020-08-07,21776.0,-952.0
USGOVT,2020-04-01,2020-09-04,21776.0,-952.0
USGOVT,2020-04-01,2020-10-02,21776.0,-952.0
USGOVT,2020-04-01,2020-11-06,21776.0,-952.0
USGOVT,2020-04-01,2020-12-04,21776.0,-952.0
USGOVT,2020-04-01,2021-01-08,21776.0,-952.0
USGOVT,2020-04-01,2021-02-05,21826.0,-948.0
USGOVT,2020-04-01,2021-03-05,21826.0,-948.0
USGOVT,2020-04-01,2021-04-02,21826.0,-948.0
USGOVT,2020-04-01,2021-05-07,21826.0,-948.0
USGOVT,2020-04-01,2021-06-04,21826.0,-948.0
USGOVT,2020-04-01,2021-07-02,21826.0,-948.0
USGOVT,2020-04-01,2021-08-06,21826.0,-948.0
USGOVT,2020-04-01,2021-09-03,21826.0,-948.0
USGOVT,2020-04-01,2021-10-08,21826.0,-948.0
USGOVT,2020-04-01,2021-11-05,21826.0,-948.0
USGOVT,2020-04-01,2021-12-03,21826.0,-948.0
USGOVT,2020-04-01,2022-01-07,21826.0,-948.0
USGOVT,2020-04-01,2022-02-04,21904.0,-921.0
USGOVT,2020-04-01,2022-03-04,21904.0,-921.0
USGOVT,2020-04-01,2022-04-01,21904.0,-921.0
USGOVT,2020-04-01,2022-05-06,21904.0,-921.0
USGOVT,2020-04-01,2022-06-03,21904.0,-921.0
USGOVT,2020-04-01,2022-07-08,21904.0,-921.0
USGOVT,2020-04-01,2022-08-05,21904.0,-921.0
USGOVT,2020-04-01,2022-09-02,21904.0,-921.0
USGOVT,2020-04-01,2022-10-07,21904.0,-921.0
USGOVT,2020-04-01,2022-11-04,21904.0,-921.0
USGOVT,2020-04-01,2022-12-02,21904.0,-921.0
USGOVT,2020-04-01,2023-01-06,21904.0,-921.0
USGOVT,2020-04-01,2023-02-03,21927.0,-914.0
USGOVT,2020-04-01,2023-03-10,21927.0,-914.0
USGOVT,2020-04-01,2023-04-07,21927.0,-914.0
USGOVT,2020-04-01,2023-05-05,21927.0,-914.0
USGOVT,2020-04-01,2023-06-02,21927.0,-914.0
USGOVT,2020-04-01,2023-07-07,21927.0,-914.0
USGOVT,2020-04-01,2023-08-04,21927.0,-914.0
USGOVT,2020-04-01,2023-09-01,21927.0,-914.0
USGOVT,2020-04-01,2023-10-06,21927.0,-914.0
USGOVT,2020-04-01,2023-11-03,21927.0,-914.0
USGOVT,2020-04-01,2023-12-08,21927.0,-914.0
USGOVT,2020-04-01,2024-01-05,21927.0,-914.0
USGOVT,2020-04-01,2024-02-02,21915.0,-917.0
USGOVT,2020-04-01,2024-03-08,21915.0,-917.0
USGOVT,2020-04-01,2024-04-05,21915.0,-917.0
USGOVT,2020-04-01,2024-05-03,21915.0,-917.0
USGOVT,2020-04-01,2024-06-07,21915.0,-917.0
USGOVT,2020-04-01,2024-07-05,21915.0,-917.0
USGOVT,2020-04-01,2024-08-02,21915.0,-917.0
USGOVT,2020-04-01,2024-09-06,21915.0,-917.0
USGOVT,2020-04-01,2024-10-04,21915.0,-917.0
USGOVT,2020-04-01,2024-11-01,21915.0,-917.0
USGOVT,2020-04-01,2024-12-06,21915.0,-917.0
USGOVT,2020-04-01,2025-01-10,21915.0,-917.0
USGOVT,2020-04-01,2025-02-07,21909.0,-918.0
USGOVT,2020-04-01,2025-03-07,21909.0,-918.0
USGOVT,2020-04-01,2025-04-04,21909.0,-918.0
USGOVT,2020-04-01,2025-05-02,21909.0,-918.0
USGOVT,2020-04-01,2025-06-06,21909.0,-918.0
USGOVT,2020-04-01,2025-07-03,21909.0,-918.0
USGOVT,2020-04-01,2025-08-01,21909.0,-918.0
USGOVT,2020-04-01,2025-09-05,21909.0,-918.0
USGOVT,2020-04-01,2025-11-20,21909.0,-918.0
USGOVT,2020-04-01,2025-12-16,21909.0,-918.0
USGOVT,2020-04-01,2026-01-09,21909.0,-918.0
USGOVT,2020-04-01,2026-02-11,21909.0,-918.0
USGOVT,2020-04-01,2026-03-06,21909.0,-918.0
USGOVT,2020-04-01,2026-04-03,21909.0,-918.0
USGOVT,2020-04-01,2026-05-08,21909.0,-918.0
USGOVT,2020-04-01,2026-06-05,21909.0,-918.0
USGOVT,2020-04-01,2026-07-02,21909.0,-918.0
USGOVT,2020-05-01,2020-06-05,21180.0,-585.0
USGOVT,2020-05-01,2020-07-02,21243.0,-533.0
USGOVT,2020-05-01,2020-08-07,21265.0,-511.0
USGOVT,2020-05-01,2020-09-04,21265.0,-511.0
USGOVT,2020-05-01,2020-10-02,21265.0,-511.0
USGOVT,2020-05-01,2020-11-06,21265.0,-511.0
USGOVT,2020-05-01,2020-12-04,21265.0,-511.0
USGOVT,2020-05-01,2021-01-08,21265.0,-511.0
USGOVT,2020-05-01,2021-02-05,21314.0,-512.0
USGOVT,2020-05-01,2021-03-05,21314.0,-512.0
USGOVT,2020-05-01,2021-04-02,21314.0,-512.0
USGOVT,2020-05-01,2021-05-07,21314.0,-512.0
USGOVT,2020-05-01,2021-06-04,21314.0,-512.0
USGOVT,2020-05-01,2021-07-02,21314.0,-512.0
USGOVT,2020-05-01,2021-08-06,21314.0,-512.0
USGOVT,2020-05-01,2021-09-03,21314.0,-512.0
USGOVT,2020-05-01,2021-10-08,21314.0,-512.0
USGOVT,2020-05-01,2021-11-05,21314.0,-512.0
USGOVT,2020-05-01,2021-12-03,21314.0,-512.0
USGOVT,2020-05-01,2022-01-07,21314.0,-512.0
USGOVT,2020-05-01,2022-02-04,21421.0,-483.0
USGOVT,2020-05-01,2022-03-04,21421.0,-483.0
USGOVT,2020-05-01,2022-04-01,21421.0,-483.0
USGOVT,2020-05-01,2022-05-06,21421.0,-483.0
USGOVT,2020-05-01,2022-06-03,21421.0,-483.0
USGOVT,2020-05-01,2022-07-08,21421.0,-483.0
USGOVT,2020-05-01,2022-08-05,21421.0,-483.0
USGOVT,2020-05-01,2022-09-02,21421.0,-483.0
USGOVT,2020-05-01,2022-10-07,21421.0,-483.0
USGOVT,2020-05-01,2022-11-04,21421.0,-483.0
USGOVT,2020-05-01,2022-12-02,21421.0,-483.0
USGOVT,2020-05-01,2023-01-06,21421.0,-483.0
USGOVT,2020-05-01,2023-02-03,21396.0,-531.0
USGOVT,2020-05-01,2023-03-10,21396.0,-531.0
USGOVT,2020-05-01,2023-04-07,21396.0,-531.0
USGOVT,2020-05-01,2023-05-05,21396.0,-531.0
USGOVT,2020-05-01,2023-06-02,21396.0,-531.0
USGOVT,2020-05-01,2023-07-07,21396.0,-531.0
USGOVT,2020-05-01,2023-08-04,21396.0,-531.0
USGOVT,2020-05-01,2023-09-01,21396.0,-531.0
USGOVT,2020-05-01,2023-10-06,21396.0,-531.0
USGOVT,2020-05-01,2023-11-03,21396.0,-531.0
USGOVT,2020-05-01,2023-12-08,21396.0,-531.0
USGOVT,2020-05-01,2024-01-05,21396.0,-531.0
USGOVT,2020-05-01,2024-02-02,21395.0,-520.0
USGOVT,2020-05-01,2024-03-08,21395.0,-520.0
USGOVT,2020-05-01,2024-04-05,21395.0,-520.0
USGOVT,2020-05-01,2024-05-03,21395.0,-520.0
USGOVT,2020-05-01,2024-06-07,21395.0,-520.0
USGOVT,2020-05-01,2024-07-05,21395.0,-520.0
USGOVT,2020-05-01,2024-08-02,21395.0,-520.0
USGOVT,2020-05-01,2024-09-06,21395.0,-520.0
USGOVT,2020-05-01,2024-10-04,21395.0,-520.0
USGOVT,2020-05-01,2024-11-01,21395.0,-520.0
USGOVT,2020-05-01,2024-12-06,21395.0,-520.0
USGOVT,2020-05-01,2025-01-10,21395.0,-520.0
USGOVT,2020-05-01,2025-02-07,21393.0,-516.0
USGOVT,2020-05-01,2025-03-07,21393.0,-516.0
USGOVT,2020-05-01,2025-04-04,21393.0,-516.0
USGOVT,2020-05-01,2025-05-02,21393.0,-516.0
USGOVT,2020-05-01,2025-06-06,21393.0,-516.0
USGOVT,2020-05-01,2025-07-03,21393.0,-516.0
USGOVT,2020-05-01,2025-08-01,21393.0,-516.0
USGOVT,2020-05-01,2025-09-05,21393.0,-516.0
USGOVT,2020-05-01,2025-11-20,21393.0,-516.0
USGOVT,2020-05-01,2025-12-16,21393.0,-516.0
USGOVT,2020-05-01,2026-01-09,21393.0,-516.0
USGOVT,2020-05-01,2026-02-11,21393.0,-516.0
USGOVT,2020-05-01,2026-03-06,21393.0,-516.0
USGOVT,2020-05-01,2026-04-03,21393.0,-516.0
USGOVT,2020-05-01,2026-05-08,21393.0,-516.0
USGOVT,2020-05-01,2026-06-05,21393.0,-516.0
USGOVT,2020-05-01,2026-07-02,21393.0,-516.0
USGOVT,2020-06-01,2020-07-02,21276.0,33.0
USGOVT,2020-06-01,2020-08-07,21319.0,54.0
USGOVT,2020-06-01,2020-09-04,21317.0,52.0
USGOVT,2020-06-01,2020-10-02,21317.0,52.0
USGOVT,2020-06-01,2020-11-06,21317.0,52.0
USGOVT,2020-06-01,2020-12-04,21317.0,52.0
USGOVT,2020-06-01,2021-01-08,21317.0,52.0
USGOVT,2020-06-01,2021-02-05,21353.0,39.0
USGOVT,2020-06-01,2021-03-05,21353.0,39.0
USGOVT,2020-06-01,2021-04-02,21353.0,39.0
USGOVT,2020-06-01,2021-05-07,21353.0,39.0
USGOVT,2020-06-01,2021-06-04,21353.0,39.0
USGOVT,2020-06-01,2021-07-02,21353.0,39.0
USGOVT,2020-06-01,2021-08-06,21353.0,39.0
USGOVT,2020-06-01,2021-09-03,21353.0,39.0
USGOVT,2020-06-01,2021-10-08,21353.0,39.0
USGOVT,2020-06-01,2021-11-05,21353.0,39.0
USGOVT,2020-06-01,2021-12-03,21353.0,39.0
USGOVT,2020-06-01,2022-01-07,21353.0,39.0
USGOVT,2020-06-01,2022-02-04,21416.0,-5.0
USGOVT,2020-06-01,2022-03-04,21416.0,-5.0
USGOVT,2020-06-01,2022-04-01,21416.0,-5.0
USGOVT,2020-06-01,2022-05-06,21416.0,-5.0
USGOVT,2020-06-01,2022-06-03,21416.0,-5.0
USGOVT,2020-06-01,2022-07-08,21416.0,-5.0
USGOVT,2020-06-01,2022-08-05,21416.0,-5.0
USGOVT,2020-06-01,2022-09-02,21416.0,-5.0
USGOVT,2020-06-01,2022-10-07,21416.0,-5.0
USGOVT,2020-06-01,2022-11-04,21416.0,-5.0
USGOVT,2020-06-01,2022-12-02,21416.0,-5.0
USGOVT,2020-06-01,2023-01-06,21416.0,-5.0
USGOVT,2020-06-01,2023-02-03,21407.0,11.0
USGOVT,2020-06-01,2023-03-10,21407.0,11.0
USGOVT,2020-06-01,2023-04-07,21407.0,11.0
USGOVT,2020-06-01,2023-05-05,21407.0,11.0
USGOVT,2020-06-01,2023-06-02,21407.0,11.0
USGOVT,2020-06-01,2023-07-07,21407.0,11.0
USGOVT,2020-06-01,2023-08-04,21407.0,11.0
USGOVT,2020-06-01,2023-09-01,21407.0,11.0
USGOVT,2020-06-01,2023-10-06,21407.0,11.0
USGOVT,2020-06-01,2023-11-03,21407.0,11.0
USGOVT,2020-06-01,2023-12-08,21407.0,11.0
USGOVT,2020-06-01,2024-01-05,21407.0,11.0
USGOVT,2020-06-01,2024-02-02,21428.0,33.0
USGOVT,2020-06-01,2024-03-08,21428.0,33.0
USGOVT,2020-06-01,2024-04-05,21428.0,33.0
USGOVT,2020-06-01,2024-05-03,21428.0,33.0
USGOVT,2020-06-01,2024-06-07,21428.0,33.0
USGOVT,2020-06-01,2024-07-05,21428.0,33.0
USGOVT,2020-06-01,2024-08-02,21428.0,33.0
USGOVT,2020-06-01,2024-09-06,21428.0,33.0
USGOVT,2020-06-01,2024-10-04,21428.0,33.0
USGOVT,2020-06-01,2024-11-01,21428.0,33.0
USGOVT,2020-06-01,2024-12-06,21428.0,33.0
USGOVT,2020-06-01,2025-01-10,21428.0,33.0
USGOVT,2020-06-01,2025-02-07,21412.0,19.0
USGOVT,2020-06-01,2025-03-07,21412.0,19.0
USGOVT,2020-06-01,2025-04-04,21412.0,19.0
USGOVT,2020-06-01,2025-05-02,21412.0,19.0
USGOVT,2020-06-01,2025-06-06,21412.0,19.0
USGOVT,2020-06-01,2025-07-03,21412.0,19.0
USGOVT,2020-06-01,2025-08-01,21412.0,19.0
USGOVT,2020-06-01,2025-09-05,21412.0,19.0
USGOVT,2020-06-01,2025-11-20,21412.0,19.0
USGOVT,2020-06-01,2025-12-16,21412.0,19.0
USGOVT,2020-06-01,2026-01-09,21412.0,19.0
USGOVT,2020-06-01,2026-02-11,21412.0,19.0
USGOVT,2020-06-01,2026-03-06,21412.0,19.0
USGOVT,2020-06-01,2026-04-03,21412.0,19.0
USGOVT,2020-06-01,2026-05-08,21412.0,19.0
USGOVT,2020-06-01,2026-06-05,21412.0,19.0
USGOVT,2020-06-01,2026-07-02,21412.0,19.0
USGOVT,2020-07-01,2020-08-07,21620.0,301.0
USGOVT,2020-07-01,2020-09-04,21570.0,253.0
USGOVT,2020-07-01,2020-10-02,21552.0,235.0
USGOVT,2020-07-01,2020-11-06,21552.0,235.0
USGOVT,2020-07-01,2020-12-04,21552.0,235.0
USGOVT,2020-07-01,2021-01-08,21552.0,235.0
USGOVT,2020-07-01,2021-02-05,21556.0,203.0
USGOVT,2020-07-01,2021-03-05,21556.0,203.0
USGOVT,2020-07-01,2021-04-02,21556.0,203.0
USGOVT,2020-07-01,2021-05-07,21556.0,203.0
USGOVT,2020-07-01,2021-06-04,21556.0,203.0
USGOVT,2020-07-01,2021-07-02,21556.0,203.0
USGOVT,2020-07-01,2021-08-06,21556.0,203.0
USGOVT,2020-07-01,2021-09-03,21556.0,203.0
USGOVT,2020-07-01,2021-10-08,21556.0,203.0
USGOVT,2020-07-01,2021-11-05,21556.0,203.0
USGOVT,2020-07-01,2021-12-03,21556.0,203.0
USGOVT,2020-07-01,2022-01-07,21556.0,203.0
USGOVT,2020-07-01,2022-02-04,21511.0,95.0
USGOVT,2020-07-01,2022-03-04,21511.0,95.0
USGOVT,2020-07-01,2022-04-01,21511.0,95.0
USGOVT,2020-07-01,2022-05-06,21511.0,95.0
USGOVT,2020-07-01,2022-06-03,21511.0,95.0
USGOVT,2020-07-01,2022-07-08,21511.0,95.0
USGOVT,2020-07-01,2022-08-05,21511.0,95.0
USGOVT,2020-07-01,2022-09-02,21511.0,95.0
USGOVT,2020-07-01,2022-10-07,21511.0,95.0
USGOVT,2020-07-01,2022-11-04,21511.0,95.0
USGOVT,2020-07-01,2022-12-02,21511.0,95.0
USGOVT,2020-07-01,2023-01-06,21511.0,95.0
USGOVT,2020-07-01,2023-02-03,21509.0,102.0
USGOVT,2020-07-01,2023-03-10,21509.0,102.0
USGOVT,2020-07-01,2023-04-07,21509.0,102.0
USGOVT,2020-07-01,2023-05-05,21509.0,102.0
USGOVT,2020-07-01,2023-06-02,21509.0,102.0
USGOVT,2020-07-01,2023-07-07,21509.0,102.0
USGOVT,2020-07-01,2023-08-04,21509.0,102.0
USGOVT,2020-07-01,2023-09-01,21509.0,102.0
USGOVT,2020-07-01,2023-10-06,21509.0,102.0
USGOVT,2020-07-01,2023-11-03,21509.0,102.0
USGOVT,2020-07-01,2023-12-08,21509.0,102.0
USGOVT,2020-07-01,2024-01-05,21509.0,102.0
USGOVT,2020-07-01,2024-02-02,21537.0,109.0
USGOVT,2020-07-01,2024-03-08,21537.0,109.0
USGOVT,2020-07-01,2024-04-05,21537.0,109.0
USGOVT,2020-07-01,2024-05-03,21537.0,109.0
USGOVT,2020-07-01,2024-06-07,21537.0,109.0
USGOVT,2020-07-01,2024-07-05,21537.0,109.0
USGOVT,2020-07-01,2024-08-02,21537.0,109.0
USGOVT,2020-07-01,2024-09-06,21537.0,109.0
USGOVT,2020-07-01,2024-10-04,21537.0,109.0
USGOVT,2020-07-01,2024-11-01,21537.0,109.0
USGOVT,2020-07-01,2024-12-06,21537.0,109.0
USGOVT,2020-07-01,2025-01-10,21537.0,109.0
USGOVT,2020-07-01,2025-02-07,21514.0,102.0
USGOVT,2020-07-01,2025-03-07,21514.0,102.0
USGOVT,2020-07-01,2025-04-04,21514.0,102.0
USGOVT,2020-07-01,2025-05-02,21514.0,102.0
USGOVT,2020-07-01,2025-06-06,21514.0,102.0
USGOVT,2020-07-01,2025-07-03,21514.0,102.0
USGOVT,2020-07-01,2025-08-01,21514.0,102.0
USGOVT,2020-07-01,2025-09-05,21514.0,102.0
USGOVT,2020-07-01,2025-11-20,21514.0,102.0
USGOVT,2020-07-01,2025-12-16,21514.0,102.0
USGOVT,2020-07-01,2026-01-09,21514.0,102.0
USGOVT,2020-07-01,2026-02-11,21514.0,102.0
USGOVT,2020-07-01,2026-03-06,21514.0,102.0
USGOVT,2020-07-01,2026-04-03,21514.0,102.0
USGOVT,2020-07-01,2026-05-08,21514.0,102.0
USGOVT,2020-07-01,2026-06-05,21514.0,102.0
USGOVT,2020-07-01,2026-07-02,21514.0,102.0
USGOVT,2020-08-01,2020-09-04,21914.0,344.0
USGOVT,2020-08-01,2020-10-02,22019.0,467.0
USGOVT,2020-08-01,2020-11-06,22017.0,465.0
USGOVT,2020-08-01,2020-12-04,22017.0,465.0
USGOVT,2020-08-01,2021-01-08,22017.0,465.0
USGOVT,2020-08-01,2021-02-05,22073.0,517.0
USGOVT,2020-08-01,2021-03-05,22073.0,517.0
USGOVT,2020-08-01,2021-04-02,22073.0,517.0
USGOVT,2020-08-01,2021-05-07,22073.0,517.0
USGOVT,2020-08-01,2021-06-04,22073.0,517.0
USGOVT,2020-08-01,2021-07-02,22073.0,517.0
USGOVT,2020-08-01,2021-08-06,22073.0,517.0
USGOVT,2020-08-01,2021-09-03,22073.0,517.0
USGOVT,2020-08-01,2021-10-08,22073.0,517.0
USGOVT,2020-08-01,2021-11-05,22073.0,517.0
USGOVT,2020-08-01,2021-12-03,22073.0,517.0
USGOVT,2020-08-01,2022-01-07,22073.0,517.0
USGOVT,2020-08-01,2022-02-04,21963.0,452.0
USGOVT,2020-08-01,2022-03-04,21963.0,452.0
USGOVT,2020-08-01,2022-04-01,21963.0,452.0
USGOVT,2020-08-01,2022-05-06,21963.0,452.0
USGOVT,2020-08-01,2022-06-03,21963.0,452.0
USGOVT,2020-08-01,2022-07-08,21963.0,452.0
USGOVT,2020-08-01,2022-08-05,21963.0,452.0
USGOVT,2020-08-01,2022-09-02,21963.0,452.0
USGOVT,2020-08-01,2022-10-07,21963.0,452.0
USGOVT,2020-08-01,2022-11-04,21963.0,452.0
USGOVT,2020-08-01,2022-12-02,21963.0,452.0
USGOVT,2020-08-01,2023-01-06,21963.0,452.0
USGOVT,2020-08-01,2023-02-03,22011.0,502.0
USGOVT,2020-08-01,2023-03-10,22011.0,502.0
USGOVT,2020-08-01,2023-04-07,22011.0,502.0
USGOVT,2020-08-01,2023-05-05,22011.0,502.0
USGOVT,2020-08-01,2023-06-02,22011.0,502.0
USGOVT,2020-08-01,2023-07-07,22011.0,502.0
USGOVT,2020-08-01,2023-08-04,22011.0,502.0
USGOVT,2020-08-01,2023-09-01,22011.0,502.0
USGOVT,2020-08-01,2023-10-06,22011.0,502.0
USGOVT,2020-08-01,2023-11-03,22011.0,502.0
USGOVT,2020-08-01,2023-12-08,22011.0,502.0
USGOVT,2020-08-01,2024-01-05,22011.0,502.0
USGOVT,2020-08-01,2024-02-02,21987.0,450.0
USGOVT,2020-08-01,2024-03-08,21987.0,450.0
USGOVT,2020-08-01,2024-04-05,21987.0,450.0
USGOVT,2020-08-01,2024-05-03,21987.0,450.0
USGOVT,2020-08-01,2024-06-07,21987.0,450.0
USGOVT,2020-08-01,2024-07-05,21987.0,450.0
USGOVT,2020-08-01,2024-08-02,21987.0,450.0
USGOVT,2020-08-01,2024-09-06,21987.0,450.0
USGOVT,2020-08-01,2024-10-04,21987.0,450.0
USGOVT,2020-08-01,2024-11-01,21987.0,450.0
USGOVT,2020-08-01,2024-12-06,21987.0,450.0
USGOVT,2020-08-01,2025-01-10,21987.0,450.0
USGOVT,2020-08-01,2025-02-07,22000.0,486.0
USGOVT,2020-08-01,2025-03-07,22000.0,486.0
USGOVT,2020-08-01,2025-04-04,22000.0,486.0
USGOVT,2020-08-01,2025-05-02,22000.0,486.0
USGOVT,2020-08-01,2025-06-06,22000.0,486.0
USGOVT,2020-08-01,2025-07-03,22000.0,486.0
USGOVT,2020-08-01,2025-08-01,22000.0,486.0
USGOVT,2020-08-01,2025-09-05,22000.0,486.0
USGOVT,2020-08-01,2025-11-20,22000.0,486.0
USGOVT,2020-08-01,2025-12-16,22000.0,486.0
USGOVT,2020-08-01,2026-01-09,22000.0,486.0
USGOVT,2020-08-01,2026-02-11,22000.0,486.0
USGOVT,2020-08-01,2026-03-06,22000.0,486.0
USGOVT,2020-08-01,2026-04-03,22000.0,486.0
USGOVT,2020-08-01,2026-05-08,22000.0,486.0
USGOVT,2020-08-01,2026-06-05,22000.0,486.0
USGOVT,2020-08-01,2026-07-02,22000.0,486.0
USGOVT,2020-09-01,2020-10-02,21803.0,-216.0
USGOVT,2020-09-01,2020-11-06,21797.0,-220.0
USGOVT,2020-09-01,2020-12-04,21798.0,-219.0
USGOVT,2020-09-01,2021-01-08,21798.0,-219.0
USGOVT,2020-09-01,2021-02-05,21857.0,-216.0
USGOVT,2020-09-01,2021-03-05,21857.0,-216.0
USGOVT,2020-09-01,2021-04-02,21857.0,-216.0
USGOVT,2020-09-01,2021-05-07,21857.0,-216.0
USGOVT,2020-09-01,2021-06-04,21857.0,-216.0
USGOVT,2020-09-01,2021-07-02,21857.0,-216.0
USGOVT,2020-09-01,2021-08-06,21857.0,-216.0
USGOVT,2020-09-01,2021-09-03,21857.0,-216.0
USGOVT,2020-09-01,2021-10-08,21857.0,-216.0
USGOVT,2020-09-01,2021-11-05,21857.0,-216.0
USGOVT,2020-09-01,2021-12-03,21857.0,-216.0
USGOVT,2020-09-01,2022-01-07,21857.0,-216.0
USGOVT,2020-09-01,2022-02-04,21923.0,-40.0
USGOVT,2020-09-01,2022-03-04,21923.0,-40.0
USGOVT,2020-09-01,2022-04-01,21923.0,-40.0
USGOVT,2020-09-01,2022-05-06,21923.0,-40.0
USGOVT,2020-09-01,2022-06-03,21923.0,-40.0
USGOVT,2020-09-01,2022-07-08,21923.0,-40.0
USGOVT,2020-09-01,2022-08-05,21923.0,-40.0
USGOVT,2020-09-01,2022-09-02,21923.0,-40.0
USGOVT,2020-09-01,2022-10-07,21923.0,-40.0
USGOVT,2020-09-01,2022-11-04,21923.0,-40.0
USGOVT,2020-09-01,2022-12-02,21923.0,-40.0
USGOVT,2020-09-01,2023-01-06,21923.0,-40.0
USGOVT,2020-09-01,2023-02-03,21919.0,-92.0
USGOVT,2020-09-01,2023-03-10,21919.0,-92.0
USGOVT,2020-09-01,2023-04-07,21919.0,-92.0
USGOVT,2020-09-01,2023-05-05,21919.0,-92.0
USGOVT,2020-09-01,2023-06-02,21919.0,-92.0
USGOVT,2020-09-01,2023-07-07,21919.0,-92.0
USGOVT,2020-09-01,2023-08-04,21919.0,-92.0
USGOVT,2020-09-01,2023-09-01,21919.0,-92.0
USGOVT,2020-09-01,2023-10-06,21919.0,-92.0
USGOVT,2020-09-01,2023-11-03,21919.0,-92.0
USGOVT,2020-09-01,2023-12-08,21919.0,-92.0
USGOVT,2020-09-01,2024-01-05,21919.0,-92.0
USGOVT,2020-09-01,2024-02-02,21935.0,-52.0
USGOVT,2020-09-01,2024-03-08,21935.0,-52.0
USGOVT,2020-09-01,2024-04-05,21935.0,-52.0
USGOVT,2020-09-01,2024-05-03,21935.0,-52.0
USGOVT,2020-09-01,2024-06-07,21935.0,-52.0
USGOVT,2020-09-01,2024-07-05,21935.0,-52.0
USGOVT,2020-09-01,2024-08-02,21935.0,-52.0
USGOVT,2020-09-01,2024-09-06,21935.0,-52.0
USGOVT,2020-09-01,2024-10-04,21935.0,-52.0
USGOVT,2020-09-01,2024-11-01,21935.0,-52.0
USGOVT,2020-09-01,2024-12-06,21935.0,-52.0
USGOVT,2020-09-01,2025-01-10,21935.0,-52.0
USGOVT,2020-09-01,2025-02-07,21929.0,-71.0
USGOVT,2020-09-01,2025-03-07,21929.0,-71.0
USGOVT,2020-09-01,2025-04-04,21929.0,-71.0
USGOVT,2020-09-01,2025-05-02,21929.0,-71.0
USGOVT,2020-09-01,2025-06-06,21929.0,-71.0
USGOVT,2020-09-01,2025-07-03,21929.0,-71.0
USGOVT,2020-09-01,2025-08-01,21929.0,-71.0
USGOVT,2020-09-01,2025-09-05,21929.0,-71.0
USGOVT,2020-09-01,2025-11-20,21929.0,-71.0
USGOVT,2020-09-01,2025-12-16,21929.0,-71.0
USGOVT,2020-09-01,2026-01-09,21929.0,-71.0
USGOVT,2020-09-01,2026-02-11,21929.0,-71.0
USGOVT,2020-09-01,2026-03-06,21929.0,-71.0
USGOVT,2020-09-01,2026-04-03,21929.0,-71.0
USGOVT,2020-09-01,2026-05-08,21929.0,-71.0
USGOVT,2020-09-01,2026-06-05,21929.0,-71.0
USGOVT,2020-09-01,2026-07-02,21929.0,-71.0
USGOVT,2020-10-01,2020-11-06,21529.0,-268.0
USGOVT,2020-10-01,2020-12-04,21531.0,-267.0
USGOVT,2020-10-01,2021-01-08,21527.0,-271.0
USGOVT,2020-10-01,2021-02-05,21583.0,-274.0
USGOVT,2020-10-01,2021-03-05,21583.0,-274.0
USGOVT,2020-10-01,2021-04-02,21583.0,-274.0
USGOVT,2020-10-01,2021-05-07,21583.0,-274.0
USGOVT,2020-10-01,2021-06-04,21583.0,-274.0
USGOVT,2020-10-01,2021-07-02,21583.0,-274.0
USGOVT,2020-10-01,2021-08-06,21583.0,-274.0
USGOVT,2020-10-01,2021-09-03,21583.0,-274.0
USGOVT,2020-10-01,2021-10-08,21583.0,-274.0
USGOVT,2020-10-01,2021-11-05,21583.0,-274.0
USGOVT,2020-10-01,2021-12-03,21583.0,-274.0
USGOVT,2020-10-01,2022-01-07,21583.0,-274.0
USGOVT,2020-10-01,2022-02-04,21771.0,-152.0
USGOVT,2020-10-01,2022-03-04,21771.0,-152.0
USGOVT,2020-10-01,2022-04-01,21771.0,-152.0
USGOVT,2020-10-01,2022-05-06,21771.0,-152.0
USGOVT,2020-10-01,2022-06-03,21771.0,-152.0
USGOVT,2020-10-01,2022-07-08,21771.0,-152.0
USGOVT,2020-10-01,2022-08-05,21771.0,-152.0
USGOVT,2020-10-01,2022-09-02,21771.0,-152.0
USGOVT,2020-10-01,2022-10-07,21771.0,-152.0
USGOVT,2020-10-01,2022-11-04,21771.0,-152.0
USGOVT,2020-10-01,2022-12-02,21771.0,-152.0
USGOVT,2020-10-01,2023-01-06,21771.0,-152.0
USGOVT,2020-10-01,2023-02-03,21767.0,-152.0
USGOVT,2020-10-01,2023-03-10,21767.0,-152.0
USGOVT,2020-10-01,2023-04-07,21767.0,-152.0
USGOVT,2020-10-01,2023-05-05,21767.0,-152.0
USGOVT,2020-10-01,2023-06-02,21767.0,-152.0
USGOVT,2020-10-01,2023-07-07,21767.0,-152.0
USGOVT,2020-10-01,2023-08-04,21767.0,-152.0
USGOVT,2020-10-01,2023-09-01,21767.0,-152.0
USGOVT,2020-10-01,2023-10-06,21767.0,-152.0
USGOVT,2020-10-01,2023-11-03,21767.0,-152.0
USGOVT,2020-10-01,2023-12-08,21767.0,-152.0
USGOVT,2020-10-01,2024-01-05,21767.0,-152.0
USGOVT,2020-10-01,2024-02-02,21764.0,-171.0
USGOVT,2020-10-01,2024-03-08,21764.0,-171.0
USGOVT,2020-10-01,2024-04-05,21764.0,-171.0
USGOVT,2020-10-01,2024-05-03,21764.0,-171.0
USGOVT,2020-10-01,2024-06-07,21764.0,-171.0
USGOVT,2020-10-01,2024-07-05,21764.0,-171.0
USGOVT,2020-10-01,2024-08-02,21764.0,-171.0
USGOVT,2020-10-01,2024-09-06,21764.0,-171.0
USGOVT,2020-10-01,2024-10-04,21764.0,-171.0
USGOVT,2020-10-01,2024-11-01,21764.0,-171.0
USGOVT,2020-10-01,2024-12-06,21764.0,-171.0
USGOVT,2020-10-01,2025-01-10,21764.0,-171.0
USGOVT,2020-10-01,2025-02-07,21805.0,-124.0
USGOVT,2020-10-01,2025-03-07,21805.0,-124.0
USGOVT,2020-10-01,2025-04-04,21805.0,-124.0
USGOVT,2020-10-01,2025-05-02,21805.0,-124.0
USGOVT,2020-10-01,2025-06-06,21805.0,-124.0
USGOVT,2020-10-01,2025-07-03,21805.0,-124.0
USGOVT,2020-10-01,2025-08-01,21805.0,-124.0
USGOVT,2020-10-01,2025-09-05,21805.0,-124.0
USGOVT,2020-10-01,2025-11-20,21805.0,-124.0
USGOVT,2020-10-01,2025-12-16,21805.0,-124.0
USGOVT,2020-10-01,2026-01-09,21805.0,-124.0
USGOVT,2020-10-01,2026-02-11,21805.0,-124.0
USGOVT,2020-10-01,2026-03-06,21805.0,-124.0
USGOVT,2020-10-01,2026-04-03,21805.0,-124.0
USGOVT,2020-10-01,2026-05-08,21805.0,-124.0
USGOVT,2020-10-01,2026-06-05,21805.0,-124.0
USGOVT,2020-10-01,2026-07-02,21805.0,-124.0
USGOVT,2020-11-01,2020-12-04,21432.0,-99.0
USGOVT,2020-11-01,2021-01-08,21446.0,-81.0
USGOVT,2020-11-01,2021-02-05,21488.0,-95.0
USGOVT,2020-11-01,2021-03-05,21488.0,-95.0
USGOVT,2020-11-01,2021-04-02,21488.0,-95.0
USGOVT,2020-11-01,2021-05-07,21488.0,-95.0
USGOVT,2020-11-01,2021-06-04,21488.0,-95.0
USGOVT,2020-11-01,2021-07-02,21488.0,-95.0
USGOVT,2020-11-01,2021-08-06,21488.0,-95.0
USGOVT,2020-11-01,2021-09-03,21488.0,-95.0
USGOVT,2020-11-01,2021-10-08,21488.0,-95.0
USGOVT,2020-11-01,2021-11-05,21488.0,-95.0
USGOVT,2020-11-01,2021-12-03,21488.0,-95.0
USGOVT,2020-11-01,2022-01-07,21488.0,-95.0
USGOVT,2020-11-01,2022-02-04,21698.0,-73.0
USGOVT,2020-11-01,2022-03-04,21698.0,-73.0
USGOVT,2020-11-01,2022-04-01,21698.0,-73.0
USGOVT,2020-11-01,2022-05-06,21698.0,-73.0
USGOVT,2020-11-01,2022-06-03,21698.0,-73.0
USGOVT,2020-11-01,2022-07-08,21698.0,-73.0
USGOVT,2020-11-01,2022-08-05,21698.0,-73.0
USGOVT,2020-11-01,2022-09-02,21698.0,-73.0
USGOVT,2020-11-01,2022-10-07,21698.0,-73.0
USGOVT,2020-11-01,2022-11-04,21698.0,-73.0
USGOVT,2020-11-01,2022-12-02,21698.0,-73.0
USGOVT,2020-11-01,2023-01-06,21698.0,-73.0
USGOVT,2020-11-01,2023-02-03,21681.0,-86.0
USGOVT,2020-11-01,2023-03-10,21681.0,-86.0
USGOVT,2020-11-01,2023-04-07,21681.0,-86.0
USGOVT,2020-11-01,2023-05-05,21681.0,-86.0
USGOVT,2020-11-01,2023-06-02,21681.0,-86.0
USGOVT,2020-11-01,2023-07-07,21681.0,-86.0
USGOVT,2020-11-01,2023-08-04,21681.0,-86.0
USGOVT,2020-11-01,2023-09-01,21681.0,-86.0
USGOVT,2020-11-01,2023-10-06,21681.0,-86.0
USGOVT,2020-11-01,2023-11-03,21681.0,-86.0
USGOVT,2020-11-01,2023-12-08,21681.0,-86.0
USGOVT,2020-11-01,2024-01-05,21681.0,-86.0
USGOVT,2020-11-01,2024-02-02,21683.0,-81.0
USGOVT,2020-11-01,2024-03-08,21683.0,-81.0
USGOVT,2020-11-01,2024-04-05,21683.0,-81.0
USGOVT,2020-11-01,2024-05-03,21683.0,-81.0
USGOVT,2020-11-01,2024-06-07,21683.0,-81.0
USGOVT,2020-11-01,2024-07-05,21683.0,-81.0
USGOVT,2020-11-01,2024-08-02,21683.0,-81.0
USGOVT,2020-11-01,2024-09-06,21683.0,-81.0
USGOVT,2020-11-01,2024-10-04,21683.0,-81.0
USGOVT,2020-11-01,2024-11-01,21683.0,-81.0
USGOVT,2020-11-01,2024-12-06,21683.0,-81.0
USGOVT,2020-11-01,2025-01-10,21683.0,-81.0
USGOVT,2020-11-01,2025-02-07,21683.0,-122.0
USGOVT,2020-11-01,2025-03-07,21683.0,-122.0
USGOVT,2020-11-01,2025-04-04,21683.0,-122.0
USGOVT,2020-11-01,2025-05-02,21683.0,-122.0
USGOVT,2020-11-01,2025-06-06,21683.0,-122.0
USGOVT,2020-11-01,2025-07-03,21683.0,-122.0
USGOVT,2020-11-01,2025-08-01,21683.0,-122.0
USGOVT,2020-11-01,2025-09-05,21683.0,-122.0
USGOVT,2020-11-01,2025-11-20,21683.0,-122.0
USGOVT,2020-11-01,2025-12-16,21683.0,-122.0
USGOVT,2020-11-01,2026-01-09,21683.0,-122.0
USGOVT,2020-11-01,2026-02-11,21683.0,-122.0
USGOVT,2020-11-01,2026-03-06,21683.0,-122.0
USGOVT,2020-11-01,2026-04-03,21683.0,-122.0
USGOVT,2020-11-01,2026-05-08,21683.0,-122.0
USGOVT,2020-11-01,2026-06-05,21683.0,-122.0
USGOVT,2020-11-01,2026-07-02,21683.0,-122.0
USGOVT,2020-12-01,2021-01-08,21401.0,-45.0
USGOVT,2020-12-01,2021-02-05,21465.0,-23.0
USGOVT,2020-12-01,2021-03-05,21456.0,-32.0
USGOVT,2020-12-01,2021-04-02,21456.0,-32.0
USGOVT,2020-12-01,2021-05-07,21456.0,-32.0
USGOVT,2020-12-01,2021-06-04,21456.0,-32.0
USGOVT,2020-12-01,2021-07-02,21456.0,-32.0
USGOVT,2020-12-01,2021-08-06,21456.0,-32.0
USGOVT,2020-12-01,2021-09-03,21456.0,-32.0
USGOVT,2020-12-01,2021-10-08,21456.0,-32.0
USGOVT,2020-12-01,2021-11-05,21456.0,-32.0
USGOVT,2020-12-01,2021-12-03,21456.0,-32.0
USGOVT,2020-12-01,2022-01-07,21456.0,-32.0
USGOVT,2020-12-01,2022-02-04,21691.0,-7.0
USGOVT,2020-12-01,2022-03-04,21691.0,-7.0
USGOVT,2020-12-01,2022-04-01,21691.0,-7.0
USGOVT,2020-12-01,2022-05-06,21691.0,-7.0
USGOVT,2020-12-01,2022-06-03,21691.0,-7.0
USGOVT,2020-12-01,2022-07-08,21691.0,-7.0
USGOVT,2020-12-01,2022-08-05,21691.0,-7.0
USGOVT,2020-12-01,2022-09-02,21691.0,-7.0
USGOVT,2020-12-01,2022-10-07,21691.0,-7.0
USGOVT,2020-12-01,2022-11-04,21691.0,-7.0
USGOVT,2020-12-01,2022-12-02,21691.0,-7.0
USGOVT,2020-12-01,2023-01-06,21691.0,-7.0
USGOVT,2020-12-01,2023-02-03,21671.0,-10.0
USGOVT,2020-12-01,2023-03-10,21671.0,-10.0
USGOVT,2020-12-01,2023-04-07,21671.0,-10.0
USGOVT,2020-12-01,2023-05-05,21671.0,-10.0
USGOVT,2020-12-01,2023-06-02,21671.0,-10.0
USGOVT,2020-12-01,2023-07-07,21671.0,-10.0
USGOVT,2020-12-01,2023-08-04,21671.0,-10.0
USGOVT,2020-12-01,2023-09-01,21671.0,-10.0
USGOVT,2020-12-01,2023-10-06,21671.0,-10.0
USGOVT,2020-12-01,2023-11-03,21671.0,-10.0
USGOVT,2020-12-01,2023-12-08,21671.0,-10.0
USGOVT,2020-12-01,2024-01-05,21671.0,-10.0
USGOVT,2020-12-01,2024-02-02,21676.0,-7.0
USGOVT,2020-12-01,2024-03-08,21676.0,-7.0
USGOVT,2020-12-01,2024-04-05,21676.0,-7.0
USGOVT,2020-12-01,2024-05-03,21676.0,-7.0
USGOVT,2020-12-01,2024-06-07,21676.0,-7.0
USGOVT,2020-12-01,2024-07-05,21676.0,-7.0
USGOVT,2020-12-01,2024-08-02,21676.0,-7.0
USGOVT,2020-12-01,2024-09-06,21676.0,-7.0
USGOVT,2020-12-01,2024-10-04,21676.0,-7.0
USGOVT,2020-12-01,2024-11-01,21676.0,-7.0
USGOVT,2020-12-01,2024-12-06,21676.0,-7.0
USGOVT,2020-12-01,2025-01-10,21676.0,-7.0
USGOVT,2020-12-01,2025-02-07,21678.0,-5.0
USGOVT,2020-12-01,2025-03-07,21678.0,-5.0
USGOVT,2020-12-01,2025-04-04,21678.0,-5.0
USGOVT,2020-12-01,2025-05-02,21678.0,-5.0
USGOVT,2020-12-01,2025-06-06,21678.0,-5.0
USGOVT,2020-12-01,2025-07-03,21678.0,-5.0
USGOVT,2020-12-01,2025-08-01,21678.0,-5.0
USGOVT,2020-12-01,2025-09-05,21678.0,-5.0
USGOVT,2020-12-01,2025-11-20,21678.0,-5.0
USGOVT,2020-12-01,2025-12-16,21678.0,-5.0
USGOVT,2020-12-01,2026-01-09,21678.0,-5.0
USGOVT,2020-12-01,2026-02-11,21678.0,-5.0
USGOVT,2020-12-01,2026-03-06,21678.0,-5.0
USGOVT,2020-12-01,2026-04-03,21678.0,-5.0
USGOVT,2020-12-01,2026-05-08,21678.0,-5.0
USGOVT,2020-12-01,2026-06-05,21678.0,-5.0
USGOVT,2020-12-01,2026-07-02,21678.0,-5.0
USGOVT,2021-01-01,2021-02-05,21508.0,43.0
USGOVT,2021-01-01,2021-03-05,21532.0,76.0
USGOVT,2021-01-01,2021-04-02,21567.0,111.0
USGOVT,2021-01-01,2021-05-07,21567.0,111.0
USGOVT,2021-01-01,2021-06-04,21567.0,111.0
USGOVT,2021-01-01,2021-07-02,21567.0,111.0
USGOVT,2021-01-01,2021-08-06,21567.0,111.0
USGOVT,2021-01-01,2021-09-03,21567.0,111.0
USGOVT,2021-01-01,2021-10-08,21567.0,111.0
USGOVT,2021-01-01,2021-11-05,21567.0,111.0
USGOVT,2021-01-01,2021-12-03,21567.0,111.0
USGOVT,2021-01-01,2022-01-07,21567.0,111.0
USGOVT,2021-01-01,2022-02-04,21788.0,97.0
USGOVT,2021-01-01,2022-03-04,21788.0,97.0
USGOVT,2021-01-01,2022-04-01,21788.0,97.0
USGOVT,2021-01-01,2022-05-06,21788.0,97.0
USGOVT,2021-01-01,2022-06-03,21788.0,97.0
USGOVT,2021-01-01,2022-07-08,21788.0,97.0
USGOVT,2021-01-01,2022-08-05,21788.0,97.0
USGOVT,2021-01-01,2022-09-02,21788.0,97.0
USGOVT,2021-01-01,2022-10-07,21788.0,97.0
USGOVT,2021-01-01,2022-11-04,21788.0,97.0
USGOVT,2021-01-01,2022-12-02,21788.0,97.0
USGOVT,2021-01-01,2023-01-06,21788.0,97.0
USGOVT,2021-01-01,2023-02-03,21781.0,110.0
USGOVT,2021-01-01,2023-03-10,21781.0,110.0
USGOVT,2021-01-01,2023-04-07,21781.0,110.0
USGOVT,2021-01-01,2023-05-05,21781.0,110.0
USGOVT,2021-01-01,2023-06-02,21781.0,110.0
USGOVT,2021-01-01,2023-07-07,21781.0,110.0
USGOVT,2021-01-01,2023-08-04,21781.0,110.0
USGOVT,2021-01-01,2023-09-01,21781.0,110.0
USGOVT,2021-01-01,2023-10-06,21781.0,110.0
USGOVT,2021-01-01,2023-11-03,21781.0,110.0
USGOVT,2021-01-01,2023-12-08,21781.0,110.0
USGOVT,2021-01-01,2024-01-05,21781.0,110.0
USGOVT,2021-01-01,2024-02-02,21788.0,112.0
USGOVT,2021-01-01,2024-03-08,21788.0,112.0
USGOVT,2021-01-01,2024-04-05,21788.0,112.0
USGOVT,2021-01-01,2024-05-03,21788.0,112.0
USGOVT,2021-01-01,2024-06-07,21788.0,112.0
USGOVT,2021-01-01,2024-07-05,21788.0,112.0
USGOVT,2021-01-01,2024-08-02,21788.0,112.0
USGOVT,2021-01-01,2024-09-06,21788.0,112.0
USGOVT,2021-01-01,2024-10-04,21788.0,112.0
USGOVT,2021-01-01,2024-11-01,21788.0,112.0
USGOVT,2021-01-01,2024-12-06,21788.0,112.0
USGOVT,2021-01-01,2025-01-10,21788.0,112.0
USGOVT,2021-01-01,2025-02-07,21779.0,101.0
USGOVT,2021-01-01,2025-03-07,21779.0,101.0
USGOVT,2021-01-01,2025-04-04,21779.0,101.0
USGOVT,2021-01-01,2025-05-02,21779.0,101.0
USGOVT,2021-01-01,2025-06-06,21779.0,101.0
USGOVT,2021-01-01,2025-07-03,21779.0,101.0
USGOVT,2021-01-01,2025-08-01,21779.0,101.0
USGOVT,2021-01-01,2025-09-05,21779.0,101.0
USGOVT,2021-01-01,2025-11-20,21779.0,101.0
USGOVT,2021-01-01,2025-12-16,21779.0,101.0
USGOVT,2021-01-01,2026-01-09,21779.0,101.0
USGOVT,2021-01-01,2026-02-11,21741.0,63.0
USGOVT,2021-01-01,2026-03-06,21741.0,63.0
USGOVT,2021-01-01,2026-04-03,21741.0,63.0
USGOVT,2021-01-01,2026-05-08,21741.0,63.0
USGOVT,2021-01-01,2026-06-05,21741.0,63.0
USGOVT,2021-01-01,2026-07-02,21741.0,63.0
USGOVT,2021-02-01,2021-03-05,21446.0,-86.0
USGOVT,2021-02-01,2021-04-02,21477.0,-90.0
USGOVT,2021-02-01,2021-05-07,21481.0,-86.0
USGOVT,2021-02-01,2021-06-04,21481.0,-86.0
USGOVT,2021-02-01,2021-07-02,21481.0,-86.0
USGOVT,2021-02-01,2021-08-06,21481.0,-86.0
USGOVT,2021-02-01,2021-09-03,21481.0,-86.0
USGOVT,2021-02-01,2021-10-08,21481.0,-86.0
USGOVT,2021-02-01,2021-11-05,21481.0,-86.0
USGOVT,2021-02-01,2021-12-03,21481.0,-86.0
USGOVT,2021-02-01,2022-01-07,21481.0,-86.0
USGOVT,2021-02-01,2022-02-04,21805.0,17.0
USGOVT,2021-02-01,2022-03-04,21805.0,17.0
USGOVT,2021-02-01,2022-04-01,21805.0,17.0
USGOVT,2021-02-01,2022-05-06,21805.0,17.0
USGOVT,2021-02-01,2022-06-03,21805.0,17.0
USGOVT,2021-02-01,2022-07-08,21805.0,17.0
USGOVT,2021-02-01,2022-08-05,21805.0,17.0
USGOVT,2021-02-01,2022-09-02,21805.0,17.0
USGOVT,2021-02-01,2022-10-07,21805.0,17.0
USGOVT,2021-02-01,2022-11-04,21805.0,17.0
USGOVT,2021-02-01,2022-12-02,21805.0,17.0
USGOVT,2021-02-01,2023-01-06,21805.0,17.0
USGOVT,2021-02-01,2023-02-03,21793.0,12.0
USGOVT,2021-02-01,2023-03-10,21793.0,12.0
USGOVT,2021-02-01,2023-04-07,21793.0,12.0
USGOVT,2021-02-01,2023-05-05,21793.0,12.0
USGOVT,2021-02-01,2023-06-02,21793.0,12.0
USGOVT,2021-02-01,2023-07-07,21793.0,12.0
USGOVT,2021-02-01,2023-08-04,21793.0,12.0
USGOVT,2021-02-01,2023-09-01,21793.0,12.0
USGOVT,2021-02-01,2023-10-06,21793.0,12.0
USGOVT,2021-02-01,2023-11-03,21793.0,12.0
USGOVT,2021-02-01,2023-12-08,21793.0,12.0
USGOVT,2021-02-01,2024-01-05,21793.0,12.0
USGOVT,2021-02-01,2024-02-02,21777.0,-11.0
USGOVT,2021-02-01,2024-03-08,21777.0,-11.0
USGOVT,2021-02-01,2024-04-05,21777.0,-11.0
USGOVT,2021-02-01,2024-05-03,21777.0,-11.0
USGOVT,2021-02-01,2024-06-07,21777.0,-11.0
USGOVT,2021-02-01,2024-07-05,21777.0,-11.0
USGOVT,2021-02-01,2024-08-02,21777.0,-11.0
USGOVT,2021-02-01,2024-09-06,21777.0,-11.0
USGOVT,2021-02-01,2024-10-04,21777.0,-11.0
USGOVT,2021-02-01,2024-11-01,21777.0,-11.0
USGOVT,2021-02-01,2024-12-06,21777.0,-11.0
USGOVT,2021-02-01,2025-01-10,21777.0,-11.0
USGOVT,2021-02-01,2025-02-07,21764.0,-15.0
USGOVT,2021-02-01,2025-03-07,21764.0,-15.0
USGOVT,2021-02-01,2025-04-04,21764.0,-15.0
USGOVT,2021-02-01,2025-05-02,21764.0,-15.0
USGOVT,2021-02-01,2025-06-06,21764.0,-15.0
USGOVT,2021-02-01,2025-07-03,21764.0,-15.0
USGOVT,2021-02-01,2025-08-01,21764.0,-15.0
USGOVT,2021-02-01,2025-09-05,21764.0,-15.0
USGOVT,2021-02-01,2025-11-20,21764.0,-15.0
USGOVT,2021-02-01,2025-12-16,21764.0,-15.0
USGOVT,2021-02-01,2026-01-09,21764.0,-15.0
USGOVT,2021-02-01,2026-02-11,21754.0,13.0
USGOVT,2021-02-01,2026-03-06,21754.0,13.0
USGOVT,2021-02-01,2026-04-03,21754.0,13.0
USGOVT,2021-02-01,2026-05-08,21754.0,13.0
USGOVT,2021-02-01,2026-06-05,21754.0,13.0
USGOVT,2021-02-01,2026-07-02,21754.0,13.0
USGOVT,2021-03-01,2021-04-02,21613.0,136.0
USGOVT,2021-03-01,2021-05-07,21543.0,62.0
USGOVT,2021-03-01,2021-06-04,21542.0,61.0
USGOVT,2021-03-01,2021-07-02,21542.0,61.0
USGOVT,2021-03-01,2021-08-06,21542.0,61.0
USGOVT,2021-03-01,2021-09-03,21542.0,61.0
USGOVT,2021-03-01,2021-10-08,21542.0,61.0
USGOVT,2021-03-01,2021-11-05,21542.0,61.0
USGOVT,2021-03-01,2021-12-03,21542.0,61.0
USGOVT,2021-03-01,2022-01-07,21542.0,61.0
USGOVT,2021-03-01,2022-02-04,21859.0,54.0
USGOVT,2021-03-01,2022-03-04,21859.0,54.0
USGOVT,2021-03-01,2022-04-01,21859.0,54.0
USGOVT,2021-03-01,2022-05-06,21859.0,54.0
USGOVT,2021-03-01,2022-06-03,21859.0,54.0
USGOVT,2021-03-01,2022-07-08,21859.0,54.0
USGOVT,2021-03-01,2022-08-05,21859.0,54.0
USGOVT,2021-03-01,2022-09-02,21859.0,54.0
USGOVT,2021-03-01,2022-10-07,21859.0,54.0
USGOVT,2021-03-01,2022-11-04,21859.0,54.0
USGOVT,2021-03-01,2022-12-02,21859.0,54.0
USGOVT,2021-03-01,2023-01-06,21859.0,54.0
USGOVT,2021-03-01,2023-02-03,21876.0,83.0
USGOVT,2021-03-01,2023-03-10,21876.0,83.0
USGOVT,2021-03-01,2023-04-07,21876.0,83.0
USGOVT,2021-03-01,2023-05-05,21876.0,83.0
USGOVT,2021-03-01,2023-06-02,21876.0,83.0
USGOVT,2021-03-01,2023-07-07,21876.0,83.0
USGOVT,2021-03-01,2023-08-04,21876.0,83.0
USGOVT,2021-03-01,2023-09-01,21876.0,83.0
USGOVT,2021-03-01,2023-10-06,21876.0,83.0
USGOVT,2021-03-01,2023-11-03,21876.0,83.0
USGOVT,2021-03-01,2023-12-08,21876.0,83.0
USGOVT,2021-03-01,2024-01-05,21876.0,83.0
USGOVT,2021-03-01,2024-02-02,21861.0,84.0
USGOVT,2021-03-01,2024-03-08,21861.0,84.0
USGOVT,2021-03-01,2024-04-05,21861.0,84.0
USGOVT,2021-03-01,2024-05-03,21861.0,84.0
USGOVT,2021-03-01,2024-06-07,21861.0,84.0
USGOVT,2021-03-01,2024-07-05,21861.0,84.0
USGOVT,2021-03-01,2024-08-02,21861.0,84.0
USGOVT,2021-03-01,2024-09-06,21861.0,84.0
USGOVT,2021-03-01,2024-10-04,21861.0,84.0
USGOVT,2021-03-01,2024-11-01,21861.0,84.0
USGOVT,2021-03-01,2024-12-06,21861.0,84.0
USGOVT,2021-03-01,2025-01-10,21861.0,84.0
USGOVT,2021-03-01,2025-02-07,21856.0,92.0
USGOVT,2021-03-01,2025-03-07,21856.0,92.0
USGOVT,2021-03-01,2025-04-04,21856.0,92.0
USGOVT,2021-03-01,2025-05-02,21856.0,92.0
USGOVT,2021-03-01,2025-06-06,21856.0,92.0
USGOVT,2021-03-01,2025-07-03,21856.0,92.0
USGOVT,2021-03-01,2025-08-01,21856.0,92.0
USGOVT,2021-03-01,2025-09-05,21856.0,92.0
USGOVT,2021-03-01,2025-11-20,21856.0,92.0
USGOVT,2021-03-01,2025-12-16,21856.0,92.0
USGOVT,2021-03-01,2026-01-09,21856.0,92.0
USGOVT,2021-03-01,2026-02-11,21844.0,90.0
USGOVT,2021-03-01,2026-03-06,21844.0,90.0
USGOVT,2021-03-01,2026-04-03,21844.0,90.0
USGOVT,2021-03-01,2026-05-08,21844.0,90.0
USGOVT,2021-03-01,2026-06-05,21844.0,90.0
USGOVT,2021-03-01,2026-07-02,21844.0,90.0
USGOVT,2021-04-01,2021-05-07,21591.0,48.0
USGOVT,2021-04-01,2021-06-04,21601.0,59.0
USGOVT,2021-04-01,2021-07-02,21585.0,43.0
USGOVT,2021-04-01,2021-08-06,21585.0,43.0
USGOVT,2021-04-01,2021-09-03,21585.0,43.0
USGOVT,2021-04-01,2021-10-08,21585.0,43.0
USGOVT,2021-04-01,2021-11-05,21585.0,43.0
USGOVT,2021-04-01,2021-12-03,21585.0,43.0
USGOVT,2021-04-01,2022-01-07,21585.0,43.0
USGOVT,2021-04-01,2022-02-04,21910.0,51.0
USGOVT,2021-04-01,2022-03-04,21910.0,51.0
USGOVT,2021-04-01,2022-04-01,21910.0,51.0
USGOVT,2021-04-01,2022-05-06,21910.0,51.0
USGOVT,2021-04-01,2022-06-03,21910.0,51.0
USGOVT,2021-04-01,2022-07-08,21910.0,51.0
USGOVT,2021-04-01,2022-08-05,21910.0,51.0
USGOVT,2021-04-01,2022-09-02,21910.0,51.0
USGOVT,2021-04-01,2022-10-07,21910.0,51.0
USGOVT,2021-04-01,2022-11-04,21910.0,51.0
USGOVT,2021-04-01,2022-12-02,21910.0,51.0
USGOVT,2021-04-01,2023-01-06,21910.0,51.0
USGOVT,2021-04-01,2023-02-03,21929.0,53.0
USGOVT,2021-04-01,2023-03-10,21929.0,53.0
USGOVT,2021-04-01,2023-04-07,21929.0,53.0
USGOVT,2021-04-01,2023-05-05,21929.0,53.0
USGOVT,2021-04-01,2023-06-02,21929.0,53.0
USGOVT,2021-04-01,2023-07-07,21929.0,53.0
USGOVT,2021-04-01,2023-08-04,21929.0,53.0
USGOVT,2021-04-01,2023-09-01,21929.0,53.0
USGOVT,2021-04-01,2023-10-06,21929.0,53.0
USGOVT,2021-04-01,2023-11-03,21929.0,53.0
USGOVT,2021-04-01,2023-12-08,21929.0,53.0
USGOVT,2021-04-01,2024-01-05,21929.0,53.0
USGOVT,2021-04-01,2024-02-02,21913.0,52.0
USGOVT,2021-04-01,2024-03-08,21913.0,52.0
USGOVT,2021-04-01,2024-04-05,21913.0,52.0
USGOVT,2021-04-01,2024-05-03,21913.0,52.0
USGOVT,2021-04-01,2024-06-07,21913.0,52.0
USGOVT,2021-04-01,2024-07-05,21913.0,52.0
USGOVT,2021-04-01,2024-08-02,21913.0,52.0
USGOVT,2021-04-01,2024-09-06,21913.0,52.0
USGOVT,2021-04-01,2024-10-04,21913.0,52.0
USGOVT,2021-04-01,2024-11-01,21913.0,52.0
USGOVT,2021-04-01,2024-12-06,21913.0,52.0
USGOVT,2021-04-01,2025-01-10,21913.0,52.0
USGOVT,2021-04-01,2025-02-07,21909.0,53.0
USGOVT,2021-04-01,2025-03-07,21909.0,53.0
USGOVT,2021-04-01,2025-04-04,21909.0,53.0
USGOVT,2021-04-01,2025-05-02,21909.0,53.0
USGOVT,2021-04-01,2025-06-06,21909.0,53.0
USGOVT,2021-04-01,2025-07-03,21909.0,53.0
USGOVT,2021-04-01,2025-08-01,21909.0,53.0
USGOVT,2021-04-01,2025-09-05,21909.0,53.0
USGOVT,2021-04-01,2025-11-20,21909.0,53.0
USGOVT,2021-04-01,2025-12-16,21909.0,53.0
USGOVT,2021-04-01,2026-01-09,21909.0,53.0
USGOVT,2021-04-01,2026-02-11,21893.0,49.0
USGOVT,2021-04-01,2026-03-06,21893.0,49.0
USGOVT,2021-04-01,2026-04-03,21893.0,49.0
USGOVT,2021-04-01,2026-05-08,21893.0,49.0
USGOVT,2021-04-01,2026-06-05,21893.0,49.0
USGOVT,2021-04-01,2026-07-02,21893.0,49.0
USGOVT,2021-05-01,2021-06-04,21668.0,67.0
USGOVT,2021-05-01,2021-07-02,21652.0,67.0
USGOVT,2021-05-01,2021-08-06,21644.0,59.0
USGOVT,2021-05-01,2021-09-03,21644.0,59.0
USGOVT,2021-05-01,2021-10-08,21644.0,59.0
USGOVT,2021-05-01,2021-11-05,21644.0,59.0
USGOVT,2021-05-01,2021-12-03,21644.0,59.0
USGOVT,2021-05-01,2022-01-07,21644.0,59.0
USGOVT,2021-05-01,2022-02-04,21976.0,66.0
USGOVT,2021-05-01,2022-03-04,21976.0,66.0
USGOVT,2021-05-01,2022-04-01,21976.0,66.0
USGOVT,2021-05-01,2022-05-06,21976.0,66.0
USGOVT,2021-05-01,2022-06-03,21976.0,66.0
USGOVT,2021-05-01,2022-07-08,21976.0,66.0
USGOVT,2021-05-01,2022-08-05,21976.0,66.0
USGOVT,2021-05-01,2022-09-02,21976.0,66.0
USGOVT,2021-05-01,2022-10-07,21976.0,66.0
USGOVT,2021-05-01,2022-11-04,21976.0,66.0
USGOVT,2021-05-01,2022-12-02,21976.0,66.0
USGOVT,2021-05-01,2023-01-06,21976.0,66.0
USGOVT,2021-05-01,2023-02-03,21930.0,1.0
USGOVT,2021-05-01,2023-03-10,21930.0,1.0
USGOVT,2021-05-01,2023-04-07,21930.0,1.0
USGOVT,2021-05-01,2023-05-05,21930.0,1.0
USGOVT,2021-05-01,2023-06-02,21930.0,1.0
USGOVT,2021-05-01,2023-07-07,21930.0,1.0
USGOVT,2021-05-01,2023-08-04,21930.0,1.0
USGOVT,2021-05-01,2023-09-01,21930.0,1.0
USGOVT,2021-05-01,2023-10-06,21930.0,1.0
USGOVT,2021-05-01,2023-11-03,21930.0,1.0
USGOVT,2021-05-01,2023-12-08,21930.0,1.0
USGOVT,2021-05-01,2024-01-05,21930.0,1.0
USGOVT,2021-05-01,2024-02-02,21917.0,4.0
USGOVT,2021-05-01,2024-03-08,21917.0,4.0
USGOVT,2021-05-01,2024-04-05,21917.0,4.0
USGOVT,2021-05-01,2024-05-03,21917.0,4.0
USGOVT,2021-05-01,2024-06-07,21917.0,4.0
USGOVT,2021-05-01,2024-07-05,21917.0,4.0
USGOVT,2021-05-01,2024-08-02,21917.0,4.0
USGOVT,2021-05-01,2024-09-06,21917.0,4.0
USGOVT,2021-05-01,2024-10-04,21917.0,4.0
USGOVT,2021-05-01,2024-11-01,21917.0,4.0
USGOVT,2021-05-01,2024-12-06,21917.0,4.0
USGOVT,2021-05-01,2025-01-10,21917.0,4.0
USGOVT,2021-05-01,2025-02-07,21910.0,1.0
USGOVT,2021-05-01,2025-03-07,21910.0,1.0
USGOVT,2021-05-01,2025-04-04,21910.0,1.0
USGOVT,2021-05-01,2025-05-02,21910.0,1.0
USGOVT,2021-05-01,2025-06-06,21910.0,1.0
USGOVT,2021-05-01,2025-07-03,21910.0,1.0
USGOVT,2021-05-01,2025-08-01,21910.0,1.0
USGOVT,2021-05-01,2025-09-05,21910.0,1.0
USGOVT,2021-05-01,2025-11-20,21910.0,1.0
USGOVT,2021-05-01,2025-12-16,21910.0,1.0
USGOVT,2021-05-01,2026-01-09,21910.0,1.0
USGOVT,2021-05-01,2026-02-11,21929.0,36.0
USGOVT,2021-05-01,2026-03-06,21929.0,36.0
USGOVT,2021-05-01,2026-04-03,21929.0,36.0
USGOVT,2021-05-01,2026-05-08,21929.0,36.0
USGOVT,2021-05-01,2026-06-05,21929.0,36.0
USGOVT,2021-05-01,2026-07-02,21929.0,36.0
USGOVT,2021-06-01,2021-07-02,21840.0,188.0
USGOVT,2021-06-01,2021-08-06,21813.0,169.0
USGOVT,2021-06-01,2021-09-03,21798.0,154.0
USGOVT,2021-06-01,2021-10-08,21798.0,154.0
USGOVT,2021-06-01,2021-11-05,21798.0,154.0
USGOVT,2021-06-01,2021-12-03,21798.0,154.0
USGOVT,2021-06-01,2022-01-07,21798.0,154.0
USGOVT,2021-06-01,2022-02-04,22025.0,49.0
USGOVT,2021-06-01,2022-03-04,22025.0,49.0
USGOVT,2021-06-01,2022-04-01,22025.0,49.0
USGOVT,2021-06-01,2022-05-06,22025.0,49.0
USGOVT,2021-06-01,2022-06-03,22025.0,49.0
USGOVT,2021-06-01,2022-07-08,22025.0,49.0
USGOVT,2021-06-01,2022-08-05,22025.0,49.0
USGOVT,2021-06-01,2022-09-02,22025.0,49.0
USGOVT,2021-06-01,2022-10-07,22025.0,49.0
USGOVT,2021-06-01,2022-11-04,22025.0,49.0
USGOVT,2021-06-01,2022-12-02,22025.0,49.0
USGOVT,2021-06-01,2023-01-06,22025.0,49.0
USGOVT,2021-06-01,2023-02-03,21999.0,69.0
USGOVT,2021-06-01,2023-03-10,21999.0,69.0
USGOVT,2021-06-01,2023-04-07,21999.0,69.0
USGOVT,2021-06-01,2023-05-05,21999.0,69.0
USGOVT,2021-06-01,2023-06-02,21999.0,69.0
USGOVT,2021-06-01,2023-07-07,21999.0,69.0
USGOVT,2021-06-01,2023-08-04,21999.0,69.0
USGOVT,2021-06-01,2023-09-01,21999.0,69.0
USGOVT,2021-06-01,2023-10-06,21999.0,69.0
USGOVT,2021-06-01,2023-11-03,21999.0,69.0
USGOVT,2021-06-01,2023-12-08,21999.0,69.0
USGOVT,2021-06-01,2024-01-05,21999.0,69.0
USGOVT,2021-06-01,2024-02-02,22018.0,101.0
USGOVT,2021-06-01,2024-03-08,22018.0,101.0
USGOVT,2021-06-01,2024-04-05,22018.0,101.0
USGOVT,2021-06-01,2024-05-03,22018.0,101.0
USGOVT,2021-06-01,2024-06-07,22018.0,101.0
USGOVT,2021-06-01,2024-07-05,22018.0,101.0
USGOVT,2021-06-01,2024-08-02,22018.0,101.0
USGOVT,2021-06-01,2024-09-06,22018.0,101.0
USGOVT,2021-06-01,2024-10-04,22018.0,101.0
USGOVT,2021-06-01,2024-11-01,22018.0,101.0
USGOVT,2021-06-01,2024-12-06,22018.0,101.0
USGOVT,2021-06-01,2025-01-10,22018.0,101.0
USGOVT,2021-06-01,2025-02-07,22004.0,94.0
USGOVT,2021-06-01,2025-03-07,22004.0,94.0
USGOVT,2021-06-01,2025-04-04,22004.0,94.0
USGOVT,2021-06-01,2025-05-02,22004.0,94.0
USGOVT,2021-06-01,2025-06-06,22004.0,94.0
USGOVT,2021-06-01,2025-07-03,22004.0,94.0
USGOVT,2021-06-01,2025-08-01,22004.0,94.0
USGOVT,2021-06-01,2025-09-05,22004.0,94.0
USGOVT,2021-06-01,2025-11-20,22004.0,94.0
USGOVT,2021-06-01,2025-12-16,22004.0,94.0
USGOVT,2021-06-01,2026-01-09,22004.0,94.0
USGOVT,2021-06-01,2026-02-11,22031.0,102.0
USGOVT,2021-06-01,2026-03-06,22031.0,102.0
USGOVT,2021-06-01,2026-04-03,22031.0,102.0
USGOVT,2021-06-01,2026-05-08,22031.0,102.0
USGOVT,2021-06-01,2026-06-05,22031.0,102.0
USGOVT,2021-06-01,2026-07-02,22031.0,102.0
USGOVT,2021-07-01,2021-08-06,22053.0,240.0
USGOVT,2021-07-01,2021-09-03,22053.0,255.0
USGOVT,2021-07-01,2021-10-08,22073.0,275.0
USGOVT,2021-07-01,2021-11-05,22073.0,275.0
USGOVT,2021-07-01,2021-12-03,22073.0,275.0
USGOVT,2021-07-01,2022-01-07,22073.0,275.0
USGOVT,2021-07-01,2022-02-04,22076.0,51.0
USGOVT,2021-07-01,2022-03-04,22076.0,51.0
USGOVT,2021-07-01,2022-04-01,22076.0,51.0
USGOVT,2021-07-01,2022-05-06,22076.0,51.0
USGOVT,2021-07-01,2022-06-03,22076.0,51.0
USGOVT,2021-07-01,2022-07-08,22076.0,51.0
USGOVT,2021-07-01,2022-08-05,22076.0,51.0
USGOVT,2021-07-01,2022-09-02,22076.0,51.0
USGOVT,2021-07-01,2022-10-07,22076.0,51.0
USGOVT,2021-07-01,2022-11-04,22076.0,51.0
USGOVT,2021-07-01,2022-12-02,22076.0,51.0
USGOVT,2021-07-01,2023-01-06,22076.0,51.0
USGOVT,2021-07-01,2023-02-03,22037.0,38.0
USGOVT,2021-07-01,2023-03-10,22037.0,38.0
USGOVT,2021-07-01,2023-04-07,22037.0,38.0
USGOVT,2021-07-01,2023-05-05,22037.0,38.0
USGOVT,2021-07-01,2023-06-02,22037.0,38.0
USGOVT,2021-07-01,2023-07-07,22037.0,38.0
USGOVT,2021-07-01,2023-08-04,22037.0,38.0
USGOVT,2021-07-01,2023-09-01,22037.0,38.0
USGOVT,2021-07-01,2023-10-06,22037.0,38.0
USGOVT,2021-07-01,2023-11-03,22037.0,38.0
USGOVT,2021-07-01,2023-12-08,22037.0,38.0
USGOVT,2021-07-01,2024-01-05,22037.0,38.0
USGOVT,2021-07-01,2024-02-02,22077.0,59.0
USGOVT,2021-07-01,2024-03-08,22077.0,59.0
USGOVT,2021-07-01,2024-04-05,22077.0,59.0
USGOVT,2021-07-01,2024-05-03,22077.0,59.0
USGOVT,2021-07-01,2024-06-07,22077.0,59.0
USGOVT,2021-07-01,2024-07-05,22077.0,59.0
USGOVT,2021-07-01,2024-08-02,22077.0,59.0
USGOVT,2021-07-01,2024-09-06,22077.0,59.0
USGOVT,2021-07-01,2024-10-04,22077.0,59.0
USGOVT,2021-07-01,2024-11-01,22077.0,59.0
USGOVT,2021-07-01,2024-12-06,22077.0,59.0
USGOVT,2021-07-01,2025-01-10,22077.0,59.0
USGOVT,2021-07-01,2025-02-07,22055.0,51.0
USGOVT,2021-07-01,2025-03-07,22055.0,51.0
USGOVT,2021-07-01,2025-04-04,22055.0,51.0
USGOVT,2021-07-01,2025-05-02,22055.0,51.0
USGOVT,2021-07-01,2025-06-06,22055.0,51.0
USGOVT,2021-07-01,2025-07-03,22055.0,51.0
USGOVT,2021-07-01,2025-08-01,22055.0,51.0
USGOVT,2021-07-01,2025-09-05,22055.0,51.0
USGOVT,2021-07-01,2025-11-20,22055.0,51.0
USGOVT,2021-07-01,2025-12-16,22055.0,51.0
USGOVT,2021-07-01,2026-01-09,22055.0,51.0
USGOVT,2021-07-01,2026-02-11,22039.0,8.0
USGOVT,2021-07-01,2026-03-06,22039.0,8.0
USGOVT,2021-07-01,2026-04-03,22039.0,8.0
USGOVT,2021-07-01,2026-05-08,22039.0,8.0
USGOVT,2021-07-01,2026-06-05,22039.0,8.0
USGOVT,2021-07-01,2026-07-02,22039.0,8.0
USGOVT,2021-08-01,2021-09-03,22045.0,-8.0
USGOVT,2021-08-01,2021-10-08,22107.0,34.0
USGOVT,2021-08-01,2021-11-05,22052.0,-21.0
USGOVT,2021-08-01,2021-12-03,22052.0,-21.0
USGOVT,2021-08-01,2022-01-07,22052.0,-21.0
USGOVT,2021-08-01,2022-02-04,22096.0,20.0
USGOVT,2021-08-01,2022-03-04,22096.0,20.0
USGOVT,2021-08-01,2022-04-01,22096.0,20.0
USGOVT,2021-08-01,2022-05-06,22096.0,20.0
USGOVT,2021-08-01,2022-06-03,22096.0,20.0
USGOVT,2021-08-01,2022-07-08,22096.0,20.0
USGOVT,2021-08-01,2022-08-05,22096.0,20.0
USGOVT,2021-08-01,2022-09-02,22096.0,20.0
USGOVT,2021-08-01,2022-10-07,22096.0,20.0
USGOVT,2021-08-01,2022-11-04,22096.0,20.0
USGOVT,2021-08-01,2022-12-02,22096.0,20.0
USGOVT,2021-08-01,2023-01-06,22096.0,20.0
USGOVT,2021-08-01,2023-02-03,22100.0,63.0
USGOVT,2021-08-01,2023-03-10,22100.0,63.0
USGOVT,2021-08-01,2023-04-07,22100.0,63.0
USGOVT,2021-08-01,2023-05-05,22100.0,63.0
USGOVT,2021-08-01,2023-06-02,22100.0,63.0
USGOVT,2021-08-01,2023-07-07,22100.0,63.0
USGOVT,2021-08-01,2023-08-04,22100.0,63.0
USGOVT,2021-08-01,2023-09-01,22100.0,63.0
USGOVT,2021-08-01,2023-10-06,22100.0,63.0
USGOVT,2021-08-01,2023-11-03,22100.0,63.0
USGOVT,2021-08-01,2023-12-08,22100.0,63.0
USGOVT,2021-08-01,2024-01-05,22100.0,63.0
USGOVT,2021-08-01,2024-02-02,22091.0,14.0
USGOVT,2021-08-01,2024-03-08,22091.0,14.0
USGOVT,2021-08-01,2024-04-05,22091.0,14.0
USGOVT,2021-08-01,2024-05-03,22091.0,14.0
USGOVT,2021-08-01,2024-06-07,22091.0,14.0
USGOVT,2021-08-01,2024-07-05,22091.0,14.0
USGOVT,2021-08-01,2024-08-02,22091.0,14.0
USGOVT,2021-08-01,2024-09-06,22091.0,14.0
USGOVT,2021-08-01,2024-10-04,22091.0,14.0
USGOVT,2021-08-01,2024-11-01,22091.0,14.0
USGOVT,2021-08-01,2024-12-06,22091.0,14.0
USGOVT,2021-08-01,2025-01-10,22091.0,14.0
USGOVT,2021-08-01,2025-02-07,22099.0,44.0
USGOVT,2021-08-01,2025-03-07,22099.0,44.0
USGOVT,2021-08-01,2025-04-04,22099.0,44.0
USGOVT,2021-08-01,2025-05-02,22099.0,44.0
USGOVT,2021-08-01,2025-06-06,22099.0,44.0
USGOVT,2021-08-01,2025-07-03,22099.0,44.0
USGOVT,2021-08-01,2025-08-01,22099.0,44.0
USGOVT,2021-08-01,2025-09-05,22099.0,44.0
USGOVT,2021-08-01,2025-11-20,22099.0,44.0
USGOVT,2021-08-01,2025-12-16,22099.0,44.0
USGOVT,2021-08-01,2026-01-09,22099.0,44.0
USGOVT,2021-08-01,2026-02-11,22136.0,97.0
USGOVT,2021-08-01,2026-03-06,22136.0,97.0
USGOVT,2021-08-01,2026-04-03,22136.0,97.0
USGOVT,2021-08-01,2026-05-08,22136.0,97.0
USGOVT,2021-08-01,2026-06-05,22136.0,97.0
USGOVT,2021-08-01,2026-07-02,22136.0,97.0
USGOVT,2021-09-01,2021-10-08,21984.0,-123.0
USGOVT,2021-09-01,2021-11-05,21999.0,-53.0
USGOVT,2021-09-01,2021-12-03,22007.0,-45.0
USGOVT,2021-09-01,2022-01-07,22007.0,-45.0
USGOVT,2021-09-01,2022-02-04,22111.0,15.0
USGOVT,2021-09-01,2022-03-04,22111.0,15.0
USGOVT,2021-09-01,2022-04-01,22111.0,15.0
USGOVT,2021-09-01,2022-05-06,22111.0,15.0
USGOVT,2021-09-01,2022-06-03,22111.0,15.0
USGOVT,2021-09-01,2022-07-08,22111.0,15.0
USGOVT,2021-09-01,2022-08-05,22111.0,15.0
USGOVT,2021-09-01,2022-09-02,22111.0,15.0
USGOVT,2021-09-01,2022-10-07,22111.0,15.0
USGOVT,2021-09-01,2022-11-04,22111.0,15.0
USGOVT,2021-09-01,2022-12-02,22111.0,15.0
USGOVT,2021-09-01,2023-01-06,22111.0,15.0
USGOVT,2021-09-01,2023-02-03,22074.0,-26.0
USGOVT,2021-09-01,2023-03-10,22074.0,-26.0
USGOVT,2021-09-01,2023-04-07,22074.0,-26.0
USGOVT,2021-09-01,2023-05-05,22074.0,-26.0
USGOVT,2021-09-01,2023-06-02,22074.0,-26.0
USGOVT,2021-09-01,2023-07-07,22074.0,-26.0
USGOVT,2021-09-01,2023-08-04,22074.0,-26.0
USGOVT,2021-09-01,2023-09-01,22074.0,-26.0
USGOVT,2021-09-01,2023-10-06,22074.0,-26.0
USGOVT,2021-09-01,2023-11-03,22074.0,-26.0
USGOVT,2021-09-01,2023-12-08,22074.0,-26.0
USGOVT,2021-09-01,2024-01-05,22074.0,-26.0
USGOVT,2021-09-01,2024-02-02,22075.0,-16.0
USGOVT,2021-09-01,2024-03-08,22075.0,-16.0
USGOVT,2021-09-01,2024-04-05,22075.0,-16.0
USGOVT,2021-09-01,2024-05-03,22075.0,-16.0
USGOVT,2021-09-01,2024-06-07,22075.0,-16.0
USGOVT,2021-09-01,2024-07-05,22075.0,-16.0
USGOVT,2021-09-01,2024-08-02,22075.0,-16.0
USGOVT,2021-09-01,2024-09-06,22075.0,-16.0
USGOVT,2021-09-01,2024-10-04,22075.0,-16.0
USGOVT,2021-09-01,2024-11-01,22075.0,-16.0
USGOVT,2021-09-01,2024-12-06,22075.0,-16.0
USGOVT,2021-09-01,2025-01-10,22075.0,-16.0
USGOVT,2021-09-01,2025-02-07,22080.0,-19.0
USGOVT,2021-09-01,2025-03-07,22080.0,-19.0
USGOVT,2021-09-01,2025-04-04,22080.0,-19.0
USGOVT,2021-09-01,2025-05-02,22080.0,-19.0
USGOVT,2021-09-01,2025-06-06,22080.0,-19.0
USGOVT,2021-09-01,2025-07-03,22080.0,-19.0
USGOVT,2021-09-01,2025-08-01,22080.0,-19.0
USGOVT,2021-09-01,2025-09-05,22080.0,-19.0
USGOVT,2021-09-01,2025-11-20,22080.0,-19.0
USGOVT,2021-09-01,2025-12-16,22080.0,-19.0
USGOVT,2021-09-01,2026-01-09,22080.0,-19.0
USGOVT,2021-09-01,2026-02-11,22102.0,-34.0
USGOVT,2021-09-01,2026-03-06,22102.0,-34.0
USGOVT,2021-09-01,2026-04-03,22102.0,-34.0
USGOVT,2021-09-01,2026-05-08,22102.0,-34.0
USGOVT,2021-09-01,2026-06-05,22102.0,-34.0
USGOVT,2021-09-01,2026-07-02,22102.0,-34.0
USGOVT,2021-10-01,2021-11-05,21926.0,-73.0
USGOVT,2021-10-01,2021-12-03,21925.0,-82.0
USGOVT,2021-10-01,2022-01-07,21941.0,-66.0
USGOVT,2021-10-01,2022-02-04,22094.0,-17.0
USGOVT,2021-10-01,2022-03-04,22094.0,-17.0
USGOVT,2021-10-01,2022-04-01,22094.0,-17.0
USGOVT,2021-10-01,2022-05-06,22094.0,-17.0
USGOVT,2021-10-01,2022-06-03,22094.0,-17.0
USGOVT,2021-10-01,2022-07-08,22094.0,-17.0
USGOVT,2021-10-01,2022-08-05,22094.0,-17.0
USGOVT,2021-10-01,2022-09-02,22094.0,-17.0
USGOVT,2021-10-01,2022-10-07,22094.0,-17.0
USGOVT,2021-10-01,2022-11-04,22094.0,-17.0
USGOVT,2021-10-01,2022-12-02,22094.0,-17.0
USGOVT,2021-10-01,2023-01-06,22094.0,-17.0
USGOVT,2021-10-01,2023-02-03,22037.0,-37.0
USGOVT,2021-10-01,2023-03-10,22037.0,-37.0
USGOVT,2021-10-01,2023-04-07,22037.0,-37.0
USGOVT,2021-10-01,2023-05-05,22037.0,-37.0
USGOVT,2021-10-01,2023-06-02,22037.0,-37.0
USGOVT,2021-10-01,2023-07-07,22037.0,-37.0
USGOVT,2021-10-01,2023-08-04,22037.0,-37.0
USGOVT,2021-10-01,2023-09-01,22037.0,-37.0
USGOVT,2021-10-01,2023-10-06,22037.0,-37.0
USGOVT,2021-10-01,2023-11-03,22037.0,-37.0
USGOVT,2021-10-01,2023-12-08,22037.0,-37.0
USGOVT,2021-10-01,2024-01-05,22037.0,-37.0
USGOVT,2021-10-01,2024-02-02,22036.0,-39.0
USGOVT,2021-10-01,2024-03-08,22036.0,-39.0
USGOVT,2021-10-01,2024-04-05,22036.0,-39.0
USGOVT,2021-10-01,2024-05-03,22036.0,-39.0
USGOVT,2021-10-01,2024-06-07,22036.0,-39.0
USGOVT,2021-10-01,2024-07-05,22036.0,-39.0
USGOVT,2021-10-01,2024-08-02,22036.0,-39.0
USGOVT,2021-10-01,2024-09-06,22036.0,-39.0
USGOVT,2021-10-01,2024-10-04,22036.0,-39.0
USGOVT,2021-10-01,2024-11-01,22036.0,-39.0
USGOVT,2021-10-01,2024-12-06,22036.0,-39.0
USGOVT,2021-10-01,2025-01-10,22036.0,-39.0
USGOVT,2021-10-01,2025-02-07,22043.0,-37.0
USGOVT,2021-10-01,2025-03-07,22043.0,-37.0
USGOVT,2021-10-01,2025-04-04,22043.0,-37.0
USGOVT,2021-10-01,2025-05-02,22043.0,-37.0
USGOVT,2021-10-01,2025-06-06,22043.0,-37.0
USGOVT,2021-10-01,2025-07-03,22043.0,-37.0
USGOVT,2021-10-01,2025-08-01,22043.0,-37.0
USGOVT,2021-10-01,2025-09-05,22043.0,-37.0
USGOVT,2021-10-01,2025-11-20,22043.0,-37.0
USGOVT,2021-10-01,2025-12-16,22043.0,-37.0
USGOVT,2021-10-01,2026-01-09,22043.0,-37.0
USGOVT,2021-10-01,2026-02-11,22027.0,-75.0
USGOVT,2021-10-01,2026-03-06,22027.0,-75.0
USGOVT,2021-10-01,2026-04-03,22027.0,-75.0
USGOVT,2021-10-01,2026-05-08,22027.0,-75.0
USGOVT,2021-10-01,2026-06-05,22027.0,-75.0
USGOVT,2021-10-01,2026-07-02,22027.0,-75.0
USGOVT,2021-11-01,2021-12-03,21900.0,-25.0
USGOVT,2021-11-01,2022-01-07,21920.0,-21.0
USGOVT,2021-11-01,2022-02-04,22114.0,20.0
USGOVT,2021-11-01,2022-03-04,22114.0,20.0
USGOVT,2021-11-01,2022-04-01,22114.0,20.0
USGOVT,2021-11-01,2022-05-06,22114.0,20.0
USGOVT,2021-11-01,2022-06-03,22114.0,20.0
USGOVT,2021-11-01,2022-07-08,22114.0,20.0
USGOVT,2021-11-01,2022-08-05,22114.0,20.0
USGOVT,2021-11-01,2022-09-02,22114.0,20.0
USGOVT,2021-11-01,2022-10-07,22114.0,20.0
USGOVT,2021-11-01,2022-11-04,22114.0,20.0
USGOVT,2021-11-01,2022-12-02,22114.0,20.0
USGOVT,2021-11-01,2023-01-06,22114.0,20.0
USGOVT,2021-11-01,2023-02-03,22038.0,1.0
USGOVT,2021-11-01,2023-03-10,22038.0,1.0
USGOVT,2021-11-01,2023-04-07,22038.0,1.0
USGOVT,2021-11-01,2023-05-05,22038.0,1.0
USGOVT,2021-11-01,2023-06-02,22038.0,1.0
USGOVT,2021-11-01,2023-07-07,22038.0,1.0
USGOVT,2021-11-01,2023-08-04,22038.0,1.0
USGOVT,2021-11-01,2023-09-01,22038.0,1.0
USGOVT,2021-11-01,2023-10-06,22038.0,1.0
USGOVT,2021-11-01,2023-11-03,22038.0,1.0
USGOVT,2021-11-01,2023-12-08,22038.0,1.0
USGOVT,2021-11-01,2024-01-05,22038.0,1.0
USGOVT,2021-11-01,2024-02-02,22041.0,5.0
USGOVT,2021-11-01,2024-03-08,22041.0,5.0
USGOVT,2021-11-01,2024-04-05,22041.0,5.0
USGOVT,2021-11-01,2024-05-03,22041.0,5.0
USGOVT,2021-11-01,2024-06-07,22041.0,5.0
USGOVT,2021-11-01,2024-07-05,22041.0,5.0
USGOVT,2021-11-01,2024-08-02,22041.0,5.0
USGOVT,2021-11-01,2024-09-06,22041.0,5.0
USGOVT,2021-11-01,2024-10-04,22041.0,5.0
USGOVT,2021-11-01,2024-11-01,22041.0,5.0
USGOVT,2021-11-01,2024-12-06,22041.0,5.0
USGOVT,2021-11-01,2025-01-10,22041.0,5.0
USGOVT,2021-11-01,2025-02-07,22044.0,1.0
USGOVT,2021-11-01,2025-03-07,22044.0,1.0
USGOVT,2021-11-01,2025-04-04,22044.0,1.0
USGOVT,2021-11-01,2025-05-02,22044.0,1.0
USGOVT,2021-11-01,2025-06-06,22044.0,1.0
USGOVT,2021-11-01,2025-07-03,22044.0,1.0
USGOVT,2021-11-01,2025-08-01,22044.0,1.0
USGOVT,2021-11-01,2025-09-05,22044.0,1.0
USGOVT,2021-11-01,2025-11-20,22044.0,1.0
USGOVT,2021-11-01,2025-12-16,22044.0,1.0
USGOVT,2021-11-01,2026-01-09,22044.0,1.0
USGOVT,2021-11-01,2026-02-11,22046.0,19.0
USGOVT,2021-11-01,2026-03-06,22046.0,19.0
USGOVT,2021-11-01,2026-04-03,22046.0,19.0
USGOVT,2021-11-01,2026-05-08,22046.0,19.0
USGOVT,2021-11-01,2026-06-05,22046.0,19.0
USGOVT,2021-11-01,2026-07-02,22046.0,19.0
USGOVT,2021-12-01,2022-01-07,21908.0,-12.0
USGOVT,2021-12-01,2022-02-04,22121.0,7.0
USGOVT,2021-12-01,2022-03-04,22141.0,27.0
USGOVT,2021-12-01,2022-04-01,22141.0,27.0
USGOVT,2021-12-01,2022-05-06,22141.0,27.0
USGOVT,2021-12-01,2022-06-03,22141.0,27.0
USGOVT,2021-12-01,2022-07-08,22141.0,27.0
USGOVT,2021-12-01,2022-08-05,22141.0,27.0
USGOVT,2021-12-01,2022-09-02,22141.0,27.0
USGOVT,2021-12-01,2022-10-07,22141.0,27.0
USGOVT,2021-12-01,2022-11-04,22141.0,27.0
USGOVT,2021-12-01,2022-12-02,22141.0,27.0
USGOVT,2021-12-01,2023-01-06,22141.0,27.0
USGOVT,2021-12-01,2023-02-03,22056.0,18.0
USGOVT,2021-12-01,2023-03-10,22056.0,18.0
USGOVT,2021-12-01,2023-04-07,22056.0,18.0
USGOVT,2021-12-01,2023-05-05,22056.0,18.0
USGOVT,2021-12-01,2023-06-02,22056.0,18.0
USGOVT,2021-12-01,2023-07-07,22056.0,18.0
USGOVT,2021-12-01,2023-08-04,22056.0,18.0
USGOVT,2021-12-01,2023-09-01,22056.0,18.0
USGOVT,2021-12-01,2023-10-06,22056.0,18.0
USGOVT,2021-12-01,2023-11-03,22056.0,18.0
USGOVT,2021-12-01,2023-12-08,22056.0,18.0
USGOVT,2021-12-01,2024-01-05,22056.0,18.0
USGOVT,2021-12-01,2024-02-02,22068.0,27.0
USGOVT,2021-12-01,2024-03-08,22068.0,27.0
USGOVT,2021-12-01,2024-04-05,22068.0,27.0
USGOVT,2021-12-01,2024-05-03,22068.0,27.0
USGOVT,2021-12-01,2024-06-07,22068.0,27.0
USGOVT,2021-12-01,2024-07-05,22068.0,27.0
USGOVT,2021-12-01,2024-08-02,22068.0,27.0
USGOVT,2021-12-01,2024-09-06,22068.0,27.0
USGOVT,2021-12-01,2024-10-04,22068.0,27.0
USGOVT,2021-12-01,2024-11-01,22068.0,27.0
USGOVT,2021-12-01,2024-12-06,22068.0,27.0
USGOVT,2021-12-01,2025-01-10,22068.0,27.0
USGOVT,2021-12-01,2025-02-07,22074.0,30.0
USGOVT,2021-12-01,2025-03-07,22074.0,30.0
USGOVT,2021-12-01,2025-04-04,22074.0,30.0
USGOVT,2021-12-01,2025-05-02,22074.0,30.0
USGOVT,2021-12-01,2025-06-06,22074.0,30.0
USGOVT,2021-12-01,2025-07-03,22074.0,30.0
USGOVT,2021-12-01,2025-08-01,22074.0,30.0
USGOVT,2021-12-01,2025-09-05,22074.0,30.0
USGOVT,2021-12-01,2025-11-20,22074.0,30.0
USGOVT,2021-12-01,2025-12-16,22074.0,30.0
USGOVT,2021-12-01,2026-01-09,22074.0,30.0
USGOVT,2021-12-01,2026-02-11,22062.0,16.0
USGOVT,2021-12-01,2026-03-06,22062.0,16.0
USGOVT,2021-12-01,2026-04-03,22062.0,16.0
USGOVT,2021-12-01,2026-05-08,22062.0,16.0
USGOVT,2021-12-01,2026-06-05,22062.0,16.0
USGOVT,2021-12-01,2026-07-02,22062.0,16.0
USGOVT,2022-01-01,2022-02-04,22144.0,23.0
USGOVT,2022-01-01,2022-03-04,22174.0,33.0
USGOVT,2022-01-01,2022-04-01,22153.0,12.0
USGOVT,2022-01-01,2022-05-06,22153.0,12.0
USGOVT,2022-01-01,2022-06-03,22153.0,12.0
USGOVT,2022-01-01,2022-07-08,22153.0,12.0
USGOVT,2022-01-01,2022-08-05,22153.0,12.0
USGOVT,2022-01-01,2022-09-02,22153.0,12.0
USGOVT,2022-01-01,2022-10-07,22153.0,12.0
USGOVT,2022-01-01,2022-11-04,22153.0,12.0
USGOVT,2022-01-01,2022-12-02,22153.0,12.0
USGOVT,2022-01-01,2023-01-06,22153.0,12.0
USGOVT,2022-01-01,2023-02-03,22075.0,19.0
USGOVT,2022-01-01,2023-03-10,22075.0,19.0
USGOVT,2022-01-01,2023-04-07,22075.0,19.0
USGOVT,2022-01-01,2023-05-05,22075.0,19.0
USGOVT,2022-01-01,2023-06-02,22075.0,19.0
USGOVT,2022-01-01,2023-07-07,22075.0,19.0
USGOVT,2022-01-01,2023-08-04,22075.0,19.0
USGOVT,2022-01-01,2023-09-01,22075.0,19.0
USGOVT,2022-01-01,2023-10-06,22075.0,19.0
USGOVT,2022-01-01,2023-11-03,22075.0,19.0
USGOVT,2022-01-01,2023-12-08,22075.0,19.0
USGOVT,2022-01-01,2024-01-05,22075.0,19.0
USGOVT,2022-01-01,2024-02-02,22056.0,-12.0
USGOVT,2022-01-01,2024-03-08,22056.0,-12.0
USGOVT,2022-01-01,2024-04-05,22056.0,-12.0
USGOVT,2022-01-01,2024-05-03,22056.0,-12.0
USGOVT,2022-01-01,2024-06-07,22056.0,-12.0
USGOVT,2022-01-01,2024-07-05,22056.0,-12.0
USGOVT,2022-01-01,2024-08-02,22056.0,-12.0
USGOVT,2022-01-01,2024-09-06,22056.0,-12.0
USGOVT,2022-01-01,2024-10-04,22056.0,-12.0
USGOVT,2022-01-01,2024-11-01,22056.0,-12.0
USGOVT,2022-01-01,2024-12-06,22056.0,-12.0
USGOVT,2022-01-01,2025-01-10,22056.0,-12.0
USGOVT,2022-01-01,2025-02-07,22056.0,-18.0
USGOVT,2022-01-01,2025-03-07,22056.0,-18.0
USGOVT,2022-01-01,2025-04-04,22056.0,-18.0
USGOVT,2022-01-01,2025-05-02,22056.0,-18.0
USGOVT,2022-01-01,2025-06-06,22056.0,-18.0
USGOVT,2022-01-01,2025-07-03,22056.0,-18.0
USGOVT,2022-01-01,2025-08-01,22056.0,-18.0
USGOVT,2022-01-01,2025-09-05,22056.0,-18.0
USGOVT,2022-01-01,2025-11-20,22056.0,-18.0
USGOVT,2022-01-01,2025-12-16,22056.0,-18.0
USGOVT,2022-01-01,2026-01-09,22056.0,-18.0
USGOVT,2022-01-01,2026-02-11,22049.0,-13.0
USGOVT,2022-01-01,2026-03-06,22049.0,-13.0
USGOVT,2022-01-01,2026-04-03,22049.0,-13.0
USGOVT,2022-01-01,2026-05-08,22049.0,-13.0
USGOVT,2022-01-01,2026-06-05,22049.0,-13.0
USGOVT,2022-01-01,2026-07-02,22049.0,-13.0
USGOVT,2022-02-01,2022-03-04,22198.0,24.0
USGOVT,2022-02-01,2022-04-01,22164.0,11.0
USGOVT,2022-02-01,2022-05-06,22163.0,10.0
USGOVT,2022-02-01,2022-06-03,22163.0,10.0
USGOVT,2022-02-01,2022-07-08,22163.0,10.0
USGOVT,2022-02-01,2022-08-05,22163.0,10.0
USGOVT,2022-02-01,2022-09-02,22163.0,10.0
USGOVT,2022-02-01,2022-10-07,22163.0,10.0
USGOVT,2022-02-01,2022-11-04,22163.0,10.0
USGOVT,2022-02-01,2022-12-02,22163.0,10.0
USGOVT,2022-02-01,2023-01-06,22163.0,10.0
USGOVT,2022-02-01,2023-02-03,22082.0,7.0
USGOVT,2022-02-01,2023-03-10,22082.0,7.0
USGOVT,2022-02-01,2023-04-07,22082.0,7.0
USGOVT,2022-02-01,2023-05-05,22082.0,7.0
USGOVT,2022-02-01,2023-06-02,22082.0,7.0
USGOVT,2022-02-01,2023-07-07,22082.0,7.0
USGOVT,2022-02-01,2023-08-04,22082.0,7.0
USGOVT,2022-02-01,2023-09-01,22082.0,7.0
USGOVT,2022-02-01,2023-10-06,22082.0,7.0
USGOVT,2022-02-01,2023-11-03,22082.0,7.0
USGOVT,2022-02-01,2023-12-08,22082.0,7.0
USGOVT,2022-02-01,2024-01-05,22082.0,7.0
USGOVT,2022-02-01,2024-02-02,22053.0,-3.0
USGOVT,2022-02-01,2024-03-08,22053.0,-3.0
USGOVT,2022-02-01,2024-04-05,22053.0,-3.0
USGOVT,2022-02-01,2024-05-03,22053.0,-3.0
USGOVT,2022-02-01,2024-06-07,22053.0,-3.0
USGOVT,2022-02-01,2024-07-05,22053.0,-3.0
USGOVT,2022-02-01,2024-08-02,22053.0,-3.0
USGOVT,2022-02-01,2024-09-06,22053.0,-3.0
USGOVT,2022-02-01,2024-10-04,22053.0,-3.0
USGOVT,2022-02-01,2024-11-01,22053.0,-3.0
USGOVT,2022-02-01,2024-12-06,22053.0,-3.0
USGOVT,2022-02-01,2025-01-10,22053.0,-3.0
USGOVT,2022-02-01,2025-02-07,22041.0,-15.0
USGOVT,2022-02-01,2025-03-07,22041.0,-15.0
USGOVT,2022-02-01,2025-04-04,22041.0,-15.0
USGOVT,2022-02-01,2025-05-02,22041.0,-15.0
USGOVT,2022-02-01,2025-06-06,22041.0,-15.0
USGOVT,2022-02-01,2025-07-03,22041.0,-15.0
USGOVT,2022-02-01,2025-08-01,22041.0,-15.0
USGOVT,2022-02-01,2025-09-05,22041.0,-15.0
USGOVT,2022-02-01,2025-11-20,22041.0,-15.0
USGOVT,2022-02-01,2025-12-16,22041.0,-15.0
USGOVT,2022-02-01,2026-01-09,22041.0,-15.0
USGOVT,2022-02-01,2026-02-11,22032.0,-17.0
USGOVT,2022-02-01,2026-03-06,22032.0,-17.0
USGOVT,2022-02-01,2026-04-03,22032.0,-17.0
USGOVT,2022-02-01,2026-05-08,22032.0,-17.0
USGOVT,2022-02-01,2026-06-05,22032.0,-17.0
USGOVT,2022-02-01,2026-07-02,22032.0,-17.0
USGOVT,2022-03-01,2022-04-01,22169.0,5.0
USGOVT,2022-03-01,2022-05-06,22167.0,4.0
USGOVT,2022-03-01,2022-06-03,22176.0,13.0
USGOVT,2022-03-01,2022-07-08,22176.0,13.0
USGOVT,2022-03-01,2022-08-05,22176.0,13.0
USGOVT,2022-03-01,2022-09-02,22176.0,13.0
USGOVT,2022-03-01,2022-10-07,22176.0,13.0
USGOVT,2022-03-01,2022-11-04,22176.0,13.0
USGOVT,2022-03-01,2022-12-02,22176.0,13.0
USGOVT,2022-03-01,2023-01-06,22176.0,13.0
USGOVT,2022-03-01,2023-02-03,22073.0,-9.0
USGOVT,2022-03-01,2023-03-10,22073.0,-9.0
USGOVT,2022-03-01,2023-04-07,22073.0,-9.0
USGOVT,2022-03-01,2023-05-05,22073.0,-9.0
USGOVT,2022-03-01,2023-06-02,22073.0,-9.0
USGOVT,2022-03-01,2023-07-07,22073.0,-9.0
USGOVT,2022-03-01,2023-08-04,22073.0,-9.0
USGOVT,2022-03-01,2023-09-01,22073.0,-9.0
USGOVT,2022-03-01,2023-10-06,22073.0,-9.0
USGOVT,2022-03-01,2023-11-03,22073.0,-9.0
USGOVT,2022-03-01,2023-12-08,22073.0,-9.0
USGOVT,2022-03-01,2024-01-05,22073.0,-9.0
USGOVT,2022-03-01,2024-02-02,22052.0,-1.0
USGOVT,2022-03-01,2024-03-08,22052.0,-1.0
USGOVT,2022-03-01,2024-04-05,22052.0,-1.0
USGOVT,2022-03-01,2024-05-03,22052.0,-1.0
USGOVT,2022-03-01,2024-06-07,22052.0,-1.0
USGOVT,2022-03-01,2024-07-05,22052.0,-1.0
USGOVT,2022-03-01,2024-08-02,22052.0,-1.0
USGOVT,2022-03-01,2024-09-06,22052.0,-1.0
USGOVT,2022-03-01,2024-10-04,22052.0,-1.0
USGOVT,2022-03-01,2024-11-01,22052.0,-1.0
USGOVT,2022-03-01,2024-12-06,22052.0,-1.0
USGOVT,2022-03-01,2025-01-10,22052.0,-1.0
USGOVT,2022-03-01,2025-02-07,22042.0,1.0
USGOVT,2022-03-01,2025-03-07,22042.0,1.0
USGOVT,2022-03-01,2025-04-04,22042.0,1.0
USGOVT,2022-03-01,2025-05-02,22042.0,1.0
USGOVT,2022-03-01,2025-06-06,22042.0,1.0
USGOVT,2022-03-01,2025-07-03,22042.0,1.0
USGOVT,2022-03-01,2025-08-01,22042.0,1.0
USGOVT,2022-03-01,2025-09-05,22042.0,1.0
USGOVT,2022-03-01,2025-11-20,22042.0,1.0
USGOVT,2022-03-01,2025-12-16,22042.0,1.0
USGOVT,2022-03-01,2026-01-09,22042.0,1.0
USGOVT,2022-03-01,2026-02-11,22033.0,1.0
USGOVT,2022-03-01,2026-03-06,22033.0,1.0
USGOVT,2022-03-01,2026-04-03,22033.0,1.0
USGOVT,2022-03-01,2026-05-08,22033.0,1.0
USGOVT,2022-03-01,2026-06-05,22033.0,1.0
USGOVT,2022-03-01,2026-07-02,22033.0,1.0
USGOVT,2022-04-01,2022-05-06,22189.0,22.0
USGOVT,2022-04-01,2022-06-03,22207.0,31.0
USGOVT,2022-04-01,2022-07-08,22176.0,0.0
USGOVT,2022-04-01,2022-08-05,22176.0,0.0
USGOVT,2022-04-01,2022-09-02,22176.0,0.0
USGOVT,2022-04-01,2022-10-07,22176.0,0.0
USGOVT,2022-04-01,2022-11-04,22176.0,0.0
USGOVT,2022-04-01,2022-12-02,22176.0,0.0
USGOVT,2022-04-01,2023-01-06,22176.0,0.0
USGOVT,2022-04-01,2023-02-03,22101.0,28.0
USGOVT,2022-04-01,2023-03-10,22101.0,28.0
USGOVT,2022-04-01,2023-04-07,22101.0,28.0
USGOVT,2022-04-01,2023-05-05,22101.0,28.0
USGOVT,2022-04-01,2023-06-02,22101.0,28.0
USGOVT,2022-04-01,2023-07-07,22101.0,28.0
USGOVT,2022-04-01,2023-08-04,22101.0,28.0
USGOVT,2022-04-01,2023-09-01,22101.0,28.0
USGOVT,2022-04-01,2023-10-06,22101.0,28.0
USGOVT,2022-04-01,2023-11-03,22101.0,28.0
USGOVT,2022-04-01,2023-12-08,22101.0,28.0
USGOVT,2022-04-01,2024-01-05,22101.0,28.0
USGOVT,2022-04-01,2024-02-02,22085.0,33.0
USGOVT,2022-04-01,2024-03-08,22085.0,33.0
USGOVT,2022-04-01,2024-04-05,22085.0,33.0
USGOVT,2022-04-01,2024-05-03,22085.0,33.0
USGOVT,2022-04-01,2024-06-07,22085.0,33.0
USGOVT,2022-04-01,2024-07-05,22085.0,33.0
USGOVT,2022-04-01,2024-08-02,22085.0,33.0
USGOVT,2022-04-01,2024-09-06,22085.0,33.0
USGOVT,2022-04-01,2024-10-04,22085.0,33.0
USGOVT,2022-04-01,2024-11-01,22085.0,33.0
USGOVT,2022-04-01,2024-12-06,22085.0,33.0
USGOVT,2022-04-01,2025-01-10,22085.0,33.0
USGOVT,2022-04-01,2025-02-07,22079.0,37.0
USGOVT,2022-04-01,2025-03-07,22079.0,37.0
USGOVT,2022-04-01,2025-04-04,22079.0,37.0
USGOVT,2022-04-01,2025-05-02,22079.0,37.0
USGOVT,2022-04-01,2025-06-06,22079.0,37.0
USGOVT,2022-04-01,2025-07-03,22079.0,37.0
USGOVT,2022-04-01,2025-08-01,22079.0,37.0
USGOVT,2022-04-01,2025-09-05,22079.0,37.0
USGOVT,2022-04-01,2025-11-20,22079.0,37.0
USGOVT,2022-04-01,2025-12-16,22079.0,37.0
USGOVT,2022-04-01,2026-01-09,22079.0,37.0
USGOVT,2022-04-01,2026-02-11,22069.0,36.0
USGOVT,2022-04-01,2026-03-06,22069.0,36.0
USGOVT,2022-04-01,2026-04-03,22069.0,36.0
USGOVT,2022-04-01,2026-05-08,22069.0,36.0
USGOVT,2022-04-01,2026-06-05,22069.0,36.0
USGOVT,2022-04-01,2026-07-02,22069.0,36.0
USGOVT,2022-05-01,2022-06-03,22264.0,57.0
USGOVT,2022-05-01,2022-07-08,22224.0,48.0
USGOVT,2022-05-01,2022-08-05,22231.0,55.0
USGOVT,2022-05-01,2022-09-02,22231.0,55.0
USGOVT,2022-05-01,2022-10-07,22231.0,55.0
USGOVT,2022-05-01,2022-11-04,22231.0,55.0
USGOVT,2022-05-01,2022-12-02,22231.0,55.0
USGOVT,2022-05-01,2023-01-06,22231.0,55.0
USGOVT,2022-05-01,2023-02-03,22122.0,21.0
USGOVT,2022-05-01,2023-03-10,22122.0,21.0
USGOVT,2022-05-01,2023-04-07,22122.0,21.0
USGOVT,2022-05-01,2023-05-05,22122.0,21.0
USGOVT,2022-05-01,2023-06-02,22122.0,21.0
USGOVT,2022-05-01,2023-07-07,22122.0,21.0
USGOVT,2022-05-01,2023-08-04,22122.0,21.0
USGOVT,2022-05-01,2023-09-01,22122.0,21.0
USGOVT,2022-05-01,2023-10-06,22122.0,21.0
USGOVT,2022-05-01,2023-11-03,22122.0,21.0
USGOVT,2022-05-01,2023-12-08,22122.0,21.0
USGOVT,2022-05-01,2024-01-05,22122.0,21.0
USGOVT,2022-05-01,2024-02-02,22113.0,28.0
USGOVT,2022-05-01,2024-03-08,22113.0,28.0
USGOVT,2022-05-01,2024-04-05,22113.0,28.0
USGOVT,2022-05-01,2024-05-03,22113.0,28.0
USGOVT,2022-05-01,2024-06-07,22113.0,28.0
USGOVT,2022-05-01,2024-07-05,22113.0,28.0
USGOVT,2022-05-01,2024-08-02,22113.0,28.0
USGOVT,2022-05-01,2024-09-06,22113.0,28.0
USGOVT,2022-05-01,2024-10-04,22113.0,28.0
USGOVT,2022-05-01,2024-11-01,22113.0,28.0
USGOVT,2022-05-01,2024-12-06,22113.0,28.0
USGOVT,2022-05-01,2025-01-10,22113.0,28.0
USGOVT,2022-05-01,2025-02-07,22103.0,24.0
USGOVT,2022-05-01,2025-03-07,22103.0,24.0
USGOVT,2022-05-01,2025-04-04,22103.0,24.0
USGOVT,2022-05-01,2025-05-02,22103.0,24.0
USGOVT,2022-05-01,2025-06-06,22103.0,24.0
USGOVT,2022-05-01,2025-07-03,22103.0,24.0
USGOVT,2022-05-01,2025-08-01,22103.0,24.0
USGOVT,2022-05-01,2025-09-05,22103.0,24.0
USGOVT,2022-05-01,2025-11-20,22103.0,24.0
USGOVT,2022-05-01,2025-12-16,22103.0,24.0
USGOVT,2022-05-01,2026-01-09,22103.0,24.0
USGOVT,2022-05-01,2026-02-11,22125.0,56.0
USGOVT,2022-05-01,2026-03-06,22125.0,56.0
USGOVT,2022-05-01,2026-04-03,22125.0,56.0
USGOVT,2022-05-01,2026-05-08,22125.0,56.0
USGOVT,2022-05-01,2026-06-05,22125.0,56.0
USGOVT,2022-05-01,2026-07-02,22125.0,56.0
USGOVT,2022-06-01,2022-07-08,22215.0,-9.0
USGOVT,2022-06-01,2022-08-05,22225.0,-6.0
USGOVT,2022-06-01,2022-09-02,22178.0,-53.0
USGOVT,2022-06-01,2022-10-07,22178.0,-53.0
USGOVT,2022-06-01,2022-11-04,22178.0,-53.0
USGOVT,2022-06-01,2022-12-02,22178.0,-53.0
USGOVT,2022-06-01,2023-01-06,22178.0,-53.0
USGOVT,2022-06-01,2023-02-03,22110.0,-12.0
USGOVT,2022-06-01,2023-03-10,22110.0,-12.0
USGOVT,2022-06-01,2023-04-07,22110.0,-12.0
USGOVT,2022-06-01,2023-05-05,22110.0,-12.0
USGOVT,2022-06-01,2023-06-02,22110.0,-12.0
USGOVT,2022-06-01,2023-07-07,22110.0,-12.0
USGOVT,2022-06-01,2023-08-04,22110.0,-12.0
USGOVT,2022-06-01,2023-09-01,22110.0,-12.0
USGOVT,2022-06-01,2023-10-06,22110.0,-12.0
USGOVT,2022-06-01,2023-11-03,22110.0,-12.0
USGOVT,2022-06-01,2023-12-08,22110.0,-12.0
USGOVT,2022-06-01,2024-01-05,22110.0,-12.0
USGOVT,2022-06-01,2024-02-02,22115.0,2.0
USGOVT,2022-06-01,2024-03-08,22115.0,2.0
USGOVT,2022-06-01,2024-04-05,22115.0,2.0
USGOVT,2022-06-01,2024-05-03,22115.0,2.0
USGOVT,2022-06-01,2024-06-07,22115.0,2.0
USGOVT,2022-06-01,2024-07-05,22115.0,2.0
USGOVT,2022-06-01,2024-08-02,22115.0,2.0
USGOVT,2022-06-01,2024-09-06,22115.0,2.0
USGOVT,2022-06-01,2024-10-04,22115.0,2.0
USGOVT,2022-06-01,2024-11-01,22115.0,2.0
USGOVT,2022-06-01,2024-12-06,22115.0,2.0
USGOVT,2022-06-01,2025-01-10,22115.0,2.0
USGOVT,2022-06-01,2025-02-07,22124.0,21.0
USGOVT,2022-06-01,2025-03-07,22124.0,21.0
USGOVT,2022-06-01,2025-04-04,22124.0,21.0
USGOVT,2022-06-01,2025-05-02,22124.0,21.0
USGOVT,2022-06-01,2025-06-06,22124.0,21.0
USGOVT,2022-06-01,2025-07-03,22124.0,21.0
USGOVT,2022-06-01,2025-08-01,22124.0,21.0
USGOVT,2022-06-01,2025-09-05,22124.0,21.0
USGOVT,2022-06-01,2025-11-20,22124.0,21.0
USGOVT,2022-06-01,2025-12-16,22124.0,21.0
USGOVT,2022-06-01,2026-01-09,22124.0,21.0
USGOVT,2022-06-01,2026-02-11,22142.0,17.0
USGOVT,2022-06-01,2026-03-06,22142.0,17.0
USGOVT,2022-06-01,2026-04-03,22142.0,17.0
USGOVT,2022-06-01,2026-05-08,22142.0,17.0
USGOVT,2022-06-01,2026-06-05,22142.0,17.0
USGOVT,2022-06-01,2026-07-02,22142.0,17.0
USGOVT,2022-07-01,2022-08-05,22282.0,57.0
USGOVT,2022-07-01,2022-09-02,22227.0,49.0
USGOVT,2022-07-01,2022-10-07,22267.0,89.0
USGOVT,2022-07-01,2022-11-04,22267.0,89.0
USGOVT,2022-07-01,2022-12-02,22267.0,89.0
USGOVT,2022-07-01,2023-01-06,22267.0,89.0
USGOVT,2022-07-01,2023-02-03,22185.0,75.0
USGOVT,2022-07-01,2023-03-10,22185.0,75.0
USGOVT,2022-07-01,2023-04-07,22185.0,75.0
USGOVT,2022-07-01,2023-05-05,22185.0,75.0
USGOVT,2022-07-01,2023-06-02,22185.0,75.0
USGOVT,2022-07-01,2023-07-07,22185.0,75.0
USGOVT,2022-07-01,2023-08-04,22185.0,75.0
USGOVT,2022-07-01,2023-09-01,22185.0,75.0
USGOVT,2022-07-01,2023-10-06,22185.0,75.0
USGOVT,2022-07-01,2023-11-03,22185.0,75.0
USGOVT,2022-07-01,2023-12-08,22185.0,75.0
USGOVT,2022-07-01,2024-01-05,22185.0,75.0
USGOVT,2022-07-01,2024-02-02,22265.0,150.0
USGOVT,2022-07-01,2024-03-08,22265.0,150.0
USGOVT,2022-07-01,2024-04-05,22265.0,150.0
USGOVT,2022-07-01,2024-05-03,22265.0,150.0
USGOVT,2022-07-01,2024-06-07,22265.0,150.0
USGOVT,2022-07-01,2024-07-05,22265.0,150.0
USGOVT,2022-07-01,2024-08-02,22265.0,150.0
USGOVT,2022-07-01,2024-09-06,22265.0,150.0
USGOVT,2022-07-01,2024-10-04,22265.0,150.0
USGOVT,2022-07-01,2024-11-01,22265.0,150.0
USGOVT,2022-07-01,2024-12-06,22265.0,150.0
USGOVT,2022-07-01,2025-01-10,22265.0,150.0
USGOVT,2022-07-01,2025-02-07,22282.0,158.0
USGOVT,2022-07-01,2025-03-07,22282.0,158.0
USGOVT,2022-07-01,2025-04-04,22282.0,158.0
USGOVT,2022-07-01,2025-05-02,22282.0,158.0
USGOVT,2022-07-01,2025-06-06,22282.0,158.0
USGOVT,2022-07-01,2025-07-03,22282.0,158.0
USGOVT,2022-07-01,2025-08-01,22282.0,158.0
USGOVT,2022-07-01,2025-09-05,22282.0,158.0
USGOVT,2022-07-01,2025-11-20,22282.0,158.0
USGOVT,2022-07-01,2025-12-16,22282.0,158.0
USGOVT,2022-07-01,2026-01-09,22282.0,158.0
USGOVT,2022-07-01,2026-02-11,22306.0,164.0
USGOVT,2022-07-01,2026-03-06,22306.0,164.0
USGOVT,2022-07-01,2026-04-03,22306.0,164.0
USGOVT,2022-07-01,2026-05-08,22306.0,164.0
USGOVT,2022-07-01,2026-06-05,22306.0,164.0
USGOVT,2022-07-01,2026-07-02,22306.0,164.0
USGOVT,2022-08-01,2022-09-02,22234.0,7.0
USGOVT,2022-08-01,2022-10-07,22307.0,40.0
USGOVT,2022-08-01,2022-11-04,22326.0,59.0
USGOVT,2022-08-01,2022-12-02,22326.0,59.0
USGOVT,2022-08-01,2023-01-06,22326.0,59.0
USGOVT,2022-08-01,2023-02-03,22231.0,46.0
USGOVT,2022-08-01,2023-03-10,22231.0,46.0
USGOVT,2022-08-01,2023-04-07,22231.0,46.0
USGOVT,2022-08-01,2023-05-05,22231.0,46.0
USGOVT,2022-08-01,2023-06-02,22231.0,46.0
USGOVT,2022-08-01,2023-07-07,22231.0,46.0
USGOVT,2022-08-01,2023-08-04,22231.0,46.0
USGOVT,2022-08-01,2023-09-01,22231.0,46.0
USGOVT,2022-08-01,2023-10-06,22231.0,46.0
USGOVT,2022-08-01,2023-11-03,22231.0,46.0
USGOVT,2022-08-01,2023-12-08,22231.0,46.0
USGOVT,2022-08-01,2024-01-05,22231.0,46.0
USGOVT,2022-08-01,2024-02-02,22264.0,-1.0
USGOVT,2022-08-01,2024-03-08,22264.0,-1.0
USGOVT,2022-08-01,2024-04-05,22264.0,-1.0
USGOVT,2022-08-01,2024-05-03,22264.0,-1.0
USGOVT,2022-08-01,2024-06-07,22264.0,-1.0
USGOVT,2022-08-01,2024-07-05,22264.0,-1.0
USGOVT,2022-08-01,2024-08-02,22264.0,-1.0
USGOVT,2022-08-01,2024-09-06,22264.0,-1.0
USGOVT,2022-08-01,2024-10-04,22264.0,-1.0
USGOVT,2022-08-01,2024-11-01,22264.0,-1.0
USGOVT,2022-08-01,2024-12-06,22264.0,-1.0
USGOVT,2022-08-01,2025-01-10,22264.0,-1.0
USGOVT,2022-08-01,2025-02-07,22269.0,-13.0
USGOVT,2022-08-01,2025-03-07,22269.0,-13.0
USGOVT,2022-08-01,2025-04-04,22269.0,-13.0
USGOVT,2022-08-01,2025-05-02,22269.0,-13.0
USGOVT,2022-08-01,2025-06-06,22269.0,-13.0
USGOVT,2022-08-01,2025-07-03,22269.0,-13.0
USGOVT,2022-08-01,2025-08-01,22269.0,-13.0
USGOVT,2022-08-01,2025-09-05,22269.0,-13.0
USGOVT,2022-08-01,2025-11-20,22269.0,-13.0
USGOVT,2022-08-01,2025-12-16,22269.0,-13.0
USGOVT,2022-08-01,2026-01-09,22269.0,-13.0
USGOVT,2022-08-01,2026-02-11,22306.0,0.0
USGOVT,2022-08-01,2026-03-06,22306.0,0.0
USGOVT,2022-08-01,2026-04-03,22306.0,0.0
USGOVT,2022-08-01,2026-05-08,22306.0,0.0
USGOVT,2022-08-01,2026-06-05,22306.0,0.0
USGOVT,2022-08-01,2026-07-02,22306.0,0.0
USGOVT,2022-09-01,2022-10-07,22282.0,-25.0
USGOVT,2022-09-01,2022-11-04,22322.0,-4.0
USGOVT,2022-09-01,2022-12-02,22340.0,14.0
USGOVT,2022-09-01,2023-01-06,22340.0,14.0
USGOVT,2022-09-01,2023-02-03,22237.0,6.0
USGOVT,2022-09-01,2023-03-10,22237.0,6.0
USGOVT,2022-09-01,2023-04-07,22237.0,6.0
USGOVT,2022-09-01,2023-05-05,22237.0,6.0
USGOVT,2022-09-01,2023-06-02,22237.0,6.0
USGOVT,2022-09-01,2023-07-07,22237.0,6.0
USGOVT,2022-09-01,2023-08-04,22237.0,6.0
USGOVT,2022-09-01,2023-09-01,22237.0,6.0
USGOVT,2022-09-01,2023-10-06,22237.0,6.0
USGOVT,2022-09-01,2023-11-03,22237.0,6.0
USGOVT,2022-09-01,2023-12-08,22237.0,6.0
USGOVT,2022-09-01,2024-01-05,22237.0,6.0
USGOVT,2022-09-01,2024-02-02,22271.0,7.0
USGOVT,2022-09-01,2024-03-08,22271.0,7.0
USGOVT,2022-09-01,2024-04-05,22271.0,7.0
USGOVT,2022-09-01,2024-05-03,22271.0,7.0
USGOVT,2022-09-01,2024-06-07,22271.0,7.0
USGOVT,2022-09-01,2024-07-05,22271.0,7.0
USGOVT,2022-09-01,2024-08-02,22271.0,7.0
USGOVT,2022-09-01,2024-09-06,22271.0,7.0
USGOVT,2022-09-01,2024-10-04,22271.0,7.0
USGOVT,2022-09-01,2024-11-01,22271.0,7.0
USGOVT,2022-09-01,2024-12-06,22271.0,7.0
USGOVT,2022-09-01,2025-01-10,22271.0,7.0
USGOVT,2022-09-01,2025-02-07,22280.0,11.0
USGOVT,2022-09-01,2025-03-07,22280.0,11.0
USGOVT,2022-09-01,2025-04-04,22280.0,11.0
USGOVT,2022-09-01,2025-05-02,22280.0,11.0
USGOVT,2022-09-01,2025-06-06,22280.0,11.0
USGOVT,2022-09-01,2025-07-03,22280.0,11.0
USGOVT,2022-09-01,2025-08-01,22280.0,11.0
USGOVT,2022-09-01,2025-09-05,22280.0,11.0
USGOVT,2022-09-01,2025-11-20,22280.0,11.0
USGOVT,2022-09-01,2025-12-16,22280.0,11.0
USGOVT,2022-09-01,2026-01-09,22280.0,11.0
USGOVT,2022-09-01,2026-02-11,22297.0,-9.0
USGOVT,2022-09-01,2026-03-06,22297.0,-9.0
USGOVT,2022-09-01,2026-04-03,22297.0,-9.0
USGOVT,2022-09-01,2026-05-08,22297.0,-9.0
USGOVT,2022-09-01,2026-06-05,22297.0,-9.0
USGOVT,2022-09-01,2026-07-02,22297.0,-9.0
USGOVT,2022-10-01,2022-11-04,22350.0,28.0
USGOVT,2022-10-01,2022-12-02,22376.0,36.0
USGOVT,2022-10-01,2023-01-06,22384.0,44.0
USGOVT,2022-10-01,2023-02-03,22262.0,25.0
USGOVT,2022-10-01,2023-03-10,22262.0,25.0
USGOVT,2022-10-01,2023-04-07,22262.0,25.0
USGOVT,2022-10-01,2023-05-05,22262.0,25.0
USGOVT,2022-10-01,2023-06-02,22262.0,25.0
USGOVT,2022-10-01,2023-07-07,22262.0,25.0
USGOVT,2022-10-01,2023-08-04,22262.0,25.0
USGOVT,2022-10-01,2023-09-01,22262.0,25.0
USGOVT,2022-10-01,2023-10-06,22262.0,25.0
USGOVT,2022-10-01,2023-11-03,22262.0,25.0
USGOVT,2022-10-01,2023-12-08,22262.0,25.0
USGOVT,2022-10-01,2024-01-05,22262.0,25.0
USGOVT,2022-10-01,2024-02-02,22301.0,30.0
USGOVT,2022-10-01,2024-03-08,22301.0,30.0
USGOVT,2022-10-01,2024-04-05,22301.0,30.0
USGOVT,2022-10-01,2024-05-03,22301.0,30.0
USGOVT,2022-10-01,2024-06-07,22301.0,30.0
USGOVT,2022-10-01,2024-07-05,22301.0,30.0
USGOVT,2022-10-01,2024-08-02,22301.0,30.0
USGOVT,2022-10-01,2024-09-06,22301.0,30.0
USGOVT,2022-10-01,2024-10-04,22301.0,30.0
USGOVT,2022-10-01,2024-11-01,22301.0,30.0
USGOVT,2022-10-01,2024-12-06,22301.0,30.0
USGOVT,2022-10-01,2025-01-10,22301.0,30.0
USGOVT,2022-10-01,2025-02-07,22309.0,29.0
USGOVT,2022-10-01,2025-03-07,22309.0,29.0
USGOVT,2022-10-01,2025-04-04,22309.0,29.0
USGOVT,2022-10-01,2025-05-02,22309.0,29.0
USGOVT,2022-10-01,2025-06-06,22309.0,29.0
USGOVT,2022-10-01,2025-07-03,22309.0,29.0
USGOVT,2022-10-01,2025-08-01,22309.0,29.0
USGOVT,2022-10-01,2025-09-05,22309.0,29.0
USGOVT,2022-10-01,2025-11-20,22309.0,29.0
USGOVT,2022-10-01,2025-12-16,22309.0,29.0
USGOVT,2022-10-01,2026-01-09,22309.0,29.0
USGOVT,2022-10-01,2026-02-11,22293.0,-4.0
USGOVT,2022-10-01,2026-03-06,22293.0,-4.0
USGOVT,2022-10-01,2026-04-03,22293.0,-4.0
USGOVT,2022-10-01,2026-05-08,22293.0,-4.0
USGOVT,2022-10-01,2026-06-05,22293.0,-4.0
USGOVT,2022-10-01,2026-07-02,22293.0,-4.0
USGOVT,2022-11-01,2022-12-02,22418.0,42.0
USGOVT,2022-11-01,2023-01-06,22438.0,54.0
USGOVT,2022-11-01,2023-02-03,22324.0,62.0
USGOVT,2022-11-01,2023-03-10,22324.0,62.0
USGOVT,2022-11-01,2023-04-07,22324.0,62.0
USGOVT,2022-11-01,2023-05-05,22324.0,62.0
USGOVT,2022-11-01,2023-06-02,22324.0,62.0
USGOVT,2022-11-01,2023-07-07,22324.0,62.0
USGOVT,2022-11-01,2023-08-04,22324.0,62.0
USGOVT,2022-11-01,2023-09-01,22324.0,62.0
USGOVT,2022-11-01,2023-10-06,22324.0,62.0
USGOVT,2022-11-01,2023-11-03,22324.0,62.0
USGOVT,2022-11-01,2023-12-08,22324.0,62.0
USGOVT,2022-11-01,2024-01-05,22324.0,62.0
USGOVT,2022-11-01,2024-02-02,22364.0,63.0
USGOVT,2022-11-01,2024-03-08,22364.0,63.0
USGOVT,2022-11-01,2024-04-05,22364.0,63.0
USGOVT,2022-11-01,2024-05-03,22364.0,63.0
USGOVT,2022-11-01,2024-06-07,22364.0,63.0
USGOVT,2022-11-01,2024-07-05,22364.0,63.0
USGOVT,2022-11-01,2024-08-02,22364.0,63.0
USGOVT,2022-11-01,2024-09-06,22364.0,63.0
USGOVT,2022-11-01,2024-10-04,22364.0,63.0
USGOVT,2022-11-01,2024-11-01,22364.0,63.0
USGOVT,2022-11-01,2024-12-06,22364.0,63.0
USGOVT,2022-11-01,2025-01-10,22364.0,63.0
USGOVT,2022-11-01,2025-02-07,22374.0,65.0
USGOVT,2022-11-01,2025-03-07,22374.0,65.0
USGOVT,2022-11-01,2025-04-04,22374.0,65.0
USGOVT,2022-11-01,2025-05-02,22374.0,65.0
USGOVT,2022-11-01,2025-06-06,22374.0,65.0
USGOVT,2022-11-01,2025-07-03,22374.0,65.0
USGOVT,2022-11-01,2025-08-01,22374.0,65.0
USGOVT,2022-11-01,2025-09-05,22374.0,65.0
USGOVT,2022-11-01,2025-11-20,22374.0,65.0
USGOVT,2022-11-01,2025-12-16,22374.0,65.0
USGOVT,2022-11-01,2026-01-09,22374.0,65.0
USGOVT,2022-11-01,2026-02-11,22379.0,86.0
USGOVT,2022-11-01,2026-03-06,22379.0,86.0
USGOVT,2022-11-01,2026-04-03,22379.0,86.0
USGOVT,2022-11-01,2026-05-08,22379.0,86.0
USGOVT,2022-11-01,2026-06-05,22379.0,86.0
USGOVT,2022-11-01,2026-07-02,22379.0,86.0
USGOVT,2022-12-01,2023-01-06,22441.0,3.0
USGOVT,2022-12-01,2023-02-03,22315.0,-9.0
USGOVT,2022-12-01,2023-03-10,22331.0,7.0
USGOVT,2022-12-01,2023-04-07,22331.0,7.0
USGOVT,2022-12-01,2023-05-05,22331.0,7.0
USGOVT,2022-12-01,2023-06-02,22331.0,7.0
USGOVT,2022-12-01,2023-07-07,22331.0,7.0
USGOVT,2022-12-01,2023-08-04,22331.0,7.0
USGOVT,2022-12-01,2023-09-01,22331.0,7.0
USGOVT,2022-12-01,2023-10-06,22331.0,7.0
USGOVT,2022-12-01,2023-11-03,22331.0,7.0
USGOVT,2022-12-01,2023-12-08,22331.0,7.0
USGOVT,2022-12-01,2024-01-05,22331.0,7.0
USGOVT,2022-12-01,2024-02-02,22367.0,3.0
USGOVT,2022-12-01,2024-03-08,22367.0,3.0
USGOVT,2022-12-01,2024-04-05,22367.0,3.0
USGOVT,2022-12-01,2024-05-03,22367.0,3.0
USGOVT,2022-12-01,2024-06-07,22367.0,3.0
USGOVT,2022-12-01,2024-07-05,22367.0,3.0
USGOVT,2022-12-01,2024-08-02,22367.0,3.0
USGOVT,2022-12-01,2024-09-06,22367.0,3.0
USGOVT,2022-12-01,2024-10-04,22367.0,3.0
USGOVT,2022-12-01,2024-11-01,22367.0,3.0
USGOVT,2022-12-01,2024-12-06,22367.0,3.0
USGOVT,2022-12-01,2025-01-10,22367.0,3.0
USGOVT,2022-12-01,2025-02-07,22373.0,-1.0
USGOVT,2022-12-01,2025-03-07,22373.0,-1.0
USGOVT,2022-12-01,2025-04-04,22373.0,-1.0
USGOVT,2022-12-01,2025-05-02,22373.0,-1.0
USGOVT,2022-12-01,2025-06-06,22373.0,-1.0
USGOVT,2022-12-01,2025-07-03,22373.0,-1.0
USGOVT,2022-12-01,2025-08-01,22373.0,-1.0
USGOVT,2022-12-01,2025-09-05,22373.0,-1.0
USGOVT,2022-12-01,2025-11-20,22373.0,-1.0
USGOVT,2022-12-01,2025-12-16,22373.0,-1.0
USGOVT,2022-12-01,2026-01-09,22373.0,-1.0
USGOVT,2022-12-01,2026-02-11,22365.0,-14.0
USGOVT,2022-12-01,2026-03-06,22365.0,-14.0
USGOVT,2022-12-01,2026-04-03,22365.0,-14.0
USGOVT,2022-12-01,2026-05-08,22365.0,-14.0
USGOVT,2022-12-01,2026-06-05,22365.0,-14.0
USGOVT,2022-12-01,2026-07-02,22365.0,-14.0
USGOVT,2023-01-01,2023-02-03,22389.0,74.0
USGOVT,2023-01-01,2023-03-10,22449.0,118.0
USGOVT,2023-01-01,2023-04-07,22450.0,119.0
USGOVT,2023-01-01,2023-05-05,22450.0,119.0
USGOVT,2023-01-01,2023-06-02,22450.0,119.0
USGOVT,2023-01-01,2023-07-07,22450.0,119.0
USGOVT,2023-01-01,2023-08-04,22450.0,119.0
USGOVT,2023-01-01,2023-09-01,22450.0,119.0
USGOVT,2023-01-01,2023-10-06,22450.0,119.0
USGOVT,2023-01-01,2023-11-03,22450.0,119.0
USGOVT,2023-01-01,2023-12-08,22450.0,119.0
USGOVT,2023-01-01,2024-01-05,22450.0,119.0
USGOVT,2023-01-01,2024-02-02,22490.0,123.0
USGOVT,2023-01-01,2024-03-08,22490.0,123.0
USGOVT,2023-01-01,2024-04-05,22490.0,123.0
USGOVT,2023-01-01,2024-05-03,22490.0,123.0
USGOVT,2023-01-01,2024-06-07,22490.0,123.0
USGOVT,2023-01-01,2024-07-05,22490.0,123.0
USGOVT,2023-01-01,2024-08-02,22490.0,123.0
USGOVT,2023-01-01,2024-09-06,22490.0,123.0
USGOVT,2023-01-01,2024-10-04,22490.0,123.0
USGOVT,2023-01-01,2024-11-01,22490.0,123.0
USGOVT,2023-01-01,2024-12-06,22490.0,123.0
USGOVT,2023-01-01,2025-01-10,22490.0,123.0
USGOVT,2023-01-01,2025-02-07,22492.0,119.0
USGOVT,2023-01-01,2025-03-07,22492.0,119.0
USGOVT,2023-01-01,2025-04-04,22492.0,119.0
USGOVT,2023-01-01,2025-05-02,22492.0,119.0
USGOVT,2023-01-01,2025-06-06,22492.0,119.0
USGOVT,2023-01-01,2025-07-03,22492.0,119.0
USGOVT,2023-01-01,2025-08-01,22492.0,119.0
USGOVT,2023-01-01,2025-09-05,22492.0,119.0
USGOVT,2023-01-01,2025-11-20,22492.0,119.0
USGOVT,2023-01-01,2025-12-16,22492.0,119.0
USGOVT,2023-01-01,2026-01-09,22492.0,119.0
USGOVT,2023-01-01,2026-02-11,22484.0,119.0
USGOVT,2023-01-01,2026-03-06,22484.0,119.0
USGOVT,2023-01-01,2026-04-03,22484.0,119.0
USGOVT,2023-01-01,2026-05-08,22484.0,119.0
USGOVT,2023-01-01,2026-06-05,22484.0,119.0
USGOVT,2023-01-01,2026-07-02,22484.0,119.0
USGOVT,2023-02-01,2023-03-10,22495.0,46.0
USGOVT,2023-02-01,2023-04-07,22510.0,60.0
USGOVT,2023-02-01,2023-05-05,22505.0,55.0
USGOVT,2023-02-01,2023-06-02,22505.0,55.0
USGOVT,2023-02-01,2023-07-07,22505.0,55.0
USGOVT,2023-02-01,2023-08-04,22505.0,55.0
USGOVT,2023-02-01,2023-09-01,22505.0,55.0
USGOVT,2023-02-01,2023-10-06,22505.0,55.0
USGOVT,2023-02-01,2023-11-03,22505.0,55.0
USGOVT,2023-02-01,2023-12-08,22505.0,55.0
USGOVT,2023-02-01,2024-01-05,22505.0,55.0
USGOVT,2023-02-01,2024-02-02,22551.0,61.0
USGOVT,2023-02-01,2024-03-08,22551.0,61.0
USGOVT,2023-02-01,2024-04-05,22551.0,61.0
USGOVT,2023-02-01,2024-05-03,22551.0,61.0
USGOVT,2023-02-01,2024-06-07,22551.0,61.0
USGOVT,2023-02-01,2024-07-05,22551.0,61.0
USGOVT,2023-02-01,2024-08-02,22551.0,61.0
USGOVT,2023-02-01,2024-09-06,22551.0,61.0
USGOVT,2023-02-01,2024-10-04,22551.0,61.0
USGOVT,2023-02-01,2024-11-01,22551.0,61.0
USGOVT,2023-02-01,2024-12-06,22551.0,61.0
USGOVT,2023-02-01,2025-01-10,22551.0,61.0
USGOVT,2023-02-01,2025-02-07,22548.0,56.0
USGOVT,2023-02-01,2025-03-07,22548.0,56.0
USGOVT,2023-02-01,2025-04-04,22548.0,56.0
USGOVT,2023-02-01,2025-05-02,22548.0,56.0
USGOVT,2023-02-01,2025-06-06,22548.0,56.0
USGOVT,2023-02-01,2025-07-03,22548.0,56.0
USGOVT,2023-02-01,2025-08-01,22548.0,56.0
USGOVT,2023-02-01,2025-09-05,22548.0,56.0
USGOVT,2023-02-01,2025-11-20,22548.0,56.0
USGOVT,2023-02-01,2025-12-16,22548.0,56.0
USGOVT,2023-02-01,2026-01-09,22548.0,56.0
USGOVT,2023-02-01,2026-02-11,22538.0,54.0
USGOVT,2023-02-01,2026-03-06,22538.0,54.0
USGOVT,2023-02-01,2026-04-03,22538.0,54.0
USGOVT,2023-02-01,2026-05-08,22538.0,54.0
USGOVT,2023-02-01,2026-06-05,22538.0,54.0
USGOVT,2023-02-01,2026-07-02,22538.0,54.0
USGOVT,2023-03-01,2023-04-07,22557.0,47.0
USGOVT,2023-03-01,2023-05-05,22547.0,42.0
USGOVT,2023-03-01,2023-06-02,22565.0,60.0
USGOVT,2023-03-01,2023-07-07,22565.0,60.0
USGOVT,2023-03-01,2023-08-04,22565.0,60.0
USGOVT,2023-03-01,2023-09-01,22565.0,60.0
USGOVT,2023-03-01,2023-10-06,22565.0,60.0
USGOVT,2023-03-01,2023-11-03,22565.0,60.0
USGOVT,2023-03-01,2023-12-08,22565.0,60.0
USGOVT,2023-03-01,2024-01-05,22565.0,60.0
USGOVT,2023-03-01,2024-02-02,22606.0,55.0
USGOVT,2023-03-01,2024-03-08,22606.0,55.0
USGOVT,2023-03-01,2024-04-05,22606.0,55.0
USGOVT,2023-03-01,2024-05-03,22606.0,55.0
USGOVT,2023-03-01,2024-06-07,22606.0,55.0
USGOVT,2023-03-01,2024-07-05,22606.0,55.0
USGOVT,2023-03-01,2024-08-02,22606.0,55.0
USGOVT,2023-03-01,2024-09-06,22606.0,55.0
USGOVT,2023-03-01,2024-10-04,22606.0,55.0
USGOVT,2023-03-01,2024-11-01,22606.0,55.0
USGOVT,2023-03-01,2024-12-06,22606.0,55.0
USGOVT,2023-03-01,2025-01-10,22606.0,55.0
USGOVT,2023-03-01,2025-02-07,22585.0,37.0
USGOVT,2023-03-01,2025-03-07,22585.0,37.0
USGOVT,2023-03-01,2025-04-04,22585.0,37.0
USGOVT,2023-03-01,2025-05-02,22585.0,37.0
USGOVT,2023-03-01,2025-06-06,22585.0,37.0
USGOVT,2023-03-01,2025-07-03,22585.0,37.0
USGOVT,2023-03-01,2025-08-01,22585.0,37.0
USGOVT,2023-03-01,2025-09-05,22585.0,37.0
USGOVT,2023-03-01,2025-11-20,22585.0,37.0
USGOVT,2023-03-01,2025-12-16,22585.0,37.0
USGOVT,2023-03-01,2026-01-09,22585.0,37.0
USGOVT,2023-03-01,2026-02-11,22580.0,42.0
USGOVT,2023-03-01,2026-03-06,22580.0,42.0
USGOVT,2023-03-01,2026-04-03,22580.0,42.0
USGOVT,2023-03-01,2026-05-08,22580.0,42.0
USGOVT,2023-03-01,2026-06-05,22580.0,42.0
USGOVT,2023-03-01,2026-07-02,22580.0,42.0
USGOVT,2023-04-01,2023-05-05,22570.0,23.0
USGOVT,2023-04-01,2023-06-02,22606.0,41.0
USGOVT,2023-04-01,2023-07-07,22603.0,38.0
USGOVT,2023-04-01,2023-08-04,22603.0,38.0
USGOVT,2023-04-01,2023-09-01,22603.0,38.0
USGOVT,2023-04-01,2023-10-06,22603.0,38.0
USGOVT,2023-04-01,2023-11-03,22603.0,38.0
USGOVT,2023-04-01,2023-12-08,22603.0,38.0
USGOVT,2023-04-01,2024-01-05,22603.0,38.0
USGOVT,2023-04-01,2024-02-02,22653.0,47.0
USGOVT,2023-04-01,2024-03-08,22653.0,47.0
USGOVT,2023-04-01,2024-04-05,22653.0,47.0
USGOVT,2023-04-01,2024-05-03,22653.0,47.0
USGOVT,2023-04-01,2024-06-07,22653.0,47.0
USGOVT,2023-04-01,2024-07-05,22653.0,47.0
USGOVT,2023-04-01,2024-08-02,22653.0,47.0
USGOVT,2023-04-01,2024-09-06,22653.0,47.0
USGOVT,2023-04-01,2024-10-04,22653.0,47.0
USGOVT,2023-04-01,2024-11-01,22653.0,47.0
USGOVT,2023-04-01,2024-12-06,22653.0,47.0
USGOVT,2023-04-01,2025-01-10,22653.0,47.0
USGOVT,2023-04-01,2025-02-07,22634.0,49.0
USGOVT,2023-04-01,2025-03-07,22634.0,49.0
USGOVT,2023-04-01,2025-04-04,22634.0,49.0
USGOVT,2023-04-01,2025-05-02,22634.0,49.0
USGOVT,2023-04-01,2025-06-06,22634.0,49.0
USGOVT,2023-04-01,2025-07-03,22634.0,49.0
USGOVT,2023-04-01,2025-08-01,22634.0,49.0
USGOVT,2023-04-01,2025-09-05,22634.0,49.0
USGOVT,2023-04-01,2025-11-20,22634.0,49.0
USGOVT,2023-04-01,2025-12-16,22634.0,49.0
USGOVT,2023-04-01,2026-01-09,22634.0,49.0
USGOVT,2023-04-01,2026-02-11,22642.0,62.0
USGOVT,2023-04-01,2026-03-06,22642.0,62.0
USGOVT,2023-04-01,2026-04-03,22642.0,62.0
USGOVT,2023-04-01,2026-05-08,22642.0,62.0
USGOVT,2023-04-01,2026-06-05,22642.0,62.0
USGOVT,2023-04-01,2026-07-02,22642.0,62.0
USGOVT,2023-05-01,2023-06-02,22662.0,56.0
USGOVT,2023-05-01,2023-07-07,22650.0,47.0
USGOVT,2023-05-01,2023-08-04,22629.0,26.0
USGOVT,2023-05-01,2023-09-01,22629.0,26.0
USGOVT,2023-05-01,2023-10-06,22629.0,26.0
USGOVT,2023-05-01,2023-11-03,22629.0,26.0
USGOVT,2023-05-01,2023-12-08,22629.0,26.0
USGOVT,2023-05-01,2024-01-05,22629.0,26.0
USGOVT,2023-05-01,2024-02-02,22702.0,49.0
USGOVT,2023-05-01,2024-03-08,22702.0,49.0
USGOVT,2023-05-01,2024-04-05,22702.0,49.0
USGOVT,2023-05-01,2024-05-03,22702.0,49.0
USGOVT,2023-05-01,2024-06-07,22702.0,49.0
USGOVT,2023-05-01,2024-07-05,22702.0,49.0
USGOVT,2023-05-01,2024-08-02,22702.0,49.0
USGOVT,2023-05-01,2024-09-06,22702.0,49.0
USGOVT,2023-05-01,2024-10-04,22702.0,49.0
USGOVT,2023-05-01,2024-11-01,22702.0,49.0
USGOVT,2023-05-01,2024-12-06,22702.0,49.0
USGOVT,2023-05-01,2025-01-10,22702.0,49.0
USGOVT,2023-05-01,2025-02-07,22695.0,61.0
USGOVT,2023-05-01,2025-03-07,22695.0,61.0
USGOVT,2023-05-01,2025-04-04,22695.0,61.0
USGOVT,2023-05-01,2025-05-02,22695.0,61.0
USGOVT,2023-05-01,2025-06-06,22695.0,61.0
USGOVT,2023-05-01,2025-07-03,22695.0,61.0
USGOVT,2023-05-01,2025-08-01,22695.0,61.0
USGOVT,2023-05-01,2025-09-05,22695.0,61.0
USGOVT,2023-05-01,2025-11-20,22695.0,61.0
USGOVT,2023-05-01,2025-12-16,22695.0,61.0
USGOVT,2023-05-01,2026-01-09,22695.0,61.0
USGOVT,2023-05-01,2026-02-11,22722.0,80.0
USGOVT,2023-05-01,2026-03-06,22722.0,80.0
USGOVT,2023-05-01,2026-04-03,22722.0,80.0
USGOVT,2023-05-01,2026-05-08,22722.0,80.0
USGOVT,2023-05-01,2026-06-05,22722.0,80.0
USGOVT,2023-05-01,2026-07-02,22722.0,80.0
USGOVT,2023-06-01,2023-07-07,22710.0,60.0
USGOVT,2023-06-01,2023-08-04,22686.0,57.0
USGOVT,2023-06-01,2023-09-01,22648.0,19.0
USGOVT,2023-06-01,2023-10-06,22648.0,19.0
USGOVT,2023-06-01,2023-11-03,22648.0,19.0
USGOVT,2023-06-01,2023-12-08,22648.0,19.0
USGOVT,2023-06-01,2024-01-05,22648.0,19.0
USGOVT,2023-06-01,2024-02-02,22757.0,55.0
USGOVT,2023-06-01,2024-03-08,22757.0,55.0
USGOVT,2023-06-01,2024-04-05,22757.0,55.0
USGOVT,2023-06-01,2024-05-03,22757.0,55.0
USGOVT,2023-06-01,2024-06-07,22757.0,55.0
USGOVT,2023-06-01,2024-07-05,22757.0,55.0
USGOVT,2023-06-01,2024-08-02,22757.0,55.0
USGOVT,2023-06-01,2024-09-06,22757.0,55.0
USGOVT,2023-06-01,2024-10-04,22757.0,55.0
USGOVT,2023-06-01,2024-11-01,22757.0,55.0
USGOVT,2023-06-01,2024-12-06,22757.0,55.0
USGOVT,2023-06-01,2025-01-10,22757.0,55.0
USGOVT,2023-06-01,2025-02-07,22782.0,87.0
USGOVT,2023-06-01,2025-03-07,22782.0,87.0
USGOVT,2023-06-01,2025-04-04,22782.0,87.0
USGOVT,2023-06-01,2025-05-02,22782.0,87.0
USGOVT,2023-06-01,2025-06-06,22782.0,87.0
USGOVT,2023-06-01,2025-07-03,22782.0,87.0
USGOVT,2023-06-01,2025-08-01,22782.0,87.0
USGOVT,2023-06-01,2025-09-05,22782.0,87.0
USGOVT,2023-06-01,2025-11-20,22782.0,87.0
USGOVT,2023-06-01,2025-12-16,22782.0,87.0
USGOVT,2023-06-01,2026-01-09,22782.0,87.0
USGOVT,2023-06-01,2026-02-11,22792.0,70.0
USGOVT,2023-06-01,2026-03-06,22792.0,70.0
USGOVT,2023-06-01,2026-04-03,22792.0,70.0
USGOVT,2023-06-01,2026-05-08,22792.0,70.0
USGOVT,2023-06-01,2026-06-05,22792.0,70.0
USGOVT,2023-06-01,2026-07-02,22792.0,70.0
USGOVT,2023-07-01,2023-08-04,22701.0,15.0
USGOVT,2023-07-01,2023-09-01,22650.0,2.0
USGOVT,2023-07-01,2023-10-06,22739.0,91.0
USGOVT,2023-07-01,2023-11-03,22739.0,91.0
USGOVT,2023-07-01,2023-12-08,22739.0,91.0
USGOVT,2023-07-01,2024-01-05,22739.0,91.0
USGOVT,2023-07-01,2024-02-02,22793.0,36.0
USGOVT,2023-07-01,2024-03-08,22793.0,36.0
USGOVT,2023-07-01,2024-04-05,22793.0,36.0
USGOVT,2023-07-01,2024-05-03,22793.0,36.0
USGOVT,2023-07-01,2024-06-07,22793.0,36.0
USGOVT,2023-07-01,2024-07-05,22793.0,36.0
USGOVT,2023-07-01,2024-08-02,22793.0,36.0
USGOVT,2023-07-01,2024-09-06,22793.0,36.0
USGOVT,2023-07-01,2024-10-04,22793.0,36.0
USGOVT,2023-07-01,2024-11-01,22793.0,36.0
USGOVT,2023-07-01,2024-12-06,22793.0,36.0
USGOVT,2023-07-01,2025-01-10,22793.0,36.0
USGOVT,2023-07-01,2025-02-07,22820.0,38.0
USGOVT,2023-07-01,2025-03-07,22820.0,38.0
USGOVT,2023-07-01,2025-04-04,22820.0,38.0
USGOVT,2023-07-01,2025-05-02,22820.0,38.0
USGOVT,2023-07-01,2025-06-06,22820.0,38.0
USGOVT,2023-07-01,2025-07-03,22820.0,38.0
USGOVT,2023-07-01,2025-08-01,22820.0,38.0
USGOVT,2023-07-01,2025-09-05,22820.0,38.0
USGOVT,2023-07-01,2025-11-20,22820.0,38.0
USGOVT,2023-07-01,2025-12-16,22820.0,38.0
USGOVT,2023-07-01,2026-01-09,22820.0,38.0
USGOVT,2023-07-01,2026-02-11,22837.0,45.0
USGOVT,2023-07-01,2026-03-06,22837.0,45.0
USGOVT,2023-07-01,2026-04-03,22837.0,45.0
USGOVT,2023-07-01,2026-05-08,22837.0,45.0
USGOVT,2023-07-01,2026-06-05,22837.0,45.0
USGOVT,2023-07-01,2026-07-02,22837.0,45.0
USGOVT,2023-08-01,2023-09-01,22658.0,8.0
USGOVT,2023-08-01,2023-10-06,22789.0,50.0
USGOVT,2023-08-01,2023-11-03,22790.0,51.0
USGOVT,2023-08-01,2023-12-08,22790.0,51.0
USGOVT,2023-08-01,2024-01-05,22790.0,51.0
USGOVT,2023-08-01,2024-02-02,22853.0,60.0
USGOVT,2023-08-01,2024-03-08,22853.0,60.0
USGOVT,2023-08-01,2024-04-05,22853.0,60.0
USGOVT,2023-08-01,2024-05-03,22853.0,60.0
USGOVT,2023-08-01,2024-06-07,22853.0,60.0
USGOVT,2023-08-01,2024-07-05,22853.0,60.0
USGOVT,2023-08-01,2024-08-02,22853.0,60.0
USGOVT,2023-08-01,2024-09-06,22853.0,60.0
USGOVT,2023-08-01,2024-10-04,22853.0,60.0
USGOVT,2023-08-01,2024-11-01,22853.0,60.0
USGOVT,2023-08-01,2024-12-06,22853.0,60.0
USGOVT,2023-08-01,2025-01-10,22853.0,60.0
USGOVT,2023-08-01,2025-02-07,22869.0,49.0
USGOVT,2023-08-01,2025-03-07,22869.0,49.0
USGOVT,2023-08-01,2025-04-04,22869.0,49.0
USGOVT,2023-08-01,2025-05-02,22869.0,49.0
USGOVT,2023-08-01,2025-06-06,22869.0,49.0
USGOVT,2023-08-01,2025-07-03,22869.0,49.0
USGOVT,2023-08-01,2025-08-01,22869.0,49.0
USGOVT,2023-08-01,2025-09-05,22869.0,49.0
USGOVT,2023-08-01,2025-11-20,22869.0,49.0
USGOVT,2023-08-01,2025-12-16,22869.0,49.0
USGOVT,2023-08-01,2026-01-09,22869.0,49.0
USGOVT,2023-08-01,2026-02-11,22907.0,70.0
USGOVT,2023-08-01,2026-03-06,22907.0,70.0
USGOVT,2023-08-01,2026-04-03,22907.0,70.0
USGOVT,2023-08-01,2026-05-08,22907.0,70.0
USGOVT,2023-08-01,2026-06-05,22907.0,70.0
USGOVT,2023-08-01,2026-07-02,22907.0,70.0
USGOVT,2023-09-01,2023-10-06,22862.0,73.0
USGOVT,2023-09-01,2023-11-03,22841.0,51.0
USGOVT,2023-09-01,2023-12-08,22853.0,63.0
USGOVT,2023-09-01,2024-01-05,22853.0,63.0
USGOVT,2023-09-01,2024-02-02,22903.0,50.0
USGOVT,2023-09-01,2024-03-08,22903.0,50.0
USGOVT,2023-09-01,2024-04-05,22903.0,50.0
USGOVT,2023-09-01,2024-05-03,22903.0,50.0
USGOVT,2023-09-01,2024-06-07,22903.0,50.0
USGOVT,2023-09-01,2024-07-05,22903.0,50.0
USGOVT,2023-09-01,2024-08-02,22903.0,50.0
USGOVT,2023-09-01,2024-09-06,22903.0,50.0
USGOVT,2023-09-01,2024-10-04,22903.0,50.0
USGOVT,2023-09-01,2024-11-01,22903.0,50.0
USGOVT,2023-09-01,2024-12-06,22903.0,50.0
USGOVT,2023-09-01,2025-01-10,22903.0,50.0
USGOVT,2023-09-01,2025-02-07,22938.0,69.0
USGOVT,2023-09-01,2025-03-07,22938.0,69.0
USGOVT,2023-09-01,2025-04-04,22938.0,69.0
USGOVT,2023-09-01,2025-05-02,22938.0,69.0
USGOVT,2023-09-01,2025-06-06,22938.0,69.0
USGOVT,2023-09-01,2025-07-03,22938.0,69.0
USGOVT,2023-09-01,2025-08-01,22938.0,69.0
USGOVT,2023-09-01,2025-09-05,22938.0,69.0
USGOVT,2023-09-01,2025-11-20,22938.0,69.0
USGOVT,2023-09-01,2025-12-16,22938.0,69.0
USGOVT,2023-09-01,2026-01-09,22938.0,69.0
USGOVT,2023-09-01,2026-02-11,22948.0,41.0
USGOVT,2023-09-01,2026-03-06,22948.0,41.0
USGOVT,2023-09-01,2026-04-03,22948.0,41.0
USGOVT,2023-09-01,2026-05-08,22948.0,41.0
USGOVT,2023-09-01,2026-06-05,22948.0,41.0
USGOVT,2023-09-01,2026-07-02,22948.0,41.0
USGOVT,2023-10-01,2023-11-03,22892.0,51.0
USGOVT,2023-10-01,2023-12-08,22918.0,65.0
USGOVT,2023-10-01,2024-01-05,22914.0,61.0
USGOVT,2023-10-01,2024-02-02,22970.0,67.0
USGOVT,2023-10-01,2024-03-08,22970.0,67.0
USGOVT,2023-10-01,2024-04-05,22970.0,67.0
USGOVT,2023-10-01,2024-05-03,22970.0,67.0
USGOVT,2023-10-01,2024-06-07,22970.0,67.0
USGOVT,2023-10-01,2024-07-05,22970.0,67.0
USGOVT,2023-10-01,2024-08-02,22970.0,67.0
USGOVT,2023-10-01,2024-09-06,22970.0,67.0
USGOVT,2023-10-01,2024-10-04,22970.0,67.0
USGOVT,2023-10-01,2024-11-01,22970.0,67.0
USGOVT,2023-10-01,2024-12-06,22970.0,67.0
USGOVT,2023-10-01,2025-01-10,22970.0,67.0
USGOVT,2023-10-01,2025-02-07,23007.0,69.0
USGOVT,2023-10-01,2025-03-07,23007.0,69.0
USGOVT,2023-10-01,2025-04-04,23007.0,69.0
USGOVT,2023-10-01,2025-05-02,23007.0,69.0
USGOVT,2023-10-01,2025-06-06,23007.0,69.0
USGOVT,2023-10-01,2025-07-03,23007.0,69.0
USGOVT,2023-10-01,2025-08-01,23007.0,69.0
USGOVT,2023-10-01,2025-09-05,23007.0,69.0
USGOVT,2023-10-01,2025-11-20,23007.0,69.0
USGOVT,2023-10-01,2025-12-16,23007.0,69.0
USGOVT,2023-10-01,2026-01-09,23007.0,69.0
USGOVT,2023-10-01,2026-02-11,22993.0,45.0
USGOVT,2023-10-01,2026-03-06,22993.0,45.0
USGOVT,2023-10-01,2026-04-03,22993.0,45.0
USGOVT,2023-10-01,2026-05-08,22993.0,45.0
USGOVT,2023-10-01,2026-06-05,22993.0,45.0
USGOVT,2023-10-01,2026-07-02,22993.0,45.0
USGOVT,2023-11-01,2023-12-08,22967.0,49.0
USGOVT,2023-11-01,2024-01-05,22951.0,37.0
USGOVT,2023-11-01,2024-02-02,23000.0,30.0
USGOVT,2023-11-01,2024-03-08,23000.0,30.0
USGOVT,2023-11-01,2024-04-05,23000.0,30.0
USGOVT,2023-11-01,2024-05-03,23000.0,30.0
USGOVT,2023-11-01,2024-06-07,23000.0,30.0
USGOVT,2023-11-01,2024-07-05,23000.0,30.0
USGOVT,2023-11-01,2024-08-02,23000.0,30.0
USGOVT,2023-11-01,2024-09-06,23000.0,30.0
USGOVT,2023-11-01,2024-10-04,23000.0,30.0
USGOVT,2023-11-01,2024-11-01,23000.0,30.0
USGOVT,2023-11-01,2024-12-06,23000.0,30.0
USGOVT,2023-11-01,2025-01-10,23000.0,30.0
USGOVT,2023-11-01,2025-02-07,23051.0,44.0
USGOVT,2023-11-01,2025-03-07,23051.0,44.0
USGOVT,2023-11-01,2025-04-04,23051.0,44.0
USGOVT,2023-11-01,2025-05-02,23051.0,44.0
USGOVT,2023-11-01,2025-06-06,23051.0,44.0
USGOVT,2023-11-01,2025-07-03,23051.0,44.0
USGOVT,2023-11-01,2025-08-01,23051.0,44.0
USGOVT,2023-11-01,2025-09-05,23051.0,44.0
USGOVT,2023-11-01,2025-11-20,23051.0,44.0
USGOVT,2023-11-01,2025-12-16,23051.0,44.0
USGOVT,2023-11-01,2026-01-09,23051.0,44.0
USGOVT,2023-11-01,2026-02-11,23036.0,43.0
USGOVT,2023-11-01,2026-03-06,23036.0,43.0
USGOVT,2023-11-01,2026-04-03,23036.0,43.0
USGOVT,2023-11-01,2026-05-08,23036.0,43.0
USGOVT,2023-11-01,2026-06-05,23036.0,43.0
USGOVT,2023-11-01,2026-07-02,23036.0,43.0
USGOVT,2023-12-01,2024-01-05,23003.0,52.0
USGOVT,2023-12-01,2024-02-02,23055.0,55.0
USGOVT,2023-12-01,2024-03-08,23076.0,76.0
USGOVT,2023-12-01,2024-04-05,23076.0,76.0
USGOVT,2023-12-01,2024-05-03,23076.0,76.0
USGOVT,2023-12-01,2024-06-07,23076.0,76.0
USGOVT,2023-12-01,2024-07-05,23076.0,76.0
USGOVT,2023-12-01,2024-08-02,23076.0,76.0
USGOVT,2023-12-01,2024-09-06,23076.0,76.0
USGOVT,2023-12-01,2024-10-04,23076.0,76.0
USGOVT,2023-12-01,2024-11-01,23076.0,76.0
USGOVT,2023-12-01,2024-12-06,23076.0,76.0
USGOVT,2023-12-01,2025-01-10,23076.0,76.0
USGOVT,2023-12-01,2025-02-07,23107.0,56.0
USGOVT,2023-12-01,2025-03-07,23107.0,56.0
USGOVT,2023-12-01,2025-04-04,23107.0,56.0
USGOVT,2023-12-01,2025-05-02,23107.0,56.0
USGOVT,2023-12-01,2025-06-06,23107.0,56.0
USGOVT,2023-12-01,2025-07-03,23107.0,56.0
USGOVT,2023-12-01,2025-08-01,23107.0,56.0
USGOVT,2023-12-01,2025-09-05,23107.0,56.0
USGOVT,2023-12-01,2025-11-20,23107.0,56.0
USGOVT,2023-12-01,2025-12-16,23107.0,56.0
USGOVT,2023-12-01,2026-01-09,23107.0,56.0
USGOVT,2023-12-01,2026-02-11,23091.0,55.0
USGOVT,2023-12-01,2026-03-06,23091.0,55.0
USGOVT,2023-12-01,2026-04-03,23091.0,55.0
USGOVT,2023-12-01,2026-05-08,23091.0,55.0
USGOVT,2023-12-01,2026-06-05,23091.0,55.0
USGOVT,2023-12-01,2026-07-02,23091.0,55.0
USGOVT,2024-01-01,2024-02-02,23091.0,36.0
USGOVT,2024-01-01,2024-03-08,23128.0,52.0
USGOVT,2024-01-01,2024-04-05,23136.0,60.0
USGOVT,2024-01-01,2024-05-03,23136.0,60.0
USGOVT,2024-01-01,2024-06-07,23136.0,60.0
USGOVT,2024-01-01,2024-07-05,23136.0,60.0
USGOVT,2024-01-01,2024-08-02,23136.0,60.0
USGOVT,2024-01-01,2024-09-06,23136.0,60.0
USGOVT,2024-01-01,2024-10-04,23136.0,60.0
USGOVT,2024-01-01,2024-11-01,23136.0,60.0
USGOVT,2024-01-01,2024-12-06,23136.0,60.0
USGOVT,2024-01-01,2025-01-10,23136.0,60.0
USGOVT,2024-01-01,2025-02-07,23153.0,46.0
USGOVT,2024-01-01,2025-03-07,23153.0,46.0
USGOVT,2024-01-01,2025-04-04,23153.0,46.0
USGOVT,2024-01-01,2025-05-02,23153.0,46.0
USGOVT,2024-01-01,2025-06-06,23153.0,46.0
USGOVT,2024-01-01,2025-07-03,23153.0,46.0
USGOVT,2024-01-01,2025-08-01,23153.0,46.0
USGOVT,2024-01-01,2025-09-05,23153.0,46.0
USGOVT,2024-01-01,2025-11-20,23153.0,46.0
USGOVT,2024-01-01,2025-12-16,23153.0,46.0
USGOVT,2024-01-01,2026-01-09,23153.0,46.0
USGOVT,2024-01-01,2026-02-11,23140.0,49.0
USGOVT,2024-01-01,2026-03-06,23140.0,49.0
USGOVT,2024-01-01,2026-04-03,23140.0,49.0
USGOVT,2024-01-01,2026-05-08,23140.0,49.0
USGOVT,2024-01-01,2026-06-05,23140.0,49.0
USGOVT,2024-01-01,2026-07-02,23140.0,49.0
USGOVT,2024-02-01,2024-03-08,23180.0,52.0
USGOVT,2024-02-01,2024-04-05,23199.0,63.0
USGOVT,2024-02-01,2024-05-03,23191.0,55.0
USGOVT,2024-02-01,2024-06-07,23191.0,55.0
USGOVT,2024-02-01,2024-07-05,23191.0,55.0
USGOVT,2024-02-01,2024-08-02,23191.0,55.0
USGOVT,2024-02-01,2024-09-06,23191.0,55.0
USGOVT,2024-02-01,2024-10-04,23191.0,55.0
USGOVT,2024-02-01,2024-11-01,23191.0,55.0
USGOVT,2024-02-01,2024-12-06,23191.0,55.0
USGOVT,2024-02-01,2025-01-10,23191.0,55.0
USGOVT,2024-02-01,2025-02-07,23224.0,71.0
USGOVT,2024-02-01,2025-03-07,23224.0,71.0
USGOVT,2024-02-01,2025-04-04,23224.0,71.0
USGOVT,2024-02-01,2025-05-02,23224.0,71.0
USGOVT,2024-02-01,2025-06-06,23224.0,71.0
USGOVT,2024-02-01,2025-07-03,23224.0,71.0
USGOVT,2024-02-01,2025-08-01,23224.0,71.0
USGOVT,2024-02-01,2025-09-05,23224.0,71.0
USGOVT,2024-02-01,2025-11-20,23224.0,71.0
USGOVT,2024-02-01,2025-12-16,23224.0,71.0
USGOVT,2024-02-01,2026-01-09,23224.0,71.0
USGOVT,2024-02-01,2026-02-11,23211.0,71.0
USGOVT,2024-02-01,2026-03-06,23211.0,71.0
USGOVT,2024-02-01,2026-04-03,23211.0,71.0
USGOVT,2024-02-01,2026-05-08,23211.0,71.0
USGOVT,2024-02-01,2026-06-05,23211.0,71.0
USGOVT,2024-02-01,2026-07-02,23211.0,71.0
USGOVT,2024-03-01,2024-04-05,23270.0,71.0
USGOVT,2024-03-01,2024-05-03,23263.0,72.0
USGOVT,2024-03-01,2024-06-07,23269.0,78.0
USGOVT,2024-03-01,2024-07-05,23269.0,78.0
USGOVT,2024-03-01,2024-08-02,23269.0,78.0
USGOVT,2024-03-01,2024-09-06,23269.0,78.0
USGOVT,2024-03-01,2024-10-04,23269.0,78.0
USGOVT,2024-03-01,2024-11-01,23269.0,78.0
USGOVT,2024-03-01,2024-12-06,23269.0,78.0
USGOVT,2024-03-01,2025-01-10,23269.0,78.0
USGOVT,2024-03-01,2025-02-07,23301.0,77.0
USGOVT,2024-03-01,2025-03-07,23301.0,77.0
USGOVT,2024-03-01,2025-04-04,23301.0,77.0
USGOVT,2024-03-01,2025-05-02,23301.0,77.0
USGOVT,2024-03-01,2025-06-06,23301.0,77.0
USGOVT,2024-03-01,2025-07-03,23301.0,77.0
USGOVT,2024-03-01,2025-08-01,23301.0,77.0
USGOVT,2024-03-01,2025-09-05,23301.0,77.0
USGOVT,2024-03-01,2025-11-20,23301.0,77.0
USGOVT,2024-03-01,2025-12-16,23301.0,77.0
USGOVT,2024-03-01,2026-01-09,23301.0,77.0
USGOVT,2024-03-01,2026-02-11,23296.0,85.0
USGOVT,2024-03-01,2026-03-06,23296.0,85.0
USGOVT,2024-03-01,2026-04-03,23296.0,85.0
USGOVT,2024-03-01,2026-05-08,23296.0,85.0
USGOVT,2024-03-01,2026-06-05,23296.0,85.0
USGOVT,2024-03-01,2026-07-02,23296.0,85.0
USGOVT,2024-04-01,2024-05-03,23271.0,8.0
USGOVT,2024-04-01,2024-06-07,23276.0,7.0
USGOVT,2024-04-01,2024-07-05,23269.0,0.0
USGOVT,2024-04-01,2024-08-02,23269.0,0.0
USGOVT,2024-04-01,2024-09-06,23269.0,0.0
USGOVT,2024-04-01,2024-10-04,23269.0,0.0
USGOVT,2024-04-01,2024-11-01,23269.0,0.0
USGOVT,2024-04-01,2024-12-06,23269.0,0.0
USGOVT,2024-04-01,2025-01-10,23269.0,0.0
USGOVT,2024-04-01,2025-02-07,23290.0,-11.0
USGOVT,2024-04-01,2025-03-07,23290.0,-11.0
USGOVT,2024-04-01,2025-04-04,23290.0,-11.0
USGOVT,2024-04-01,2025-05-02,23290.0,-11.0
USGOVT,2024-04-01,2025-06-06,23290.0,-11.0
USGOVT,2024-04-01,2025-07-03,23290.0,-11.0
USGOVT,2024-04-01,2025-08-01,23290.0,-11.0
USGOVT,2024-04-01,2025-09-05,23290.0,-11.0
USGOVT,2024-04-01,2025-11-20,23290.0,-11.0
USGOVT,2024-04-01,2025-12-16,23290.0,-11.0
USGOVT,2024-04-01,2026-01-09,23290.0,-11.0
USGOVT,2024-04-01,2026-02-11,23297.0,1.0
USGOVT,2024-04-01,2026-03-06,23297.0,1.0
USGOVT,2024-04-01,2026-04-03,23297.0,1.0
USGOVT,2024-04-01,2026-05-08,23297.0,1.0
USGOVT,2024-04-01,2026-06-05,23297.0,1.0
USGOVT,2024-04-01,2026-07-02,23297.0,1.0
USGOVT,2024-05-01,2024-06-07,23319.0,43.0
USGOVT,2024-05-01,2024-07-05,23294.0,25.0
USGOVT,2024-05-01,2024-08-02,23279.0,10.0
USGOVT,2024-05-01,2024-09-06,23279.0,10.0
USGOVT,2024-05-01,2024-10-04,23279.0,10.0
USGOVT,2024-05-01,2024-11-01,23279.0,10.0
USGOVT,2024-05-01,2024-12-06,23279.0,10.0
USGOVT,2024-05-01,2025-01-10,23279.0,10.0
USGOVT,2024-05-01,2025-02-07,23323.0,33.0
USGOVT,2024-05-01,2025-03-07,23323.0,33.0
USGOVT,2024-05-01,2025-04-04,23323.0,33.0
USGOVT,2024-05-01,2025-05-02,23323.0,33.0
USGOVT,2024-05-01,2025-06-06,23323.0,33.0
USGOVT,2024-05-01,2025-07-03,23323.0,33.0
USGOVT,2024-05-01,2025-08-01,23323.0,33.0
USGOVT,2024-05-01,2025-09-05,23323.0,33.0
USGOVT,2024-05-01,2025-11-20,23323.0,33.0
USGOVT,2024-05-01,2025-12-16,23323.0,33.0
USGOVT,2024-05-01,2026-01-09,23323.0,33.0
USGOVT,2024-05-01,2026-02-11,23330.0,33.0
USGOVT,2024-05-01,2026-03-06,23330.0,33.0
USGOVT,2024-05-01,2026-04-03,23330.0,33.0
USGOVT,2024-05-01,2026-05-08,23330.0,33.0
USGOVT,2024-05-01,2026-06-05,23330.0,33.0
USGOVT,2024-05-01,2026-07-02,23330.0,33.0
USGOVT,2024-06-01,2024-07-05,23364.0,70.0
USGOVT,2024-06-01,2024-08-02,23322.0,43.0
USGOVT,2024-06-01,2024-09-06,23300.0,21.0
USGOVT,2024-06-01,2024-10-04,23300.0,21.0
USGOVT,2024-06-01,2024-11-01,23300.0,21.0
USGOVT,2024-06-01,2024-12-06,23300.0,21.0
USGOVT,2024-06-01,2025-01-10,23300.0,21.0
USGOVT,2024-06-01,2025-02-07,23344.0,21.0
USGOVT,2024-06-01,2025-03-07,23344.0,21.0
USGOVT,2024-06-01,2025-04-04,23344.0,21.0
USGOVT,2024-06-01,2025-05-02,23344.0,21.0
USGOVT,2024-06-01,2025-06-06,23344.0,21.0
USGOVT,2024-06-01,2025-07-03,23344.0,21.0
USGOVT,2024-06-01,2025-08-01,23344.0,21.0
USGOVT,2024-06-01,2025-09-05,23344.0,21.0
USGOVT,2024-06-01,2025-11-20,23344.0,21.0
USGOVT,2024-06-01,2025-12-16,23344.0,21.0
USGOVT,2024-06-01,2026-01-09,23344.0,21.0
USGOVT,2024-06-01,2026-02-11,23339.0,9.0
USGOVT,2024-06-01,2026-03-06,23339.0,9.0
USGOVT,2024-06-01,2026-04-03,23339.0,9.0
USGOVT,2024-06-01,2026-05-08,23339.0,9.0
USGOVT,2024-06-01,2026-06-05,23339.0,9.0
USGOVT,2024-06-01,2026-07-02,23339.0,9.0
USGOVT,2024-07-01,2024-08-02,23339.0,17.0
USGOVT,2024-07-01,2024-09-06,23315.0,15.0
USGOVT,2024-07-01,2024-10-04,23345.0,45.0
USGOVT,2024-07-01,2024-11-01,23345.0,45.0
USGOVT,2024-07-01,2024-12-06,23345.0,45.0
USGOVT,2024-07-01,2025-01-10,23345.0,45.0
USGOVT,2024-07-01,2025-02-07,23392.0,48.0
USGOVT,2024-07-01,2025-03-07,23392.0,48.0
USGOVT,2024-07-01,2025-04-04,23392.0,48.0
USGOVT,2024-07-01,2025-05-02,23392.0,48.0
USGOVT,2024-07-01,2025-06-06,23392.0,48.0
USGOVT,2024-07-01,2025-07-03,23392.0,48.0
USGOVT,2024-07-01,2025-08-01,23392.0,48.0
USGOVT,2024-07-01,2025-09-05,23392.0,48.0
USGOVT,2024-07-01,2025-11-20,23392.0,48.0
USGOVT,2024-07-01,2025-12-16,23392.0,48.0
USGOVT,2024-07-01,2026-01-09,23392.0,48.0
USGOVT,2024-07-01,2026-02-11,23400.0,61.0
USGOVT,2024-07-01,2026-03-06,23400.0,61.0
USGOVT,2024-07-01,2026-04-03,23400.0,61.0
USGOVT,2024-07-01,2026-05-08,23400.0,61.0
USGOVT,2024-07-01,2026-06-05,23400.0,61.0
USGOVT,2024-07-01,2026-07-02,23400.0,61.0
USGOVT,2024-08-01,2024-09-06,23339.0,24.0
USGOVT,2024-08-01,2024-10-04,23390.0,45.0
USGOVT,2024-08-01,2024-11-01,23386.0,41.0
USGOVT,2024-08-01,2024-12-06,23386.0,41.0
USGOVT,2024-08-01,2025-01-10,23386.0,41.0
USGOVT,2024-08-01,2025-02-07,23430.0,38.0
USGOVT,2024-08-01,2025-03-07,23430.0,38.0
USGOVT,2024-08-01,2025-04-04,23430.0,38.0
USGOVT,2024-08-01,2025-05-02,23430.0,38.0
USGOVT,2024-08-01,2025-06-06,23430.0,38.0
USGOVT,2024-08-01,2025-07-03,23430.0,38.0
USGOVT,2024-08-01,2025-08-01,23430.0,38.0
USGOVT,2024-08-01,2025-09-05,23430.0,38.0
USGOVT,2024-08-01,2025-11-20,23430.0,38.0
USGOVT,2024-08-01,2025-12-16,23430.0,38.0
USGOVT,2024-08-01,2026-01-09,23430.0,38.0
USGOVT,2024-08-01,2026-02-11,23436.0,36.0
USGOVT,2024-08-01,2026-03-06,23436.0,36.0
USGOVT,2024-08-01,2026-04-03,23436.0,36.0
USGOVT,2024-08-01,2026-05-08,23436.0,36.0
USGOVT,2024-08-01,2026-06-05,23436.0,36.0
USGOVT,2024-08-01,2026-07-02,23436.0,36.0
USGOVT,2024-09-01,2024-10-04,23421.0,31.0
USGOVT,2024-09-01,2024-11-01,23417.0,31.0
USGOVT,2024-09-01,2024-12-06,23419.0,33.0
USGOVT,2024-09-01,2025-01-10,23419.0,33.0
USGOVT,2024-09-01,2025-02-07,23462.0,32.0
USGOVT,2024-09-01,2025-03-07,23462.0,32.0
USGOVT,2024-09-01,2025-04-04,23462.0,32.0
USGOVT,2024-09-01,2025-05-02,23462.0,32.0
USGOVT,2024-09-01,2025-06-06,23462.0,32.0
USGOVT,2024-09-01,2025-07-03,23462.0,32.0
USGOVT,2024-09-01,2025-08-01,23462.0,32.0
USGOVT,2024-09-01,2025-09-05,23462.0,32.0
USGOVT,2024-09-01,2025-11-20,23462.0,32.0
USGOVT,2024-09-01,2025-12-16,23462.0,32.0
USGOVT,2024-09-01,2026-01-09,23462.0,32.0
USGOVT,2024-09-01,2026-02-11,23449.0,13.0
USGOVT,2024-09-01,2026-03-06,23449.0,13.0
USGOVT,2024-09-01,2026-04-03,23449.0,13.0
USGOVT,2024-09-01,2026-05-08,23449.0,13.0
USGOVT,2024-09-01,2026-06-05,23449.0,13.0
USGOVT,2024-09-01,2026-07-02,23449.0,13.0
USGOVT,2024-10-01,2024-11-01,23457.0,40.0
USGOVT,2024-10-01,2024-12-06,23457.0,38.0
USGOVT,2024-10-01,2025-01-10,23453.0,34.0
USGOVT,2024-10-01,2025-02-07,23507.0,45.0
USGOVT,2024-10-01,2025-03-07,23507.0,45.0
USGOVT,2024-10-01,2025-04-04,23507.0,45.0
USGOVT,2024-10-01,2025-05-02,23507.0,45.0
USGOVT,2024-10-01,2025-06-06,23507.0,45.0
USGOVT,2024-10-01,2025-07-03,23507.0,45.0
USGOVT,2024-10-01,2025-08-01,23507.0,45.0
USGOVT,2024-10-01,2025-09-05,23507.0,45.0
USGOVT,2024-10-01,2025-11-20,23507.0,45.0
USGOVT,2024-10-01,2025-12-16,23507.0,45.0
USGOVT,2024-10-01,2026-01-09,23507.0,45.0
USGOVT,2024-10-01,2026-02-11,23486.0,37.0
USGOVT,2024-10-01,2026-03-06,23486.0,37.0
USGOVT,2024-10-01,2026-04-03,23486.0,37.0
USGOVT,2024-10-01,2026-05-08,23486.0,37.0
USGOVT,2024-10-01,2026-06-05,23486.0,37.0
USGOVT,2024-10-01,2026-07-02,23486.0,37.0
USGOVT,2024-11-01,2024-12-06,23490.0,33.0
USGOVT,2024-11-01,2025-01-10,23483.0,30.0
USGOVT,2024-11-01,2025-02-07,23524.0,17.0
USGOVT,2024-11-01,2025-03-07,23524.0,17.0
USGOVT,2024-11-01,2025-04-04,23524.0,17.0
USGOVT,2024-11-01,2025-05-02,23524.0,17.0
USGOVT,2024-11-01,2025-06-06,23524.0,17.0
USGOVT,2024-11-01,2025-07-03,23524.0,17.0
USGOVT,2024-11-01,2025-08-01,23524.0,17.0
USGOVT,2024-11-01,2025-09-05,23524.0,17.0
USGOVT,2024-11-01,2025-11-20,23524.0,17.0
USGOVT,2024-11-01,2025-12-16,23524.0,17.0
USGOVT,2024-11-01,2026-01-09,23524.0,17.0
USGOVT,2024-11-01,2026-02-11,23504.0,18.0
USGOVT,2024-11-01,2026-03-06,23504.0,18.0
USGOVT,2024-11-01,2026-04-03,23504.0,18.0
USGOVT,2024-11-01,2026-05-08,23504.0,18.0
USGOVT,2024-11-01,2026-06-05,23504.0,18.0
USGOVT,2024-11-01,2026-07-02,23504.0,18.0
USGOVT,2024-12-01,2025-01-10,23516.0,33.0
USGOVT,2024-12-01,2025-02-07,23558.0,34.0
USGOVT,2024-12-01,2025-03-07,23560.0,36.0
USGOVT,2024-12-01,2025-04-04,23560.0,36.0
USGOVT,2024-12-01,2025-05-02,23560.0,36.0
USGOVT,2024-12-01,2025-06-06,23560.0,36.0
USGOVT,2024-12-01,2025-07-03,23560.0,36.0
USGOVT,2024-12-01,2025-08-01,23560.0,36.0
USGOVT,2024-12-01,2025-09-05,23560.0,36.0
USGOVT,2024-12-01,2025-11-20,23560.0,36.0
USGOVT,2024-12-01,2025-12-16,23560.0,36.0
USGOVT,2024-12-01,2026-01-09,23560.0,36.0
USGOVT,2024-12-01,2026-02-11,23529.0,25.0
USGOVT,2024-12-01,2026-03-06,23529.0,25.0
USGOVT,2024-12-01,2026-04-03,23529.0,25.0
USGOVT,2024-12-01,2026-05-08,23529.0,25.0
USGOVT,2024-12-01,2026-06-05,23529.0,25.0
USGOVT,2024-12-01,2026-07-02,23529.0,25.0
USGOVT,2025-01-01,2025-02-07,23590.0,32.0
USGOVT,2025-01-01,2025-03-07,23604.0,44.0
USGOVT,2025-01-01,2025-04-04,23592.0,32.0
USGOVT,2025-01-01,2025-05-02,23592.0,32.0
USGOVT,2025-01-01,2025-06-06,23592.0,32.0
USGOVT,2025-01-01,2025-07-03,23592.0,32.0
USGOVT,2025-01-01,2025-08-01,23592.0,32.0
USGOVT,2025-01-01,2025-09-05,23592.0,32.0
USGOVT,2025-01-01,2025-11-20,23592.0,32.0
USGOVT,2025-01-01,2025-12-16,23592.0,32.0
USGOVT,2025-01-01,2026-01-09,23592.0,32.0
USGOVT,2025-01-01,2026-02-11,23557.0,28.0
USGOVT,2025-01-01,2026-03-06,23557.0,28.0
USGOVT,2025-01-01,2026-04-03,23557.0,28.0
USGOVT,2025-01-01,2026-05-08,23557.0,28.0
USGOVT,2025-01-01,2026-06-05,23557.0,28.0
USGOVT,2025-01-01,2026-07-02,23557.0,28.0
USGOVT,2025-02-01,2025-03-07,23615.0,11.0
USGOVT,2025-02-01,2025-04-04,23593.0,1.0
USGOVT,2025-02-01,2025-05-02,23587.0,-5.0
USGOVT,2025-02-01,2025-06-06,23587.0,-5.0
USGOVT,2025-02-01,2025-07-03,23587.0,-5.0
USGOVT,2025-02-01,2025-08-01,23587.0,-5.0
USGOVT,2025-02-01,2025-09-05,23587.0,-5.0
USGOVT,2025-02-01,2025-11-20,23587.0,-5.0
USGOVT,2025-02-01,2025-12-16,23587.0,-5.0
USGOVT,2025-02-01,2026-01-09,23587.0,-5.0
USGOVT,2025-02-01,2026-02-11,23559.0,2.0
USGOVT,2025-02-01,2026-03-06,23559.0,2.0
USGOVT,2025-02-01,2026-04-03,23559.0,2.0
USGOVT,2025-02-01,2026-05-08,23559.0,2.0
USGOVT,2025-02-01,2026-06-05,23559.0,2.0
USGOVT,2025-02-01,2026-07-02,23559.0,2.0
USGOVT,2025-03-01,2025-04-04,23612.0,19.0
USGOVT,2025-03-01,2025-05-02,23602.0,15.0
USGOVT,2025-03-01,2025-06-06,23593.0,6.0
USGOVT,2025-03-01,2025-07-03,23593.0,6.0
USGOVT,2025-03-01,2025-08-01,23593.0,6.0
USGOVT,2025-03-01,2025-09-05,23593.0,6.0
USGOVT,2025-03-01,2025-11-20,23593.0,6.0
USGOVT,2025-03-01,2025-12-16,23593.0,6.0
USGOVT,2025-03-01,2026-01-09,23593.0,6.0
USGOVT,2025-03-01,2026-02-11,23559.0,0.0
USGOVT,2025-03-01,2026-03-06,23559.0,0.0
USGOVT,2025-03-01,2026-04-03,23559.0,0.0
USGOVT,2025-03-01,2026-05-08,23559.0,0.0
USGOVT,2025-03-01,2026-06-05,23559.0,0.0
USGOVT,2025-03-01,2026-07-02,23559.0,0.0
USGOVT,2025-04-01,2025-05-02,23612.0,10.0
USGOVT,2025-04-01,2025-06-06,23594.0,1.0
USGOVT,2025-04-01,2025-07-03,23618.0,25.0
USGOVT,2025-04-01,2025-08-01,23618.0,25.0
USGOVT,2025-04-01,2025-09-05,23618.0,25.0
USGOVT,2025-04-01,2025-11-20,23618.0,25.0
USGOVT,2025-04-01,2025-12-16,23618.0,25.0
USGOVT,2025-04-01,2026-01-09,23618.0,25.0
USGOVT,2025-04-01,2026-02-11,23568.0,9.0
USGOVT,2025-04-01,2026-03-06,23568.0,9.0
USGOVT,2025-04-01,2026-04-03,23568.0,9.0
USGOVT,2025-04-01,2026-05-08,23568.0,9.0
USGOVT,2025-04-01,2026-06-05,23568.0,9.0
USGOVT,2025-04-01,2026-07-02,23568.0,9.0
USGOVT,2025-05-01,2025-06-06,23593.0,-1.0
USGOVT,2025-05-01,2025-07-03,23625.0,7.0
USGOVT,2025-05-01,2025-08-01,23568.0,-50.0
USGOVT,2025-05-01,2025-09-05,23568.0,-50.0
USGOVT,2025-05-01,2025-11-20,23568.0,-50.0
USGOVT,2025-05-01,2025-12-16,23568.0,-50.0
USGOVT,2025-05-01,2026-01-09,23568.0,-50.0
USGOVT,2025-05-01,2026-02-11,23561.0,-7.0
USGOVT,2025-05-01,2026-03-06,23561.0,-7.0
USGOVT,2025-05-01,2026-04-03,23561.0,-7.0
USGOVT,2025-05-01,2026-05-08,23561.0,-7.0
USGOVT,2025-05-01,2026-06-05,23561.0,-7.0
USGOVT,2025-05-01,2026-07-02,23561.0,-7.0
USGOVT,2025-06-01,2025-07-03,23698.0,73.0
USGOVT,2025-06-01,2025-08-01,23579.0,11.0
USGOVT,2025-06-01,2025-09-05,23582.0,14.0
USGOVT,2025-06-01,2025-11-20,23582.0,14.0
USGOVT,2025-06-01,2025-12-16,23582.0,14.0
USGOVT,2025-06-01,2026-01-09,23582.0,14.0
USGOVT,2025-06-01,2026-02-11,23586.0,25.0
USGOVT,2025-06-01,2026-03-06,23586.0,25.0
USGOVT,2025-06-01,2026-04-03,23586.0,25.0
USGOVT,2025-06-01,2026-05-08,23586.0,25.0
USGOVT,2025-06-01,2026-06-05,23586.0,25.0
USGOVT,2025-06-01,2026-07-02,23586.0,25.0
USGOVT,2025-07-01,2025-08-01,23569.0,-10.0
USGOVT,2025-07-01,2025-09-05,23584.0,2.0
USGOVT,2025-07-01,2025-11-20,23598.0,16.0
USGOVT,2025-07-01,2025-12-16,23598.0,16.0
USGOVT,2025-07-01,2026-01-09,23598.0,16.0
USGOVT,2025-07-01,2026-02-11,23585.0,-1.0
USGOVT,2025-07-01,2026-03-06,23585.0,-1.0
USGOVT,2025-07-01,2026-04-03,23585.0,-1.0
USGOVT,2025-07-01,2026-05-08,23585.0,-1.0
USGOVT,2025-07-01,2026-06-05,23585.0,-1.0
USGOVT,2025-07-01,2026-07-02,23585.0,-1.0
USGOVT,2025-08-01,2025-09-05,23568.0,-16.0
USGOVT,2025-08-01,2025-11-20,23576.0,-22.0
USGOVT,2025-08-01,2025-12-16,23562.0,-36.0
USGOVT,2025-08-01,2026-01-09,23562.0,-36.0
USGOVT,2025-08-01,2026-02-11,23535.0,-50.0
USGOVT,2025-08-01,2026-03-06,23535.0,-50.0
USGOVT,2025-08-01,2026-04-03,23535.0,-50.0
USGOVT,2025-08-01,2026-05-08,23535.0,-50.0
USGOVT,2025-08-01,2026-06-05,23535.0,-50.0
USGOVT,2025-08-01,2026-07-02,23535.0,-50.0
USGOVT,2025-09-01,2025-11-20,23598.0,22.0
USGOVT,2025-09-01,2025-12-16,23566.0,4.0
USGOVT,2025-09-01,2026-01-09,23566.0,4.0
USGOVT,2025-09-01,2026-02-11,23543.0,8.0
USGOVT,2025-09-01,2026-03-06,23543.0,8.0
USGOVT,2025-09-01,2026-04-03,23543.0,8.0
USGOVT,2025-09-01,2026-05-08,23543.0,8.0
USGOVT,2025-09-01,2026-06-05,23543.0,8.0
USGOVT,2025-09-01,2026-07-02,23543.0,8.0
USGOVT,2025-10-01,2025-12-16,23409.0,-157.0
USGOVT,2025-10-01,2026-01-09,23392.0,-174.0
USGOVT,2025-10-01,2026-02-11,23390.0,-153.0
USGOVT,2025-10-01,2026-03-06,23390.0,-153.0
USGOVT,2025-10-01,2026-04-03,23390.0,-153.0
USGOVT,2025-10-01,2026-05-08,23390.0,-153.0
USGOVT,2025-10-01,2026-06-05,23390.0,-153.0
USGOVT,2025-10-01,2026-07-02,23390.0,-153.0
USGOVT,2025-11-01,2025-12-16,23404.0,-5.0
USGOVT,2025-11-01,2026-01-09,23398.0,6.0
USGOVT,2025-11-01,2026-02-11,23359.0,-31.0
USGOVT,2025-11-01,2026-03-06,23359.0,-31.0
USGOVT,2025-11-01,2026-04-03,23359.0,-31.0
USGOVT,2025-11-01,2026-05-08,23359.0,-31.0
USGOVT,2025-11-01,2026-06-05,23359.0,-31.0
USGOVT,2025-11-01,2026-07-02,23359.0,-31.0
USGOVT,2025-12-01,2026-01-09,23411.0,13.0
USGOVT,2025-12-01,2026-02-11,23343.0,-16.0
USGOVT,2025-12-01,2026-03-06,23349.0,-10.0
USGOVT,2025-12-01,2026-04-03,23349.0,-10.0
USGOVT,2025-12-01,2026-05-08,23349.0,-10.0
USGOVT,2025-12-01,2026-06-05,23349.0,-10.0
USGOVT,2025-12-01,2026-07-02,23349.0,-10.0
USGOVT,2026-01-01,2026-02-11,23301.0,-42.0
USGOVT,2026-01-01,2026-03-06,23329.0,-20.0
USGOVT,2026-01-01,2026-04-03,23329.0,-20.0
USGOVT,2026-01-01,2026-05-08,23329.0,-20.0
USGOVT,2026-01-01,2026-06-05,23329.0,-20.0
USGOVT,2026-01-01,2026-07-02,23329.0,-20.0
USGOVT,2026-02-01,2026-03-06,23323.0,-6.0
USGOVT,2026-02-01,2026-04-03,23325.0,-4.0
USGOVT,2026-02-01,2026-05-08,23321.0,-8.0
USGOVT,2026-02-01,2026-06-05,23321.0,-8.0
USGOVT,2026-02-01,2026-07-02,23321.0,-8.0
USGOVT,2026-03-01,2026-04-03,23317.0,-8.0
USGOVT,2026-03-01,2026-05-08,23316.0,-5.0
USGOVT,2026-03-01,2026-06-05,23333.0,12.0
USGOVT,2026-03-01,2026-07-02,23333.0,12.0
USGOVT,2026-04-01,2026-05-08,23308.0,-8.0
USGOVT,2026-04-01,2026-06-05,23335.0,2.0
USGOVT,2026-04-01,2026-07-02,23331.0,-2.0
USGOVT,2026-05-01,2026-06-05,23387.0,52.0
USGOVT,2026-05-01,2026-07-02,23363.0,32.0
USGOVT,2026-06-01,2026-07-02,23371.0,8.0
USPRIV,2020-01-01,2020-02-07,129503.0,206.0
USPRIV,2020-01-01,2020-03-06,129541.0,222.0
USPRIV,2020-01-01,2020-04-03,129498.0,179.0
USPRIV,2020-01-01,2020-05-08,129498.0,179.0
USPRIV,2020-01-01,2020-05-11,129498.0,179.0
USPRIV,2020-01-01,2020-06-05,129498.0,179.0
USPRIV,2020-01-01,2020-07-02,129498.0,179.0
USPRIV,2020-01-01,2020-08-07,129498.0,179.0
USPRIV,2020-01-01,2020-09-04,129498.0,179.0
USPRIV,2020-01-01,2020-10-02,129498.0,179.0
USPRIV,2020-01-01,2020-11-06,129498.0,179.0
USPRIV,2020-01-01,2020-12-04,129498.0,179.0
USPRIV,2020-01-01,2021-01-08,129498.0,179.0
USPRIV,2020-01-01,2021-02-05,129445.0,255.0
USPRIV,2020-01-01,2021-03-05,129445.0,255.0
USPRIV,2020-01-01,2021-04-02,129445.0,255.0
USPRIV,2020-01-01,2021-05-07,129445.0,255.0
USPRIV,2020-01-01,2021-06-04,129445.0,255.0
USPRIV,2020-01-01,2021-07-02,129445.0,255.0
USPRIV,2020-01-01,2021-08-06,129445.0,255.0
USPRIV,2020-01-01,2021-09-03,129445.0,255.0
USPRIV,2020-01-01,2021-10-08,129445.0,255.0
USPRIV,2020-01-01,2021-11-05,129445.0,255.0
USPRIV,2020-01-01,2021-12-03,129445.0,255.0
USPRIV,2020-01-01,2022-01-07,129445.0,255.0
USPRIV,2020-01-01,2022-02-04,129344.0,286.0
USPRIV,2020-01-01,2022-03-04,129344.0,286.0
USPRIV,2020-01-01,2022-04-01,129344.0,286.0
USPRIV,2020-01-01,2022-05-06,129344.0,286.0
USPRIV,2020-01-01,2022-06-03,129344.0,286.0
USPRIV,2020-01-01,2022-07-08,129344.0,286.0
USPRIV,2020-01-01,2022-08-05,129344.0,286.0
USPRIV,2020-01-01,2022-09-02,129344.0,286.0
USPRIV,2020-01-01,2022-10-07,129344.0,286.0
USPRIV,2020-01-01,2022-11-04,129344.0,286.0
USPRIV,2020-01-01,2022-12-02,129344.0,286.0
USPRIV,2020-01-01,2023-01-06,129344.0,286.0
USPRIV,2020-01-01,2023-02-03,129315.0,274.0
USPRIV,2020-01-01,2023-03-10,129315.0,274.0
USPRIV,2020-01-01,2023-04-07,129315.0,274.0
USPRIV,2020-01-01,2023-05-05,129315.0,274.0
USPRIV,2020-01-01,2023-06-02,129315.0,274.0
USPRIV,2020-01-01,2023-07-07,129315.0,274.0
USPRIV,2020-01-01,2023-08-04,129315.0,274.0
USPRIV,2020-01-01,2023-09-01,129315.0,274.0
USPRIV,2020-01-01,2023-10-06,129315.0,274.0
USPRIV,2020-01-01,2023-11-03,129315.0,274.0
USPRIV,2020-01-01,2023-12-08,129315.0,274.0
USPRIV,2020-01-01,2024-01-05,129315.0,274.0
USPRIV,2020-01-01,2024-02-02,129258.0,192.0
USPRIV,2020-01-01,2024-03-08,129258.0,192.0
USPRIV,2020-01-01,2024-04-05,129258.0,192.0
USPRIV,2020-01-01,2024-05-03,129258.0,192.0
USPRIV,2020-01-01,2024-06-07,129258.0,192.0
USPRIV,2020-01-01,2024-07-05,129258.0,192.0
USPRIV,2020-01-01,2024-08-02,129258.0,192.0
USPRIV,2020-01-01,2024-09-06,129258.0,192.0
USPRIV,2020-01-01,2024-10-04,129258.0,192.0
USPRIV,2020-01-01,2024-11-01,129258.0,192.0
USPRIV,2020-01-01,2024-12-06,129258.0,192.0
USPRIV,2020-01-01,2025-01-10,129258.0,192.0
USPRIV,2020-01-01,2025-02-07,129250.0,181.0
USPRIV,2020-01-01,2025-03-07,129250.0,181.0
USPRIV,2020-01-01,2025-04-04,129250.0,181.0
USPRIV,2020-01-01,2025-05-02,129250.0,181.0
USPRIV,2020-01-01,2025-06-06,129250.0,181.0
USPRIV,2020-01-01,2025-07-03,129250.0,181.0
USPRIV,2020-01-01,2025-08-01,129250.0,181.0
USPRIV,2020-01-01,2025-09-05,129250.0,181.0
USPRIV,2020-01-01,2025-11-20,129250.0,181.0
USPRIV,2020-01-01,2025-12-16,129250.0,181.0
USPRIV,2020-01-01,2026-01-09,129250.0,181.0
USPRIV,2020-01-01,2026-02-11,129250.0,182.0
USPRIV,2020-01-01,2026-03-06,129250.0,182.0
USPRIV,2020-01-01,2026-04-03,129250.0,182.0
USPRIV,2020-01-01,2026-05-08,129250.0,182.0
USPRIV,2020-01-01,2026-06-05,129250.0,182.0
USPRIV,2020-01-01,2026-07-02,129250.0,182.0
USPRIV,2020-02-01,2020-03-06,129769.0,228.0
USPRIV,2020-02-01,2020-04-03,129740.0,242.0
USPRIV,2020-02-01,2020-05-08,129697.0,199.0
USPRIV,2020-02-01,2020-05-11,129718.0,220.0
USPRIV,2020-02-01,2020-06-05,129718.0,220.0
USPRIV,2020-02-01,2020-07-02,129718.0,220.0
USPRIV,2020-02-01,2020-08-07,129718.0,220.0
USPRIV,2020-02-01,2020-09-04,129718.0,220.0
USPRIV,2020-02-01,2020-10-02,129718.0,220.0
USPRIV,2020-02-01,2020-11-06,129718.0,220.0
USPRIV,2020-02-01,2020-12-04,129718.0,220.0
USPRIV,2020-02-01,2021-01-08,129718.0,220.0
USPRIV,2020-02-01,2021-02-05,129688.0,243.0
USPRIV,2020-02-01,2021-03-05,129688.0,243.0
USPRIV,2020-02-01,2021-04-02,129688.0,243.0
USPRIV,2020-02-01,2021-05-07,129688.0,243.0
USPRIV,2020-02-01,2021-06-04,129688.0,243.0
USPRIV,2020-02-01,2021-07-02,129688.0,243.0
USPRIV,2020-02-01,2021-08-06,129688.0,243.0
USPRIV,2020-02-01,2021-09-03,129688.0,243.0
USPRIV,2020-02-01,2021-10-08,129688.0,243.0
USPRIV,2020-02-01,2021-11-05,129688.0,243.0
USPRIV,2020-02-01,2021-12-03,129688.0,243.0
USPRIV,2020-02-01,2022-01-07,129688.0,243.0
USPRIV,2020-02-01,2022-02-04,129625.0,281.0
USPRIV,2020-02-01,2022-03-04,129625.0,281.0
USPRIV,2020-02-01,2022-04-01,129625.0,281.0
USPRIV,2020-02-01,2022-05-06,129625.0,281.0
USPRIV,2020-02-01,2022-06-03,129625.0,281.0
USPRIV,2020-02-01,2022-07-08,129625.0,281.0
USPRIV,2020-02-01,2022-08-05,129625.0,281.0
USPRIV,2020-02-01,2022-09-02,129625.0,281.0
USPRIV,2020-02-01,2022-10-07,129625.0,281.0
USPRIV,2020-02-01,2022-11-04,129625.0,281.0
USPRIV,2020-02-01,2022-12-02,129625.0,281.0
USPRIV,2020-02-01,2023-01-06,129625.0,281.0
USPRIV,2020-02-01,2023-02-03,129500.0,185.0
USPRIV,2020-02-01,2023-03-10,129500.0,185.0
USPRIV,2020-02-01,2023-04-07,129500.0,185.0
USPRIV,2020-02-01,2023-05-05,129500.0,185.0
USPRIV,2020-02-01,2023-06-02,129500.0,185.0
USPRIV,2020-02-01,2023-07-07,129500.0,185.0
USPRIV,2020-02-01,2023-08-04,129500.0,185.0
USPRIV,2020-02-01,2023-09-01,129500.0,185.0
USPRIV,2020-02-01,2023-10-06,129500.0,185.0
USPRIV,2020-02-01,2023-11-03,129500.0,185.0
USPRIV,2020-02-01,2023-12-08,129500.0,185.0
USPRIV,2020-02-01,2024-01-05,129500.0,185.0
USPRIV,2020-02-01,2024-02-02,129442.0,184.0
USPRIV,2020-02-01,2024-03-08,129442.0,184.0
USPRIV,2020-02-01,2024-04-05,129442.0,184.0
USPRIV,2020-02-01,2024-05-03,129442.0,184.0
USPRIV,2020-02-01,2024-06-07,129442.0,184.0
USPRIV,2020-02-01,2024-07-05,129442.0,184.0
USPRIV,2020-02-01,2024-08-02,129442.0,184.0
USPRIV,2020-02-01,2024-09-06,129442.0,184.0
USPRIV,2020-02-01,2024-10-04,129442.0,184.0
USPRIV,2020-02-01,2024-11-01,129442.0,184.0
USPRIV,2020-02-01,2024-12-06,129442.0,184.0
USPRIV,2020-02-01,2025-01-10,129442.0,184.0
USPRIV,2020-02-01,2025-02-07,129435.0,185.0
USPRIV,2020-02-01,2025-03-07,129435.0,185.0
USPRIV,2020-02-01,2025-04-04,129435.0,185.0
USPRIV,2020-02-01,2025-05-02,129435.0,185.0
USPRIV,2020-02-01,2025-06-06,129435.0,185.0
USPRIV,2020-02-01,2025-07-03,129435.0,185.0
USPRIV,2020-02-01,2025-08-01,129435.0,185.0
USPRIV,2020-02-01,2025-09-05,129435.0,185.0
USPRIV,2020-02-01,2025-11-20,129435.0,185.0
USPRIV,2020-02-01,2025-12-16,129435.0,185.0
USPRIV,2020-02-01,2026-01-09,129435.0,185.0
USPRIV,2020-02-01,2026-02-11,129436.0,186.0
USPRIV,2020-02-01,2026-03-06,129436.0,186.0
USPRIV,2020-02-01,2026-04-03,129436.0,186.0
USPRIV,2020-02-01,2026-05-08,129436.0,186.0
USPRIV,2020-02-01,2026-06-05,129436.0,186.0
USPRIV,2020-02-01,2026-07-02,129436.0,186.0
USPRIV,2020-03-01,2020-04-03,129027.0,-713.0
USPRIV,2020-03-01,2020-05-08,128855.0,-842.0
USPRIV,2020-03-01,2020-05-11,128865.0,-853.0
USPRIV,2020-03-01,2020-06-05,128362.0,-1356.0
USPRIV,2020-03-01,2020-07-02,128362.0,-1356.0
USPRIV,2020-03-01,2020-08-07,128362.0,-1356.0
USPRIV,2020-03-01,2020-09-04,128362.0,-1356.0
USPRIV,2020-03-01,2020-10-02,128362.0,-1356.0
USPRIV,2020-03-01,2020-11-06,128362.0,-1356.0
USPRIV,2020-03-01,2020-12-04,128362.0,-1356.0
USPRIV,2020-03-01,2021-01-08,128362.0,-1356.0
USPRIV,2020-03-01,2021-02-05,128066.0,-1622.0
USPRIV,2020-03-01,2021-03-05,128066.0,-1622.0
USPRIV,2020-03-01,2021-04-02,128066.0,-1622.0
USPRIV,2020-03-01,2021-05-07,128066.0,-1622.0
USPRIV,2020-03-01,2021-06-04,128066.0,-1622.0
USPRIV,2020-03-01,2021-07-02,128066.0,-1622.0
USPRIV,2020-03-01,2021-08-06,128066.0,-1622.0
USPRIV,2020-03-01,2021-09-03,128066.0,-1622.0
USPRIV,2020-03-01,2021-10-08,128066.0,-1622.0
USPRIV,2020-03-01,2021-11-05,128066.0,-1622.0
USPRIV,2020-03-01,2021-12-03,128066.0,-1622.0
USPRIV,2020-03-01,2022-01-07,128066.0,-1622.0
USPRIV,2020-03-01,2022-02-04,128181.0,-1444.0
USPRIV,2020-03-01,2022-03-04,128181.0,-1444.0
USPRIV,2020-03-01,2022-04-01,128181.0,-1444.0
USPRIV,2020-03-01,2022-05-06,128181.0,-1444.0
USPRIV,2020-03-01,2022-06-03,128181.0,-1444.0
USPRIV,2020-03-01,2022-07-08,128181.0,-1444.0
USPRIV,2020-03-01,2022-08-05,128181.0,-1444.0
USPRIV,2020-03-01,2022-09-02,128181.0,-1444.0
USPRIV,2020-03-01,2022-10-07,128181.0,-1444.0
USPRIV,2020-03-01,2022-11-04,128181.0,-1444.0
USPRIV,2020-03-01,2022-12-02,128181.0,-1444.0
USPRIV,2020-03-01,2023-01-06,128181.0,-1444.0
USPRIV,2020-03-01,2023-02-03,128103.0,-1397.0
USPRIV,2020-03-01,2023-03-10,128103.0,-1397.0
USPRIV,2020-03-01,2023-04-07,128103.0,-1397.0
USPRIV,2020-03-01,2023-05-05,128103.0,-1397.0
USPRIV,2020-03-01,2023-06-02,128103.0,-1397.0
USPRIV,2020-03-01,2023-07-07,128103.0,-1397.0
USPRIV,2020-03-01,2023-08-04,128103.0,-1397.0
USPRIV,2020-03-01,2023-09-01,128103.0,-1397.0
USPRIV,2020-03-01,2023-10-06,128103.0,-1397.0
USPRIV,2020-03-01,2023-11-03,128103.0,-1397.0
USPRIV,2020-03-01,2023-12-08,128103.0,-1397.0
USPRIV,2020-03-01,2024-01-05,128103.0,-1397.0
USPRIV,2020-03-01,2024-02-02,128066.0,-1376.0
USPRIV,2020-03-01,2024-03-08,128066.0,-1376.0
USPRIV,2020-03-01,2024-04-05,128066.0,-1376.0
USPRIV,2020-03-01,2024-05-03,128066.0,-1376.0
USPRIV,2020-03-01,2024-06-07,128066.0,-1376.0
USPRIV,2020-03-01,2024-07-05,128066.0,-1376.0
USPRIV,2020-03-01,2024-08-02,128066.0,-1376.0
USPRIV,2020-03-01,2024-09-06,128066.0,-1376.0
USPRIV,2020-03-01,2024-10-04,128066.0,-1376.0
USPRIV,2020-03-01,2024-11-01,128066.0,-1376.0
USPRIV,2020-03-01,2024-12-06,128066.0,-1376.0
USPRIV,2020-03-01,2025-01-10,128066.0,-1376.0
USPRIV,2020-03-01,2025-02-07,128068.0,-1367.0
USPRIV,2020-03-01,2025-03-07,128068.0,-1367.0
USPRIV,2020-03-01,2025-04-04,128068.0,-1367.0
USPRIV,2020-03-01,2025-05-02,128068.0,-1367.0
USPRIV,2020-03-01,2025-06-06,128068.0,-1367.0
USPRIV,2020-03-01,2025-07-03,128068.0,-1367.0
USPRIV,2020-03-01,2025-08-01,128068.0,-1367.0
USPRIV,2020-03-01,2025-09-05,128068.0,-1367.0
USPRIV,2020-03-01,2025-11-20,128068.0,-1367.0
USPRIV,2020-03-01,2025-12-16,128068.0,-1367.0
USPRIV,2020-03-01,2026-01-09,128068.0,-1367.0
USPRIV,2020-03-01,2026-02-11,128068.0,-1368.0
USPRIV,2020-03-01,2026-03-06,128068.0,-1368.0
USPRIV,2020-03-01,2026-04-03,128068.0,-1368.0
USPRIV,2020-03-01,2026-05-08,128068.0,-1368.0
USPRIV,2020-03-01,2026-06-05,128068.0,-1368.0
USPRIV,2020-03-01,2026-07-02,128068.0,-1368.0
USPRIV,2020-04-01,2020-05-08,109335.0,-19520.0
USPRIV,2020-04-01,2020-05-11,109308.0,-19557.0
USPRIV,2020-04-01,2020-06-05,108638.0,-19724.0
USPRIV,2020-04-01,2020-07-02,108527.0,-19835.0
USPRIV,2020-04-01,2020-08-07,108527.0,-19835.0
USPRIV,2020-04-01,2020-09-04,108527.0,-19835.0
USPRIV,2020-04-01,2020-10-02,108527.0,-19835.0
USPRIV,2020-04-01,2020-11-06,108527.0,-19835.0
USPRIV,2020-04-01,2020-12-04,108527.0,-19835.0
USPRIV,2020-04-01,2021-01-08,108527.0,-19835.0
USPRIV,2020-04-01,2021-02-05,108335.0,-19731.0
USPRIV,2020-04-01,2021-03-05,108335.0,-19731.0
USPRIV,2020-04-01,2021-04-02,108335.0,-19731.0
USPRIV,2020-04-01,2021-05-07,108335.0,-19731.0
USPRIV,2020-04-01,2021-06-04,108335.0,-19731.0
USPRIV,2020-04-01,2021-07-02,108335.0,-19731.0
USPRIV,2020-04-01,2021-08-06,108335.0,-19731.0
USPRIV,2020-04-01,2021-09-03,108335.0,-19731.0
USPRIV,2020-04-01,2021-10-08,108335.0,-19731.0
USPRIV,2020-04-01,2021-11-05,108335.0,-19731.0
USPRIV,2020-04-01,2021-12-03,108335.0,-19731.0
USPRIV,2020-04-01,2022-01-07,108335.0,-19731.0
USPRIV,2020-04-01,2022-02-04,108609.0,-19572.0
USPRIV,2020-04-01,2022-03-04,108609.0,-19572.0
USPRIV,2020-04-01,2022-04-01,108609.0,-19572.0
USPRIV,2020-04-01,2022-05-06,108609.0,-19572.0
USPRIV,2020-04-01,2022-06-03,108609.0,-19572.0
USPRIV,2020-04-01,2022-07-08,108609.0,-19572.0
USPRIV,2020-04-01,2022-08-05,108609.0,-19572.0
USPRIV,2020-04-01,2022-09-02,108609.0,-19572.0
USPRIV,2020-04-01,2022-10-07,108609.0,-19572.0
USPRIV,2020-04-01,2022-11-04,108609.0,-19572.0
USPRIV,2020-04-01,2022-12-02,108609.0,-19572.0
USPRIV,2020-04-01,2023-01-06,108609.0,-19572.0
USPRIV,2020-04-01,2023-02-03,108503.0,-19600.0
USPRIV,2020-04-01,2023-03-10,108503.0,-19600.0
USPRIV,2020-04-01,2023-04-07,108503.0,-19600.0
USPRIV,2020-04-01,2023-05-05,108503.0,-19600.0
USPRIV,2020-04-01,2023-06-02,108503.0,-19600.0
USPRIV,2020-04-01,2023-07-07,108503.0,-19600.0
USPRIV,2020-04-01,2023-08-04,108503.0,-19600.0
USPRIV,2020-04-01,2023-09-01,108503.0,-19600.0
USPRIV,2020-04-01,2023-10-06,108503.0,-19600.0
USPRIV,2020-04-01,2023-11-03,108503.0,-19600.0
USPRIV,2020-04-01,2023-12-08,108503.0,-19600.0
USPRIV,2020-04-01,2024-01-05,108503.0,-19600.0
USPRIV,2020-04-01,2024-02-02,108506.0,-19560.0
USPRIV,2020-04-01,2024-03-08,108506.0,-19560.0
USPRIV,2020-04-01,2024-04-05,108506.0,-19560.0
USPRIV,2020-04-01,2024-05-03,108506.0,-19560.0
USPRIV,2020-04-01,2024-06-07,108506.0,-19560.0
USPRIV,2020-04-01,2024-07-05,108506.0,-19560.0
USPRIV,2020-04-01,2024-08-02,108506.0,-19560.0
USPRIV,2020-04-01,2024-09-06,108506.0,-19560.0
USPRIV,2020-04-01,2024-10-04,108506.0,-19560.0
USPRIV,2020-04-01,2024-11-01,108506.0,-19560.0
USPRIV,2020-04-01,2024-12-06,108506.0,-19560.0
USPRIV,2020-04-01,2025-01-10,108506.0,-19560.0
USPRIV,2020-04-01,2025-02-07,108515.0,-19553.0
USPRIV,2020-04-01,2025-03-07,108515.0,-19553.0
USPRIV,2020-04-01,2025-04-04,108515.0,-19553.0
USPRIV,2020-04-01,2025-05-02,108515.0,-19553.0
USPRIV,2020-04-01,2025-06-06,108515.0,-19553.0
USPRIV,2020-04-01,2025-07-03,108515.0,-19553.0
USPRIV,2020-04-01,2025-08-01,108515.0,-19553.0
USPRIV,2020-04-01,2025-09-05,108515.0,-19553.0
USPRIV,2020-04-01,2025-11-20,108515.0,-19553.0
USPRIV,2020-04-01,2025-12-16,108515.0,-19553.0
USPRIV,2020-04-01,2026-01-09,108515.0,-19553.0
USPRIV,2020-04-01,2026-02-11,108517.0,-19551.0
USPRIV,2020-04-01,2026-03-06,108517.0,-19551.0
USPRIV,2020-04-01,2026-04-03,108517.0,-19551.0
USPRIV,2020-04-01,2026-05-08,108517.0,-19551.0
USPRIV,2020-04-01,2026-06-05,108517.0,-19551.0
USPRIV,2020-04-01,2026-07-02,108517.0,-19551.0
USPRIV,2020-05-01,2020-06-05,111732.0,3094.0
USPRIV,2020-05-01,2020-07-02,111759.0,3232.0
USPRIV,2020-05-01,2020-08-07,111763.0,3236.0
USPRIV,2020-05-01,2020-09-04,111763.0,3236.0
USPRIV,2020-05-01,2020-10-02,111763.0,3236.0
USPRIV,2020-05-01,2020-11-06,111763.0,3236.0
USPRIV,2020-05-01,2020-12-04,111763.0,3236.0
USPRIV,2020-05-01,2021-01-08,111763.0,3236.0
USPRIV,2020-05-01,2021-02-05,111680.0,3345.0
USPRIV,2020-05-01,2021-03-05,111680.0,3345.0
USPRIV,2020-05-01,2021-04-02,111680.0,3345.0
USPRIV,2020-05-01,2021-05-07,111680.0,3345.0
USPRIV,2020-05-01,2021-06-04,111680.0,3345.0
USPRIV,2020-05-01,2021-07-02,111680.0,3345.0
USPRIV,2020-05-01,2021-08-06,111680.0,3345.0
USPRIV,2020-05-01,2021-09-03,111680.0,3345.0
USPRIV,2020-05-01,2021-10-08,111680.0,3345.0
USPRIV,2020-05-01,2021-11-05,111680.0,3345.0
USPRIV,2020-05-01,2021-12-03,111680.0,3345.0
USPRIV,2020-05-01,2022-01-07,111680.0,3345.0
USPRIV,2020-05-01,2022-02-04,111734.0,3125.0
USPRIV,2020-05-01,2022-03-04,111734.0,3125.0
USPRIV,2020-05-01,2022-04-01,111734.0,3125.0
USPRIV,2020-05-01,2022-05-06,111734.0,3125.0
USPRIV,2020-05-01,2022-06-03,111734.0,3125.0
USPRIV,2020-05-01,2022-07-08,111734.0,3125.0
USPRIV,2020-05-01,2022-08-05,111734.0,3125.0
USPRIV,2020-05-01,2022-09-02,111734.0,3125.0
USPRIV,2020-05-01,2022-10-07,111734.0,3125.0
USPRIV,2020-05-01,2022-11-04,111734.0,3125.0
USPRIV,2020-05-01,2022-12-02,111734.0,3125.0
USPRIV,2020-05-01,2023-01-06,111734.0,3125.0
USPRIV,2020-05-01,2023-02-03,111659.0,3156.0
USPRIV,2020-05-01,2023-03-10,111659.0,3156.0
USPRIV,2020-05-01,2023-04-07,111659.0,3156.0
USPRIV,2020-05-01,2023-05-05,111659.0,3156.0
USPRIV,2020-05-01,2023-06-02,111659.0,3156.0
USPRIV,2020-05-01,2023-07-07,111659.0,3156.0
USPRIV,2020-05-01,2023-08-04,111659.0,3156.0
USPRIV,2020-05-01,2023-09-01,111659.0,3156.0
USPRIV,2020-05-01,2023-10-06,111659.0,3156.0
USPRIV,2020-05-01,2023-11-03,111659.0,3156.0
USPRIV,2020-05-01,2023-12-08,111659.0,3156.0
USPRIV,2020-05-01,2024-01-05,111659.0,3156.0
USPRIV,2020-05-01,2024-02-02,111645.0,3139.0
USPRIV,2020-05-01,2024-03-08,111645.0,3139.0
USPRIV,2020-05-01,2024-04-05,111645.0,3139.0
USPRIV,2020-05-01,2024-05-03,111645.0,3139.0
USPRIV,2020-05-01,2024-06-07,111645.0,3139.0
USPRIV,2020-05-01,2024-07-05,111645.0,3139.0
USPRIV,2020-05-01,2024-08-02,111645.0,3139.0
USPRIV,2020-05-01,2024-09-06,111645.0,3139.0
USPRIV,2020-05-01,2024-10-04,111645.0,3139.0
USPRIV,2020-05-01,2024-11-01,111645.0,3139.0
USPRIV,2020-05-01,2024-12-06,111645.0,3139.0
USPRIV,2020-05-01,2025-01-10,111645.0,3139.0
USPRIV,2020-05-01,2025-02-07,111647.0,3132.0
USPRIV,2020-05-01,2025-03-07,111647.0,3132.0
USPRIV,2020-05-01,2025-04-04,111647.0,3132.0
USPRIV,2020-05-01,2025-05-02,111647.0,3132.0
USPRIV,2020-05-01,2025-06-06,111647.0,3132.0
USPRIV,2020-05-01,2025-07-03,111647.0,3132.0
USPRIV,2020-05-01,2025-08-01,111647.0,3132.0
USPRIV,2020-05-01,2025-09-05,111647.0,3132.0
USPRIV,2020-05-01,2025-11-20,111647.0,3132.0
USPRIV,2020-05-01,2025-12-16,111647.0,3132.0
USPRIV,2020-05-01,2026-01-09,111647.0,3132.0
USPRIV,2020-05-01,2026-02-11,111647.0,3130.0
USPRIV,2020-05-01,2026-03-06,111647.0,3130.0
USPRIV,2020-05-01,2026-04-03,111647.0,3130.0
USPRIV,2020-05-01,2026-05-08,111647.0,3130.0
USPRIV,2020-05-01,2026-06-05,111647.0,3130.0
USPRIV,2020-05-01,2026-07-02,111647.0,3130.0
USPRIV,2020-06-01,2020-07-02,116526.0,4767.0
USPRIV,2020-06-01,2020-08-07,116500.0,4737.0
USPRIV,2020-06-01,2020-09-04,116492.0,4729.0
USPRIV,2020-06-01,2020-10-02,116492.0,4729.0
USPRIV,2020-06-01,2020-11-06,116492.0,4729.0
USPRIV,2020-06-01,2020-12-04,116492.0,4729.0
USPRIV,2020-06-01,2021-01-08,116492.0,4729.0
USPRIV,2020-06-01,2021-02-05,116487.0,4807.0
USPRIV,2020-06-01,2021-03-05,116487.0,4807.0
USPRIV,2020-06-01,2021-04-02,116487.0,4807.0
USPRIV,2020-06-01,2021-05-07,116487.0,4807.0
USPRIV,2020-06-01,2021-06-04,116487.0,4807.0
USPRIV,2020-06-01,2021-07-02,116487.0,4807.0
USPRIV,2020-06-01,2021-08-06,116487.0,4807.0
USPRIV,2020-06-01,2021-09-03,116487.0,4807.0
USPRIV,2020-06-01,2021-10-08,116487.0,4807.0
USPRIV,2020-06-01,2021-11-05,116487.0,4807.0
USPRIV,2020-06-01,2021-12-03,116487.0,4807.0
USPRIV,2020-06-01,2022-01-07,116487.0,4807.0
USPRIV,2020-06-01,2022-02-04,116244.0,4510.0
USPRIV,2020-06-01,2022-03-04,116244.0,4510.0
USPRIV,2020-06-01,2022-04-01,116244.0,4510.0
USPRIV,2020-06-01,2022-05-06,116244.0,4510.0
USPRIV,2020-06-01,2022-06-03,116244.0,4510.0
USPRIV,2020-06-01,2022-07-08,116244.0,4510.0
USPRIV,2020-06-01,2022-08-05,116244.0,4510.0
USPRIV,2020-06-01,2022-09-02,116244.0,4510.0
USPRIV,2020-06-01,2022-10-07,116244.0,4510.0
USPRIV,2020-06-01,2022-11-04,116244.0,4510.0
USPRIV,2020-06-01,2022-12-02,116244.0,4510.0
USPRIV,2020-06-01,2023-01-06,116244.0,4510.0
USPRIV,2020-06-01,2023-02-03,116213.0,4554.0
USPRIV,2020-06-01,2023-03-10,116213.0,4554.0
USPRIV,2020-06-01,2023-04-07,116213.0,4554.0
USPRIV,2020-06-01,2023-05-05,116213.0,4554.0
USPRIV,2020-06-01,2023-06-02,116213.0,4554.0
USPRIV,2020-06-01,2023-07-07,116213.0,4554.0
USPRIV,2020-06-01,2023-08-04,116213.0,4554.0
USPRIV,2020-06-01,2023-09-01,116213.0,4554.0
USPRIV,2020-06-01,2023-10-06,116213.0,4554.0
USPRIV,2020-06-01,2023-11-03,116213.0,4554.0
USPRIV,2020-06-01,2023-12-08,116213.0,4554.0
USPRIV,2020-06-01,2024-01-05,116213.0,4554.0
USPRIV,2020-06-01,2024-02-02,116227.0,4582.0
USPRIV,2020-06-01,2024-03-08,116227.0,4582.0
USPRIV,2020-06-01,2024-04-05,116227.0,4582.0
USPRIV,2020-06-01,2024-05-03,116227.0,4582.0
USPRIV,2020-06-01,2024-06-07,116227.0,4582.0
USPRIV,2020-06-01,2024-07-05,116227.0,4582.0
USPRIV,2020-06-01,2024-08-02,116227.0,4582.0
USPRIV,2020-06-01,2024-09-06,116227.0,4582.0
USPRIV,2020-06-01,2024-10-04,116227.0,4582.0
USPRIV,2020-06-01,2024-11-01,116227.0,4582.0
USPRIV,2020-06-01,2024-12-06,116227.0,4582.0
USPRIV,2020-06-01,2025-01-10,116227.0,4582.0
USPRIV,2020-06-01,2025-02-07,116259.0,4612.0
USPRIV,2020-06-01,2025-03-07,116259.0,4612.0
USPRIV,2020-06-01,2025-04-04,116259.0,4612.0
USPRIV,2020-06-01,2025-05-02,116259.0,4612.0
USPRIV,2020-06-01,2025-06-06,116259.0,4612.0
USPRIV,2020-06-01,2025-07-03,116259.0,4612.0
USPRIV,2020-06-01,2025-08-01,116259.0,4612.0
USPRIV,2020-06-01,2025-09-05,116259.0,4612.0
USPRIV,2020-06-01,2025-11-20,116259.0,4612.0
USPRIV,2020-06-01,2025-12-16,116259.0,4612.0
USPRIV,2020-06-01,2026-01-09,116259.0,4612.0
USPRIV,2020-06-01,2026-02-11,116259.0,4612.0
USPRIV,2020-06-01,2026-03-06,116259.0,4612.0
USPRIV,2020-06-01,2026-04-03,116259.0,4612.0
USPRIV,2020-06-01,2026-05-08,116259.0,4612.0
USPRIV,2020-06-01,2026-06-05,116259.0,4612.0
USPRIV,2020-06-01,2026-07-02,116259.0,4612.0
USPRIV,2020-07-01,2020-08-07,117962.0,1462.0
USPRIV,2020-07-01,2020-09-04,117973.0,1481.0
USPRIV,2020-07-01,2020-10-02,118018.0,1526.0
USPRIV,2020-07-01,2020-11-06,118018.0,1526.0
USPRIV,2020-07-01,2020-12-04,118018.0,1526.0
USPRIV,2020-07-01,2021-01-08,118018.0,1526.0
USPRIV,2020-07-01,2021-02-05,118010.0,1523.0
USPRIV,2020-07-01,2021-03-05,118010.0,1523.0
USPRIV,2020-07-01,2021-04-02,118010.0,1523.0
USPRIV,2020-07-01,2021-05-07,118010.0,1523.0
USPRIV,2020-07-01,2021-06-04,118010.0,1523.0
USPRIV,2020-07-01,2021-07-02,118010.0,1523.0
USPRIV,2020-07-01,2021-08-06,118010.0,1523.0
USPRIV,2020-07-01,2021-09-03,118010.0,1523.0
USPRIV,2020-07-01,2021-10-08,118010.0,1523.0
USPRIV,2020-07-01,2021-11-05,118010.0,1523.0
USPRIV,2020-07-01,2021-12-03,118010.0,1523.0
USPRIV,2020-07-01,2022-01-07,118010.0,1523.0
USPRIV,2020-07-01,2022-02-04,117537.0,1293.0
USPRIV,2020-07-01,2022-03-04,117537.0,1293.0
USPRIV,2020-07-01,2022-04-01,117537.0,1293.0
USPRIV,2020-07-01,2022-05-06,117537.0,1293.0
USPRIV,2020-07-01,2022-06-03,117537.0,1293.0
USPRIV,2020-07-01,2022-07-08,117537.0,1293.0
USPRIV,2020-07-01,2022-08-05,117537.0,1293.0
USPRIV,2020-07-01,2022-09-02,117537.0,1293.0
USPRIV,2020-07-01,2022-10-07,117537.0,1293.0
USPRIV,2020-07-01,2022-11-04,117537.0,1293.0
USPRIV,2020-07-01,2022-12-02,117537.0,1293.0
USPRIV,2020-07-01,2023-01-06,117537.0,1293.0
USPRIV,2020-07-01,2023-02-03,117555.0,1342.0
USPRIV,2020-07-01,2023-03-10,117555.0,1342.0
USPRIV,2020-07-01,2023-04-07,117555.0,1342.0
USPRIV,2020-07-01,2023-05-05,117555.0,1342.0
USPRIV,2020-07-01,2023-06-02,117555.0,1342.0
USPRIV,2020-07-01,2023-07-07,117555.0,1342.0
USPRIV,2020-07-01,2023-08-04,117555.0,1342.0
USPRIV,2020-07-01,2023-09-01,117555.0,1342.0
USPRIV,2020-07-01,2023-10-06,117555.0,1342.0
USPRIV,2020-07-01,2023-11-03,117555.0,1342.0
USPRIV,2020-07-01,2023-12-08,117555.0,1342.0
USPRIV,2020-07-01,2024-01-05,117555.0,1342.0
USPRIV,2020-07-01,2024-02-02,117703.0,1476.0
USPRIV,2020-07-01,2024-03-08,117703.0,1476.0
USPRIV,2020-07-01,2024-04-05,117703.0,1476.0
USPRIV,2020-07-01,2024-05-03,117703.0,1476.0
USPRIV,2020-07-01,2024-06-07,117703.0,1476.0
USPRIV,2020-07-01,2024-07-05,117703.0,1476.0
USPRIV,2020-07-01,2024-08-02,117703.0,1476.0
USPRIV,2020-07-01,2024-09-06,117703.0,1476.0
USPRIV,2020-07-01,2024-10-04,117703.0,1476.0
USPRIV,2020-07-01,2024-11-01,117703.0,1476.0
USPRIV,2020-07-01,2024-12-06,117703.0,1476.0
USPRIV,2020-07-01,2025-01-10,117703.0,1476.0
USPRIV,2020-07-01,2025-02-07,117741.0,1482.0
USPRIV,2020-07-01,2025-03-07,117741.0,1482.0
USPRIV,2020-07-01,2025-04-04,117741.0,1482.0
USPRIV,2020-07-01,2025-05-02,117741.0,1482.0
USPRIV,2020-07-01,2025-06-06,117741.0,1482.0
USPRIV,2020-07-01,2025-07-03,117741.0,1482.0
USPRIV,2020-07-01,2025-08-01,117741.0,1482.0
USPRIV,2020-07-01,2025-09-05,117741.0,1482.0
USPRIV,2020-07-01,2025-11-20,117741.0,1482.0
USPRIV,2020-07-01,2025-12-16,117741.0,1482.0
USPRIV,2020-07-01,2026-01-09,117741.0,1482.0
USPRIV,2020-07-01,2026-02-11,117741.0,1482.0
USPRIV,2020-07-01,2026-03-06,117741.0,1482.0
USPRIV,2020-07-01,2026-04-03,117741.0,1482.0
USPRIV,2020-07-01,2026-05-08,117741.0,1482.0
USPRIV,2020-07-01,2026-06-05,117741.0,1482.0
USPRIV,2020-07-01,2026-07-02,117741.0,1482.0
USPRIV,2020-08-01,2020-09-04,119000.0,1027.0
USPRIV,2020-08-01,2020-10-02,119040.0,1022.0
USPRIV,2020-08-01,2020-11-06,119046.0,1028.0
USPRIV,2020-08-01,2020-12-04,119046.0,1028.0
USPRIV,2020-08-01,2021-01-08,119046.0,1028.0
USPRIV,2020-08-01,2021-02-05,119076.0,1066.0
USPRIV,2020-08-01,2021-03-05,119076.0,1066.0
USPRIV,2020-08-01,2021-04-02,119076.0,1066.0
USPRIV,2020-08-01,2021-05-07,119076.0,1066.0
USPRIV,2020-08-01,2021-06-04,119076.0,1066.0
USPRIV,2020-08-01,2021-07-02,119076.0,1066.0
USPRIV,2020-08-01,2021-08-06,119076.0,1066.0
USPRIV,2020-08-01,2021-09-03,119076.0,1066.0
USPRIV,2020-08-01,2021-10-08,119076.0,1066.0
USPRIV,2020-08-01,2021-11-05,119076.0,1066.0
USPRIV,2020-08-01,2021-12-03,119076.0,1066.0
USPRIV,2020-08-01,2022-01-07,119076.0,1066.0
USPRIV,2020-08-01,2022-02-04,118750.0,1213.0
USPRIV,2020-08-01,2022-03-04,118750.0,1213.0
USPRIV,2020-08-01,2022-04-01,118750.0,1213.0
USPRIV,2020-08-01,2022-05-06,118750.0,1213.0
USPRIV,2020-08-01,2022-06-03,118750.0,1213.0
USPRIV,2020-08-01,2022-07-08,118750.0,1213.0
USPRIV,2020-08-01,2022-08-05,118750.0,1213.0
USPRIV,2020-08-01,2022-09-02,118750.0,1213.0
USPRIV,2020-08-01,2022-10-07,118750.0,1213.0
USPRIV,2020-08-01,2022-11-04,118750.0,1213.0
USPRIV,2020-08-01,2022-12-02,118750.0,1213.0
USPRIV,2020-08-01,2023-01-06,118750.0,1213.0
USPRIV,2020-08-01,2023-02-03,118788.0,1233.0
USPRIV,2020-08-01,2023-03-10,118788.0,1233.0
USPRIV,2020-08-01,2023-04-07,118788.0,1233.0
USPRIV,2020-08-01,2023-05-05,118788.0,1233.0
USPRIV,2020-08-01,2023-06-02,118788.0,1233.0
USPRIV,2020-08-01,2023-07-07,118788.0,1233.0
USPRIV,2020-08-01,2023-08-04,118788.0,1233.0
USPRIV,2020-08-01,2023-09-01,118788.0,1233.0
USPRIV,2020-08-01,2023-10-06,118788.0,1233.0
USPRIV,2020-08-01,2023-11-03,118788.0,1233.0
USPRIV,2020-08-01,2023-12-08,118788.0,1233.0
USPRIV,2020-08-01,2024-01-05,118788.0,1233.0
USPRIV,2020-08-01,2024-02-02,118787.0,1084.0
USPRIV,2020-08-01,2024-03-08,118787.0,1084.0
USPRIV,2020-08-01,2024-04-05,118787.0,1084.0
USPRIV,2020-08-01,2024-05-03,118787.0,1084.0
USPRIV,2020-08-01,2024-06-07,118787.0,1084.0
USPRIV,2020-08-01,2024-07-05,118787.0,1084.0
USPRIV,2020-08-01,2024-08-02,118787.0,1084.0
USPRIV,2020-08-01,2024-09-06,118787.0,1084.0
USPRIV,2020-08-01,2024-10-04,118787.0,1084.0
USPRIV,2020-08-01,2024-11-01,118787.0,1084.0
USPRIV,2020-08-01,2024-12-06,118787.0,1084.0
USPRIV,2020-08-01,2025-01-10,118787.0,1084.0
USPRIV,2020-08-01,2025-02-07,118819.0,1078.0
USPRIV,2020-08-01,2025-03-07,118819.0,1078.0
USPRIV,2020-08-01,2025-04-04,118819.0,1078.0
USPRIV,2020-08-01,2025-05-02,118819.0,1078.0
USPRIV,2020-08-01,2025-06-06,118819.0,1078.0
USPRIV,2020-08-01,2025-07-03,118819.0,1078.0
USPRIV,2020-08-01,2025-08-01,118819.0,1078.0
USPRIV,2020-08-01,2025-09-05,118819.0,1078.0
USPRIV,2020-08-01,2025-11-20,118819.0,1078.0
USPRIV,2020-08-01,2025-12-16,118819.0,1078.0
USPRIV,2020-08-01,2026-01-09,118819.0,1078.0
USPRIV,2020-08-01,2026-02-11,118821.0,1080.0
USPRIV,2020-08-01,2026-03-06,118821.0,1080.0
USPRIV,2020-08-01,2026-04-03,118821.0,1080.0
USPRIV,2020-08-01,2026-05-08,118821.0,1080.0
USPRIV,2020-08-01,2026-06-05,118821.0,1080.0
USPRIV,2020-08-01,2026-07-02,118821.0,1080.0
USPRIV,2020-09-01,2020-10-02,119917.0,877.0
USPRIV,2020-09-01,2020-11-06,119938.0,892.0
USPRIV,2020-09-01,2020-12-04,119976.0,930.0
USPRIV,2020-09-01,2021-01-08,119976.0,930.0
USPRIV,2020-09-01,2021-02-05,120008.0,932.0
USPRIV,2020-09-01,2021-03-05,120008.0,932.0
USPRIV,2020-09-01,2021-04-02,120008.0,932.0
USPRIV,2020-09-01,2021-05-07,120008.0,932.0
USPRIV,2020-09-01,2021-06-04,120008.0,932.0
USPRIV,2020-09-01,2021-07-02,120008.0,932.0
USPRIV,2020-09-01,2021-08-06,120008.0,932.0
USPRIV,2020-09-01,2021-09-03,120008.0,932.0
USPRIV,2020-09-01,2021-10-08,120008.0,932.0
USPRIV,2020-09-01,2021-11-05,120008.0,932.0
USPRIV,2020-09-01,2021-12-03,120008.0,932.0
USPRIV,2020-09-01,2022-01-07,120008.0,932.0
USPRIV,2020-09-01,2022-02-04,119709.0,959.0
USPRIV,2020-09-01,2022-03-04,119709.0,959.0
USPRIV,2020-09-01,2022-04-01,119709.0,959.0
USPRIV,2020-09-01,2022-05-06,119709.0,959.0
USPRIV,2020-09-01,2022-06-03,119709.0,959.0
USPRIV,2020-09-01,2022-07-08,119709.0,959.0
USPRIV,2020-09-01,2022-08-05,119709.0,959.0
USPRIV,2020-09-01,2022-09-02,119709.0,959.0
USPRIV,2020-09-01,2022-10-07,119709.0,959.0
USPRIV,2020-09-01,2022-11-04,119709.0,959.0
USPRIV,2020-09-01,2022-12-02,119709.0,959.0
USPRIV,2020-09-01,2023-01-06,119709.0,959.0
USPRIV,2020-09-01,2023-02-03,119841.0,1053.0
USPRIV,2020-09-01,2023-03-10,119841.0,1053.0
USPRIV,2020-09-01,2023-04-07,119841.0,1053.0
USPRIV,2020-09-01,2023-05-05,119841.0,1053.0
USPRIV,2020-09-01,2023-06-02,119841.0,1053.0
USPRIV,2020-09-01,2023-07-07,119841.0,1053.0
USPRIV,2020-09-01,2023-08-04,119841.0,1053.0
USPRIV,2020-09-01,2023-09-01,119841.0,1053.0
USPRIV,2020-09-01,2023-10-06,119841.0,1053.0
USPRIV,2020-09-01,2023-11-03,119841.0,1053.0
USPRIV,2020-09-01,2023-12-08,119841.0,1053.0
USPRIV,2020-09-01,2024-01-05,119841.0,1053.0
USPRIV,2020-09-01,2024-02-02,119885.0,1098.0
USPRIV,2020-09-01,2024-03-08,119885.0,1098.0
USPRIV,2020-09-01,2024-04-05,119885.0,1098.0
USPRIV,2020-09-01,2024-05-03,119885.0,1098.0
USPRIV,2020-09-01,2024-06-07,119885.0,1098.0
USPRIV,2020-09-01,2024-07-05,119885.0,1098.0
USPRIV,2020-09-01,2024-08-02,119885.0,1098.0
USPRIV,2020-09-01,2024-09-06,119885.0,1098.0
USPRIV,2020-09-01,2024-10-04,119885.0,1098.0
USPRIV,2020-09-01,2024-11-01,119885.0,1098.0
USPRIV,2020-09-01,2024-12-06,119885.0,1098.0
USPRIV,2020-09-01,2025-01-10,119885.0,1098.0
USPRIV,2020-09-01,2025-02-07,119841.0,1022.0
USPRIV,2020-09-01,2025-03-07,119841.0,1022.0
USPRIV,2020-09-01,2025-04-04,119841.0,1022.0
USPRIV,2020-09-01,2025-05-02,119841.0,1022.0
USPRIV,2020-09-01,2025-06-06,119841.0,1022.0
USPRIV,2020-09-01,2025-07-03,119841.0,1022.0
USPRIV,2020-09-01,2025-08-01,119841.0,1022.0
USPRIV,2020-09-01,2025-09-05,119841.0,1022.0
USPRIV,2020-09-01,2025-11-20,119841.0,1022.0
USPRIV,2020-09-01,2025-12-16,119841.0,1022.0
USPRIV,2020-09-01,2026-01-09,119841.0,1022.0
USPRIV,2020-09-01,2026-02-11,119841.0,1020.0
USPRIV,2020-09-01,2026-03-06,119841.0,1020.0
USPRIV,2020-09-01,2026-04-03,119841.0,1020.0
USPRIV,2020-09-01,2026-05-08,119841.0,1020.0
USPRIV,2020-09-01,2026-06-05,119841.0,1020.0
USPRIV,2020-09-01,2026-07-02,119841.0,1020.0
USPRIV,2020-10-01,2020-11-06,120844.0,906.0
USPRIV,2020-10-01,2020-12-04,120853.0,877.0
USPRIV,2020-10-01,2021-01-08,120901.0,925.0
USPRIV,2020-10-01,2021-02-05,120962.0,954.0
USPRIV,2020-10-01,2021-03-05,120962.0,954.0
USPRIV,2020-10-01,2021-04-02,120962.0,954.0
USPRIV,2020-10-01,2021-05-07,120962.0,954.0
USPRIV,2020-10-01,2021-06-04,120962.0,954.0
USPRIV,2020-10-01,2021-07-02,120962.0,954.0
USPRIV,2020-10-01,2021-08-06,120962.0,954.0
USPRIV,2020-10-01,2021-09-03,120962.0,954.0
USPRIV,2020-10-01,2021-10-08,120962.0,954.0
USPRIV,2020-10-01,2021-11-05,120962.0,954.0
USPRIV,2020-10-01,2021-12-03,120962.0,954.0
USPRIV,2020-10-01,2022-01-07,120962.0,954.0
USPRIV,2020-10-01,2022-02-04,120508.0,799.0
USPRIV,2020-10-01,2022-03-04,120508.0,799.0
USPRIV,2020-10-01,2022-04-01,120508.0,799.0
USPRIV,2020-10-01,2022-05-06,120508.0,799.0
USPRIV,2020-10-01,2022-06-03,120508.0,799.0
USPRIV,2020-10-01,2022-07-08,120508.0,799.0
USPRIV,2020-10-01,2022-08-05,120508.0,799.0
USPRIV,2020-10-01,2022-09-02,120508.0,799.0
USPRIV,2020-10-01,2022-10-07,120508.0,799.0
USPRIV,2020-10-01,2022-11-04,120508.0,799.0
USPRIV,2020-10-01,2022-12-02,120508.0,799.0
USPRIV,2020-10-01,2023-01-06,120508.0,799.0
USPRIV,2020-10-01,2023-02-03,120712.0,871.0
USPRIV,2020-10-01,2023-03-10,120712.0,871.0
USPRIV,2020-10-01,2023-04-07,120712.0,871.0
USPRIV,2020-10-01,2023-05-05,120712.0,871.0
USPRIV,2020-10-01,2023-06-02,120712.0,871.0
USPRIV,2020-10-01,2023-07-07,120712.0,871.0
USPRIV,2020-10-01,2023-08-04,120712.0,871.0
USPRIV,2020-10-01,2023-09-01,120712.0,871.0
USPRIV,2020-10-01,2023-10-06,120712.0,871.0
USPRIV,2020-10-01,2023-11-03,120712.0,871.0
USPRIV,2020-10-01,2023-12-08,120712.0,871.0
USPRIV,2020-10-01,2024-01-05,120712.0,871.0
USPRIV,2020-10-01,2024-02-02,120729.0,844.0
USPRIV,2020-10-01,2024-03-08,120729.0,844.0
USPRIV,2020-10-01,2024-04-05,120729.0,844.0
USPRIV,2020-10-01,2024-05-03,120729.0,844.0
USPRIV,2020-10-01,2024-06-07,120729.0,844.0
USPRIV,2020-10-01,2024-07-05,120729.0,844.0
USPRIV,2020-10-01,2024-08-02,120729.0,844.0
USPRIV,2020-10-01,2024-09-06,120729.0,844.0
USPRIV,2020-10-01,2024-10-04,120729.0,844.0
USPRIV,2020-10-01,2024-11-01,120729.0,844.0
USPRIV,2020-10-01,2024-12-06,120729.0,844.0
USPRIV,2020-10-01,2025-01-10,120729.0,844.0
USPRIV,2020-10-01,2025-02-07,120656.0,815.0
USPRIV,2020-10-01,2025-03-07,120656.0,815.0
USPRIV,2020-10-01,2025-04-04,120656.0,815.0
USPRIV,2020-10-01,2025-05-02,120656.0,815.0
USPRIV,2020-10-01,2025-06-06,120656.0,815.0
USPRIV,2020-10-01,2025-07-03,120656.0,815.0
USPRIV,2020-10-01,2025-08-01,120656.0,815.0
USPRIV,2020-10-01,2025-09-05,120656.0,815.0
USPRIV,2020-10-01,2025-11-20,120656.0,815.0
USPRIV,2020-10-01,2025-12-16,120656.0,815.0
USPRIV,2020-10-01,2026-01-09,120656.0,815.0
USPRIV,2020-10-01,2026-02-11,120655.0,814.0
USPRIV,2020-10-01,2026-03-06,120655.0,814.0
USPRIV,2020-10-01,2026-04-03,120655.0,814.0
USPRIV,2020-10-01,2026-05-08,120655.0,814.0
USPRIV,2020-10-01,2026-06-05,120655.0,814.0
USPRIV,2020-10-01,2026-07-02,120655.0,814.0
USPRIV,2020-11-01,2020-12-04,121197.0,344.0
USPRIV,2020-11-01,2021-01-08,121318.0,417.0
USPRIV,2020-11-01,2021-02-05,121321.0,359.0
USPRIV,2020-11-01,2021-03-05,121321.0,359.0
USPRIV,2020-11-01,2021-04-02,121321.0,359.0
USPRIV,2020-11-01,2021-05-07,121321.0,359.0
USPRIV,2020-11-01,2021-06-04,121321.0,359.0
USPRIV,2020-11-01,2021-07-02,121321.0,359.0
USPRIV,2020-11-01,2021-08-06,121321.0,359.0
USPRIV,2020-11-01,2021-09-03,121321.0,359.0
USPRIV,2020-11-01,2021-10-08,121321.0,359.0
USPRIV,2020-11-01,2021-11-05,121321.0,359.0
USPRIV,2020-11-01,2021-12-03,121321.0,359.0
USPRIV,2020-11-01,2022-01-07,121321.0,359.0
USPRIV,2020-11-01,2022-02-04,120914.0,406.0
USPRIV,2020-11-01,2022-03-04,120914.0,406.0
USPRIV,2020-11-01,2022-04-01,120914.0,406.0
USPRIV,2020-11-01,2022-05-06,120914.0,406.0
USPRIV,2020-11-01,2022-06-03,120914.0,406.0
USPRIV,2020-11-01,2022-07-08,120914.0,406.0
USPRIV,2020-11-01,2022-08-05,120914.0,406.0
USPRIV,2020-11-01,2022-09-02,120914.0,406.0
USPRIV,2020-11-01,2022-10-07,120914.0,406.0
USPRIV,2020-11-01,2022-11-04,120914.0,406.0
USPRIV,2020-11-01,2022-12-02,120914.0,406.0
USPRIV,2020-11-01,2023-01-06,120914.0,406.0
USPRIV,2020-11-01,2023-02-03,121062.0,350.0
USPRIV,2020-11-01,2023-03-10,121062.0,350.0
USPRIV,2020-11-01,2023-04-07,121062.0,350.0
USPRIV,2020-11-01,2023-05-05,121062.0,350.0
USPRIV,2020-11-01,2023-06-02,121062.0,350.0
USPRIV,2020-11-01,2023-07-07,121062.0,350.0
USPRIV,2020-11-01,2023-08-04,121062.0,350.0
USPRIV,2020-11-01,2023-09-01,121062.0,350.0
USPRIV,2020-11-01,2023-10-06,121062.0,350.0
USPRIV,2020-11-01,2023-11-03,121062.0,350.0
USPRIV,2020-11-01,2023-12-08,121062.0,350.0
USPRIV,2020-11-01,2024-01-05,121062.0,350.0
USPRIV,2020-11-01,2024-02-02,121078.0,349.0
USPRIV,2020-11-01,2024-03-08,121078.0,349.0
USPRIV,2020-11-01,2024-04-05,121078.0,349.0
USPRIV,2020-11-01,2024-05-03,121078.0,349.0
USPRIV,2020-11-01,2024-06-07,121078.0,349.0
USPRIV,2020-11-01,2024-07-05,121078.0,349.0
USPRIV,2020-11-01,2024-08-02,121078.0,349.0
USPRIV,2020-11-01,2024-09-06,121078.0,349.0
USPRIV,2020-11-01,2024-10-04,121078.0,349.0
USPRIV,2020-11-01,2024-11-01,121078.0,349.0
USPRIV,2020-11-01,2024-12-06,121078.0,349.0
USPRIV,2020-11-01,2025-01-10,121078.0,349.0
USPRIV,2020-11-01,2025-02-07,121048.0,392.0
USPRIV,2020-11-01,2025-03-07,121048.0,392.0
USPRIV,2020-11-01,2025-04-04,121048.0,392.0
USPRIV,2020-11-01,2025-05-02,121048.0,392.0
USPRIV,2020-11-01,2025-06-06,121048.0,392.0
USPRIV,2020-11-01,2025-07-03,121048.0,392.0
USPRIV,2020-11-01,2025-08-01,121048.0,392.0
USPRIV,2020-11-01,2025-09-05,121048.0,392.0
USPRIV,2020-11-01,2025-11-20,121048.0,392.0
USPRIV,2020-11-01,2025-12-16,121048.0,392.0
USPRIV,2020-11-01,2026-01-09,121048.0,392.0
USPRIV,2020-11-01,2026-02-11,121050.0,395.0
USPRIV,2020-11-01,2026-03-06,121050.0,395.0
USPRIV,2020-11-01,2026-04-03,121050.0,395.0
USPRIV,2020-11-01,2026-05-08,121050.0,395.0
USPRIV,2020-11-01,2026-06-05,121050.0,395.0
USPRIV,2020-11-01,2026-07-02,121050.0,395.0
USPRIV,2020-12-01,2021-01-08,121223.0,-95.0
USPRIV,2020-12-01,2021-02-05,121117.0,-204.0
USPRIV,2020-12-01,2021-03-05,121047.0,-274.0
USPRIV,2020-12-01,2021-04-02,121047.0,-274.0
USPRIV,2020-12-01,2021-05-07,121047.0,-274.0
USPRIV,2020-12-01,2021-06-04,121047.0,-274.0
USPRIV,2020-12-01,2021-07-02,121047.0,-274.0
USPRIV,2020-12-01,2021-08-06,121047.0,-274.0
USPRIV,2020-12-01,2021-09-03,121047.0,-274.0
USPRIV,2020-12-01,2021-10-08,121047.0,-274.0
USPRIV,2020-12-01,2021-11-05,121047.0,-274.0
USPRIV,2020-12-01,2021-12-03,121047.0,-274.0
USPRIV,2020-12-01,2022-01-07,121047.0,-274.0
USPRIV,2020-12-01,2022-02-04,120806.0,-108.0
USPRIV,2020-12-01,2022-03-04,120806.0,-108.0
USPRIV,2020-12-01,2022-04-01,120806.0,-108.0
USPRIV,2020-12-01,2022-05-06,120806.0,-108.0
USPRIV,2020-12-01,2022-06-03,120806.0,-108.0
USPRIV,2020-12-01,2022-07-08,120806.0,-108.0
USPRIV,2020-12-01,2022-08-05,120806.0,-108.0
USPRIV,2020-12-01,2022-09-02,120806.0,-108.0
USPRIV,2020-12-01,2022-10-07,120806.0,-108.0
USPRIV,2020-12-01,2022-11-04,120806.0,-108.0
USPRIV,2020-12-01,2022-12-02,120806.0,-108.0
USPRIV,2020-12-01,2023-01-06,120806.0,-108.0
USPRIV,2020-12-01,2023-02-03,120804.0,-258.0
USPRIV,2020-12-01,2023-03-10,120804.0,-258.0
USPRIV,2020-12-01,2023-04-07,120804.0,-258.0
USPRIV,2020-12-01,2023-05-05,120804.0,-258.0
USPRIV,2020-12-01,2023-06-02,120804.0,-258.0
USPRIV,2020-12-01,2023-07-07,120804.0,-258.0
USPRIV,2020-12-01,2023-08-04,120804.0,-258.0
USPRIV,2020-12-01,2023-09-01,120804.0,-258.0
USPRIV,2020-12-01,2023-10-06,120804.0,-258.0
USPRIV,2020-12-01,2023-11-03,120804.0,-258.0
USPRIV,2020-12-01,2023-12-08,120804.0,-258.0
USPRIV,2020-12-01,2024-01-05,120804.0,-258.0
USPRIV,2020-12-01,2024-02-02,120842.0,-236.0
USPRIV,2020-12-01,2024-03-08,120842.0,-236.0
USPRIV,2020-12-01,2024-04-05,120842.0,-236.0
USPRIV,2020-12-01,2024-05-03,120842.0,-236.0
USPRIV,2020-12-01,2024-06-07,120842.0,-236.0
USPRIV,2020-12-01,2024-07-05,120842.0,-236.0
USPRIV,2020-12-01,2024-08-02,120842.0,-236.0
USPRIV,2020-12-01,2024-09-06,120842.0,-236.0
USPRIV,2020-12-01,2024-10-04,120842.0,-236.0
USPRIV,2020-12-01,2024-11-01,120842.0,-236.0
USPRIV,2020-12-01,2024-12-06,120842.0,-236.0
USPRIV,2020-12-01,2025-01-10,120842.0,-236.0
USPRIV,2020-12-01,2025-02-07,120870.0,-178.0
USPRIV,2020-12-01,2025-03-07,120870.0,-178.0
USPRIV,2020-12-01,2025-04-04,120870.0,-178.0
USPRIV,2020-12-01,2025-05-02,120870.0,-178.0
USPRIV,2020-12-01,2025-06-06,120870.0,-178.0
USPRIV,2020-12-01,2025-07-03,120870.0,-178.0
USPRIV,2020-12-01,2025-08-01,120870.0,-178.0
USPRIV,2020-12-01,2025-09-05,120870.0,-178.0
USPRIV,2020-12-01,2025-11-20,120870.0,-178.0
USPRIV,2020-12-01,2025-12-16,120870.0,-178.0
USPRIV,2020-12-01,2026-01-09,120870.0,-178.0
USPRIV,2020-12-01,2026-02-11,120870.0,-180.0
USPRIV,2020-12-01,2026-03-06,120870.0,-180.0
USPRIV,2020-12-01,2026-04-03,120870.0,-180.0
USPRIV,2020-12-01,2026-05-08,120870.0,-180.0
USPRIV,2020-12-01,2026-06-05,120870.0,-180.0
USPRIV,2020-12-01,2026-07-02,120870.0,-180.0
USPRIV,2021-01-01,2021-02-05,121123.0,6.0
USPRIV,2021-01-01,2021-03-05,121137.0,90.0
USPRIV,2021-01-01,2021-04-02,121169.0,122.0
USPRIV,2021-01-01,2021-05-07,121169.0,122.0
USPRIV,2021-01-01,2021-06-04,121169.0,122.0
USPRIV,2021-01-01,2021-07-02,121169.0,122.0
USPRIV,2021-01-01,2021-08-06,121169.0,122.0
USPRIV,2021-01-01,2021-09-03,121169.0,122.0
USPRIV,2021-01-01,2021-10-08,121169.0,122.0
USPRIV,2021-01-01,2021-11-05,121169.0,122.0
USPRIV,2021-01-01,2021-12-03,121169.0,122.0
USPRIV,2021-01-01,2022-01-07,121169.0,122.0
USPRIV,2021-01-01,2022-02-04,121229.0,423.0
USPRIV,2021-01-01,2022-03-04,121229.0,423.0
USPRIV,2021-01-01,2022-04-01,121229.0,423.0
USPRIV,2021-01-01,2022-05-06,121229.0,423.0
USPRIV,2021-01-01,2022-06-03,121229.0,423.0
USPRIV,2021-01-01,2022-07-08,121229.0,423.0
USPRIV,2021-01-01,2022-08-05,121229.0,423.0
USPRIV,2021-01-01,2022-09-02,121229.0,423.0
USPRIV,2021-01-01,2022-10-07,121229.0,423.0
USPRIV,2021-01-01,2022-11-04,121229.0,423.0
USPRIV,2021-01-01,2022-12-02,121229.0,423.0
USPRIV,2021-01-01,2023-01-06,121229.0,423.0
USPRIV,2021-01-01,2023-02-03,121188.0,384.0
USPRIV,2021-01-01,2023-03-10,121188.0,384.0
USPRIV,2021-01-01,2023-04-07,121188.0,384.0
USPRIV,2021-01-01,2023-05-05,121188.0,384.0
USPRIV,2021-01-01,2023-06-02,121188.0,384.0
USPRIV,2021-01-01,2023-07-07,121188.0,384.0
USPRIV,2021-01-01,2023-08-04,121188.0,384.0
USPRIV,2021-01-01,2023-09-01,121188.0,384.0
USPRIV,2021-01-01,2023-10-06,121188.0,384.0
USPRIV,2021-01-01,2023-11-03,121188.0,384.0
USPRIV,2021-01-01,2023-12-08,121188.0,384.0
USPRIV,2021-01-01,2024-01-05,121188.0,384.0
USPRIV,2021-01-01,2024-02-02,121128.0,286.0
USPRIV,2021-01-01,2024-03-08,121128.0,286.0
USPRIV,2021-01-01,2024-04-05,121128.0,286.0
USPRIV,2021-01-01,2024-05-03,121128.0,286.0
USPRIV,2021-01-01,2024-06-07,121128.0,286.0
USPRIV,2021-01-01,2024-07-05,121128.0,286.0
USPRIV,2021-01-01,2024-08-02,121128.0,286.0
USPRIV,2021-01-01,2024-09-06,121128.0,286.0
USPRIV,2021-01-01,2024-10-04,121128.0,286.0
USPRIV,2021-01-01,2024-11-01,121128.0,286.0
USPRIV,2021-01-01,2024-12-06,121128.0,286.0
USPRIV,2021-01-01,2025-01-10,121128.0,286.0
USPRIV,2021-01-01,2025-02-07,121134.0,264.0
USPRIV,2021-01-01,2025-03-07,121134.0,264.0
USPRIV,2021-01-01,2025-04-04,121134.0,264.0
USPRIV,2021-01-01,2025-05-02,121134.0,264.0
USPRIV,2021-01-01,2025-06-06,121134.0,264.0
USPRIV,2021-01-01,2025-07-03,121134.0,264.0
USPRIV,2021-01-01,2025-08-01,121134.0,264.0
USPRIV,2021-01-01,2025-09-05,121134.0,264.0
USPRIV,2021-01-01,2025-11-20,121134.0,264.0
USPRIV,2021-01-01,2025-12-16,121134.0,264.0
USPRIV,2021-01-01,2026-01-09,121134.0,264.0
USPRIV,2021-01-01,2026-02-11,121122.0,252.0
USPRIV,2021-01-01,2026-03-06,121122.0,252.0
USPRIV,2021-01-01,2026-04-03,121122.0,252.0
USPRIV,2021-01-01,2026-05-08,121122.0,252.0
USPRIV,2021-01-01,2026-06-05,121122.0,252.0
USPRIV,2021-01-01,2026-07-02,121122.0,252.0
USPRIV,2021-02-01,2021-03-05,121602.0,465.0
USPRIV,2021-02-01,2021-04-02,121727.0,558.0
USPRIV,2021-02-01,2021-05-07,121791.0,622.0
USPRIV,2021-02-01,2021-06-04,121791.0,622.0
USPRIV,2021-02-01,2021-07-02,121791.0,622.0
USPRIV,2021-02-01,2021-08-06,121791.0,622.0
USPRIV,2021-02-01,2021-09-03,121791.0,622.0
USPRIV,2021-02-01,2021-10-08,121791.0,622.0
USPRIV,2021-02-01,2021-11-05,121791.0,622.0
USPRIV,2021-02-01,2021-12-03,121791.0,622.0
USPRIV,2021-02-01,2022-01-07,121791.0,622.0
USPRIV,2021-02-01,2022-02-04,121922.0,693.0
USPRIV,2021-02-01,2022-03-04,121922.0,693.0
USPRIV,2021-02-01,2022-04-01,121922.0,693.0
USPRIV,2021-02-01,2022-05-06,121922.0,693.0
USPRIV,2021-02-01,2022-06-03,121922.0,693.0
USPRIV,2021-02-01,2022-07-08,121922.0,693.0
USPRIV,2021-02-01,2022-08-05,121922.0,693.0
USPRIV,2021-02-01,2022-09-02,121922.0,693.0
USPRIV,2021-02-01,2022-10-07,121922.0,693.0
USPRIV,2021-02-01,2022-11-04,121922.0,693.0
USPRIV,2021-02-01,2022-12-02,121922.0,693.0
USPRIV,2021-02-01,2023-01-06,121922.0,693.0
USPRIV,2021-02-01,2023-02-03,121751.0,563.0
USPRIV,2021-02-01,2023-03-10,121751.0,563.0
USPRIV,2021-02-01,2023-04-07,121751.0,563.0
USPRIV,2021-02-01,2023-05-05,121751.0,563.0
USPRIV,2021-02-01,2023-06-02,121751.0,563.0
USPRIV,2021-02-01,2023-07-07,121751.0,563.0
USPRIV,2021-02-01,2023-08-04,121751.0,563.0
USPRIV,2021-02-01,2023-09-01,121751.0,563.0
USPRIV,2021-02-01,2023-10-06,121751.0,563.0
USPRIV,2021-02-01,2023-11-03,121751.0,563.0
USPRIV,2021-02-01,2023-12-08,121751.0,563.0
USPRIV,2021-02-01,2024-01-05,121751.0,563.0
USPRIV,2021-02-01,2024-02-02,121666.0,538.0
USPRIV,2021-02-01,2024-03-08,121666.0,538.0
USPRIV,2021-02-01,2024-04-05,121666.0,538.0
USPRIV,2021-02-01,2024-05-03,121666.0,538.0
USPRIV,2021-02-01,2024-06-07,121666.0,538.0
USPRIV,2021-02-01,2024-07-05,121666.0,538.0
USPRIV,2021-02-01,2024-08-02,121666.0,538.0
USPRIV,2021-02-01,2024-09-06,121666.0,538.0
USPRIV,2021-02-01,2024-10-04,121666.0,538.0
USPRIV,2021-02-01,2024-11-01,121666.0,538.0
USPRIV,2021-02-01,2024-12-06,121666.0,538.0
USPRIV,2021-02-01,2025-01-10,121666.0,538.0
USPRIV,2021-02-01,2025-02-07,121658.0,524.0
USPRIV,2021-02-01,2025-03-07,121658.0,524.0
USPRIV,2021-02-01,2025-04-04,121658.0,524.0
USPRIV,2021-02-01,2025-05-02,121658.0,524.0
USPRIV,2021-02-01,2025-06-06,121658.0,524.0
USPRIV,2021-02-01,2025-07-03,121658.0,524.0
USPRIV,2021-02-01,2025-08-01,121658.0,524.0
USPRIV,2021-02-01,2025-09-05,121658.0,524.0
USPRIV,2021-02-01,2025-11-20,121658.0,524.0
USPRIV,2021-02-01,2025-12-16,121658.0,524.0
USPRIV,2021-02-01,2026-01-09,121658.0,524.0
USPRIV,2021-02-01,2026-02-11,121626.0,504.0
USPRIV,2021-02-01,2026-03-06,121626.0,504.0
USPRIV,2021-02-01,2026-04-03,121626.0,504.0
USPRIV,2021-02-01,2026-05-08,121626.0,504.0
USPRIV,2021-02-01,2026-06-05,121626.0,504.0
USPRIV,2021-02-01,2026-07-02,121626.0,504.0
USPRIV,2021-03-01,2021-04-02,122507.0,780.0
USPRIV,2021-03-01,2021-05-07,122499.0,708.0
USPRIV,2021-03-01,2021-06-04,122515.0,724.0
USPRIV,2021-03-01,2021-07-02,122515.0,724.0
USPRIV,2021-03-01,2021-08-06,122515.0,724.0
USPRIV,2021-03-01,2021-09-03,122515.0,724.0
USPRIV,2021-03-01,2021-10-08,122515.0,724.0
USPRIV,2021-03-01,2021-11-05,122515.0,724.0
USPRIV,2021-03-01,2021-12-03,122515.0,724.0
USPRIV,2021-03-01,2022-01-07,122515.0,724.0
USPRIV,2021-03-01,2022-02-04,122572.0,650.0
USPRIV,2021-03-01,2022-03-04,122572.0,650.0
USPRIV,2021-03-01,2022-04-01,122572.0,650.0
USPRIV,2021-03-01,2022-05-06,122572.0,650.0
USPRIV,2021-03-01,2022-06-03,122572.0,650.0
USPRIV,2021-03-01,2022-07-08,122572.0,650.0
USPRIV,2021-03-01,2022-08-05,122572.0,650.0
USPRIV,2021-03-01,2022-09-02,122572.0,650.0
USPRIV,2021-03-01,2022-10-07,122572.0,650.0
USPRIV,2021-03-01,2022-11-04,122572.0,650.0
USPRIV,2021-03-01,2022-12-02,122572.0,650.0
USPRIV,2021-03-01,2023-01-06,122572.0,650.0
USPRIV,2021-03-01,2023-02-03,122452.0,701.0
USPRIV,2021-03-01,2023-03-10,122452.0,701.0
USPRIV,2021-03-01,2023-04-07,122452.0,701.0
USPRIV,2021-03-01,2023-05-05,122452.0,701.0
USPRIV,2021-03-01,2023-06-02,122452.0,701.0
USPRIV,2021-03-01,2023-07-07,122452.0,701.0
USPRIV,2021-03-01,2023-08-04,122452.0,701.0
USPRIV,2021-03-01,2023-09-01,122452.0,701.0
USPRIV,2021-03-01,2023-10-06,122452.0,701.0
USPRIV,2021-03-01,2023-11-03,122452.0,701.0
USPRIV,2021-03-01,2023-12-08,122452.0,701.0
USPRIV,2021-03-01,2024-01-05,122452.0,701.0
USPRIV,2021-03-01,2024-02-02,122413.0,747.0
USPRIV,2021-03-01,2024-03-08,122413.0,747.0
USPRIV,2021-03-01,2024-04-05,122413.0,747.0
USPRIV,2021-03-01,2024-05-03,122413.0,747.0
USPRIV,2021-03-01,2024-06-07,122413.0,747.0
USPRIV,2021-03-01,2024-07-05,122413.0,747.0
USPRIV,2021-03-01,2024-08-02,122413.0,747.0
USPRIV,2021-03-01,2024-09-06,122413.0,747.0
USPRIV,2021-03-01,2024-10-04,122413.0,747.0
USPRIV,2021-03-01,2024-11-01,122413.0,747.0
USPRIV,2021-03-01,2024-12-06,122413.0,747.0
USPRIV,2021-03-01,2025-01-10,122413.0,747.0
USPRIV,2021-03-01,2025-02-07,122390.0,732.0
USPRIV,2021-03-01,2025-03-07,122390.0,732.0
USPRIV,2021-03-01,2025-04-04,122390.0,732.0
USPRIV,2021-03-01,2025-05-02,122390.0,732.0
USPRIV,2021-03-01,2025-06-06,122390.0,732.0
USPRIV,2021-03-01,2025-07-03,122390.0,732.0
USPRIV,2021-03-01,2025-08-01,122390.0,732.0
USPRIV,2021-03-01,2025-09-05,122390.0,732.0
USPRIV,2021-03-01,2025-11-20,122390.0,732.0
USPRIV,2021-03-01,2025-12-16,122390.0,732.0
USPRIV,2021-03-01,2026-01-09,122390.0,732.0
USPRIV,2021-03-01,2026-02-11,122388.0,762.0
USPRIV,2021-03-01,2026-03-06,122388.0,762.0
USPRIV,2021-03-01,2026-04-03,122388.0,762.0
USPRIV,2021-03-01,2026-05-08,122388.0,762.0
USPRIV,2021-03-01,2026-06-05,122388.0,762.0
USPRIV,2021-03-01,2026-07-02,122388.0,762.0
USPRIV,2021-04-01,2021-05-07,122717.0,218.0
USPRIV,2021-04-01,2021-06-04,122734.0,219.0
USPRIV,2021-04-01,2021-07-02,122741.0,226.0
USPRIV,2021-04-01,2021-08-06,122741.0,226.0
USPRIV,2021-04-01,2021-09-03,122741.0,226.0
USPRIV,2021-04-01,2021-10-08,122741.0,226.0
USPRIV,2021-04-01,2021-11-05,122741.0,226.0
USPRIV,2021-04-01,2021-12-03,122741.0,226.0
USPRIV,2021-04-01,2022-01-07,122741.0,226.0
USPRIV,2021-04-01,2022-02-04,122784.0,212.0
USPRIV,2021-04-01,2022-03-04,122784.0,212.0
USPRIV,2021-04-01,2022-04-01,122784.0,212.0
USPRIV,2021-04-01,2022-05-06,122784.0,212.0
USPRIV,2021-04-01,2022-06-03,122784.0,212.0
USPRIV,2021-04-01,2022-07-08,122784.0,212.0
USPRIV,2021-04-01,2022-08-05,122784.0,212.0
USPRIV,2021-04-01,2022-09-02,122784.0,212.0
USPRIV,2021-04-01,2022-10-07,122784.0,212.0
USPRIV,2021-04-01,2022-11-04,122784.0,212.0
USPRIV,2021-04-01,2022-12-02,122784.0,212.0
USPRIV,2021-04-01,2023-01-06,122784.0,212.0
USPRIV,2021-04-01,2023-02-03,122685.0,233.0
USPRIV,2021-04-01,2023-03-10,122685.0,233.0
USPRIV,2021-04-01,2023-04-07,122685.0,233.0
USPRIV,2021-04-01,2023-05-05,122685.0,233.0
USPRIV,2021-04-01,2023-06-02,122685.0,233.0
USPRIV,2021-04-01,2023-07-07,122685.0,233.0
USPRIV,2021-04-01,2023-08-04,122685.0,233.0
USPRIV,2021-04-01,2023-09-01,122685.0,233.0
USPRIV,2021-04-01,2023-10-06,122685.0,233.0
USPRIV,2021-04-01,2023-11-03,122685.0,233.0
USPRIV,2021-04-01,2023-12-08,122685.0,233.0
USPRIV,2021-04-01,2024-01-05,122685.0,233.0
USPRIV,2021-04-01,2024-02-02,122680.0,267.0
USPRIV,2021-04-01,2024-03-08,122680.0,267.0
USPRIV,2021-04-01,2024-04-05,122680.0,267.0
USPRIV,2021-04-01,2024-05-03,122680.0,267.0
USPRIV,2021-04-01,2024-06-07,122680.0,267.0
USPRIV,2021-04-01,2024-07-05,122680.0,267.0
USPRIV,2021-04-01,2024-08-02,122680.0,267.0
USPRIV,2021-04-01,2024-09-06,122680.0,267.0
USPRIV,2021-04-01,2024-10-04,122680.0,267.0
USPRIV,2021-04-01,2024-11-01,122680.0,267.0
USPRIV,2021-04-01,2024-12-06,122680.0,267.0
USPRIV,2021-04-01,2025-01-10,122680.0,267.0
USPRIV,2021-04-01,2025-02-07,122702.0,312.0
USPRIV,2021-04-01,2025-03-07,122702.0,312.0
USPRIV,2021-04-01,2025-04-04,122702.0,312.0
USPRIV,2021-04-01,2025-05-02,122702.0,312.0
USPRIV,2021-04-01,2025-06-06,122702.0,312.0
USPRIV,2021-04-01,2025-07-03,122702.0,312.0
USPRIV,2021-04-01,2025-08-01,122702.0,312.0
USPRIV,2021-04-01,2025-09-05,122702.0,312.0
USPRIV,2021-04-01,2025-11-20,122702.0,312.0
USPRIV,2021-04-01,2025-12-16,122702.0,312.0
USPRIV,2021-04-01,2026-01-09,122702.0,312.0
USPRIV,2021-04-01,2026-02-11,122694.0,306.0
USPRIV,2021-04-01,2026-03-06,122694.0,306.0
USPRIV,2021-04-01,2026-04-03,122694.0,306.0
USPRIV,2021-04-01,2026-05-08,122694.0,306.0
USPRIV,2021-04-01,2026-06-05,122694.0,306.0
USPRIV,2021-04-01,2026-07-02,122694.0,306.0
USPRIV,2021-05-01,2021-06-04,123226.0,492.0
USPRIV,2021-05-01,2021-07-02,123257.0,516.0
USPRIV,2021-05-01,2021-08-06,123296.0,555.0
USPRIV,2021-05-01,2021-09-03,123296.0,555.0
USPRIV,2021-05-01,2021-10-08,123296.0,555.0
USPRIV,2021-05-01,2021-11-05,123296.0,555.0
USPRIV,2021-05-01,2021-12-03,123296.0,555.0
USPRIV,2021-05-01,2022-01-07,123296.0,555.0
USPRIV,2021-05-01,2022-02-04,123165.0,381.0
USPRIV,2021-05-01,2022-03-04,123165.0,381.0
USPRIV,2021-05-01,2022-04-01,123165.0,381.0
USPRIV,2021-05-01,2022-05-06,123165.0,381.0
USPRIV,2021-05-01,2022-06-03,123165.0,381.0
USPRIV,2021-05-01,2022-07-08,123165.0,381.0
USPRIV,2021-05-01,2022-08-05,123165.0,381.0
USPRIV,2021-05-01,2022-09-02,123165.0,381.0
USPRIV,2021-05-01,2022-10-07,123165.0,381.0
USPRIV,2021-05-01,2022-11-04,123165.0,381.0
USPRIV,2021-05-01,2022-12-02,123165.0,381.0
USPRIV,2021-05-01,2023-01-06,123165.0,381.0
USPRIV,2021-05-01,2023-02-03,123166.0,481.0
USPRIV,2021-05-01,2023-03-10,123166.0,481.0
USPRIV,2021-05-01,2023-04-07,123166.0,481.0
USPRIV,2021-05-01,2023-05-05,123166.0,481.0
USPRIV,2021-05-01,2023-06-02,123166.0,481.0
USPRIV,2021-05-01,2023-07-07,123166.0,481.0
USPRIV,2021-05-01,2023-08-04,123166.0,481.0
USPRIV,2021-05-01,2023-09-01,123166.0,481.0
USPRIV,2021-05-01,2023-10-06,123166.0,481.0
USPRIV,2021-05-01,2023-11-03,123166.0,481.0
USPRIV,2021-05-01,2023-12-08,123166.0,481.0
USPRIV,2021-05-01,2024-01-05,123166.0,481.0
USPRIV,2021-05-01,2024-02-02,123127.0,447.0
USPRIV,2021-05-01,2024-03-08,123127.0,447.0
USPRIV,2021-05-01,2024-04-05,123127.0,447.0
USPRIV,2021-05-01,2024-05-03,123127.0,447.0
USPRIV,2021-05-01,2024-06-07,123127.0,447.0
USPRIV,2021-05-01,2024-07-05,123127.0,447.0
USPRIV,2021-05-01,2024-08-02,123127.0,447.0
USPRIV,2021-05-01,2024-09-06,123127.0,447.0
USPRIV,2021-05-01,2024-10-04,123127.0,447.0
USPRIV,2021-05-01,2024-11-01,123127.0,447.0
USPRIV,2021-05-01,2024-12-06,123127.0,447.0
USPRIV,2021-05-01,2025-01-10,123127.0,447.0
USPRIV,2021-05-01,2025-02-07,123122.0,420.0
USPRIV,2021-05-01,2025-03-07,123122.0,420.0
USPRIV,2021-05-01,2025-04-04,123122.0,420.0
USPRIV,2021-05-01,2025-05-02,123122.0,420.0
USPRIV,2021-05-01,2025-06-06,123122.0,420.0
USPRIV,2021-05-01,2025-07-03,123122.0,420.0
USPRIV,2021-05-01,2025-08-01,123122.0,420.0
USPRIV,2021-05-01,2025-09-05,123122.0,420.0
USPRIV,2021-05-01,2025-11-20,123122.0,420.0
USPRIV,2021-05-01,2025-12-16,123122.0,420.0
USPRIV,2021-05-01,2026-01-09,123122.0,420.0
USPRIV,2021-05-01,2026-02-11,123136.0,442.0
USPRIV,2021-05-01,2026-03-06,123136.0,442.0
USPRIV,2021-05-01,2026-04-03,123136.0,442.0
USPRIV,2021-05-01,2026-05-08,123136.0,442.0
USPRIV,2021-05-01,2026-06-05,123136.0,442.0
USPRIV,2021-05-01,2026-07-02,123136.0,442.0
USPRIV,2021-06-01,2021-07-02,123919.0,662.0
USPRIV,2021-06-01,2021-08-06,124065.0,769.0
USPRIV,2021-06-01,2021-09-03,124104.0,808.0
USPRIV,2021-06-01,2021-10-08,124104.0,808.0
USPRIV,2021-06-01,2021-11-05,124104.0,808.0
USPRIV,2021-06-01,2021-12-03,124104.0,808.0
USPRIV,2021-06-01,2022-01-07,124104.0,808.0
USPRIV,2021-06-01,2022-02-04,123673.0,508.0
USPRIV,2021-06-01,2022-03-04,123673.0,508.0
USPRIV,2021-06-01,2022-04-01,123673.0,508.0
USPRIV,2021-06-01,2022-05-06,123673.0,508.0
USPRIV,2021-06-01,2022-06-03,123673.0,508.0
USPRIV,2021-06-01,2022-07-08,123673.0,508.0
USPRIV,2021-06-01,2022-08-05,123673.0,508.0
USPRIV,2021-06-01,2022-09-02,123673.0,508.0
USPRIV,2021-06-01,2022-10-07,123673.0,508.0
USPRIV,2021-06-01,2022-11-04,123673.0,508.0
USPRIV,2021-06-01,2022-12-02,123673.0,508.0
USPRIV,2021-06-01,2023-01-06,123673.0,508.0
USPRIV,2021-06-01,2023-02-03,123790.0,624.0
USPRIV,2021-06-01,2023-03-10,123790.0,624.0
USPRIV,2021-06-01,2023-04-07,123790.0,624.0
USPRIV,2021-06-01,2023-05-05,123790.0,624.0
USPRIV,2021-06-01,2023-06-02,123790.0,624.0
USPRIV,2021-06-01,2023-07-07,123790.0,624.0
USPRIV,2021-06-01,2023-08-04,123790.0,624.0
USPRIV,2021-06-01,2023-09-01,123790.0,624.0
USPRIV,2021-06-01,2023-10-06,123790.0,624.0
USPRIV,2021-06-01,2023-11-03,123790.0,624.0
USPRIV,2021-06-01,2023-12-08,123790.0,624.0
USPRIV,2021-06-01,2024-01-05,123790.0,624.0
USPRIV,2021-06-01,2024-02-02,123804.0,677.0
USPRIV,2021-06-01,2024-03-08,123804.0,677.0
USPRIV,2021-06-01,2024-04-05,123804.0,677.0
USPRIV,2021-06-01,2024-05-03,123804.0,677.0
USPRIV,2021-06-01,2024-06-07,123804.0,677.0
USPRIV,2021-06-01,2024-07-05,123804.0,677.0
USPRIV,2021-06-01,2024-08-02,123804.0,677.0
USPRIV,2021-06-01,2024-09-06,123804.0,677.0
USPRIV,2021-06-01,2024-10-04,123804.0,677.0
USPRIV,2021-06-01,2024-11-01,123804.0,677.0
USPRIV,2021-06-01,2024-12-06,123804.0,677.0
USPRIV,2021-06-01,2025-01-10,123804.0,677.0
USPRIV,2021-06-01,2025-02-07,123824.0,702.0
USPRIV,2021-06-01,2025-03-07,123824.0,702.0
USPRIV,2021-06-01,2025-04-04,123824.0,702.0
USPRIV,2021-06-01,2025-05-02,123824.0,702.0
USPRIV,2021-06-01,2025-06-06,123824.0,702.0
USPRIV,2021-06-01,2025-07-03,123824.0,702.0
USPRIV,2021-06-01,2025-08-01,123824.0,702.0
USPRIV,2021-06-01,2025-09-05,123824.0,702.0
USPRIV,2021-06-01,2025-11-20,123824.0,702.0
USPRIV,2021-06-01,2025-12-16,123824.0,702.0
USPRIV,2021-06-01,2026-01-09,123824.0,702.0
USPRIV,2021-06-01,2026-02-11,123789.0,653.0
USPRIV,2021-06-01,2026-03-06,123789.0,653.0
USPRIV,2021-06-01,2026-04-03,123789.0,653.0
USPRIV,2021-06-01,2026-05-08,123789.0,653.0
USPRIV,2021-06-01,2026-06-05,123789.0,653.0
USPRIV,2021-06-01,2026-07-02,123789.0,653.0
USPRIV,2021-07-01,2021-08-06,124768.0,703.0
USPRIV,2021-07-01,2021-09-03,124902.0,798.0
USPRIV,2021-07-01,2021-10-08,124920.0,816.0
USPRIV,2021-07-01,2021-11-05,124920.0,816.0
USPRIV,2021-07-01,2021-12-03,124920.0,816.0
USPRIV,2021-07-01,2022-01-07,124920.0,816.0
USPRIV,2021-07-01,2022-02-04,124311.0,638.0
USPRIV,2021-07-01,2022-03-04,124311.0,638.0
USPRIV,2021-07-01,2022-04-01,124311.0,638.0
USPRIV,2021-07-01,2022-05-06,124311.0,638.0
USPRIV,2021-07-01,2022-06-03,124311.0,638.0
USPRIV,2021-07-01,2022-07-08,124311.0,638.0
USPRIV,2021-07-01,2022-08-05,124311.0,638.0
USPRIV,2021-07-01,2022-09-02,124311.0,638.0
USPRIV,2021-07-01,2022-10-07,124311.0,638.0
USPRIV,2021-07-01,2022-11-04,124311.0,638.0
USPRIV,2021-07-01,2022-12-02,124311.0,638.0
USPRIV,2021-07-01,2023-01-06,124311.0,638.0
USPRIV,2021-07-01,2023-02-03,124521.0,731.0
USPRIV,2021-07-01,2023-03-10,124521.0,731.0
USPRIV,2021-07-01,2023-04-07,124521.0,731.0
USPRIV,2021-07-01,2023-05-05,124521.0,731.0
USPRIV,2021-07-01,2023-06-02,124521.0,731.0
USPRIV,2021-07-01,2023-07-07,124521.0,731.0
USPRIV,2021-07-01,2023-08-04,124521.0,731.0
USPRIV,2021-07-01,2023-09-01,124521.0,731.0
USPRIV,2021-07-01,2023-10-06,124521.0,731.0
USPRIV,2021-07-01,2023-11-03,124521.0,731.0
USPRIV,2021-07-01,2023-12-08,124521.0,731.0
USPRIV,2021-07-01,2024-01-05,124521.0,731.0
USPRIV,2021-07-01,2024-02-02,124684.0,880.0
USPRIV,2021-07-01,2024-03-08,124684.0,880.0
USPRIV,2021-07-01,2024-04-05,124684.0,880.0
USPRIV,2021-07-01,2024-05-03,124684.0,880.0
USPRIV,2021-07-01,2024-06-07,124684.0,880.0
USPRIV,2021-07-01,2024-07-05,124684.0,880.0
USPRIV,2021-07-01,2024-08-02,124684.0,880.0
USPRIV,2021-07-01,2024-09-06,124684.0,880.0
USPRIV,2021-07-01,2024-10-04,124684.0,880.0
USPRIV,2021-07-01,2024-11-01,124684.0,880.0
USPRIV,2021-07-01,2024-12-06,124684.0,880.0
USPRIV,2021-07-01,2025-01-10,124684.0,880.0
USPRIV,2021-07-01,2025-02-07,124704.0,880.0
USPRIV,2021-07-01,2025-03-07,124704.0,880.0
USPRIV,2021-07-01,2025-04-04,124704.0,880.0
USPRIV,2021-07-01,2025-05-02,124704.0,880.0
USPRIV,2021-07-01,2025-06-06,124704.0,880.0
USPRIV,2021-07-01,2025-07-03,124704.0,880.0
USPRIV,2021-07-01,2025-08-01,124704.0,880.0
USPRIV,2021-07-01,2025-09-05,124704.0,880.0
USPRIV,2021-07-01,2025-11-20,124704.0,880.0
USPRIV,2021-07-01,2025-12-16,124704.0,880.0
USPRIV,2021-07-01,2026-01-09,124704.0,880.0
USPRIV,2021-07-01,2026-02-11,124723.0,934.0
USPRIV,2021-07-01,2026-03-06,124723.0,934.0
USPRIV,2021-07-01,2026-04-03,124723.0,934.0
USPRIV,2021-07-01,2026-05-08,124723.0,934.0
USPRIV,2021-07-01,2026-06-05,124723.0,934.0
USPRIV,2021-07-01,2026-07-02,124723.0,934.0
USPRIV,2021-08-01,2021-09-03,125145.0,243.0
USPRIV,2021-08-01,2021-10-08,125252.0,332.0
USPRIV,2021-08-01,2021-11-05,125424.0,504.0
USPRIV,2021-08-01,2021-12-03,125424.0,504.0
USPRIV,2021-08-01,2022-01-07,125424.0,504.0
USPRIV,2021-08-01,2022-02-04,124808.0,497.0
USPRIV,2021-08-01,2022-03-04,124808.0,497.0
USPRIV,2021-08-01,2022-04-01,124808.0,497.0
USPRIV,2021-08-01,2022-05-06,124808.0,497.0
USPRIV,2021-08-01,2022-06-03,124808.0,497.0
USPRIV,2021-08-01,2022-07-08,124808.0,497.0
USPRIV,2021-08-01,2022-08-05,124808.0,497.0
USPRIV,2021-08-01,2022-09-02,124808.0,497.0
USPRIV,2021-08-01,2022-10-07,124808.0,497.0
USPRIV,2021-08-01,2022-11-04,124808.0,497.0
USPRIV,2021-08-01,2022-12-02,124808.0,497.0
USPRIV,2021-08-01,2023-01-06,124808.0,497.0
USPRIV,2021-08-01,2023-02-03,125121.0,600.0
USPRIV,2021-08-01,2023-03-10,125121.0,600.0
USPRIV,2021-08-01,2023-04-07,125121.0,600.0
USPRIV,2021-08-01,2023-05-05,125121.0,600.0
USPRIV,2021-08-01,2023-06-02,125121.0,600.0
USPRIV,2021-08-01,2023-07-07,125121.0,600.0
USPRIV,2021-08-01,2023-08-04,125121.0,600.0
USPRIV,2021-08-01,2023-09-01,125121.0,600.0
USPRIV,2021-08-01,2023-10-06,125121.0,600.0
USPRIV,2021-08-01,2023-11-03,125121.0,600.0
USPRIV,2021-08-01,2023-12-08,125121.0,600.0
USPRIV,2021-08-01,2024-01-05,125121.0,600.0
USPRIV,2021-08-01,2024-02-02,125135.0,451.0
USPRIV,2021-08-01,2024-03-08,125135.0,451.0
USPRIV,2021-08-01,2024-04-05,125135.0,451.0
USPRIV,2021-08-01,2024-05-03,125135.0,451.0
USPRIV,2021-08-01,2024-06-07,125135.0,451.0
USPRIV,2021-08-01,2024-07-05,125135.0,451.0
USPRIV,2021-08-01,2024-08-02,125135.0,451.0
USPRIV,2021-08-01,2024-09-06,125135.0,451.0
USPRIV,2021-08-01,2024-10-04,125135.0,451.0
USPRIV,2021-08-01,2024-11-01,125135.0,451.0
USPRIV,2021-08-01,2024-12-06,125135.0,451.0
USPRIV,2021-08-01,2025-01-10,125135.0,451.0
USPRIV,2021-08-01,2025-02-07,125147.0,443.0
USPRIV,2021-08-01,2025-03-07,125147.0,443.0
USPRIV,2021-08-01,2025-04-04,125147.0,443.0
USPRIV,2021-08-01,2025-05-02,125147.0,443.0
USPRIV,2021-08-01,2025-06-06,125147.0,443.0
USPRIV,2021-08-01,2025-07-03,125147.0,443.0
USPRIV,2021-08-01,2025-08-01,125147.0,443.0
USPRIV,2021-08-01,2025-09-05,125147.0,443.0
USPRIV,2021-08-01,2025-11-20,125147.0,443.0
USPRIV,2021-08-01,2025-12-16,125147.0,443.0
USPRIV,2021-08-01,2026-01-09,125147.0,443.0
USPRIV,2021-08-01,2026-02-11,125178.0,455.0
USPRIV,2021-08-01,2026-03-06,125178.0,455.0
USPRIV,2021-08-01,2026-04-03,125178.0,455.0
USPRIV,2021-08-01,2026-05-08,125178.0,455.0
USPRIV,2021-08-01,2026-06-05,125178.0,455.0
USPRIV,2021-08-01,2026-07-02,125178.0,455.0
USPRIV,2021-09-01,2021-10-08,125569.0,317.0
USPRIV,2021-09-01,2021-11-05,125789.0,365.0
USPRIV,2021-09-01,2021-12-03,125848.0,424.0
USPRIV,2021-09-01,2022-01-07,125848.0,424.0
USPRIV,2021-09-01,2022-02-04,125217.0,409.0
USPRIV,2021-09-01,2022-03-04,125217.0,409.0
USPRIV,2021-09-01,2022-04-01,125217.0,409.0
USPRIV,2021-09-01,2022-05-06,125217.0,409.0
USPRIV,2021-09-01,2022-06-03,125217.0,409.0
USPRIV,2021-09-01,2022-07-08,125217.0,409.0
USPRIV,2021-09-01,2022-08-05,125217.0,409.0
USPRIV,2021-09-01,2022-09-02,125217.0,409.0
USPRIV,2021-09-01,2022-10-07,125217.0,409.0
USPRIV,2021-09-01,2022-11-04,125217.0,409.0
USPRIV,2021-09-01,2022-12-02,125217.0,409.0
USPRIV,2021-09-01,2023-01-06,125217.0,409.0
USPRIV,2021-09-01,2023-02-03,125704.0,583.0
USPRIV,2021-09-01,2023-03-10,125704.0,583.0
USPRIV,2021-09-01,2023-04-07,125704.0,583.0
USPRIV,2021-09-01,2023-05-05,125704.0,583.0
USPRIV,2021-09-01,2023-06-02,125704.0,583.0
USPRIV,2021-09-01,2023-07-07,125704.0,583.0
USPRIV,2021-09-01,2023-08-04,125704.0,583.0
USPRIV,2021-09-01,2023-09-01,125704.0,583.0
USPRIV,2021-09-01,2023-10-06,125704.0,583.0
USPRIV,2021-09-01,2023-11-03,125704.0,583.0
USPRIV,2021-09-01,2023-12-08,125704.0,583.0
USPRIV,2021-09-01,2024-01-05,125704.0,583.0
USPRIV,2021-09-01,2024-02-02,125631.0,496.0
USPRIV,2021-09-01,2024-03-08,125631.0,496.0
USPRIV,2021-09-01,2024-04-05,125631.0,496.0
USPRIV,2021-09-01,2024-05-03,125631.0,496.0
USPRIV,2021-09-01,2024-06-07,125631.0,496.0
USPRIV,2021-09-01,2024-07-05,125631.0,496.0
USPRIV,2021-09-01,2024-08-02,125631.0,496.0
USPRIV,2021-09-01,2024-09-06,125631.0,496.0
USPRIV,2021-09-01,2024-10-04,125631.0,496.0
USPRIV,2021-09-01,2024-11-01,125631.0,496.0
USPRIV,2021-09-01,2024-12-06,125631.0,496.0
USPRIV,2021-09-01,2025-01-10,125631.0,496.0
USPRIV,2021-09-01,2025-02-07,125632.0,485.0
USPRIV,2021-09-01,2025-03-07,125632.0,485.0
USPRIV,2021-09-01,2025-04-04,125632.0,485.0
USPRIV,2021-09-01,2025-05-02,125632.0,485.0
USPRIV,2021-09-01,2025-06-06,125632.0,485.0
USPRIV,2021-09-01,2025-07-03,125632.0,485.0
USPRIV,2021-09-01,2025-08-01,125632.0,485.0
USPRIV,2021-09-01,2025-09-05,125632.0,485.0
USPRIV,2021-09-01,2025-11-20,125632.0,485.0
USPRIV,2021-09-01,2025-12-16,125632.0,485.0
USPRIV,2021-09-01,2026-01-09,125632.0,485.0
USPRIV,2021-09-01,2026-02-11,125669.0,491.0
USPRIV,2021-09-01,2026-03-06,125669.0,491.0
USPRIV,2021-09-01,2026-04-03,125669.0,491.0
USPRIV,2021-09-01,2026-05-08,125669.0,491.0
USPRIV,2021-09-01,2026-06-05,125669.0,491.0
USPRIV,2021-09-01,2026-07-02,125669.0,491.0
USPRIV,2021-10-01,2021-11-05,126393.0,604.0
USPRIV,2021-10-01,2021-12-03,126476.0,628.0
USPRIV,2021-10-01,2022-01-07,126562.0,714.0
USPRIV,2021-10-01,2022-02-04,125911.0,694.0
USPRIV,2021-10-01,2022-03-04,125911.0,694.0
USPRIV,2021-10-01,2022-04-01,125911.0,694.0
USPRIV,2021-10-01,2022-05-06,125911.0,694.0
USPRIV,2021-10-01,2022-06-03,125911.0,694.0
USPRIV,2021-10-01,2022-07-08,125911.0,694.0
USPRIV,2021-10-01,2022-08-05,125911.0,694.0
USPRIV,2021-10-01,2022-09-02,125911.0,694.0
USPRIV,2021-10-01,2022-10-07,125911.0,694.0
USPRIV,2021-10-01,2022-11-04,125911.0,694.0
USPRIV,2021-10-01,2022-12-02,125911.0,694.0
USPRIV,2021-10-01,2023-01-06,125911.0,694.0
USPRIV,2021-10-01,2023-02-03,126522.0,818.0
USPRIV,2021-10-01,2023-03-10,126522.0,818.0
USPRIV,2021-10-01,2023-04-07,126522.0,818.0
USPRIV,2021-10-01,2023-05-05,126522.0,818.0
USPRIV,2021-10-01,2023-06-02,126522.0,818.0
USPRIV,2021-10-01,2023-07-07,126522.0,818.0
USPRIV,2021-10-01,2023-08-04,126522.0,818.0
USPRIV,2021-10-01,2023-09-01,126522.0,818.0
USPRIV,2021-10-01,2023-10-06,126522.0,818.0
USPRIV,2021-10-01,2023-11-03,126522.0,818.0
USPRIV,2021-10-01,2023-12-08,126522.0,818.0
USPRIV,2021-10-01,2024-01-05,126522.0,818.0
USPRIV,2021-10-01,2024-02-02,126530.0,899.0
USPRIV,2021-10-01,2024-03-08,126530.0,899.0
USPRIV,2021-10-01,2024-04-05,126530.0,899.0
USPRIV,2021-10-01,2024-05-03,126530.0,899.0
USPRIV,2021-10-01,2024-06-07,126530.0,899.0
USPRIV,2021-10-01,2024-07-05,126530.0,899.0
USPRIV,2021-10-01,2024-08-02,126530.0,899.0
USPRIV,2021-10-01,2024-09-06,126530.0,899.0
USPRIV,2021-10-01,2024-10-04,126530.0,899.0
USPRIV,2021-10-01,2024-11-01,126530.0,899.0
USPRIV,2021-10-01,2024-12-06,126530.0,899.0
USPRIV,2021-10-01,2025-01-10,126530.0,899.0
USPRIV,2021-10-01,2025-02-07,126526.0,894.0
USPRIV,2021-10-01,2025-03-07,126526.0,894.0
USPRIV,2021-10-01,2025-04-04,126526.0,894.0
USPRIV,2021-10-01,2025-05-02,126526.0,894.0
USPRIV,2021-10-01,2025-06-06,126526.0,894.0
USPRIV,2021-10-01,2025-07-03,126526.0,894.0
USPRIV,2021-10-01,2025-08-01,126526.0,894.0
USPRIV,2021-10-01,2025-09-05,126526.0,894.0
USPRIV,2021-10-01,2025-11-20,126526.0,894.0
USPRIV,2021-10-01,2025-12-16,126526.0,894.0
USPRIV,2021-10-01,2026-01-09,126526.0,894.0
USPRIV,2021-10-01,2026-02-11,126545.0,876.0
USPRIV,2021-10-01,2026-03-06,126545.0,876.0
USPRIV,2021-10-01,2026-04-03,126545.0,876.0
USPRIV,2021-10-01,2026-05-08,126545.0,876.0
USPRIV,2021-10-01,2026-06-05,126545.0,876.0
USPRIV,2021-10-01,2026-07-02,126545.0,876.0
USPRIV,2021-11-01,2021-12-03,126711.0,235.0
USPRIV,2021-11-01,2022-01-07,126832.0,270.0
USPRIV,2021-11-01,2022-02-04,126538.0,627.0
USPRIV,2021-11-01,2022-03-04,126538.0,627.0
USPRIV,2021-11-01,2022-04-01,126538.0,627.0
USPRIV,2021-11-01,2022-05-06,126538.0,627.0
USPRIV,2021-11-01,2022-06-03,126538.0,627.0
USPRIV,2021-11-01,2022-07-08,126538.0,627.0
USPRIV,2021-11-01,2022-08-05,126538.0,627.0
USPRIV,2021-11-01,2022-09-02,126538.0,627.0
USPRIV,2021-11-01,2022-10-07,126538.0,627.0
USPRIV,2021-11-01,2022-11-04,126538.0,627.0
USPRIV,2021-11-01,2022-12-02,126538.0,627.0
USPRIV,2021-11-01,2023-01-06,126538.0,627.0
USPRIV,2021-11-01,2023-02-03,127135.0,613.0
USPRIV,2021-11-01,2023-03-10,127135.0,613.0
USPRIV,2021-11-01,2023-04-07,127135.0,613.0
USPRIV,2021-11-01,2023-05-05,127135.0,613.0
USPRIV,2021-11-01,2023-06-02,127135.0,613.0
USPRIV,2021-11-01,2023-07-07,127135.0,613.0
USPRIV,2021-11-01,2023-08-04,127135.0,613.0
USPRIV,2021-11-01,2023-09-01,127135.0,613.0
USPRIV,2021-11-01,2023-10-06,127135.0,613.0
USPRIV,2021-11-01,2023-11-03,127135.0,613.0
USPRIV,2021-11-01,2023-12-08,127135.0,613.0
USPRIV,2021-11-01,2024-01-05,127135.0,613.0
USPRIV,2021-11-01,2024-02-02,127156.0,626.0
USPRIV,2021-11-01,2024-03-08,127156.0,626.0
USPRIV,2021-11-01,2024-04-05,127156.0,626.0
USPRIV,2021-11-01,2024-05-03,127156.0,626.0
USPRIV,2021-11-01,2024-06-07,127156.0,626.0
USPRIV,2021-11-01,2024-07-05,127156.0,626.0
USPRIV,2021-11-01,2024-08-02,127156.0,626.0
USPRIV,2021-11-01,2024-09-06,127156.0,626.0
USPRIV,2021-11-01,2024-10-04,127156.0,626.0
USPRIV,2021-11-01,2024-11-01,127156.0,626.0
USPRIV,2021-11-01,2024-12-06,127156.0,626.0
USPRIV,2021-11-01,2025-01-10,127156.0,626.0
USPRIV,2021-11-01,2025-02-07,127162.0,636.0
USPRIV,2021-11-01,2025-03-07,127162.0,636.0
USPRIV,2021-11-01,2025-04-04,127162.0,636.0
USPRIV,2021-11-01,2025-05-02,127162.0,636.0
USPRIV,2021-11-01,2025-06-06,127162.0,636.0
USPRIV,2021-11-01,2025-07-03,127162.0,636.0
USPRIV,2021-11-01,2025-08-01,127162.0,636.0
USPRIV,2021-11-01,2025-09-05,127162.0,636.0
USPRIV,2021-11-01,2025-11-20,127162.0,636.0
USPRIV,2021-11-01,2025-12-16,127162.0,636.0
USPRIV,2021-11-01,2026-01-09,127162.0,636.0
USPRIV,2021-11-01,2026-02-11,127184.0,639.0
USPRIV,2021-11-01,2026-03-06,127184.0,639.0
USPRIV,2021-11-01,2026-04-03,127184.0,639.0
USPRIV,2021-11-01,2026-05-08,127184.0,639.0
USPRIV,2021-11-01,2026-06-05,127184.0,639.0
USPRIV,2021-11-01,2026-07-02,127184.0,639.0
USPRIV,2021-12-01,2022-01-07,127043.0,211.0
USPRIV,2021-12-01,2022-02-04,127041.0,503.0
USPRIV,2021-12-01,2022-03-04,127099.0,561.0
USPRIV,2021-12-01,2022-04-01,127099.0,561.0
USPRIV,2021-12-01,2022-05-06,127099.0,561.0
USPRIV,2021-12-01,2022-06-03,127099.0,561.0
USPRIV,2021-12-01,2022-07-08,127099.0,561.0
USPRIV,2021-12-01,2022-08-05,127099.0,561.0
USPRIV,2021-12-01,2022-09-02,127099.0,561.0
USPRIV,2021-12-01,2022-10-07,127099.0,561.0
USPRIV,2021-12-01,2022-11-04,127099.0,561.0
USPRIV,2021-12-01,2022-12-02,127099.0,561.0
USPRIV,2021-12-01,2023-01-06,127099.0,561.0
USPRIV,2021-12-01,2023-02-03,127686.0,551.0
USPRIV,2021-12-01,2023-03-10,127686.0,551.0
USPRIV,2021-12-01,2023-04-07,127686.0,551.0
USPRIV,2021-12-01,2023-05-05,127686.0,551.0
USPRIV,2021-12-01,2023-06-02,127686.0,551.0
USPRIV,2021-12-01,2023-07-07,127686.0,551.0
USPRIV,2021-12-01,2023-08-04,127686.0,551.0
USPRIV,2021-12-01,2023-09-01,127686.0,551.0
USPRIV,2021-12-01,2023-10-06,127686.0,551.0
USPRIV,2021-12-01,2023-11-03,127686.0,551.0
USPRIV,2021-12-01,2023-12-08,127686.0,551.0
USPRIV,2021-12-01,2024-01-05,127686.0,551.0
USPRIV,2021-12-01,2024-02-02,127695.0,539.0
USPRIV,2021-12-01,2024-03-08,127695.0,539.0
USPRIV,2021-12-01,2024-04-05,127695.0,539.0
USPRIV,2021-12-01,2024-05-03,127695.0,539.0
USPRIV,2021-12-01,2024-06-07,127695.0,539.0
USPRIV,2021-12-01,2024-07-05,127695.0,539.0
USPRIV,2021-12-01,2024-08-02,127695.0,539.0
USPRIV,2021-12-01,2024-09-06,127695.0,539.0
USPRIV,2021-12-01,2024-10-04,127695.0,539.0
USPRIV,2021-12-01,2024-11-01,127695.0,539.0
USPRIV,2021-12-01,2024-12-06,127695.0,539.0
USPRIV,2021-12-01,2025-01-10,127695.0,539.0
USPRIV,2021-12-01,2025-02-07,127707.0,545.0
USPRIV,2021-12-01,2025-03-07,127707.0,545.0
USPRIV,2021-12-01,2025-04-04,127707.0,545.0
USPRIV,2021-12-01,2025-05-02,127707.0,545.0
USPRIV,2021-12-01,2025-06-06,127707.0,545.0
USPRIV,2021-12-01,2025-07-03,127707.0,545.0
USPRIV,2021-12-01,2025-08-01,127707.0,545.0
USPRIV,2021-12-01,2025-09-05,127707.0,545.0
USPRIV,2021-12-01,2025-11-20,127707.0,545.0
USPRIV,2021-12-01,2025-12-16,127707.0,545.0
USPRIV,2021-12-01,2026-01-09,127707.0,545.0
USPRIV,2021-12-01,2026-02-11,127754.0,570.0
USPRIV,2021-12-01,2026-03-06,127754.0,570.0
USPRIV,2021-12-01,2026-04-03,127754.0,570.0
USPRIV,2021-12-01,2026-05-08,127754.0,570.0
USPRIV,2021-12-01,2026-06-05,127754.0,570.0
USPRIV,2021-12-01,2026-07-02,127754.0,570.0
USPRIV,2022-01-01,2022-02-04,127485.0,444.0
USPRIV,2022-01-01,2022-03-04,127547.0,448.0
USPRIV,2022-01-01,2022-04-01,127591.0,492.0
USPRIV,2022-01-01,2022-05-06,127591.0,492.0
USPRIV,2022-01-01,2022-06-03,127591.0,492.0
USPRIV,2022-01-01,2022-07-08,127591.0,492.0
USPRIV,2022-01-01,2022-08-05,127591.0,492.0
USPRIV,2022-01-01,2022-09-02,127591.0,492.0
USPRIV,2022-01-01,2022-10-07,127591.0,492.0
USPRIV,2022-01-01,2022-11-04,127591.0,492.0
USPRIV,2022-01-01,2022-12-02,127591.0,492.0
USPRIV,2022-01-01,2023-01-06,127591.0,492.0
USPRIV,2022-01-01,2023-02-03,128031.0,345.0
USPRIV,2022-01-01,2023-03-10,128031.0,345.0
USPRIV,2022-01-01,2023-04-07,128031.0,345.0
USPRIV,2022-01-01,2023-05-05,128031.0,345.0
USPRIV,2022-01-01,2023-06-02,128031.0,345.0
USPRIV,2022-01-01,2023-07-07,128031.0,345.0
USPRIV,2022-01-01,2023-08-04,128031.0,345.0
USPRIV,2022-01-01,2023-09-01,128031.0,345.0
USPRIV,2022-01-01,2023-10-06,128031.0,345.0
USPRIV,2022-01-01,2023-11-03,128031.0,345.0
USPRIV,2022-01-01,2023-12-08,128031.0,345.0
USPRIV,2022-01-01,2024-01-05,128031.0,345.0
USPRIV,2022-01-01,2024-02-02,127958.0,263.0
USPRIV,2022-01-01,2024-03-08,127958.0,263.0
USPRIV,2022-01-01,2024-04-05,127958.0,263.0
USPRIV,2022-01-01,2024-05-03,127958.0,263.0
USPRIV,2022-01-01,2024-06-07,127958.0,263.0
USPRIV,2022-01-01,2024-07-05,127958.0,263.0
USPRIV,2022-01-01,2024-08-02,127958.0,263.0
USPRIV,2022-01-01,2024-09-06,127958.0,263.0
USPRIV,2022-01-01,2024-10-04,127958.0,263.0
USPRIV,2022-01-01,2024-11-01,127958.0,263.0
USPRIV,2022-01-01,2024-12-06,127958.0,263.0
USPRIV,2022-01-01,2025-01-10,127958.0,263.0
USPRIV,2022-01-01,2025-02-07,127950.0,243.0
USPRIV,2022-01-01,2025-03-07,127950.0,243.0
USPRIV,2022-01-01,2025-04-04,127950.0,243.0
USPRIV,2022-01-01,2025-05-02,127950.0,243.0
USPRIV,2022-01-01,2025-06-06,127950.0,243.0
USPRIV,2022-01-01,2025-07-03,127950.0,243.0
USPRIV,2022-01-01,2025-08-01,127950.0,243.0
USPRIV,2022-01-01,2025-09-05,127950.0,243.0
USPRIV,2022-01-01,2025-11-20,127950.0,243.0
USPRIV,2022-01-01,2025-12-16,127950.0,243.0
USPRIV,2022-01-01,2026-01-09,127950.0,243.0
USPRIV,2022-01-01,2026-02-11,127957.0,203.0
USPRIV,2022-01-01,2026-03-06,127957.0,203.0
USPRIV,2022-01-01,2026-04-03,127957.0,203.0
USPRIV,2022-01-01,2026-05-08,127957.0,203.0
USPRIV,2022-01-01,2026-06-05,127957.0,203.0
USPRIV,2022-01-01,2026-07-02,127957.0,203.0
USPRIV,2022-02-01,2022-03-04,128201.0,654.0
USPRIV,2022-02-01,2022-04-01,128330.0,739.0
USPRIV,2022-02-01,2022-05-06,128295.0,704.0
USPRIV,2022-02-01,2022-06-03,128295.0,704.0
USPRIV,2022-02-01,2022-07-08,128295.0,704.0
USPRIV,2022-02-01,2022-08-05,128295.0,704.0
USPRIV,2022-02-01,2022-09-02,128295.0,704.0
USPRIV,2022-02-01,2022-10-07,128295.0,704.0
USPRIV,2022-02-01,2022-11-04,128295.0,704.0
USPRIV,2022-02-01,2022-12-02,128295.0,704.0
USPRIV,2022-02-01,2023-01-06,128295.0,704.0
USPRIV,2022-02-01,2023-02-03,128928.0,897.0
USPRIV,2022-02-01,2023-03-10,128928.0,897.0
USPRIV,2022-02-01,2023-04-07,128928.0,897.0
USPRIV,2022-02-01,2023-05-05,128928.0,897.0
USPRIV,2022-02-01,2023-06-02,128928.0,897.0
USPRIV,2022-02-01,2023-07-07,128928.0,897.0
USPRIV,2022-02-01,2023-08-04,128928.0,897.0
USPRIV,2022-02-01,2023-09-01,128928.0,897.0
USPRIV,2022-02-01,2023-10-06,128928.0,897.0
USPRIV,2022-02-01,2023-11-03,128928.0,897.0
USPRIV,2022-02-01,2023-12-08,128928.0,897.0
USPRIV,2022-02-01,2024-01-05,128928.0,897.0
USPRIV,2022-02-01,2024-02-02,128823.0,865.0
USPRIV,2022-02-01,2024-03-08,128823.0,865.0
USPRIV,2022-02-01,2024-04-05,128823.0,865.0
USPRIV,2022-02-01,2024-05-03,128823.0,865.0
USPRIV,2022-02-01,2024-06-07,128823.0,865.0
USPRIV,2022-02-01,2024-07-05,128823.0,865.0
USPRIV,2022-02-01,2024-08-02,128823.0,865.0
USPRIV,2022-02-01,2024-09-06,128823.0,865.0
USPRIV,2022-02-01,2024-10-04,128823.0,865.0
USPRIV,2022-02-01,2024-11-01,128823.0,865.0
USPRIV,2022-02-01,2024-12-06,128823.0,865.0
USPRIV,2022-02-01,2025-01-10,128823.0,865.0
USPRIV,2022-02-01,2025-02-07,128834.0,884.0
USPRIV,2022-02-01,2025-03-07,128834.0,884.0
USPRIV,2022-02-01,2025-04-04,128834.0,884.0
USPRIV,2022-02-01,2025-05-02,128834.0,884.0
USPRIV,2022-02-01,2025-06-06,128834.0,884.0
USPRIV,2022-02-01,2025-07-03,128834.0,884.0
USPRIV,2022-02-01,2025-08-01,128834.0,884.0
USPRIV,2022-02-01,2025-09-05,128834.0,884.0
USPRIV,2022-02-01,2025-11-20,128834.0,884.0
USPRIV,2022-02-01,2025-12-16,128834.0,884.0
USPRIV,2022-02-01,2026-01-09,128834.0,884.0
USPRIV,2022-02-01,2026-02-11,128793.0,836.0
USPRIV,2022-02-01,2026-03-06,128793.0,836.0
USPRIV,2022-02-01,2026-04-03,128793.0,836.0
USPRIV,2022-02-01,2026-05-08,128793.0,836.0
USPRIV,2022-02-01,2026-06-05,128793.0,836.0
USPRIV,2022-02-01,2026-07-02,128793.0,836.0
USPRIV,2022-03-01,2022-04-01,128756.0,426.0
USPRIV,2022-03-01,2022-05-06,128719.0,424.0
USPRIV,2022-03-01,2022-06-03,128680.0,385.0
USPRIV,2022-03-01,2022-07-08,128680.0,385.0
USPRIV,2022-03-01,2022-08-05,128680.0,385.0
USPRIV,2022-03-01,2022-09-02,128680.0,385.0
USPRIV,2022-03-01,2022-10-07,128680.0,385.0
USPRIV,2022-03-01,2022-11-04,128680.0,385.0
USPRIV,2022-03-01,2022-12-02,128680.0,385.0
USPRIV,2022-03-01,2023-01-06,128680.0,385.0
USPRIV,2022-03-01,2023-02-03,129351.0,423.0
USPRIV,2022-03-01,2023-03-10,129351.0,423.0
USPRIV,2022-03-01,2023-04-07,129351.0,423.0
USPRIV,2022-03-01,2023-05-05,129351.0,423.0
USPRIV,2022-03-01,2023-06-02,129351.0,423.0
USPRIV,2022-03-01,2023-07-07,129351.0,423.0
USPRIV,2022-03-01,2023-08-04,129351.0,423.0
USPRIV,2022-03-01,2023-09-01,129351.0,423.0
USPRIV,2022-03-01,2023-10-06,129351.0,423.0
USPRIV,2022-03-01,2023-11-03,129351.0,423.0
USPRIV,2022-03-01,2023-12-08,129351.0,423.0
USPRIV,2022-03-01,2024-01-05,129351.0,423.0
USPRIV,2022-03-01,2024-02-02,129318.0,495.0
USPRIV,2022-03-01,2024-03-08,129318.0,495.0
USPRIV,2022-03-01,2024-04-05,129318.0,495.0
USPRIV,2022-03-01,2024-05-03,129318.0,495.0
USPRIV,2022-03-01,2024-06-07,129318.0,495.0
USPRIV,2022-03-01,2024-07-05,129318.0,495.0
USPRIV,2022-03-01,2024-08-02,129318.0,495.0
USPRIV,2022-03-01,2024-09-06,129318.0,495.0
USPRIV,2022-03-01,2024-10-04,129318.0,495.0
USPRIV,2022-03-01,2024-11-01,129318.0,495.0
USPRIV,2022-03-01,2024-12-06,129318.0,495.0
USPRIV,2022-03-01,2025-01-10,129318.0,495.0
USPRIV,2022-03-01,2025-02-07,129304.0,470.0
USPRIV,2022-03-01,2025-03-07,129304.0,470.0
USPRIV,2022-03-01,2025-04-04,129304.0,470.0
USPRIV,2022-03-01,2025-05-02,129304.0,470.0
USPRIV,2022-03-01,2025-06-06,129304.0,470.0
USPRIV,2022-03-01,2025-07-03,129304.0,470.0
USPRIV,2022-03-01,2025-08-01,129304.0,470.0
USPRIV,2022-03-01,2025-09-05,129304.0,470.0
USPRIV,2022-03-01,2025-11-20,129304.0,470.0
USPRIV,2022-03-01,2025-12-16,129304.0,470.0
USPRIV,2022-03-01,2026-01-09,129304.0,470.0
USPRIV,2022-03-01,2026-02-11,129282.0,489.0
USPRIV,2022-03-01,2026-03-06,129282.0,489.0
USPRIV,2022-03-01,2026-04-03,129282.0,489.0
USPRIV,2022-03-01,2026-05-08,129282.0,489.0
USPRIV,2022-03-01,2026-06-05,129282.0,489.0
USPRIV,2022-03-01,2026-07-02,129282.0,489.0
USPRIV,2022-04-01,2022-05-06,129125.0,406.0
USPRIV,2022-04-01,2022-06-03,129085.0,405.0
USPRIV,2022-04-01,2022-07-08,129048.0,368.0
USPRIV,2022-04-01,2022-08-05,129048.0,368.0
USPRIV,2022-04-01,2022-09-02,129048.0,368.0
USPRIV,2022-04-01,2022-10-07,129048.0,368.0
USPRIV,2022-04-01,2022-11-04,129048.0,368.0
USPRIV,2022-04-01,2022-12-02,129048.0,368.0
USPRIV,2022-04-01,2023-01-06,129048.0,368.0
USPRIV,2022-04-01,2023-02-03,129577.0,226.0
USPRIV,2022-04-01,2023-03-10,129577.0,226.0
USPRIV,2022-04-01,2023-04-07,129577.0,226.0
USPRIV,2022-04-01,2023-05-05,129577.0,226.0
USPRIV,2022-04-01,2023-06-02,129577.0,226.0
USPRIV,2022-04-01,2023-07-07,129577.0,226.0
USPRIV,2022-04-01,2023-08-04,129577.0,226.0
USPRIV,2022-04-01,2023-09-01,129577.0,226.0
USPRIV,2022-04-01,2023-10-06,129577.0,226.0
USPRIV,2022-04-01,2023-11-03,129577.0,226.0
USPRIV,2022-04-01,2023-12-08,129577.0,226.0
USPRIV,2022-04-01,2024-01-05,129577.0,226.0
USPRIV,2022-04-01,2024-02-02,129557.0,239.0
USPRIV,2022-04-01,2024-03-08,129557.0,239.0
USPRIV,2022-04-01,2024-04-05,129557.0,239.0
USPRIV,2022-04-01,2024-05-03,129557.0,239.0
USPRIV,2022-04-01,2024-06-07,129557.0,239.0
USPRIV,2022-04-01,2024-07-05,129557.0,239.0
USPRIV,2022-04-01,2024-08-02,129557.0,239.0
USPRIV,2022-04-01,2024-09-06,129557.0,239.0
USPRIV,2022-04-01,2024-10-04,129557.0,239.0
USPRIV,2022-04-01,2024-11-01,129557.0,239.0
USPRIV,2022-04-01,2024-12-06,129557.0,239.0
USPRIV,2022-04-01,2025-01-10,129557.0,239.0
USPRIV,2022-04-01,2025-02-07,129572.0,268.0
USPRIV,2022-04-01,2025-03-07,129572.0,268.0
USPRIV,2022-04-01,2025-04-04,129572.0,268.0
USPRIV,2022-04-01,2025-05-02,129572.0,268.0
USPRIV,2022-04-01,2025-06-06,129572.0,268.0
USPRIV,2022-04-01,2025-07-03,129572.0,268.0
USPRIV,2022-04-01,2025-08-01,129572.0,268.0
USPRIV,2022-04-01,2025-09-05,129572.0,268.0
USPRIV,2022-04-01,2025-11-20,129572.0,268.0
USPRIV,2022-04-01,2025-12-16,129572.0,268.0
USPRIV,2022-04-01,2026-01-09,129572.0,268.0
USPRIV,2022-04-01,2026-02-11,129554.0,272.0
USPRIV,2022-04-01,2026-03-06,129554.0,272.0
USPRIV,2022-04-01,2026-04-03,129554.0,272.0
USPRIV,2022-04-01,2026-05-08,129554.0,272.0
USPRIV,2022-04-01,2026-06-05,129554.0,272.0
USPRIV,2022-04-01,2026-07-02,129554.0,272.0
USPRIV,2022-05-01,2022-06-03,129418.0,333.0
USPRIV,2022-05-01,2022-07-08,129384.0,336.0
USPRIV,2022-05-01,2022-08-05,129379.0,331.0
USPRIV,2022-05-01,2022-09-02,129379.0,331.0
USPRIV,2022-05-01,2022-10-07,129379.0,331.0
USPRIV,2022-05-01,2022-11-04,129379.0,331.0
USPRIV,2022-05-01,2022-12-02,129379.0,331.0
USPRIV,2022-05-01,2023-01-06,129379.0,331.0
USPRIV,2022-05-01,2023-02-03,129920.0,343.0
USPRIV,2022-05-01,2023-03-10,129920.0,343.0
USPRIV,2022-05-01,2023-04-07,129920.0,343.0
USPRIV,2022-05-01,2023-05-05,129920.0,343.0
USPRIV,2022-05-01,2023-06-02,129920.0,343.0
USPRIV,2022-05-01,2023-07-07,129920.0,343.0
USPRIV,2022-05-01,2023-08-04,129920.0,343.0
USPRIV,2022-05-01,2023-09-01,129920.0,343.0
USPRIV,2022-05-01,2023-10-06,129920.0,343.0
USPRIV,2022-05-01,2023-11-03,129920.0,343.0
USPRIV,2022-05-01,2023-12-08,129920.0,343.0
USPRIV,2022-05-01,2024-01-05,129920.0,343.0
USPRIV,2022-05-01,2024-02-02,129815.0,258.0
USPRIV,2022-05-01,2024-03-08,129815.0,258.0
USPRIV,2022-05-01,2024-04-05,129815.0,258.0
USPRIV,2022-05-01,2024-05-03,129815.0,258.0
USPRIV,2022-05-01,2024-06-07,129815.0,258.0
USPRIV,2022-05-01,2024-07-05,129815.0,258.0
USPRIV,2022-05-01,2024-08-02,129815.0,258.0
USPRIV,2022-05-01,2024-09-06,129815.0,258.0
USPRIV,2022-05-01,2024-10-04,129815.0,258.0
USPRIV,2022-05-01,2024-11-01,129815.0,258.0
USPRIV,2022-05-01,2024-12-06,129815.0,258.0
USPRIV,2022-05-01,2025-01-10,129815.0,258.0
USPRIV,2022-05-01,2025-02-07,129789.0,217.0
USPRIV,2022-05-01,2025-03-07,129789.0,217.0
USPRIV,2022-05-01,2025-04-04,129789.0,217.0
USPRIV,2022-05-01,2025-05-02,129789.0,217.0
USPRIV,2022-05-01,2025-06-06,129789.0,217.0
USPRIV,2022-05-01,2025-07-03,129789.0,217.0
USPRIV,2022-05-01,2025-08-01,129789.0,217.0
USPRIV,2022-05-01,2025-09-05,129789.0,217.0
USPRIV,2022-05-01,2025-11-20,129789.0,217.0
USPRIV,2022-05-01,2025-12-16,129789.0,217.0
USPRIV,2022-05-01,2026-01-09,129789.0,217.0
USPRIV,2022-05-01,2026-02-11,129799.0,245.0
USPRIV,2022-05-01,2026-03-06,129799.0,245.0
USPRIV,2022-05-01,2026-04-03,129799.0,245.0
USPRIV,2022-05-01,2026-05-08,129799.0,245.0
USPRIV,2022-05-01,2026-06-05,129799.0,245.0
USPRIV,2022-05-01,2026-07-02,129799.0,245.0
USPRIV,2022-06-01,2022-07-08,129765.0,381.0
USPRIV,2022-06-01,2022-08-05,129783.0,404.0
USPRIV,2022-06-01,2022-09-02,129725.0,346.0
USPRIV,2022-06-01,2022-10-07,129725.0,346.0
USPRIV,2022-06-01,2022-11-04,129725.0,346.0
USPRIV,2022-06-01,2022-12-02,129725.0,346.0
USPRIV,2022-06-01,2023-01-06,129725.0,346.0
USPRIV,2022-06-01,2023-02-03,130302.0,382.0
USPRIV,2022-06-01,2023-03-10,130302.0,382.0
USPRIV,2022-06-01,2023-04-07,130302.0,382.0
USPRIV,2022-06-01,2023-05-05,130302.0,382.0
USPRIV,2022-06-01,2023-06-02,130302.0,382.0
USPRIV,2022-06-01,2023-07-07,130302.0,382.0
USPRIV,2022-06-01,2023-08-04,130302.0,382.0
USPRIV,2022-06-01,2023-09-01,130302.0,382.0
USPRIV,2022-06-01,2023-10-06,130302.0,382.0
USPRIV,2022-06-01,2023-11-03,130302.0,382.0
USPRIV,2022-06-01,2023-12-08,130302.0,382.0
USPRIV,2022-06-01,2024-01-05,130302.0,382.0
USPRIV,2022-06-01,2024-02-02,130233.0,418.0
USPRIV,2022-06-01,2024-03-08,130233.0,418.0
USPRIV,2022-06-01,2024-04-05,130233.0,418.0
USPRIV,2022-06-01,2024-05-03,130233.0,418.0
USPRIV,2022-06-01,2024-06-07,130233.0,418.0
USPRIV,2022-06-01,2024-07-05,130233.0,418.0
USPRIV,2022-06-01,2024-08-02,130233.0,418.0
USPRIV,2022-06-01,2024-09-06,130233.0,418.0
USPRIV,2022-06-01,2024-10-04,130233.0,418.0
USPRIV,2022-06-01,2024-11-01,130233.0,418.0
USPRIV,2022-06-01,2024-12-06,130233.0,418.0
USPRIV,2022-06-01,2025-01-10,130233.0,418.0
USPRIV,2022-06-01,2025-02-07,130229.0,440.0
USPRIV,2022-06-01,2025-03-07,130229.0,440.0
USPRIV,2022-06-01,2025-04-04,130229.0,440.0
USPRIV,2022-06-01,2025-05-02,130229.0,440.0
USPRIV,2022-06-01,2025-06-06,130229.0,440.0
USPRIV,2022-06-01,2025-07-03,130229.0,440.0
USPRIV,2022-06-01,2025-08-01,130229.0,440.0
USPRIV,2022-06-01,2025-09-05,130229.0,440.0
USPRIV,2022-06-01,2025-11-20,130229.0,440.0
USPRIV,2022-06-01,2025-12-16,130229.0,440.0
USPRIV,2022-06-01,2026-01-09,130229.0,440.0
USPRIV,2022-06-01,2026-02-11,130216.0,417.0
USPRIV,2022-06-01,2026-03-06,130216.0,417.0
USPRIV,2022-06-01,2026-04-03,130216.0,417.0
USPRIV,2022-06-01,2026-05-08,130216.0,417.0
USPRIV,2022-06-01,2026-06-05,130216.0,417.0
USPRIV,2022-06-01,2026-07-02,130216.0,417.0
USPRIV,2022-07-01,2022-08-05,130254.0,471.0
USPRIV,2022-07-01,2022-09-02,130202.0,477.0
USPRIV,2022-07-01,2022-10-07,130173.0,448.0
USPRIV,2022-07-01,2022-11-04,130173.0,448.0
USPRIV,2022-07-01,2022-12-02,130173.0,448.0
USPRIV,2022-07-01,2023-01-06,130173.0,448.0
USPRIV,2022-07-01,2023-02-03,130795.0,493.0
USPRIV,2022-07-01,2023-03-10,130795.0,493.0
USPRIV,2022-07-01,2023-04-07,130795.0,493.0
USPRIV,2022-07-01,2023-05-05,130795.0,493.0
USPRIV,2022-07-01,2023-06-02,130795.0,493.0
USPRIV,2022-07-01,2023-07-07,130795.0,493.0
USPRIV,2022-07-01,2023-08-04,130795.0,493.0
USPRIV,2022-07-01,2023-09-01,130795.0,493.0
USPRIV,2022-07-01,2023-10-06,130795.0,493.0
USPRIV,2022-07-01,2023-11-03,130795.0,493.0
USPRIV,2022-07-01,2023-12-08,130795.0,493.0
USPRIV,2022-07-01,2024-01-05,130795.0,493.0
USPRIV,2022-07-01,2024-02-02,130773.0,540.0
USPRIV,2022-07-01,2024-03-08,130773.0,540.0
USPRIV,2022-07-01,2024-04-05,130773.0,540.0
USPRIV,2022-07-01,2024-05-03,130773.0,540.0
USPRIV,2022-07-01,2024-06-07,130773.0,540.0
USPRIV,2022-07-01,2024-07-05,130773.0,540.0
USPRIV,2022-07-01,2024-08-02,130773.0,540.0
USPRIV,2022-07-01,2024-09-06,130773.0,540.0
USPRIV,2022-07-01,2024-10-04,130773.0,540.0
USPRIV,2022-07-01,2024-11-01,130773.0,540.0
USPRIV,2022-07-01,2024-12-06,130773.0,540.0
USPRIV,2022-07-01,2025-01-10,130773.0,540.0
USPRIV,2022-07-01,2025-02-07,130767.0,538.0
USPRIV,2022-07-01,2025-03-07,130767.0,538.0
USPRIV,2022-07-01,2025-04-04,130767.0,538.0
USPRIV,2022-07-01,2025-05-02,130767.0,538.0
USPRIV,2022-07-01,2025-06-06,130767.0,538.0
USPRIV,2022-07-01,2025-07-03,130767.0,538.0
USPRIV,2022-07-01,2025-08-01,130767.0,538.0
USPRIV,2022-07-01,2025-09-05,130767.0,538.0
USPRIV,2022-07-01,2025-11-20,130767.0,538.0
USPRIV,2022-07-01,2025-12-16,130767.0,538.0
USPRIV,2022-07-01,2026-01-09,130767.0,538.0
USPRIV,2022-07-01,2026-02-11,130766.0,550.0
USPRIV,2022-07-01,2026-03-06,130766.0,550.0
USPRIV,2022-07-01,2026-04-03,130766.0,550.0
USPRIV,2022-07-01,2026-05-08,130766.0,550.0
USPRIV,2022-07-01,2026-06-05,130766.0,550.0
USPRIV,2022-07-01,2026-07-02,130766.0,550.0
USPRIV,2022-08-01,2022-09-02,130510.0,308.0
USPRIV,2022-08-01,2022-10-07,130448.0,275.0
USPRIV,2022-08-01,2022-11-04,130406.0,233.0
USPRIV,2022-08-01,2022-12-02,130406.0,233.0
USPRIV,2022-08-01,2023-01-06,130406.0,233.0
USPRIV,2022-08-01,2023-02-03,131101.0,306.0
USPRIV,2022-08-01,2023-03-10,131101.0,306.0
USPRIV,2022-08-01,2023-04-07,131101.0,306.0
USPRIV,2022-08-01,2023-05-05,131101.0,306.0
USPRIV,2022-08-01,2023-06-02,131101.0,306.0
USPRIV,2022-08-01,2023-07-07,131101.0,306.0
USPRIV,2022-08-01,2023-08-04,131101.0,306.0
USPRIV,2022-08-01,2023-09-01,131101.0,306.0
USPRIV,2022-08-01,2023-10-06,131101.0,306.0
USPRIV,2022-08-01,2023-11-03,131101.0,306.0
USPRIV,2022-08-01,2023-12-08,131101.0,306.0
USPRIV,2022-08-01,2024-01-05,131101.0,306.0
USPRIV,2022-08-01,2024-02-02,131017.0,244.0
USPRIV,2022-08-01,2024-03-08,131017.0,244.0
USPRIV,2022-08-01,2024-04-05,131017.0,244.0
USPRIV,2022-08-01,2024-05-03,131017.0,244.0
USPRIV,2022-08-01,2024-06-07,131017.0,244.0
USPRIV,2022-08-01,2024-07-05,131017.0,244.0
USPRIV,2022-08-01,2024-08-02,131017.0,244.0
USPRIV,2022-08-01,2024-09-06,131017.0,244.0
USPRIV,2022-08-01,2024-10-04,131017.0,244.0
USPRIV,2022-08-01,2024-11-01,131017.0,244.0
USPRIV,2022-08-01,2024-12-06,131017.0,244.0
USPRIV,2022-08-01,2025-01-10,131017.0,244.0
USPRIV,2022-08-01,2025-02-07,131017.0,250.0
USPRIV,2022-08-01,2025-03-07,131017.0,250.0
USPRIV,2022-08-01,2025-04-04,131017.0,250.0
USPRIV,2022-08-01,2025-05-02,131017.0,250.0
USPRIV,2022-08-01,2025-06-06,131017.0,250.0
USPRIV,2022-08-01,2025-07-03,131017.0,250.0
USPRIV,2022-08-01,2025-08-01,131017.0,250.0
USPRIV,2022-08-01,2025-09-05,131017.0,250.0
USPRIV,2022-08-01,2025-11-20,131017.0,250.0
USPRIV,2022-08-01,2025-12-16,131017.0,250.0
USPRIV,2022-08-01,2026-01-09,131017.0,250.0
USPRIV,2022-08-01,2026-02-11,131056.0,290.0
USPRIV,2022-08-01,2026-03-06,131056.0,290.0
USPRIV,2022-08-01,2026-04-03,131056.0,290.0
USPRIV,2022-08-01,2026-05-08,131056.0,290.0
USPRIV,2022-08-01,2026-06-05,131056.0,290.0
USPRIV,2022-08-01,2026-07-02,131056.0,290.0
USPRIV,2022-09-01,2022-10-07,130736.0,288.0
USPRIV,2022-09-01,2022-11-04,130725.0,319.0
USPRIV,2022-09-01,2022-12-02,130661.0,255.0
USPRIV,2022-09-01,2023-01-06,130661.0,255.0
USPRIV,2022-09-01,2023-02-03,131445.0,344.0
USPRIV,2022-09-01,2023-03-10,131445.0,344.0
USPRIV,2022-09-01,2023-04-07,131445.0,344.0
USPRIV,2022-09-01,2023-05-05,131445.0,344.0
USPRIV,2022-09-01,2023-06-02,131445.0,344.0
USPRIV,2022-09-01,2023-07-07,131445.0,344.0
USPRIV,2022-09-01,2023-08-04,131445.0,344.0
USPRIV,2022-09-01,2023-09-01,131445.0,344.0
USPRIV,2022-09-01,2023-10-06,131445.0,344.0
USPRIV,2022-09-01,2023-11-03,131445.0,344.0
USPRIV,2022-09-01,2023-12-08,131445.0,344.0
USPRIV,2022-09-01,2024-01-05,131445.0,344.0
USPRIV,2022-09-01,2024-02-02,131265.0,248.0
USPRIV,2022-09-01,2024-03-08,131265.0,248.0
USPRIV,2022-09-01,2024-04-05,131265.0,248.0
USPRIV,2022-09-01,2024-05-03,131265.0,248.0
USPRIV,2022-09-01,2024-06-07,131265.0,248.0
USPRIV,2022-09-01,2024-07-05,131265.0,248.0
USPRIV,2022-09-01,2024-08-02,131265.0,248.0
USPRIV,2022-09-01,2024-09-06,131265.0,248.0
USPRIV,2022-09-01,2024-10-04,131265.0,248.0
USPRIV,2022-09-01,2024-11-01,131265.0,248.0
USPRIV,2022-09-01,2024-12-06,131265.0,248.0
USPRIV,2022-09-01,2025-01-10,131265.0,248.0
USPRIV,2022-09-01,2025-02-07,131233.0,216.0
USPRIV,2022-09-01,2025-03-07,131233.0,216.0
USPRIV,2022-09-01,2025-04-04,131233.0,216.0
USPRIV,2022-09-01,2025-05-02,131233.0,216.0
USPRIV,2022-09-01,2025-06-06,131233.0,216.0
USPRIV,2022-09-01,2025-07-03,131233.0,216.0
USPRIV,2022-09-01,2025-08-01,131233.0,216.0
USPRIV,2022-09-01,2025-09-05,131233.0,216.0
USPRIV,2022-09-01,2025-11-20,131233.0,216.0
USPRIV,2022-09-01,2025-12-16,131233.0,216.0
USPRIV,2022-09-01,2026-01-09,131233.0,216.0
USPRIV,2022-09-01,2026-02-11,131285.0,229.0
USPRIV,2022-09-01,2026-03-06,131285.0,229.0
USPRIV,2022-09-01,2026-04-03,131285.0,229.0
USPRIV,2022-09-01,2026-05-08,131285.0,229.0
USPRIV,2022-09-01,2026-06-05,131285.0,229.0
USPRIV,2022-09-01,2026-07-02,131285.0,229.0
USPRIV,2022-10-01,2022-11-04,130958.0,233.0
USPRIV,2022-10-01,2022-12-02,130909.0,248.0
USPRIV,2022-10-01,2023-01-06,130880.0,219.0
USPRIV,2022-10-01,2023-02-03,131744.0,299.0
USPRIV,2022-10-01,2023-03-10,131744.0,299.0
USPRIV,2022-10-01,2023-04-07,131744.0,299.0
USPRIV,2022-10-01,2023-05-05,131744.0,299.0
USPRIV,2022-10-01,2023-06-02,131744.0,299.0
USPRIV,2022-10-01,2023-07-07,131744.0,299.0
USPRIV,2022-10-01,2023-08-04,131744.0,299.0
USPRIV,2022-10-01,2023-09-01,131744.0,299.0
USPRIV,2022-10-01,2023-10-06,131744.0,299.0
USPRIV,2022-10-01,2023-11-03,131744.0,299.0
USPRIV,2022-10-01,2023-12-08,131744.0,299.0
USPRIV,2022-10-01,2024-01-05,131744.0,299.0
USPRIV,2022-10-01,2024-02-02,131596.0,331.0
USPRIV,2022-10-01,2024-03-08,131596.0,331.0
USPRIV,2022-10-01,2024-04-05,131596.0,331.0
USPRIV,2022-10-01,2024-05-03,131596.0,331.0
USPRIV,2022-10-01,2024-06-07,131596.0,331.0
USPRIV,2022-10-01,2024-07-05,131596.0,331.0
USPRIV,2022-10-01,2024-08-02,131596.0,331.0
USPRIV,2022-10-01,2024-09-06,131596.0,331.0
USPRIV,2022-10-01,2024-10-04,131596.0,331.0
USPRIV,2022-10-01,2024-11-01,131596.0,331.0
USPRIV,2022-10-01,2024-12-06,131596.0,331.0
USPRIV,2022-10-01,2025-01-10,131596.0,331.0
USPRIV,2022-10-01,2025-02-07,131604.0,371.0
USPRIV,2022-10-01,2025-03-07,131604.0,371.0
USPRIV,2022-10-01,2025-04-04,131604.0,371.0
USPRIV,2022-10-01,2025-05-02,131604.0,371.0
USPRIV,2022-10-01,2025-06-06,131604.0,371.0
USPRIV,2022-10-01,2025-07-03,131604.0,371.0
USPRIV,2022-10-01,2025-08-01,131604.0,371.0
USPRIV,2022-10-01,2025-09-05,131604.0,371.0
USPRIV,2022-10-01,2025-11-20,131604.0,371.0
USPRIV,2022-10-01,2025-12-16,131604.0,371.0
USPRIV,2022-10-01,2026-01-09,131604.0,371.0
USPRIV,2022-10-01,2026-02-11,131646.0,361.0
USPRIV,2022-10-01,2026-03-06,131646.0,361.0
USPRIV,2022-10-01,2026-04-03,131646.0,361.0
USPRIV,2022-10-01,2026-05-08,131646.0,361.0
USPRIV,2022-10-01,2026-06-05,131646.0,361.0
USPRIV,2022-10-01,2026-07-02,131646.0,361.0
USPRIV,2022-11-01,2022-12-02,131130.0,221.0
USPRIV,2022-11-01,2023-01-06,131082.0,202.0
USPRIV,2022-11-01,2023-02-03,131972.0,228.0
USPRIV,2022-11-01,2023-03-10,131972.0,228.0
USPRIV,2022-11-01,2023-04-07,131972.0,228.0
USPRIV,2022-11-01,2023-05-05,131972.0,228.0
USPRIV,2022-11-01,2023-06-02,131972.0,228.0
USPRIV,2022-11-01,2023-07-07,131972.0,228.0
USPRIV,2022-11-01,2023-08-04,131972.0,228.0
USPRIV,2022-11-01,2023-09-01,131972.0,228.0
USPRIV,2022-11-01,2023-10-06,131972.0,228.0
USPRIV,2022-11-01,2023-11-03,131972.0,228.0
USPRIV,2022-11-01,2023-12-08,131972.0,228.0
USPRIV,2022-11-01,2024-01-05,131972.0,228.0
USPRIV,2022-11-01,2024-02-02,131791.0,195.0
USPRIV,2022-11-01,2024-03-08,131791.0,195.0
USPRIV,2022-11-01,2024-04-05,131791.0,195.0
USPRIV,2022-11-01,2024-05-03,131791.0,195.0
USPRIV,2022-11-01,2024-06-07,131791.0,195.0
USPRIV,2022-11-01,2024-07-05,131791.0,195.0
USPRIV,2022-11-01,2024-08-02,131791.0,195.0
USPRIV,2022-11-01,2024-09-06,131791.0,195.0
USPRIV,2022-11-01,2024-10-04,131791.0,195.0
USPRIV,2022-11-01,2024-11-01,131791.0,195.0
USPRIV,2022-11-01,2024-12-06,131791.0,195.0
USPRIV,2022-11-01,2025-01-10,131791.0,195.0
USPRIV,2022-11-01,2025-02-07,131836.0,232.0
USPRIV,2022-11-01,2025-03-07,131836.0,232.0
USPRIV,2022-11-01,2025-04-04,131836.0,232.0
USPRIV,2022-11-01,2025-05-02,131836.0,232.0
USPRIV,2022-11-01,2025-06-06,131836.0,232.0
USPRIV,2022-11-01,2025-07-03,131836.0,232.0
USPRIV,2022-11-01,2025-08-01,131836.0,232.0
USPRIV,2022-11-01,2025-09-05,131836.0,232.0
USPRIV,2022-11-01,2025-11-20,131836.0,232.0
USPRIV,2022-11-01,2025-12-16,131836.0,232.0
USPRIV,2022-11-01,2026-01-09,131836.0,232.0
USPRIV,2022-11-01,2026-02-11,131863.0,217.0
USPRIV,2022-11-01,2026-03-06,131863.0,217.0
USPRIV,2022-11-01,2026-04-03,131863.0,217.0
USPRIV,2022-11-01,2026-05-08,131863.0,217.0
USPRIV,2022-11-01,2026-06-05,131863.0,217.0
USPRIV,2022-11-01,2026-07-02,131863.0,217.0
USPRIV,2022-12-01,2023-01-06,131302.0,220.0
USPRIV,2022-12-01,2023-02-03,132241.0,269.0
USPRIV,2022-12-01,2023-03-10,132204.0,232.0
USPRIV,2022-12-01,2023-04-07,132204.0,232.0
USPRIV,2022-12-01,2023-05-05,132204.0,232.0
USPRIV,2022-12-01,2023-06-02,132204.0,232.0
USPRIV,2022-12-01,2023-07-07,132204.0,232.0
USPRIV,2022-12-01,2023-08-04,132204.0,232.0
USPRIV,2022-12-01,2023-09-01,132204.0,232.0
USPRIV,2022-12-01,2023-10-06,132204.0,232.0
USPRIV,2022-12-01,2023-11-03,132204.0,232.0
USPRIV,2022-12-01,2023-12-08,132204.0,232.0
USPRIV,2022-12-01,2024-01-05,132204.0,232.0
USPRIV,2022-12-01,2024-02-02,131924.0,133.0
USPRIV,2022-12-01,2024-03-08,131924.0,133.0
USPRIV,2022-12-01,2024-04-05,131924.0,133.0
USPRIV,2022-12-01,2024-05-03,131924.0,133.0
USPRIV,2022-12-01,2024-06-07,131924.0,133.0
USPRIV,2022-12-01,2024-07-05,131924.0,133.0
USPRIV,2022-12-01,2024-08-02,131924.0,133.0
USPRIV,2022-12-01,2024-09-06,131924.0,133.0
USPRIV,2022-12-01,2024-10-04,131924.0,133.0
USPRIV,2022-12-01,2024-11-01,131924.0,133.0
USPRIV,2022-12-01,2024-12-06,131924.0,133.0
USPRIV,2022-12-01,2025-01-10,131924.0,133.0
USPRIV,2022-12-01,2025-02-07,131963.0,127.0
USPRIV,2022-12-01,2025-03-07,131963.0,127.0
USPRIV,2022-12-01,2025-04-04,131963.0,127.0
USPRIV,2022-12-01,2025-05-02,131963.0,127.0
USPRIV,2022-12-01,2025-06-06,131963.0,127.0
USPRIV,2022-12-01,2025-07-03,131963.0,127.0
USPRIV,2022-12-01,2025-08-01,131963.0,127.0
USPRIV,2022-12-01,2025-09-05,131963.0,127.0
USPRIV,2022-12-01,2025-11-20,131963.0,127.0
USPRIV,2022-12-01,2025-12-16,131963.0,127.0
USPRIV,2022-12-01,2026-01-09,131963.0,127.0
USPRIV,2022-12-01,2026-02-11,131977.0,114.0
USPRIV,2022-12-01,2026-03-06,131977.0,114.0
USPRIV,2022-12-01,2026-04-03,131977.0,114.0
USPRIV,2022-12-01,2026-05-08,131977.0,114.0
USPRIV,2022-12-01,2026-06-05,131977.0,114.0
USPRIV,2022-12-01,2026-07-02,131977.0,114.0
USPRIV,2023-01-01,2023-02-03,132684.0,443.0
USPRIV,2023-01-01,2023-03-10,132590.0,386.0
USPRIV,2023-01-01,2023-04-07,132557.0,353.0
USPRIV,2023-01-01,2023-05-05,132557.0,353.0
USPRIV,2023-01-01,2023-06-02,132557.0,353.0
USPRIV,2023-01-01,2023-07-07,132557.0,353.0
USPRIV,2023-01-01,2023-08-04,132557.0,353.0
USPRIV,2023-01-01,2023-09-01,132557.0,353.0
USPRIV,2023-01-01,2023-10-06,132557.0,353.0
USPRIV,2023-01-01,2023-11-03,132557.0,353.0
USPRIV,2023-01-01,2023-12-08,132557.0,353.0
USPRIV,2023-01-01,2024-01-05,132557.0,353.0
USPRIV,2023-01-01,2024-02-02,132283.0,359.0
USPRIV,2023-01-01,2024-03-08,132283.0,359.0
USPRIV,2023-01-01,2024-04-05,132283.0,359.0
USPRIV,2023-01-01,2024-05-03,132283.0,359.0
USPRIV,2023-01-01,2024-06-07,132283.0,359.0
USPRIV,2023-01-01,2024-07-05,132283.0,359.0
USPRIV,2023-01-01,2024-08-02,132283.0,359.0
USPRIV,2023-01-01,2024-09-06,132283.0,359.0
USPRIV,2023-01-01,2024-10-04,132283.0,359.0
USPRIV,2023-01-01,2024-11-01,132283.0,359.0
USPRIV,2023-01-01,2024-12-06,132283.0,359.0
USPRIV,2023-01-01,2025-01-10,132283.0,359.0
USPRIV,2023-01-01,2025-02-07,132288.0,325.0
USPRIV,2023-01-01,2025-03-07,132288.0,325.0
USPRIV,2023-01-01,2025-04-04,132288.0,325.0
USPRIV,2023-01-01,2025-05-02,132288.0,325.0
USPRIV,2023-01-01,2025-06-06,132288.0,325.0
USPRIV,2023-01-01,2025-07-03,132288.0,325.0
USPRIV,2023-01-01,2025-08-01,132288.0,325.0
USPRIV,2023-01-01,2025-09-05,132288.0,325.0
USPRIV,2023-01-01,2025-11-20,132288.0,325.0
USPRIV,2023-01-01,2025-12-16,132288.0,325.0
USPRIV,2023-01-01,2026-01-09,132288.0,325.0
USPRIV,2023-01-01,2026-02-11,132292.0,315.0
USPRIV,2023-01-01,2026-03-06,132292.0,315.0
USPRIV,2023-01-01,2026-04-03,132292.0,315.0
USPRIV,2023-01-01,2026-05-08,132292.0,315.0
USPRIV,2023-01-01,2026-06-05,132292.0,315.0
USPRIV,2023-01-01,2026-07-02,132292.0,315.0
USPRIV,2023-02-01,2023-03-10,132855.0,265.0
USPRIV,2023-02-01,2023-04-07,132823.0,266.0
USPRIV,2023-02-01,2023-05-05,132750.0,193.0
USPRIV,2023-02-01,2023-06-02,132750.0,193.0
USPRIV,2023-02-01,2023-07-07,132750.0,193.0
USPRIV,2023-02-01,2023-08-04,132750.0,193.0
USPRIV,2023-02-01,2023-09-01,132750.0,193.0
USPRIV,2023-02-01,2023-10-06,132750.0,193.0
USPRIV,2023-02-01,2023-11-03,132750.0,193.0
USPRIV,2023-02-01,2023-12-08,132750.0,193.0
USPRIV,2023-02-01,2024-01-05,132750.0,193.0
USPRIV,2023-02-01,2024-02-02,132509.0,226.0
USPRIV,2023-02-01,2024-03-08,132509.0,226.0
USPRIV,2023-02-01,2024-04-05,132509.0,226.0
USPRIV,2023-02-01,2024-05-03,132509.0,226.0
USPRIV,2023-02-01,2024-06-07,132509.0,226.0
USPRIV,2023-02-01,2024-07-05,132509.0,226.0
USPRIV,2023-02-01,2024-08-02,132509.0,226.0
USPRIV,2023-02-01,2024-09-06,132509.0,226.0
USPRIV,2023-02-01,2024-10-04,132509.0,226.0
USPRIV,2023-02-01,2024-11-01,132509.0,226.0
USPRIV,2023-02-01,2024-12-06,132509.0,226.0
USPRIV,2023-02-01,2025-01-10,132509.0,226.0
USPRIV,2023-02-01,2025-02-07,132538.0,250.0
USPRIV,2023-02-01,2025-03-07,132538.0,250.0
USPRIV,2023-02-01,2025-04-04,132538.0,250.0
USPRIV,2023-02-01,2025-05-02,132538.0,250.0
USPRIV,2023-02-01,2025-06-06,132538.0,250.0
USPRIV,2023-02-01,2025-07-03,132538.0,250.0
USPRIV,2023-02-01,2025-08-01,132538.0,250.0
USPRIV,2023-02-01,2025-09-05,132538.0,250.0
USPRIV,2023-02-01,2025-11-20,132538.0,250.0
USPRIV,2023-02-01,2025-12-16,132538.0,250.0
USPRIV,2023-02-01,2026-01-09,132538.0,250.0
USPRIV,2023-02-01,2026-02-11,132528.0,236.0
USPRIV,2023-02-01,2026-03-06,132528.0,236.0
USPRIV,2023-02-01,2026-04-03,132528.0,236.0
USPRIV,2023-02-01,2026-05-08,132528.0,236.0
USPRIV,2023-02-01,2026-06-05,132528.0,236.0
USPRIV,2023-02-01,2026-07-02,132528.0,236.0
USPRIV,2023-03-01,2023-04-07,133012.0,189.0
USPRIV,2023-03-01,2023-05-05,132873.0,123.0
USPRIV,2023-03-01,2023-06-02,132907.0,157.0
USPRIV,2023-03-01,2023-07-07,132907.0,157.0
USPRIV,2023-03-01,2023-08-04,132907.0,157.0
USPRIV,2023-03-01,2023-09-01,132907.0,157.0
USPRIV,2023-03-01,2023-10-06,132907.0,157.0
USPRIV,2023-03-01,2023-11-03,132907.0,157.0
USPRIV,2023-03-01,2023-12-08,132907.0,157.0
USPRIV,2023-03-01,2024-01-05,132907.0,157.0
USPRIV,2023-03-01,2024-02-02,132600.0,91.0
USPRIV,2023-03-01,2024-03-08,132600.0,91.0
USPRIV,2023-03-01,2024-04-05,132600.0,91.0
USPRIV,2023-03-01,2024-05-03,132600.0,91.0
USPRIV,2023-03-01,2024-06-07,132600.0,91.0
USPRIV,2023-03-01,2024-07-05,132600.0,91.0
USPRIV,2023-03-01,2024-08-02,132600.0,91.0
USPRIV,2023-03-01,2024-09-06,132600.0,91.0
USPRIV,2023-03-01,2024-10-04,132600.0,91.0
USPRIV,2023-03-01,2024-11-01,132600.0,91.0
USPRIV,2023-03-01,2024-12-06,132600.0,91.0
USPRIV,2023-03-01,2025-01-10,132600.0,91.0
USPRIV,2023-03-01,2025-02-07,132586.0,48.0
USPRIV,2023-03-01,2025-03-07,132586.0,48.0
USPRIV,2023-03-01,2025-04-04,132586.0,48.0
USPRIV,2023-03-01,2025-05-02,132586.0,48.0
USPRIV,2023-03-01,2025-06-06,132586.0,48.0
USPRIV,2023-03-01,2025-07-03,132586.0,48.0
USPRIV,2023-03-01,2025-08-01,132586.0,48.0
USPRIV,2023-03-01,2025-09-05,132586.0,48.0
USPRIV,2023-03-01,2025-11-20,132586.0,48.0
USPRIV,2023-03-01,2025-12-16,132586.0,48.0
USPRIV,2023-03-01,2026-01-09,132586.0,48.0
USPRIV,2023-03-01,2026-02-11,132554.0,26.0
USPRIV,2023-03-01,2026-03-06,132554.0,26.0
USPRIV,2023-03-01,2026-04-03,132554.0,26.0
USPRIV,2023-03-01,2026-05-08,132554.0,26.0
USPRIV,2023-03-01,2026-06-05,132554.0,26.0
USPRIV,2023-03-01,2026-07-02,132554.0,26.0
USPRIV,2023-04-01,2023-05-05,133103.0,230.0
USPRIV,2023-04-01,2023-06-02,133160.0,253.0
USPRIV,2023-04-01,2023-07-07,133086.0,179.0
USPRIV,2023-04-01,2023-08-04,133086.0,179.0
USPRIV,2023-04-01,2023-09-01,133086.0,179.0
USPRIV,2023-04-01,2023-10-06,133086.0,179.0
USPRIV,2023-04-01,2023-11-03,133086.0,179.0
USPRIV,2023-04-01,2023-12-08,133086.0,179.0
USPRIV,2023-04-01,2024-01-05,133086.0,179.0
USPRIV,2023-04-01,2024-02-02,132831.0,231.0
USPRIV,2023-04-01,2024-03-08,132831.0,231.0
USPRIV,2023-04-01,2024-04-05,132831.0,231.0
USPRIV,2023-04-01,2024-05-03,132831.0,231.0
USPRIV,2023-04-01,2024-06-07,132831.0,231.0
USPRIV,2023-04-01,2024-07-05,132831.0,231.0
USPRIV,2023-04-01,2024-08-02,132831.0,231.0
USPRIV,2023-04-01,2024-09-06,132831.0,231.0
USPRIV,2023-04-01,2024-10-04,132831.0,231.0
USPRIV,2023-04-01,2024-11-01,132831.0,231.0
USPRIV,2023-04-01,2024-12-06,132831.0,231.0
USPRIV,2023-04-01,2025-01-10,132831.0,231.0
USPRIV,2023-04-01,2025-02-07,132753.0,167.0
USPRIV,2023-04-01,2025-03-07,132753.0,167.0
USPRIV,2023-04-01,2025-04-04,132753.0,167.0
USPRIV,2023-04-01,2025-05-02,132753.0,167.0
USPRIV,2023-04-01,2025-06-06,132753.0,167.0
USPRIV,2023-04-01,2025-07-03,132753.0,167.0
USPRIV,2023-04-01,2025-08-01,132753.0,167.0
USPRIV,2023-04-01,2025-09-05,132753.0,167.0
USPRIV,2023-04-01,2025-11-20,132753.0,167.0
USPRIV,2023-04-01,2025-12-16,132753.0,167.0
USPRIV,2023-04-01,2026-01-09,132753.0,167.0
USPRIV,2023-04-01,2026-02-11,132733.0,179.0
USPRIV,2023-04-01,2026-03-06,132733.0,179.0
USPRIV,2023-04-01,2026-04-03,132733.0,179.0
USPRIV,2023-04-01,2026-05-08,132733.0,179.0
USPRIV,2023-04-01,2026-06-05,132733.0,179.0
USPRIV,2023-04-01,2026-07-02,132733.0,179.0
USPRIV,2023-05-01,2023-06-02,133443.0,283.0
USPRIV,2023-05-01,2023-07-07,133345.0,259.0
USPRIV,2023-05-01,2023-08-04,133341.0,255.0
USPRIV,2023-05-01,2023-09-01,133341.0,255.0
USPRIV,2023-05-01,2023-10-06,133341.0,255.0
USPRIV,2023-05-01,2023-11-03,133341.0,255.0
USPRIV,2023-05-01,2023-12-08,133341.0,255.0
USPRIV,2023-05-01,2024-01-05,133341.0,255.0
USPRIV,2023-05-01,2024-02-02,133085.0,254.0
USPRIV,2023-05-01,2024-03-08,133085.0,254.0
USPRIV,2023-05-01,2024-04-05,133085.0,254.0
USPRIV,2023-05-01,2024-05-03,133085.0,254.0
USPRIV,2023-05-01,2024-06-07,133085.0,254.0
USPRIV,2023-05-01,2024-07-05,133085.0,254.0
USPRIV,2023-05-01,2024-08-02,133085.0,254.0
USPRIV,2023-05-01,2024-09-06,133085.0,254.0
USPRIV,2023-05-01,2024-10-04,133085.0,254.0
USPRIV,2023-05-01,2024-11-01,133085.0,254.0
USPRIV,2023-05-01,2024-12-06,133085.0,254.0
USPRIV,2023-05-01,2025-01-10,133085.0,254.0
USPRIV,2023-05-01,2025-02-07,132919.0,166.0
USPRIV,2023-05-01,2025-03-07,132919.0,166.0
USPRIV,2023-05-01,2025-04-04,132919.0,166.0
USPRIV,2023-05-01,2025-05-02,132919.0,166.0
USPRIV,2023-05-01,2025-06-06,132919.0,166.0
USPRIV,2023-05-01,2025-07-03,132919.0,166.0
USPRIV,2023-05-01,2025-08-01,132919.0,166.0
USPRIV,2023-05-01,2025-09-05,132919.0,166.0
USPRIV,2023-05-01,2025-11-20,132919.0,166.0
USPRIV,2023-05-01,2025-12-16,132919.0,166.0
USPRIV,2023-05-01,2026-01-09,132919.0,166.0
USPRIV,2023-05-01,2026-02-11,132933.0,200.0
USPRIV,2023-05-01,2026-03-06,132933.0,200.0
USPRIV,2023-05-01,2026-04-03,132933.0,200.0
USPRIV,2023-05-01,2026-05-08,132933.0,200.0
USPRIV,2023-05-01,2026-06-05,132933.0,200.0
USPRIV,2023-05-01,2026-07-02,132933.0,200.0
USPRIV,2023-06-01,2023-07-07,133494.0,149.0
USPRIV,2023-06-01,2023-08-04,133469.0,128.0
USPRIV,2023-06-01,2023-09-01,133427.0,86.0
USPRIV,2023-06-01,2023-10-06,133427.0,86.0
USPRIV,2023-06-01,2023-11-03,133427.0,86.0
USPRIV,2023-06-01,2023-12-08,133427.0,86.0
USPRIV,2023-06-01,2024-01-05,133427.0,86.0
USPRIV,2023-06-01,2024-02-02,133270.0,185.0
USPRIV,2023-06-01,2024-03-08,133270.0,185.0
USPRIV,2023-06-01,2024-04-05,133270.0,185.0
USPRIV,2023-06-01,2024-05-03,133270.0,185.0
USPRIV,2023-06-01,2024-06-07,133270.0,185.0
USPRIV,2023-06-01,2024-07-05,133270.0,185.0
USPRIV,2023-06-01,2024-08-02,133270.0,185.0
USPRIV,2023-06-01,2024-09-06,133270.0,185.0
USPRIV,2023-06-01,2024-10-04,133270.0,185.0
USPRIV,2023-06-01,2024-11-01,133270.0,185.0
USPRIV,2023-06-01,2024-12-06,133270.0,185.0
USPRIV,2023-06-01,2025-01-10,133270.0,185.0
USPRIV,2023-06-01,2025-02-07,133089.0,170.0
USPRIV,2023-06-01,2025-03-07,133089.0,170.0
USPRIV,2023-06-01,2025-04-04,133089.0,170.0
USPRIV,2023-06-01,2025-05-02,133089.0,170.0
USPRIV,2023-06-01,2025-06-06,133089.0,170.0
USPRIV,2023-06-01,2025-07-03,133089.0,170.0
USPRIV,2023-06-01,2025-08-01,133089.0,170.0
USPRIV,2023-06-01,2025-09-05,133089.0,170.0
USPRIV,2023-06-01,2025-11-20,133089.0,170.0
USPRIV,2023-06-01,2025-12-16,133089.0,170.0
USPRIV,2023-06-01,2026-01-09,133089.0,170.0
USPRIV,2023-06-01,2026-02-11,133088.0,155.0
USPRIV,2023-06-01,2026-03-06,133088.0,155.0
USPRIV,2023-06-01,2026-04-03,133088.0,155.0
USPRIV,2023-06-01,2026-05-08,133088.0,155.0
USPRIV,2023-06-01,2026-06-05,133088.0,155.0
USPRIV,2023-06-01,2026-07-02,133088.0,155.0
USPRIV,2023-07-01,2023-08-04,133641.0,172.0
USPRIV,2023-07-01,2023-09-01,133582.0,155.0
USPRIV,2023-07-01,2023-10-06,133572.0,145.0
USPRIV,2023-07-01,2023-11-03,133572.0,145.0
USPRIV,2023-07-01,2023-12-08,133572.0,145.0
USPRIV,2023-07-01,2024-01-05,133572.0,145.0
USPRIV,2023-07-01,2024-02-02,133418.0,148.0
USPRIV,2023-07-01,2024-03-08,133418.0,148.0
USPRIV,2023-07-01,2024-04-05,133418.0,148.0
USPRIV,2023-07-01,2024-05-03,133418.0,148.0
USPRIV,2023-07-01,2024-06-07,133418.0,148.0
USPRIV,2023-07-01,2024-07-05,133418.0,148.0
USPRIV,2023-07-01,2024-08-02,133418.0,148.0
USPRIV,2023-07-01,2024-09-06,133418.0,148.0
USPRIV,2023-07-01,2024-10-04,133418.0,148.0
USPRIV,2023-07-01,2024-11-01,133418.0,148.0
USPRIV,2023-07-01,2024-12-06,133418.0,148.0
USPRIV,2023-07-01,2025-01-10,133418.0,148.0
USPRIV,2023-07-01,2025-02-07,133199.0,110.0
USPRIV,2023-07-01,2025-03-07,133199.0,110.0
USPRIV,2023-07-01,2025-04-04,133199.0,110.0
USPRIV,2023-07-01,2025-05-02,133199.0,110.0
USPRIV,2023-07-01,2025-06-06,133199.0,110.0
USPRIV,2023-07-01,2025-07-03,133199.0,110.0
USPRIV,2023-07-01,2025-08-01,133199.0,110.0
USPRIV,2023-07-01,2025-09-05,133199.0,110.0
USPRIV,2023-07-01,2025-11-20,133199.0,110.0
USPRIV,2023-07-01,2025-12-16,133199.0,110.0
USPRIV,2023-07-01,2026-01-09,133199.0,110.0
USPRIV,2023-07-01,2026-02-11,133206.0,118.0
USPRIV,2023-07-01,2026-03-06,133206.0,118.0
USPRIV,2023-07-01,2026-04-03,133206.0,118.0
USPRIV,2023-07-01,2026-05-08,133206.0,118.0
USPRIV,2023-07-01,2026-06-05,133206.0,118.0
USPRIV,2023-07-01,2026-07-02,133206.0,118.0
USPRIV,2023-08-01,2023-09-01,133761.0,179.0
USPRIV,2023-08-01,2023-10-06,133749.0,177.0
USPRIV,2023-08-01,2023-11-03,133686.0,114.0
USPRIV,2023-08-01,2023-12-08,133686.0,114.0
USPRIV,2023-08-01,2024-01-05,133686.0,114.0
USPRIV,2023-08-01,2024-02-02,133568.0,150.0
USPRIV,2023-08-01,2024-03-08,133568.0,150.0
USPRIV,2023-08-01,2024-04-05,133568.0,150.0
USPRIV,2023-08-01,2024-05-03,133568.0,150.0
USPRIV,2023-08-01,2024-06-07,133568.0,150.0
USPRIV,2023-08-01,2024-07-05,133568.0,150.0
USPRIV,2023-08-01,2024-08-02,133568.0,150.0
USPRIV,2023-08-01,2024-09-06,133568.0,150.0
USPRIV,2023-08-01,2024-10-04,133568.0,150.0
USPRIV,2023-08-01,2024-11-01,133568.0,150.0
USPRIV,2023-08-01,2024-12-06,133568.0,150.0
USPRIV,2023-08-01,2025-01-10,133568.0,150.0
USPRIV,2023-08-01,2025-02-07,133307.0,108.0
USPRIV,2023-08-01,2025-03-07,133307.0,108.0
USPRIV,2023-08-01,2025-04-04,133307.0,108.0
USPRIV,2023-08-01,2025-05-02,133307.0,108.0
USPRIV,2023-08-01,2025-06-06,133307.0,108.0
USPRIV,2023-08-01,2025-07-03,133307.0,108.0
USPRIV,2023-08-01,2025-08-01,133307.0,108.0
USPRIV,2023-08-01,2025-09-05,133307.0,108.0
USPRIV,2023-08-01,2025-11-20,133307.0,108.0
USPRIV,2023-08-01,2025-12-16,133307.0,108.0
USPRIV,2023-08-01,2026-01-09,133307.0,108.0
USPRIV,2023-08-01,2026-02-11,133354.0,148.0
USPRIV,2023-08-01,2026-03-06,133354.0,148.0
USPRIV,2023-08-01,2026-04-03,133354.0,148.0
USPRIV,2023-08-01,2026-05-08,133354.0,148.0
USPRIV,2023-08-01,2026-06-05,133354.0,148.0
USPRIV,2023-08-01,2026-07-02,133354.0,148.0
USPRIV,2023-09-01,2023-10-06,134012.0,263.0
USPRIV,2023-09-01,2023-11-03,133932.0,246.0
USPRIV,2023-09-01,2023-12-08,133885.0,199.0
USPRIV,2023-09-01,2024-01-05,133885.0,199.0
USPRIV,2023-09-01,2024-02-02,133764.0,196.0
USPRIV,2023-09-01,2024-03-08,133764.0,196.0
USPRIV,2023-09-01,2024-04-05,133764.0,196.0
USPRIV,2023-09-01,2024-05-03,133764.0,196.0
USPRIV,2023-09-01,2024-06-07,133764.0,196.0
USPRIV,2023-09-01,2024-07-05,133764.0,196.0
USPRIV,2023-09-01,2024-08-02,133764.0,196.0
USPRIV,2023-09-01,2024-09-06,133764.0,196.0
USPRIV,2023-09-01,2024-10-04,133764.0,196.0
USPRIV,2023-09-01,2024-11-01,133764.0,196.0
USPRIV,2023-09-01,2024-12-06,133764.0,196.0
USPRIV,2023-09-01,2025-01-10,133764.0,196.0
USPRIV,2023-09-01,2025-02-07,133396.0,89.0
USPRIV,2023-09-01,2025-03-07,133396.0,89.0
USPRIV,2023-09-01,2025-04-04,133396.0,89.0
USPRIV,2023-09-01,2025-05-02,133396.0,89.0
USPRIV,2023-09-01,2025-06-06,133396.0,89.0
USPRIV,2023-09-01,2025-07-03,133396.0,89.0
USPRIV,2023-09-01,2025-08-01,133396.0,89.0
USPRIV,2023-09-01,2025-09-05,133396.0,89.0
USPRIV,2023-09-01,2025-11-20,133396.0,89.0
USPRIV,2023-09-01,2025-12-16,133396.0,89.0
USPRIV,2023-09-01,2026-01-09,133396.0,89.0
USPRIV,2023-09-01,2026-02-11,133469.0,115.0
USPRIV,2023-09-01,2026-03-06,133469.0,115.0
USPRIV,2023-09-01,2026-04-03,133469.0,115.0
USPRIV,2023-09-01,2026-05-08,133469.0,115.0
USPRIV,2023-09-01,2026-06-05,133469.0,115.0
USPRIV,2023-09-01,2026-07-02,133469.0,115.0
USPRIV,2023-10-01,2023-11-03,134031.0,99.0
USPRIV,2023-10-01,2023-12-08,133970.0,85.0
USPRIV,2023-10-01,2024-01-05,133929.0,44.0
USPRIV,2023-10-01,2024-02-02,133862.0,98.0
USPRIV,2023-10-01,2024-03-08,133862.0,98.0
USPRIV,2023-10-01,2024-04-05,133862.0,98.0
USPRIV,2023-10-01,2024-05-03,133862.0,98.0
USPRIV,2023-10-01,2024-06-07,133862.0,98.0
USPRIV,2023-10-01,2024-07-05,133862.0,98.0
USPRIV,2023-10-01,2024-08-02,133862.0,98.0
USPRIV,2023-10-01,2024-09-06,133862.0,98.0
USPRIV,2023-10-01,2024-10-04,133862.0,98.0
USPRIV,2023-10-01,2024-11-01,133862.0,98.0
USPRIV,2023-10-01,2024-12-06,133862.0,98.0
USPRIV,2023-10-01,2025-01-10,133862.0,98.0
USPRIV,2023-10-01,2025-02-07,133513.0,117.0
USPRIV,2023-10-01,2025-03-07,133513.0,117.0
USPRIV,2023-10-01,2025-04-04,133513.0,117.0
USPRIV,2023-10-01,2025-05-02,133513.0,117.0
USPRIV,2023-10-01,2025-06-06,133513.0,117.0
USPRIV,2023-10-01,2025-07-03,133513.0,117.0
USPRIV,2023-10-01,2025-08-01,133513.0,117.0
USPRIV,2023-10-01,2025-09-05,133513.0,117.0
USPRIV,2023-10-01,2025-11-20,133513.0,117.0
USPRIV,2023-10-01,2025-12-16,133513.0,117.0
USPRIV,2023-10-01,2026-01-09,133513.0,117.0
USPRIV,2023-10-01,2026-02-11,133583.0,114.0
USPRIV,2023-10-01,2026-03-06,133583.0,114.0
USPRIV,2023-10-01,2026-04-03,133583.0,114.0
USPRIV,2023-10-01,2026-05-08,133583.0,114.0
USPRIV,2023-10-01,2026-06-05,133583.0,114.0
USPRIV,2023-10-01,2026-07-02,133583.0,114.0
USPRIV,2023-11-01,2023-12-08,134120.0,150.0
USPRIV,2023-11-01,2024-01-05,134065.0,136.0
USPRIV,2023-11-01,2024-02-02,134014.0,152.0
USPRIV,2023-11-01,2024-03-08,134014.0,152.0
USPRIV,2023-11-01,2024-04-05,134014.0,152.0
USPRIV,2023-11-01,2024-05-03,134014.0,152.0
USPRIV,2023-11-01,2024-06-07,134014.0,152.0
USPRIV,2023-11-01,2024-07-05,134014.0,152.0
USPRIV,2023-11-01,2024-08-02,134014.0,152.0
USPRIV,2023-11-01,2024-09-06,134014.0,152.0
USPRIV,2023-11-01,2024-10-04,134014.0,152.0
USPRIV,2023-11-01,2024-11-01,134014.0,152.0
USPRIV,2023-11-01,2024-12-06,134014.0,152.0
USPRIV,2023-11-01,2025-01-10,134014.0,152.0
USPRIV,2023-11-01,2025-02-07,133610.0,97.0
USPRIV,2023-11-01,2025-03-07,133610.0,97.0
USPRIV,2023-11-01,2025-04-04,133610.0,97.0
USPRIV,2023-11-01,2025-05-02,133610.0,97.0
USPRIV,2023-11-01,2025-06-06,133610.0,97.0
USPRIV,2023-11-01,2025-07-03,133610.0,97.0
USPRIV,2023-11-01,2025-08-01,133610.0,97.0
USPRIV,2023-11-01,2025-09-05,133610.0,97.0
USPRIV,2023-11-01,2025-11-20,133610.0,97.0
USPRIV,2023-11-01,2025-12-16,133610.0,97.0
USPRIV,2023-11-01,2026-01-09,133610.0,97.0
USPRIV,2023-11-01,2026-02-11,133667.0,84.0
USPRIV,2023-11-01,2026-03-06,133667.0,84.0
USPRIV,2023-11-01,2026-04-03,133667.0,84.0
USPRIV,2023-11-01,2026-05-08,133667.0,84.0
USPRIV,2023-11-01,2026-06-05,133667.0,84.0
USPRIV,2023-11-01,2026-07-02,133667.0,84.0
USPRIV,2023-12-01,2024-01-05,134229.0,164.0
USPRIV,2023-12-01,2024-02-02,134292.0,278.0
USPRIV,2023-12-01,2024-03-08,134228.0,214.0
USPRIV,2023-12-01,2024-04-05,134228.0,214.0
USPRIV,2023-12-01,2024-05-03,134228.0,214.0
USPRIV,2023-12-01,2024-06-07,134228.0,214.0
USPRIV,2023-12-01,2024-07-05,134228.0,214.0
USPRIV,2023-12-01,2024-08-02,134228.0,214.0
USPRIV,2023-12-01,2024-09-06,134228.0,214.0
USPRIV,2023-12-01,2024-10-04,134228.0,214.0
USPRIV,2023-12-01,2024-11-01,134228.0,214.0
USPRIV,2023-12-01,2024-12-06,134228.0,214.0
USPRIV,2023-12-01,2025-01-10,134228.0,214.0
USPRIV,2023-12-01,2025-02-07,133823.0,213.0
USPRIV,2023-12-01,2025-03-07,133823.0,213.0
USPRIV,2023-12-01,2025-04-04,133823.0,213.0
USPRIV,2023-12-01,2025-05-02,133823.0,213.0
USPRIV,2023-12-01,2025-06-06,133823.0,213.0
USPRIV,2023-12-01,2025-07-03,133823.0,213.0
USPRIV,2023-12-01,2025-08-01,133823.0,213.0
USPRIV,2023-12-01,2025-09-05,133823.0,213.0
USPRIV,2023-12-01,2025-11-20,133823.0,213.0
USPRIV,2023-12-01,2025-12-16,133823.0,213.0
USPRIV,2023-12-01,2026-01-09,133823.0,213.0
USPRIV,2023-12-01,2026-02-11,133766.0,99.0
USPRIV,2023-12-01,2026-03-06,133766.0,99.0
USPRIV,2023-12-01,2026-04-03,133766.0,99.0
USPRIV,2023-12-01,2026-05-08,133766.0,99.0
USPRIV,2023-12-01,2026-06-05,133766.0,99.0
USPRIV,2023-12-01,2026-07-02,133766.0,99.0
USPRIV,2024-01-01,2024-02-02,134609.0,317.0
USPRIV,2024-01-01,2024-03-08,134405.0,177.0
USPRIV,2024-01-01,2024-04-05,134424.0,196.0
USPRIV,2024-01-01,2024-05-03,134424.0,196.0
USPRIV,2024-01-01,2024-06-07,134424.0,196.0
USPRIV,2024-01-01,2024-07-05,134424.0,196.0
USPRIV,2024-01-01,2024-08-02,134424.0,196.0
USPRIV,2024-01-01,2024-09-06,134424.0,196.0
USPRIV,2024-01-01,2024-10-04,134424.0,196.0
USPRIV,2024-01-01,2024-11-01,134424.0,196.0
USPRIV,2024-01-01,2024-12-06,134424.0,196.0
USPRIV,2024-01-01,2025-01-10,134424.0,196.0
USPRIV,2024-01-01,2025-02-07,133896.0,73.0
USPRIV,2024-01-01,2025-03-07,133896.0,73.0
USPRIV,2024-01-01,2025-04-04,133896.0,73.0
USPRIV,2024-01-01,2025-05-02,133896.0,73.0
USPRIV,2024-01-01,2025-06-06,133896.0,73.0
USPRIV,2024-01-01,2025-07-03,133896.0,73.0
USPRIV,2024-01-01,2025-08-01,133896.0,73.0
USPRIV,2024-01-01,2025-09-05,133896.0,73.0
USPRIV,2024-01-01,2025-11-20,133896.0,73.0
USPRIV,2024-01-01,2025-12-16,133896.0,73.0
USPRIV,2024-01-01,2026-01-09,133896.0,73.0
USPRIV,2024-01-01,2026-02-11,133892.0,126.0
USPRIV,2024-01-01,2026-03-06,133892.0,126.0
USPRIV,2024-01-01,2026-04-03,133892.0,126.0
USPRIV,2024-01-01,2026-05-08,133892.0,126.0
USPRIV,2024-01-01,2026-06-05,133892.0,126.0
USPRIV,2024-01-01,2026-07-02,133892.0,126.0
USPRIV,2024-02-01,2024-03-08,134628.0,223.0
USPRIV,2024-02-01,2024-04-05,134631.0,207.0
USPRIV,2024-02-01,2024-05-03,134605.0,181.0
USPRIV,2024-02-01,2024-06-07,134605.0,181.0
USPRIV,2024-02-01,2024-07-05,134605.0,181.0
USPRIV,2024-02-01,2024-08-02,134605.0,181.0
USPRIV,2024-02-01,2024-09-06,134605.0,181.0
USPRIV,2024-02-01,2024-10-04,134605.0,181.0
USPRIV,2024-02-01,2024-11-01,134605.0,181.0
USPRIV,2024-02-01,2024-12-06,134605.0,181.0
USPRIV,2024-02-01,2025-01-10,134605.0,181.0
USPRIV,2024-02-01,2025-02-07,134047.0,151.0
USPRIV,2024-02-01,2025-03-07,134047.0,151.0
USPRIV,2024-02-01,2025-04-04,134047.0,151.0
USPRIV,2024-02-01,2025-05-02,134047.0,151.0
USPRIV,2024-02-01,2025-06-06,134047.0,151.0
USPRIV,2024-02-01,2025-07-03,134047.0,151.0
USPRIV,2024-02-01,2025-08-01,134047.0,151.0
USPRIV,2024-02-01,2025-09-05,134047.0,151.0
USPRIV,2024-02-01,2025-11-20,134047.0,151.0
USPRIV,2024-02-01,2025-12-16,134047.0,151.0
USPRIV,2024-02-01,2026-01-09,134047.0,151.0
USPRIV,2024-02-01,2026-02-11,134027.0,135.0
USPRIV,2024-02-01,2026-03-06,134027.0,135.0
USPRIV,2024-02-01,2026-04-03,134027.0,135.0
USPRIV,2024-02-01,2026-05-08,134027.0,135.0
USPRIV,2024-02-01,2026-06-05,134027.0,135.0
USPRIV,2024-02-01,2026-07-02,134027.0,135.0
USPRIV,2024-03-01,2024-04-05,134863.0,232.0
USPRIV,2024-03-01,2024-05-03,134848.0,243.0
USPRIV,2024-03-01,2024-06-07,134837.0,232.0
USPRIV,2024-03-01,2024-07-05,134837.0,232.0
USPRIV,2024-03-01,2024-08-02,134837.0,232.0
USPRIV,2024-03-01,2024-09-06,134837.0,232.0
USPRIV,2024-03-01,2024-10-04,134837.0,232.0
USPRIV,2024-03-01,2024-11-01,134837.0,232.0
USPRIV,2024-03-01,2024-12-06,134837.0,232.0
USPRIV,2024-03-01,2025-01-10,134837.0,232.0
USPRIV,2024-03-01,2025-02-07,134216.0,169.0
USPRIV,2024-03-01,2025-03-07,134216.0,169.0
USPRIV,2024-03-01,2025-04-04,134216.0,169.0
USPRIV,2024-03-01,2025-05-02,134216.0,169.0
USPRIV,2024-03-01,2025-06-06,134216.0,169.0
USPRIV,2024-03-01,2025-07-03,134216.0,169.0
USPRIV,2024-03-01,2025-08-01,134216.0,169.0
USPRIV,2024-03-01,2025-09-05,134216.0,169.0
USPRIV,2024-03-01,2025-11-20,134216.0,169.0
USPRIV,2024-03-01,2025-12-16,134216.0,169.0
USPRIV,2024-03-01,2026-01-09,134216.0,169.0
USPRIV,2024-03-01,2026-02-11,134170.0,143.0
USPRIV,2024-03-01,2026-03-06,134170.0,143.0
USPRIV,2024-03-01,2026-04-03,134170.0,143.0
USPRIV,2024-03-01,2026-05-08,134170.0,143.0
USPRIV,2024-03-01,2026-06-05,134170.0,143.0
USPRIV,2024-03-01,2026-07-02,134170.0,143.0
USPRIV,2024-04-01,2024-05-03,135015.0,167.0
USPRIV,2024-04-01,2024-06-07,134995.0,158.0
USPRIV,2024-04-01,2024-07-05,134945.0,108.0
USPRIV,2024-04-01,2024-08-02,134945.0,108.0
USPRIV,2024-04-01,2024-09-06,134945.0,108.0
USPRIV,2024-04-01,2024-10-04,134945.0,108.0
USPRIV,2024-04-01,2024-11-01,134945.0,108.0
USPRIV,2024-04-01,2024-12-06,134945.0,108.0
USPRIV,2024-04-01,2025-01-10,134945.0,108.0
USPRIV,2024-04-01,2025-02-07,134345.0,129.0
USPRIV,2024-04-01,2025-03-07,134345.0,129.0
USPRIV,2024-04-01,2025-04-04,134345.0,129.0
USPRIV,2024-04-01,2025-05-02,134345.0,129.0
USPRIV,2024-04-01,2025-06-06,134345.0,129.0
USPRIV,2024-04-01,2025-07-03,134345.0,129.0
USPRIV,2024-04-01,2025-08-01,134345.0,129.0
USPRIV,2024-04-01,2025-09-05,134345.0,129.0
USPRIV,2024-04-01,2025-11-20,134345.0,129.0
USPRIV,2024-04-01,2025-12-16,134345.0,129.0
USPRIV,2024-04-01,2026-01-09,134345.0,129.0
USPRIV,2024-04-01,2026-02-11,134233.0,63.0
USPRIV,2024-04-01,2026-03-06,134233.0,63.0
USPRIV,2024-04-01,2026-04-03,134233.0,63.0
USPRIV,2024-04-01,2026-05-08,134233.0,63.0
USPRIV,2024-04-01,2026-06-05,134233.0,63.0
USPRIV,2024-04-01,2026-07-02,134233.0,63.0
USPRIV,2024-05-01,2024-06-07,135224.0,229.0
USPRIV,2024-05-01,2024-07-05,135138.0,193.0
USPRIV,2024-05-01,2024-08-02,135151.0,206.0
USPRIV,2024-05-01,2024-09-06,135151.0,206.0
USPRIV,2024-05-01,2024-10-04,135151.0,206.0
USPRIV,2024-05-01,2024-11-01,135151.0,206.0
USPRIV,2024-05-01,2024-12-06,135151.0,206.0
USPRIV,2024-05-01,2025-01-10,135151.0,206.0
USPRIV,2024-05-01,2025-02-07,134505.0,160.0
USPRIV,2024-05-01,2025-03-07,134505.0,160.0
USPRIV,2024-05-01,2025-04-04,134505.0,160.0
USPRIV,2024-05-01,2025-05-02,134505.0,160.0
USPRIV,2024-05-01,2025-06-06,134505.0,160.0
USPRIV,2024-05-01,2025-07-03,134505.0,160.0
USPRIV,2024-05-01,2025-08-01,134505.0,160.0
USPRIV,2024-05-01,2025-09-05,134505.0,160.0
USPRIV,2024-05-01,2025-11-20,134505.0,160.0
USPRIV,2024-05-01,2025-12-16,134505.0,160.0
USPRIV,2024-05-01,2026-01-09,134505.0,160.0
USPRIV,2024-05-01,2026-02-11,134278.0,45.0
USPRIV,2024-05-01,2026-03-06,134278.0,45.0
USPRIV,2024-05-01,2026-04-03,134278.0,45.0
USPRIV,2024-05-01,2026-05-08,134278.0,45.0
USPRIV,2024-05-01,2026-06-05,134278.0,45.0
USPRIV,2024-05-01,2026-07-02,134278.0,45.0
USPRIV,2024-06-01,2024-07-05,135274.0,136.0
USPRIV,2024-06-01,2024-08-02,135287.0,136.0
USPRIV,2024-06-01,2024-09-06,135248.0,97.0
USPRIV,2024-06-01,2024-10-04,135248.0,97.0
USPRIV,2024-06-01,2024-11-01,135248.0,97.0
USPRIV,2024-06-01,2024-12-06,135248.0,97.0
USPRIV,2024-06-01,2025-01-10,135248.0,97.0
USPRIV,2024-06-01,2025-02-07,134571.0,66.0
USPRIV,2024-06-01,2025-03-07,134571.0,66.0
USPRIV,2024-06-01,2025-04-04,134571.0,66.0
USPRIV,2024-06-01,2025-05-02,134571.0,66.0
USPRIV,2024-06-01,2025-06-06,134571.0,66.0
USPRIV,2024-06-01,2025-07-03,134571.0,66.0
USPRIV,2024-06-01,2025-08-01,134571.0,66.0
USPRIV,2024-06-01,2025-09-05,134571.0,66.0
USPRIV,2024-06-01,2025-11-20,134571.0,66.0
USPRIV,2024-06-01,2025-12-16,134571.0,66.0
USPRIV,2024-06-01,2026-01-09,134571.0,66.0
USPRIV,2024-06-01,2026-02-11,134356.0,78.0
USPRIV,2024-06-01,2026-03-06,134356.0,78.0
USPRIV,2024-06-01,2026-04-03,134356.0,78.0
USPRIV,2024-06-01,2026-05-08,134356.0,78.0
USPRIV,2024-06-01,2026-06-05,134356.0,78.0
USPRIV,2024-06-01,2026-07-02,134356.0,78.0
USPRIV,2024-07-01,2024-08-02,135384.0,97.0
USPRIV,2024-07-01,2024-09-06,135322.0,74.0
USPRIV,2024-07-01,2024-10-04,135347.0,99.0
USPRIV,2024-07-01,2024-11-01,135347.0,99.0
USPRIV,2024-07-01,2024-12-06,135347.0,99.0
USPRIV,2024-07-01,2025-01-10,135347.0,99.0
USPRIV,2024-07-01,2025-02-07,134611.0,40.0
USPRIV,2024-07-01,2025-03-07,134611.0,40.0
USPRIV,2024-07-01,2025-04-04,134611.0,40.0
USPRIV,2024-07-01,2025-05-02,134611.0,40.0
USPRIV,2024-07-01,2025-06-06,134611.0,40.0
USPRIV,2024-07-01,2025-07-03,134611.0,40.0
USPRIV,2024-07-01,2025-08-01,134611.0,40.0
USPRIV,2024-07-01,2025-09-05,134611.0,40.0
USPRIV,2024-07-01,2025-11-20,134611.0,40.0
USPRIV,2024-07-01,2025-12-16,134611.0,40.0
USPRIV,2024-07-01,2026-01-09,134611.0,40.0
USPRIV,2024-07-01,2026-02-11,134348.0,-8.0
USPRIV,2024-07-01,2026-03-06,134348.0,-8.0
USPRIV,2024-07-01,2026-04-03,134348.0,-8.0
USPRIV,2024-07-01,2026-05-08,134348.0,-8.0
USPRIV,2024-07-01,2026-06-05,134348.0,-8.0
USPRIV,2024-07-01,2026-07-02,134348.0,-8.0
USPRIV,2024-08-01,2024-09-06,135440.0,118.0
USPRIV,2024-08-01,2024-10-04,135461.0,114.0
USPRIV,2024-08-01,2024-11-01,135384.0,37.0
USPRIV,2024-08-01,2024-12-06,135384.0,37.0
USPRIV,2024-08-01,2025-01-10,135384.0,37.0
USPRIV,2024-08-01,2025-02-07,134644.0,33.0
USPRIV,2024-08-01,2025-03-07,134644.0,33.0
USPRIV,2024-08-01,2025-04-04,134644.0,33.0
USPRIV,2024-08-01,2025-05-02,134644.0,33.0
USPRIV,2024-08-01,2025-06-06,134644.0,33.0
USPRIV,2024-08-01,2025-07-03,134644.0,33.0
USPRIV,2024-08-01,2025-08-01,134644.0,33.0
USPRIV,2024-08-01,2025-09-05,134644.0,33.0
USPRIV,2024-08-01,2025-11-20,134644.0,33.0
USPRIV,2024-08-01,2025-12-16,134644.0,33.0
USPRIV,2024-08-01,2026-01-09,134644.0,33.0
USPRIV,2024-08-01,2026-02-11,134321.0,-27.0
USPRIV,2024-08-01,2026-03-06,134321.0,-27.0
USPRIV,2024-08-01,2026-04-03,134321.0,-27.0
USPRIV,2024-08-01,2026-05-08,134321.0,-27.0
USPRIV,2024-08-01,2026-06-05,134321.0,-27.0
USPRIV,2024-08-01,2026-07-02,134321.0,-27.0
USPRIV,2024-09-01,2024-10-04,135684.0,223.0
USPRIV,2024-09-01,2024-11-01,135576.0,192.0
USPRIV,2024-09-01,2024-12-06,135606.0,222.0
USPRIV,2024-09-01,2025-01-10,135606.0,222.0
USPRIV,2024-09-01,2025-02-07,134852.0,208.0
USPRIV,2024-09-01,2025-03-07,134852.0,208.0
USPRIV,2024-09-01,2025-04-04,134852.0,208.0
USPRIV,2024-09-01,2025-05-02,134852.0,208.0
USPRIV,2024-09-01,2025-06-06,134852.0,208.0
USPRIV,2024-09-01,2025-07-03,134852.0,208.0
USPRIV,2024-09-01,2025-08-01,134852.0,208.0
USPRIV,2024-09-01,2025-09-05,134852.0,208.0
USPRIV,2024-09-01,2025-11-20,134852.0,208.0
USPRIV,2024-09-01,2025-12-16,134852.0,208.0
USPRIV,2024-09-01,2026-01-09,134852.0,208.0
USPRIV,2024-09-01,2026-02-11,134463.0,142.0
USPRIV,2024-09-01,2026-03-06,134463.0,142.0
USPRIV,2024-09-01,2026-04-03,134463.0,142.0
USPRIV,2024-09-01,2026-05-08,134463.0,142.0
USPRIV,2024-09-01,2026-06-05,134463.0,142.0
USPRIV,2024-09-01,2026-07-02,134463.0,142.0
USPRIV,2024-10-01,2024-11-01,135548.0,-28.0
USPRIV,2024-10-01,2024-12-06,135604.0,-2.0
USPRIV,2024-10-01,2025-01-10,135615.0,9.0
USPRIV,2024-10-01,2025-02-07,134851.0,-1.0
USPRIV,2024-10-01,2025-03-07,134851.0,-1.0
USPRIV,2024-10-01,2025-04-04,134851.0,-1.0
USPRIV,2024-10-01,2025-05-02,134851.0,-1.0
USPRIV,2024-10-01,2025-06-06,134851.0,-1.0
USPRIV,2024-10-01,2025-07-03,134851.0,-1.0
USPRIV,2024-10-01,2025-08-01,134851.0,-1.0
USPRIV,2024-10-01,2025-09-05,134851.0,-1.0
USPRIV,2024-10-01,2025-11-20,134851.0,-1.0
USPRIV,2024-10-01,2025-12-16,134851.0,-1.0
USPRIV,2024-10-01,2026-01-09,134851.0,-1.0
USPRIV,2024-10-01,2026-02-11,134459.0,-4.0
USPRIV,2024-10-01,2026-03-06,134459.0,-4.0
USPRIV,2024-10-01,2026-04-03,134459.0,-4.0
USPRIV,2024-10-01,2026-05-08,134459.0,-4.0
USPRIV,2024-10-01,2026-06-05,134459.0,-4.0
USPRIV,2024-10-01,2026-07-02,134459.0,-4.0
USPRIV,2024-11-01,2024-12-06,135798.0,194.0
USPRIV,2024-11-01,2025-01-10,135797.0,182.0
USPRIV,2024-11-01,2025-02-07,135095.0,244.0
USPRIV,2024-11-01,2025-03-07,135095.0,244.0
USPRIV,2024-11-01,2025-04-04,135095.0,244.0
USPRIV,2024-11-01,2025-05-02,135095.0,244.0
USPRIV,2024-11-01,2025-06-06,135095.0,244.0
USPRIV,2024-11-01,2025-07-03,135095.0,244.0
USPRIV,2024-11-01,2025-08-01,135095.0,244.0
USPRIV,2024-11-01,2025-09-05,135095.0,244.0
USPRIV,2024-11-01,2025-11-20,135095.0,244.0
USPRIV,2024-11-01,2025-12-16,135095.0,244.0
USPRIV,2024-11-01,2026-01-09,135095.0,244.0
USPRIV,2024-11-01,2026-02-11,134575.0,116.0
USPRIV,2024-11-01,2026-03-06,134575.0,116.0
USPRIV,2024-11-01,2026-04-03,134575.0,116.0
USPRIV,2024-11-01,2026-05-08,134575.0,116.0
USPRIV,2024-11-01,2026-06-05,134575.0,116.0
USPRIV,2024-11-01,2026-07-02,134575.0,116.0
USPRIV,2024-12-01,2025-01-10,136020.0,223.0
USPRIV,2024-12-01,2025-02-07,135368.0,273.0
USPRIV,2024-12-01,2025-03-07,135382.0,287.0
USPRIV,2024-12-01,2025-04-04,135382.0,287.0
USPRIV,2024-12-01,2025-05-02,135382.0,287.0
USPRIV,2024-12-01,2025-06-06,135382.0,287.0
USPRIV,2024-12-01,2025-07-03,135382.0,287.0
USPRIV,2024-12-01,2025-08-01,135382.0,287.0
USPRIV,2024-12-01,2025-09-05,135382.0,287.0
USPRIV,2024-12-01,2025-11-20,135382.0,287.0
USPRIV,2024-12-01,2025-12-16,135382.0,287.0
USPRIV,2024-12-01,2026-01-09,135382.0,287.0
USPRIV,2024-12-01,2026-02-11,134787.0,212.0
USPRIV,2024-12-01,2026-03-06,134787.0,212.0
USPRIV,2024-12-01,2026-04-03,134787.0,212.0
USPRIV,2024-12-01,2026-05-08,134787.0,212.0
USPRIV,2024-12-01,2026-06-05,134787.0,212.0
USPRIV,2024-12-01,2026-07-02,134787.0,212.0
USPRIV,2025-01-01,2025-02-07,135479.0,111.0
USPRIV,2025-01-01,2025-03-07,135463.0,81.0
USPRIV,2025-01-01,2025-04-04,135461.0,79.0
USPRIV,2025-01-01,2025-05-02,135461.0,79.0
USPRIV,2025-01-01,2025-06-06,135461.0,79.0
USPRIV,2025-01-01,2025-07-03,135461.0,79.0
USPRIV,2025-01-01,2025-08-01,135461.0,79.0
USPRIV,2025-01-01,2025-09-05,135461.0,79.0
USPRIV,2025-01-01,2025-11-20,135461.0,79.0
USPRIV,2025-01-01,2025-12-16,135461.0,79.0
USPRIV,2025-01-01,2026-01-09,135461.0,79.0
USPRIV,2025-01-01,2026-02-11,134711.0,-76.0
USPRIV,2025-01-01,2026-03-06,134711.0,-76.0
USPRIV,2025-01-01,2026-04-03,134711.0,-76.0
USPRIV,2025-01-01,2026-05-08,134711.0,-76.0
USPRIV,2025-01-01,2026-06-05,134711.0,-76.0
USPRIV,2025-01-01,2026-07-02,134711.0,-76.0
USPRIV,2025-02-01,2025-03-07,135603.0,140.0
USPRIV,2025-02-01,2025-04-04,135577.0,116.0
USPRIV,2025-02-01,2025-05-02,135568.0,107.0
USPRIV,2025-02-01,2025-06-06,135568.0,107.0
USPRIV,2025-02-01,2025-07-03,135568.0,107.0
USPRIV,2025-02-01,2025-08-01,135568.0,107.0
USPRIV,2025-02-01,2025-09-05,135568.0,107.0
USPRIV,2025-02-01,2025-11-20,135568.0,107.0
USPRIV,2025-02-01,2025-12-16,135568.0,107.0
USPRIV,2025-02-01,2026-01-09,135568.0,107.0
USPRIV,2025-02-01,2026-02-11,134751.0,40.0
USPRIV,2025-02-01,2026-03-06,134751.0,40.0
USPRIV,2025-02-01,2026-04-03,134751.0,40.0
USPRIV,2025-02-01,2026-05-08,134751.0,40.0
USPRIV,2025-02-01,2026-06-05,134751.0,40.0
USPRIV,2025-02-01,2026-07-02,134751.0,40.0
USPRIV,2025-03-01,2025-04-04,135786.0,209.0
USPRIV,2025-03-01,2025-05-02,135738.0,170.0
USPRIV,2025-03-01,2025-06-06,135682.0,114.0
USPRIV,2025-03-01,2025-07-03,135682.0,114.0
USPRIV,2025-03-01,2025-08-01,135682.0,114.0
USPRIV,2025-03-01,2025-09-05,135682.0,114.0
USPRIV,2025-03-01,2025-11-20,135682.0,114.0
USPRIV,2025-03-01,2025-12-16,135682.0,114.0
USPRIV,2025-03-01,2026-01-09,135682.0,114.0
USPRIV,2025-03-01,2026-02-11,134818.0,67.0
USPRIV,2025-03-01,2026-03-06,134818.0,67.0
USPRIV,2025-03-01,2026-04-03,134818.0,67.0
USPRIV,2025-03-01,2026-05-08,134818.0,67.0
USPRIV,2025-03-01,2026-06-05,134818.0,67.0
USPRIV,2025-03-01,2026-07-02,134818.0,67.0
USPRIV,2025-04-01,2025-05-02,135905.0,167.0
USPRIV,2025-04-01,2025-06-06,135828.0,146.0
USPRIV,2025-04-01,2025-07-03,135815.0,133.0
USPRIV,2025-04-01,2025-08-01,135815.0,133.0
USPRIV,2025-04-01,2025-09-05,135815.0,133.0
USPRIV,2025-04-01,2025-11-20,135815.0,133.0
USPRIV,2025-04-01,2025-12-16,135815.0,133.0
USPRIV,2025-04-01,2026-01-09,135815.0,133.0
USPRIV,2025-04-01,2026-02-11,134917.0,99.0
USPRIV,2025-04-01,2026-03-06,134917.0,99.0
USPRIV,2025-04-01,2026-04-03,134917.0,99.0
USPRIV,2025-04-01,2026-05-08,134917.0,99.0
USPRIV,2025-04-01,2026-06-05,134917.0,99.0
USPRIV,2025-04-01,2026-07-02,134917.0,99.0
USPRIV,2025-05-01,2025-06-06,135968.0,140.0
USPRIV,2025-05-01,2025-07-03,135952.0,137.0
USPRIV,2025-05-01,2025-08-01,135884.0,69.0
USPRIV,2025-05-01,2025-09-05,135884.0,69.0
USPRIV,2025-05-01,2025-11-20,135884.0,69.0
USPRIV,2025-05-01,2025-12-16,135884.0,69.0
USPRIV,2025-05-01,2026-01-09,135884.0,69.0
USPRIV,2025-05-01,2026-02-11,134937.0,20.0
USPRIV,2025-05-01,2026-03-06,134937.0,20.0
USPRIV,2025-05-01,2026-04-03,134937.0,20.0
USPRIV,2025-05-01,2026-05-08,134937.0,20.0
USPRIV,2025-05-01,2026-06-05,134937.0,20.0
USPRIV,2025-05-01,2026-07-02,134937.0,20.0
USPRIV,2025-06-01,2025-07-03,136026.0,74.0
USPRIV,2025-06-01,2025-08-01,135887.0,3.0
USPRIV,2025-06-01,2025-09-05,135857.0,-27.0
USPRIV,2025-06-01,2025-11-20,135857.0,-27.0
USPRIV,2025-06-01,2025-12-16,135857.0,-27.0
USPRIV,2025-06-01,2026-01-09,135857.0,-27.0
USPRIV,2025-06-01,2026-02-11,134892.0,-45.0
USPRIV,2025-06-01,2026-03-06,134892.0,-45.0
USPRIV,2025-06-01,2026-04-03,134892.0,-45.0
USPRIV,2025-06-01,2026-05-08,134892.0,-45.0
USPRIV,2025-06-01,2026-06-05,134892.0,-45.0
USPRIV,2025-06-01,2026-07-02,134892.0,-45.0
USPRIV,2025-07-01,2025-08-01,135970.0,83.0
USPRIV,2025-07-01,2025-09-05,135934.0,77.0
USPRIV,2025-07-01,2025-11-20,135913.0,56.0
USPRIV,2025-07-01,2025-12-16,135913.0,56.0
USPRIV,2025-07-01,2026-01-09,135913.0,56.0
USPRIV,2025-07-01,2026-02-11,134957.0,65.0
USPRIV,2025-07-01,2026-03-06,134957.0,65.0
USPRIV,2025-07-01,2026-04-03,134957.0,65.0
USPRIV,2025-07-01,2026-05-08,134957.0,65.0
USPRIV,2025-07-01,2026-06-05,134957.0,65.0
USPRIV,2025-07-01,2026-07-02,134957.0,65.0
USPRIV,2025-08-01,2025-09-05,135972.0,38.0
USPRIV,2025-08-01,2025-11-20,135931.0,18.0
USPRIV,2025-08-01,2025-12-16,135923.0,10.0
USPRIV,2025-08-01,2026-01-09,135923.0,10.0
USPRIV,2025-08-01,2026-02-11,134937.0,-20.0
USPRIV,2025-08-01,2026-03-06,134937.0,-20.0
USPRIV,2025-08-01,2026-04-03,134937.0,-20.0
USPRIV,2025-08-01,2026-05-08,134937.0,-20.0
USPRIV,2025-08-01,2026-06-05,134937.0,-20.0
USPRIV,2025-08-01,2026-07-02,134937.0,-20.0
USPRIV,2025-09-01,2025-11-20,136028.0,97.0
USPRIV,2025-09-01,2025-12-16,136027.0,104.0
USPRIV,2025-09-01,2026-01-09,136027.0,104.0
USPRIV,2025-09-01,2026-02-11,135005.0,68.0
USPRIV,2025-09-01,2026-03-06,135005.0,68.0
USPRIV,2025-09-01,2026-04-03,135005.0,68.0
USPRIV,2025-09-01,2026-05-08,135005.0,68.0
USPRIV,2025-09-01,2026-06-05,135005.0,68.0
USPRIV,2025-09-01,2026-07-02,135005.0,68.0
USPRIV,2025-10-01,2025-12-16,136079.0,52.0
USPRIV,2025-10-01,2026-01-09,136028.0,1.0
USPRIV,2025-10-01,2026-02-11,135018.0,13.0
USPRIV,2025-10-01,2026-03-06,135018.0,13.0
USPRIV,2025-10-01,2026-04-03,135018.0,13.0
USPRIV,2025-10-01,2026-05-08,135018.0,13.0
USPRIV,2025-10-01,2026-06-05,135018.0,13.0
USPRIV,2025-10-01,2026-07-02,135018.0,13.0
USPRIV,2025-11-01,2025-12-16,136148.0,69.0
USPRIV,2025-11-01,2026-01-09,136078.0,50.0
USPRIV,2025-11-01,2026-02-11,135090.0,72.0
USPRIV,2025-11-01,2026-03-06,135090.0,72.0
USPRIV,2025-11-01,2026-04-03,135090.0,72.0
USPRIV,2025-11-01,2026-05-08,135090.0,72.0
USPRIV,2025-11-01,2026-06-05,135090.0,72.0
USPRIV,2025-11-01,2026-07-02,135090.0,72.0
USPRIV,2025-12-01,2026-01-09,136115.0,37.0
USPRIV,2025-12-01,2026-02-11,135154.0,64.0
USPRIV,2025-12-01,2026-03-06,135083.0,-7.0
USPRIV,2025-12-01,2026-04-03,135083.0,-7.0
USPRIV,2025-12-01,2026-05-08,135083.0,-7.0
USPRIV,2025-12-01,2026-06-05,135083.0,-7.0
USPRIV,2025-12-01,2026-07-02,135083.0,-7.0
USPRIV,2026-01-01,2026-02-11,135326.0,172.0
USPRIV,2026-01-01,2026-03-06,135229.0,146.0
USPRIV,2026-01-01,2026-04-03,135263.0,180.0
USPRIV,2026-01-01,2026-05-08,135263.0,180.0
USPRIV,2026-01-01,2026-06-05,135263.0,180.0
USPRIV,2026-01-01,2026-07-02,135263.0,180.0
USPRIV,2026-02-01,2026-03-06,135143.0,-86.0
USPRIV,2026-02-01,2026-04-03,135134.0,-129.0
USPRIV,2026-02-01,2026-05-08,135115.0,-148.0
USPRIV,2026-02-01,2026-06-05,135115.0,-148.0
USPRIV,2026-02-01,2026-07-02,135115.0,-148.0
USPRIV,2026-03-01,2026-04-03,135320.0,186.0
USPRIV,2026-03-01,2026-05-08,135305.0,190.0
USPRIV,2026-03-01,2026-06-05,135317.0,202.0
USPRIV,2026-03-01,2026-07-02,135317.0,202.0
USPRIV,2026-04-01,2026-05-08,135428.0,123.0
USPRIV,2026-04-01,2026-06-05,135494.0,177.0
USPRIV,2026-04-01,2026-07-02,135467.0,150.0
USPRIV,2026-05-01,2026-06-05,135614.0,120.0
USPRIV,2026-05-01,2026-07-02,135564.0,97.0
USPRIV,2026-06-01,2026-07-02,135613.0,49.0
