date,ticker,종목명,종가,대비,시가,고가,저가,현물가,거래량,거래대금,contract_month,is_spread,close_implied_rate,spot_implied_rate
2025-06-02,169W6000,3개월무위험금리 F 202506,0.0,0.0,0.0,0.0,0.0,97.3,0,0,202506,False,,2.700000000000003
2025-06-02,169W7000,3개월무위험금리 F 202507,0.0,0.0,0.0,0.0,0.0,97.485,0,0,202507,False,,2.5150000000000006
2025-06-02,169W8000,3개월무위험금리 F 202508,0.0,0.0,0.0,0.0,0.0,97.715,0,0,202508,False,,2.2849999999999966
2025-06-02,169W9000,3개월무위험금리 F 202509,0.0,0.0,0.0,0.0,0.0,97.77,0,0,202509,False,,2.230000000000004
2025-06-02,169WA000,3개월무위험금리 F 202510,0.0,0.0,0.0,0.0,0.0,97.825,0,0,202510,False,,2.174999999999997
2025-06-02,169WB000,3개월무위험금리 F 202511,0.0,0.0,0.0,0.0,0.0,97.91,0,0,202511,False,,2.0900000000000034
2025-06-02,169WC000,3개월무위험금리 F 202512,0.0,0.0,0.0,0.0,0.0,97.975,0,0,202512,False,,2.0250000000000057
2025-06-02,469W6W7S,3개월무위험금리 SP 2506-2507,0.0,0.0,0.0,0.0,0.0,0.0,0,0,,True,,100.0
2025-06-02,469W6W8S,3개월무위험금리 SP 2506-2508,0.0,0.0,0.0,0.0,0.0,0.0,0,0,,True,,100.0
2025-06-02,469W6W9S,3개월무위험금리 SP 2506-2509,0.0,0.0,0.0,0.0,0.0,0.0,0,0,,True,,100.0
2025-06-02,A6963000,3개월무위험금리 F 202603,0.0,0.0,0.0,0.0,0.0,98.12,0,0,202603,False,,1.8799999999999955
2025-06-04,169W6000,3개월무위험금리 F 202506,0.0,0.0,0.0,0.0,0.0,97.3,0,0,202506,False,,2.700000000000003
2025-06-04,169W7000,3개월무위험금리 F 202507,0.0,0.0,0.0,0.0,0.0,97.475,0,0,202507,False,,2.5250000000000057
2025-06-04,169W8000,3개월무위험금리 F 202508,0.0,0.0,0.0,0.0,0.0,97.7,0,0,202508,False,,2.299999999999997
2025-06-04,169W9000,3개월무위험금리 F 202509,0.0,0.0,0.0,0.0,0.0,97.79,0,0,202509,False,,2.2099999999999937
2025-06-04,169WA000,3개월무위험금리 F 202510,0.0,0.0,0.0,0.0,0.0,97.83,0,0,202510,False,,2.1700000000000017
2025-06-04,169WB000,3개월무위험금리 F 202511,0.0,0.0,0.0,0.0,0.0,97.905,0,0,202511,False,,2.094999999999999
2025-06-04,169WC000,3개월무위험금리 F 202512,0.0,0.0,0.0,0.0,0.0,97.965,0,0,202512,False,,2.0349999999999966
2025-06-04,469W6W7S,3개월무위험금리 SP 2506-2507,0.0,0.0,0.0,0.0,0.0,0.0,0,0,,True,,100.0
2025-06-04,469W6W8S,3개월무위험금리 SP 2506-2508,0.0,0.0,0.0,0.0,0.0,0.0,0,0,,True,,100.0
2025-06-04,469W6W9S,3개월무위험금리 SP 2506-2509,0.0,0.0,0.0,0.0,0.0,0.0,0,0,,True,,100.0
2025-06-04,A6963000,3개월무위험금리 F 202603,0.0,0.0,0.0,0.0,0.0,98.105,0,0,202603,False,,1.894999999999996
2025-06-05,169W6000,3개월무위험금리 F 202506,0.0,0.0,0.0,0.0,0.0,97.3,0,0,202506,False,,2.700000000000003
2025-06-05,169W7000,3개월무위험금리 F 202507,0.0,0.0,0.0,0.0,0.0,97.475,0,0,202507,False,,2.5250000000000057
2025-06-05,169W8000,3개월무위험금리 F 202508,0.0,0.0,0.0,0.0,0.0,97.695,0,0,202508,False,,2.305000000000007
2025-06-05,169W9000,3개월무위험금리 F 202509,0.0,0.0,0.0,0.0,0.0,97.785,0,0,202509,False,,2.2150000000000034
2025-06-05,169WA000,3개월무위험금리 F 202510,0.0,0.0,0.0,0.0,0.0,97.82,0,0,202510,False,,2.180000000000007
2025-06-05,169WB000,3개월무위험금리 F 202511,0.0,0.0,0.0,0.0,0.0,97.88,0,0,202511,False,,2.1200000000000045
2025-06-05,169WC000,3개월무위험금리 F 202512,0.0,0.0,0.0,0.0,0.0,97.94,0,0,202512,False,,2.0600000000000023
2025-06-05,469W6W7S,3개월무위험금리 SP 2506-2507,0.0,0.0,0.0,0.0,0.0,0.0,0,0,,True,,100.0
2025-06-05,469W6W8S,3개월무위험금리 SP 2506-2508,0.0,0.0,0.0,0.0,0.0,0.0,0,0,,True,,100.0
2025-06-05,469W6W9S,3개월무위험금리 SP 2506-2509,0.0,0.0,0.0,0.0,0.0,0.0,0,0,,True,,100.0
2025-06-05,A6963000,3개월무위험금리 F 202603,0.0,0.0,0.0,0.0,0.0,98.085,0,0,202603,False,,1.9150000000000063
2025-06-09,169W6000,3개월무위험금리 F 202506,0.0,0.0,0.0,0.0,0.0,97.295,0,0,202506,False,,2.7049999999999983
2025-06-09,169W7000,3개월무위험금리 F 202507,0.0,0.0,0.0,0.0,0.0,97.455,0,0,202507,False,,2.5450000000000017
2025-06-09,169W8000,3개월무위험금리 F 202508,0.0,0.0,0.0,0.0,0.0,97.675,0,0,202508,False,,2.325000000000003
2025-06-09,169W9000,3개월무위험금리 F 202509,0.0,0.0,0.0,0.0,0.0,97.78,0,0,202509,False,,2.219999999999999
2025-06-09,169WA000,3개월무위험금리 F 202510,0.0,0.0,0.0,0.0,0.0,97.815,0,0,202510,False,,2.1850000000000023
2025-06-09,169WB000,3개월무위험금리 F 202511,0.0,0.0,0.0,0.0,0.0,97.86,0,0,202511,False,,2.1400000000000006
2025-06-09,169WC000,3개월무위험금리 F 202512,0.0,0.0,0.0,0.0,0.0,97.905,0,0,202512,False,,2.094999999999999
2025-06-09,469W6W7S,3개월무위험금리 SP 2506-2507,0.0,0.0,0.0,0.0,0.0,0.0,0,0,,True,,100.0
2025-06-09,469W6W8S,3개월무위험금리 SP 2506-2508,0.0,0.0,0.0,0.0,0.0,0.0,0,0,,True,,100.0
2025-06-09,469W6W9S,3개월무위험금리 SP 2506-2509,0.0,0.0,0.0,0.0,0.0,0.0,0,0,,True,,100.0
2025-06-09,A6963000,3개월무위험금리 F 202603,0.0,0.0,0.0,0.0,0.0,98.065,0,0,202603,False,,1.9350000000000023
2025-06-10,169W6000,3개월무위험금리 F 202506,0.0,0.0,0.0,0.0,0.0,97.29,0,0,202506,False,,2.7099999999999937
2025-06-10,169W7000,3개월무위험금리 F 202507,0.0,0.0,0.0,0.0,0.0,97.455,0,0,202507,False,,2.5450000000000017
2025-06-10,169W8000,3개월무위험금리 F 202508,0.0,0.0,0.0,0.0,0.0,97.67,0,0,202508,False,,2.3299999999999983
2025-06-10,169W9000,3개월무위험금리 F 202509,0.0,0.0,0.0,0.0,0.0,97.765,0,0,202509,False,,2.2349999999999994
2025-06-10,169WA000,3개월무위험금리 F 202510,0.0,0.0,0.0,0.0,0.0,97.79,0,0,202510,False,,2.2099999999999937
2025-06-10,169WB000,3개월무위험금리 F 202511,0.0,0.0,0.0,0.0,0.0,97.82,0,0,202511,False,,2.180000000000007
2025-06-10,169WC000,3개월무위험금리 F 202512,0.0,0.0,0.0,0.0,0.0,97.855,0,0,202512,False,,2.144999999999996
2025-06-10,469W6W7S,3개월무위험금리 SP 2506-2507,0.0,0.0,0.0,0.0,0.0,0.0,0,0,,True,,100.0
2025-06-10,469W6W8S,3개월무위험금리 SP 2506-2508,0.0,0.0,0.0,0.0,0.0,0.0,0,0,,True,,100.0
2025-06-10,469W6W9S,3개월무위험금리 SP 2506-2509,0.0,0.0,0.0,0.0,0.0,0.0,0,0,,True,,100.0
2025-06-10,A6963000,3개월무위험금리 F 202603,0.0,0.0,0.0,0.0,0.0,98.04,0,0,202603,False,,1.9599999999999937
2025-06-11,169W6000,3개월무위험금리 F 202506,0.0,0.0,0.0,0.0,0.0,97.29,0,0,202506,False,,2.7099999999999937
2025-06-11,169W7000,3개월무위험금리 F 202507,0.0,0.0,0.0,0.0,0.0,97.47,0,0,202507,False,,2.530000000000001
2025-06-11,169W8000,3개월무위험금리 F 202508,0.0,0.0,0.0,0.0,0.0,97.71,0,0,202508,False,,2.2900000000000063
2025-06-11,169W9000,3개월무위험금리 F 202509,0.0,0.0,0.0,0.0,0.0,97.765,0,0,202509,False,,2.2349999999999994
2025-06-11,169WA000,3개월무위험금리 F 202510,0.0,0.0,0.0,0.0,0.0,97.785,0,0,202510,False,,2.2150000000000034
2025-06-11,169WB000,3개월무위험금리 F 202511,0.0,0.0,0.0,0.0,0.0,97.82,0,0,202511,False,,2.180000000000007
2025-06-11,169WC000,3개월무위험금리 F 202512,0.0,0.0,0.0,0.0,0.0,97.855,0,0,202512,False,,2.144999999999996
2025-06-11,469W6W7S,3개월무위험금리 SP 2506-2507,0.0,0.0,0.0,0.0,0.0,0.0,0,0,,True,,100.0
2025-06-11,469W6W8S,3개월무위험금리 SP 2506-2508,0.0,0.0,0.0,0.0,0.0,0.0,0,0,,True,,100.0
2025-06-11,469W6W9S,3개월무위험금리 SP 2506-2509,0.0,0.0,0.0,0.0,0.0,0.0,0,0,,True,,100.0
2025-06-11,A6963000,3개월무위험금리 F 202603,0.0,0.0,0.0,0.0,0.0,98.02,0,0,202603,False,,1.980000000000004
2025-06-12,169W6000,3개월무위험금리 F 202506,0.0,0.0,0.0,0.0,0.0,97.29,0,0,202506,False,,2.7099999999999937
2025-06-12,169W7000,3개월무위험금리 F 202507,0.0,0.0,0.0,0.0,0.0,97.375,0,0,202507,False,,2.625
2025-06-12,169W8000,3개월무위험금리 F 202508,0.0,0.0,0.0,0.0,0.0,97.74,0,0,202508,False,,2.260000000000005
2025-06-12,169W9000,3개월무위험금리 F 202509,0.0,0.0,0.0,0.0,0.0,97.82,0,0,202509,False,,2.180000000000007
2025-06-12,169WA000,3개월무위험금리 F 202510,0.0,0.0,0.0,0.0,0.0,97.84,0,0,202510,False,,2.1599999999999966
2025-06-12,169WB000,3개월무위험금리 F 202511,0.0,0.0,0.0,0.0,0.0,97.885,0,0,202511,False,,2.114999999999995
2025-06-12,169WC000,3개월무위험금리 F 202512,0.0,0.0,0.0,0.0,0.0,97.925,0,0,202512,False,,2.075000000000003
2025-06-12,469W6W7S,3개월무위험금리 SP 2506-2507,0.0,0.0,0.0,0.0,0.0,0.0,0,0,,True,,100.0
2025-06-12,469W6W8S,3개월무위험금리 SP 2506-2508,0.0,0.0,0.0,0.0,0.0,0.0,0,0,,True,,100.0
2025-06-12,469W6W9S,3개월무위험금리 SP 2506-2509,0.0,0.0,0.0,0.0,0.0,0.0,0,0,,True,,100.0
2025-06-12,A6963000,3개월무위험금리 F 202603,0.0,0.0,0.0,0.0,0.0,98.045,0,0,202603,False,,1.9549999999999983
2025-06-13,169W6000,3개월무위험금리 F 202506,0.0,0.0,0.0,0.0,0.0,97.285,0,0,202506,False,,2.7150000000000034
2025-06-13,169W7000,3개월무위험금리 F 202507,0.0,0.0,0.0,0.0,0.0,97.375,0,0,202507,False,,2.625
2025-06-13,169W8000,3개월무위험금리 F 202508,0.0,0.0,0.0,0.0,0.0,97.745,0,0,202508,False,,2.2549999999999955
2025-06-13,169W9000,3개월무위험금리 F 202509,0.0,0.0,0.0,0.0,0.0,97.87,0,0,202509,False,,2.1299999999999955
2025-06-13,169WA000,3개월무위험금리 F 202510,0.0,0.0,0.0,0.0,0.0,97.895,0,0,202510,False,,2.105000000000004
2025-06-13,169WB000,3개월무위험금리 F 202511,0.0,0.0,0.0,0.0,0.0,97.93,0,0,202511,False,,2.069999999999993
2025-06-13,169WC000,3개월무위험금리 F 202512,0.0,0.0,0.0,0.0,0.0,97.95,0,0,202512,False,,2.049999999999997
2025-06-13,469W6W7S,3개월무위험금리 SP 2506-2507,0.0,0.0,0.0,0.0,0.0,0.0,0,0,,True,,100.0
2025-06-13,469W6W8S,3개월무위험금리 SP 2506-2508,0.0,0.0,0.0,0.0,0.0,0.0,0,0,,True,,100.0
2025-06-13,469W6W9S,3개월무위험금리 SP 2506-2509,0.0,0.0,0.0,0.0,0.0,0.0,0,0,,True,,100.0
2025-06-13,A6963000,3개월무위험금리 F 202603,0.0,0.0,0.0,0.0,0.0,98.025,0,0,202603,False,,1.9749999999999943
2025-06-16,169W6000,3개월무위험금리 F 202506,0.0,0.0,0.0,0.0,0.0,97.27,0,0,202506,False,,2.730000000000004
2025-06-16,169W7000,3개월무위험금리 F 202507,0.0,0.0,0.0,0.0,0.0,97.375,0,0,202507,False,,2.625
2025-06-16,169W8000,3개월무위험금리 F 202508,0.0,0.0,0.0,0.0,0.0,97.72,0,0,202508,False,,2.280000000000001
2025-06-16,169W9000,3개월무위험금리 F 202509,0.0,0.0,0.0,0.0,0.0,97.875,0,0,202509,False,,2.125
2025-06-16,169WA000,3개월무위험금리 F 202510,0.0,0.0,0.0,0.0,0.0,97.895,0,0,202510,False,,2.105000000000004
2025-06-16,169WB000,3개월무위험금리 F 202511,0.0,0.0,0.0,0.0,0.0,97.91,0,0,202511,False,,2.0900000000000034
2025-06-16,169WC000,3개월무위험금리 F 202512,0.0,0.0,0.0,0.0,0.0,97.915,0,0,202512,False,,2.0849999999999937
2025-06-16,469W6W7S,3개월무위험금리 SP 2506-2507,0.0,0.0,0.0,0.0,0.0,0.0,0,0,,True,,100.0
2025-06-16,469W6W8S,3개월무위험금리 SP 2506-2508,0.0,0.0,0.0,0.0,0.0,0.0,0,0,,True,,100.0
2025-06-16,469W6W9S,3개월무위험금리 SP 2506-2509,0.0,0.0,0.0,0.0,0.0,0.0,0,0,,True,,100.0
2025-06-16,A6963000,3개월무위험금리 F 202603,0.0,0.0,0.0,0.0,0.0,97.955,0,0,202603,False,,2.0450000000000017
2025-06-17,169W6000,3개월무위험금리 F 202506,0.0,0.0,0.0,0.0,0.0,97.265,0,0,202506,False,,2.7349999999999994
2025-06-17,169W7000,3개월무위험금리 F 202507,0.0,0.0,0.0,0.0,0.0,97.375,0,0,202507,False,,2.625
2025-06-17,169W8000,3개월무위험금리 F 202508,0.0,0.0,0.0,0.0,0.0,97.715,0,0,202508,False,,2.2849999999999966
2025-06-17,169W9000,3개월무위험금리 F 202509,0.0,0.0,0.0,0.0,0.0,97.855,0,0,202509,False,,2.144999999999996
2025-06-17,169WA000,3개월무위험금리 F 202510,0.0,0.0,0.0,0.0,0.0,97.875,0,0,202510,False,,2.125
2025-06-17,169WB000,3개월무위험금리 F 202511,0.0,0.0,0.0,0.0,0.0,97.9,0,0,202511,False,,2.0999999999999943
2025-06-17,169WC000,3개월무위험금리 F 202512,0.0,0.0,0.0,0.0,0.0,97.92,0,0,202512,False,,2.0799999999999983
2025-06-17,469W6W7S,3개월무위험금리 SP 2506-2507,0.0,0.0,0.0,0.0,0.0,0.0,0,0,,True,,100.0
2025-06-17,469W6W8S,3개월무위험금리 SP 2506-2508,0.0,0.0,0.0,0.0,0.0,0.0,0,0,,True,,100.0
2025-06-17,469W6W9S,3개월무위험금리 SP 2506-2509,0.0,0.0,0.0,0.0,0.0,0.0,0,0,,True,,100.0
2025-06-17,A6963000,3개월무위험금리 F 202603,0.0,0.0,0.0,0.0,0.0,97.955,0,0,202603,False,,2.0450000000000017
2025-06-18,169W7000,3개월무위험금리 F 202507,0.0,0.0,0.0,0.0,0.0,97.375,0,0,202507,False,,2.625
2025-06-18,169W8000,3개월무위험금리 F 202508,0.0,0.0,0.0,0.0,0.0,97.72,0,0,202508,False,,2.280000000000001
2025-06-18,169W9000,3개월무위험금리 F 202509,0.0,0.0,0.0,0.0,0.0,97.86,0,0,202509,False,,2.1400000000000006
2025-06-18,169WA000,3개월무위험금리 F 202510,0.0,0.0,0.0,0.0,0.0,97.88,0,0,202510,False,,2.1200000000000045
2025-06-18,169WB000,3개월무위험금리 F 202511,0.0,0.0,0.0,0.0,0.0,97.9,0,0,202511,False,,2.0999999999999943
2025-06-18,169WC000,3개월무위험금리 F 202512,0.0,0.0,0.0,0.0,0.0,97.91,0,0,202512,False,,2.0900000000000034
2025-06-18,469W7W8S,3개월무위험금리 SP 2507-2508,0.0,0.0,0.0,0.0,0.0,0.0,0,0,,True,,100.0
2025-06-18,469W7W9S,3개월무위험금리 SP 2507-2509,0.0,0.0,0.0,0.0,0.0,0.0,0,0,,True,,100.0
2025-06-18,469W7WAS,3개월무위험금리 SP 2507-2510,0.0,0.0,0.0,0.0,0.0,0.0,0,0,,True,,100.0
2025-06-18,A6963000,3개월무위험금리 F 202603,0.0,0.0,0.0,0.0,0.0,97.945,0,0,202603,False,,2.055000000000007
2025-06-18,A6966000,3개월무위험금리 F 202606,0.0,0.0,0.0,0.0,0.0,98.025,0,0,202606,False,,1.9749999999999943
2025-06-19,169W7000,3개월무위험금리 F 202507,0.0,0.0,0.0,0.0,0.0,97.445,0,0,202507,False,,2.555000000000007
2025-06-19,169W8000,3개월무위험금리 F 202508,0.0,0.0,0.0,0.0,0.0,97.7,0,0,202508,False,,2.299999999999997
2025-06-19,169W9000,3개월무위험금리 F 202509,0.0,0.0,0.0,0.0,0.0,97.845,0,0,202509,False,,2.155000000000001
2025-06-19,169WA000,3개월무위험금리 F 202510,0.0,0.0,0.0,0.0,0.0,97.885,0,0,202510,False,,2.114999999999995
2025-06-19,169WB000,3개월무위험금리 F 202511,0.0,0.0,0.0,0.0,0.0,97.915,0,0,202511,False,,2.0849999999999937
2025-06-19,169WC000,3개월무위험금리 F 202512,0.0,0.0,0.0,0.0,0.0,97.94,0,0,202512,False,,2.0600000000000023
2025-06-19,469W7W8S,3개월무위험금리 SP 2507-2508,0.0,0.0,0.0,0.0,0.0,0.0,0,0,,True,,100.0
2025-06-19,469W7W9S,3개월무위험금리 SP 2507-2509,0.0,0.0,0.0,0.0,0.0,0.0,0,0,,True,,100.0
2025-06-19,469W7WAS,3개월무위험금리 SP 2507-2510,0.0,0.0,0.0,0.0,0.0,0.0,0,0,,True,,100.0
2025-06-19,A6963000,3개월무위험금리 F 202603,0.0,0.0,0.0,0.0,0.0,97.945,0,0,202603,False,,2.055000000000007
2025-06-19,A6966000,3개월무위험금리 F 202606,0.0,0.0,0.0,0.0,0.0,98.005,0,0,202606,False,,1.9950000000000045
2025-06-20,169W7000,3개월무위험금리 F 202507,0.0,0.0,0.0,0.0,0.0,97.375,0,0,202507,False,,2.625
2025-06-20,169W8000,3개월무위험금리 F 202508,0.0,0.0,0.0,0.0,0.0,97.69,0,0,202508,False,,2.3100000000000023
2025-06-20,169W9000,3개월무위험금리 F 202509,0.0,0.0,0.0,0.0,0.0,97.83,0,0,202509,False,,2.1700000000000017
2025-06-20,169WA000,3개월무위험금리 F 202510,0.0,0.0,0.0,0.0,0.0,97.87,0,0,202510,False,,2.1299999999999955
2025-06-20,169WB000,3개월무위험금리 F 202511,0.0,0.0,0.0,0.0,0.0,97.91,0,0,202511,False,,2.0900000000000034
2025-06-20,169WC000,3개월무위험금리 F 202512,0.0,0.0,0.0,0.0,0.0,97.94,0,0,202512,False,,2.0600000000000023
2025-06-20,469W7W8S,3개월무위험금리 SP 2507-2508,0.0,0.0,0.0,0.0,0.0,0.0,0,0,,True,,100.0
2025-06-20,469W7W9S,3개월무위험금리 SP 2507-2509,0.0,0.0,0.0,0.0,0.0,0.0,0,0,,True,,100.0
2025-06-20,469W7WAS,3개월무위험금리 SP 2507-2510,0.0,0.0,0.0,0.0,0.0,0.0,0,0,,True,,100.0
2025-06-20,A6963000,3개월무위험금리 F 202603,0.0,0.0,0.0,0.0,0.0,97.93,0,0,202603,False,,2.069999999999993
2025-06-20,A6966000,3개월무위험금리 F 202606,0.0,0.0,0.0,0.0,0.0,97.985,0,0,202606,False,,2.0150000000000006
2025-06-23,169W7000,3개월무위험금리 F 202507,0.0,0.0,0.0,0.0,0.0,97.375,0,0,202507,False,,2.625
2025-06-23,169W8000,3개월무위험금리 F 202508,0.0,0.0,0.0,0.0,0.0,97.69,0,0,202508,False,,2.3100000000000023
2025-06-23,169W9000,3개월무위험금리 F 202509,0.0,0.0,0.0,0.0,0.0,97.845,0,0,202509,False,,2.155000000000001
2025-06-23,169WA000,3개월무위험금리 F 202510,0.0,0.0,0.0,0.0,0.0,97.85,0,0,202510,False,,2.1500000000000057
2025-06-23,169WB000,3개월무위험금리 F 202511,0.0,0.0,0.0,0.0,0.0,97.88,0,0,202511,False,,2.1200000000000045
2025-06-23,169WC000,3개월무위험금리 F 202512,0.0,0.0,0.0,0.0,0.0,97.915,0,0,202512,False,,2.0849999999999937
2025-06-23,469W7W8S,3개월무위험금리 SP 2507-2508,0.0,0.0,0.0,0.0,0.0,0.0,0,0,,True,,100.0
2025-06-23,469W7W9S,3개월무위험금리 SP 2507-2509,0.0,0.0,0.0,0.0,0.0,0.0,0,0,,True,,100.0
2025-06-23,469W7WAS,3개월무위험금리 SP 2507-2510,0.0,0.0,0.0,0.0,0.0,0.0,0,0,,True,,100.0
2025-06-23,A6963000,3개월무위험금리 F 202603,0.0,0.0,0.0,0.0,0.0,97.94,0,0,202603,False,,2.0600000000000023
2025-06-23,A6966000,3개월무위험금리 F 202606,0.0,0.0,0.0,0.0,0.0,98.005,0,0,202606,False,,1.9950000000000045
2025-06-24,169W7000,3개월무위험금리 F 202507,0.0,0.0,0.0,0.0,0.0,97.37,0,0,202507,False,,2.6299999999999955
2025-06-24,169W8000,3개월무위험금리 F 202508,0.0,0.0,0.0,0.0,0.0,97.675,0,0,202508,False,,2.325000000000003
2025-06-24,169W9000,3개월무위험금리 F 202509,0.0,0.0,0.0,0.0,0.0,97.82,0,0,202509,False,,2.180000000000007
2025-06-24,169WA000,3개월무위험금리 F 202510,0.0,0.0,0.0,0.0,0.0,97.875,0,0,202510,False,,2.125
2025-06-24,169WB000,3개월무위험금리 F 202511,0.0,0.0,0.0,0.0,0.0,97.925,0,0,202511,False,,2.075000000000003
2025-06-24,169WC000,3개월무위험금리 F 202512,0.0,0.0,0.0,0.0,0.0,97.975,0,0,202512,False,,2.0250000000000057
2025-06-24,469W7W8S,3개월무위험금리 SP 2507-2508,0.0,0.0,0.0,0.0,0.0,0.0,0,0,,True,,100.0
2025-06-24,469W7W9S,3개월무위험금리 SP 2507-2509,0.0,0.0,0.0,0.0,0.0,0.0,0,0,,True,,100.0
2025-06-24,469W7WAS,3개월무위험금리 SP 2507-2510,0.0,0.0,0.0,0.0,0.0,0.0,0,0,,True,,100.0
2025-06-24,A6963000,3개월무위험금리 F 202603,0.0,0.0,0.0,0.0,0.0,98.005,0,0,202603,False,,1.9950000000000045
2025-06-24,A6966000,3개월무위험금리 F 202606,0.0,0.0,0.0,0.0,0.0,98.085,0,0,202606,False,,1.9150000000000063
2025-06-25,169W7000,3개월무위험금리 F 202507,0.0,0.0,0.0,0.0,0.0,97.37,0,0,202507,False,,2.6299999999999955
2025-06-25,169W8000,3개월무위험금리 F 202508,0.0,0.0,0.0,0.0,0.0,97.67,0,0,202508,False,,2.3299999999999983
2025-06-25,169W9000,3개월무위험금리 F 202509,0.0,0.0,0.0,0.0,0.0,97.815,0,0,202509,False,,2.1850000000000023
2025-06-25,169WA000,3개월무위험금리 F 202510,0.0,0.0,0.0,0.0,0.0,97.87,0,0,202510,False,,2.1299999999999955
2025-06-25,169WB000,3개월무위험금리 F 202511,0.0,0.0,0.0,0.0,0.0,97.915,0,0,202511,False,,2.0849999999999937
2025-06-25,169WC000,3개월무위험금리 F 202512,0.0,0.0,0.0,0.0,0.0,97.96,0,0,202512,False,,2.0400000000000063
2025-06-25,469W7W8S,3개월무위험금리 SP 2507-2508,0.0,0.0,0.0,0.0,0.0,0.0,0,0,,True,,100.0
2025-06-25,469W7W9S,3개월무위험금리 SP 2507-2509,0.0,0.0,0.0,0.0,0.0,0.0,0,0,,True,,100.0
2025-06-25,469W7WAS,3개월무위험금리 SP 2507-2510,0.0,0.0,0.0,0.0,0.0,0.0,0,0,,True,,100.0
2025-06-25,A6963000,3개월무위험금리 F 202603,0.0,0.0,0.0,0.0,0.0,98.005,0,0,202603,False,,1.9950000000000045
2025-06-25,A6966000,3개월무위험금리 F 202606,0.0,0.0,0.0,0.0,0.0,98.08,0,0,202606,False,,1.9200000000000017
2025-06-26,169W7000,3개월무위험금리 F 202507,0.0,0.0,0.0,0.0,0.0,97.37,0,0,202507,False,,2.6299999999999955
2025-06-26,169W8000,3개월무위험금리 F 202508,0.0,0.0,0.0,0.0,0.0,97.62,0,0,202508,False,,2.3799999999999955
2025-06-26,169W9000,3개월무위험금리 F 202509,0.0,0.0,0.0,0.0,0.0,97.74,0,0,202509,False,,2.260000000000005
2025-06-26,169WA000,3개월무위험금리 F 202510,0.0,0.0,0.0,0.0,0.0,97.845,0,0,202510,False,,2.155000000000001
2025-06-26,169WB000,3개월무위험금리 F 202511,0.0,0.0,0.0,0.0,0.0,97.89,0,0,202511,False,,2.1099999999999994
2025-06-26,169WC000,3개월무위험금리 F 202512,0.0,0.0,0.0,0.0,0.0,97.935,0,0,202512,False,,2.0649999999999977
2025-06-26,469W7W8S,3개월무위험금리 SP 2507-2508,0.0,0.0,0.0,0.0,0.0,0.0,0,0,,True,,100.0
2025-06-26,469W7W9S,3개월무위험금리 SP 2507-2509,0.0,0.0,0.0,0.0,0.0,0.0,0,0,,True,,100.0
2025-06-26,469W7WAS,3개월무위험금리 SP 2507-2510,0.0,0.0,0.0,0.0,0.0,0.0,0,0,,True,,100.0
2025-06-26,A6963000,3개월무위험금리 F 202603,0.0,0.0,0.0,0.0,0.0,97.975,0,0,202603,False,,2.0250000000000057
2025-06-26,A6966000,3개월무위험금리 F 202606,0.0,0.0,0.0,0.0,0.0,98.055,0,0,202606,False,,1.9449999999999932
2025-06-27,169W7000,3개월무위험금리 F 202507,0.0,0.0,0.0,0.0,0.0,97.37,0,0,202507,False,,2.6299999999999955
2025-06-27,169W8000,3개월무위험금리 F 202508,0.0,0.0,0.0,0.0,0.0,97.6,0,0,202508,False,,2.4000000000000057
2025-06-27,169W9000,3개월무위험금리 F 202509,0.0,0.0,0.0,0.0,0.0,97.71,0,0,202509,False,,2.2900000000000063
2025-06-27,169WA000,3개월무위험금리 F 202510,0.0,0.0,0.0,0.0,0.0,97.76,0,0,202510,False,,2.239999999999995
2025-06-27,169WB000,3개월무위험금리 F 202511,0.0,0.0,0.0,0.0,0.0,97.795,0,0,202511,False,,2.2049999999999983
2025-06-27,169WC000,3개월무위험금리 F 202512,0.0,0.0,0.0,0.0,0.0,97.855,0,0,202512,False,,2.144999999999996
2025-06-27,469W7W8S,3개월무위험금리 SP 2507-2508,0.0,0.0,0.0,0.0,0.0,0.0,0,0,,True,,100.0
2025-06-27,469W7W9S,3개월무위험금리 SP 2507-2509,0.0,0.0,0.0,0.0,0.0,0.0,0,0,,True,,100.0
2025-06-27,469W7WAS,3개월무위험금리 SP 2507-2510,0.0,0.0,0.0,0.0,0.0,0.0,0,0,,True,,100.0
2025-06-27,A6963000,3개월무위험금리 F 202603,0.0,0.0,0.0,0.0,0.0,97.91,0,0,202603,False,,2.0900000000000034
2025-06-27,A6966000,3개월무위험금리 F 202606,0.0,0.0,0.0,0.0,0.0,97.99,0,0,202606,False,,2.010000000000005
2025-06-30,169W7000,3개월무위험금리 F 202507,0.0,0.0,0.0,0.0,0.0,97.37,0,0,202507,False,,2.6299999999999955
2025-06-30,169W8000,3개월무위험금리 F 202508,0.0,0.0,0.0,0.0,0.0,97.59,0,0,202508,False,,2.4099999999999966
2025-06-30,169W9000,3개월무위험금리 F 202509,0.0,0.0,0.0,0.0,0.0,97.7,0,0,202509,False,,2.299999999999997
2025-06-30,169WA000,3개월무위험금리 F 202510,0.0,0.0,0.0,0.0,0.0,97.755,0,0,202510,False,,2.2450000000000045
2025-06-30,169WB000,3개월무위험금리 F 202511,0.0,0.0,0.0,0.0,0.0,97.805,0,0,202511,False,,2.194999999999993
2025-06-30,169WC000,3개월무위험금리 F 202512,0.0,0.0,0.0,0.0,0.0,97.845,0,0,202512,False,,2.155000000000001
2025-06-30,469W7W8S,3개월무위험금리 SP 2507-2508,0.0,0.0,0.0,0.0,0.0,0.0,0,0,,True,,100.0
2025-06-30,469W7W9S,3개월무위험금리 SP 2507-2509,0.0,0.0,0.0,0.0,0.0,0.0,0,0,,True,,100.0
2025-06-30,469W7WAS,3개월무위험금리 SP 2507-2510,0.0,0.0,0.0,0.0,0.0,0.0,0,0,,True,,100.0
2025-06-30,A6963000,3개월무위험금리 F 202603,0.0,0.0,0.0,0.0,0.0,97.89,0,0,202603,False,,2.1099999999999994
2025-06-30,A6966000,3개월무위험금리 F 202606,0.0,0.0,0.0,0.0,0.0,97.965,0,0,202606,False,,2.0349999999999966
2025-07-01,169W7000,3개월무위험금리 F 202507,0.0,0.0,0.0,0.0,0.0,97.375,0,0,202507,False,,2.625
2025-07-01,169W8000,3개월무위험금리 F 202508,0.0,0.0,0.0,0.0,0.0,97.575,0,0,202508,False,,2.424999999999997
2025-07-01,169W9000,3개월무위험금리 F 202509,0.0,0.0,0.0,0.0,0.0,97.685,0,0,202509,False,,2.3149999999999977
2025-07-01,169WA000,3개월무위험금리 F 202510,0.0,0.0,0.0,0.0,0.0,97.75,0,0,202510,False,,2.25
2025-07-01,169WB000,3개월무위험금리 F 202511,0.0,0.0,0.0,0.0,0.0,97.785,0,0,202511,False,,2.2150000000000034
2025-07-01,169WC000,3개월무위험금리 F 202512,0.0,0.0,0.0,0.0,0.0,97.82,0,0,202512,False,,2.180000000000007
2025-07-01,469W7W8S,3개월무위험금리 SP 2507-2508,0.0,0.0,0.0,0.0,0.0,0.0,0,0,,True,,100.0
2025-07-01,469W7W9S,3개월무위험금리 SP 2507-2509,0.0,0.0,0.0,0.0,0.0,0.0,0,0,,True,,100.0
2025-07-01,469W7WAS,3개월무위험금리 SP 2507-2510,0.0,0.0,0.0,0.0,0.0,0.0,0,0,,True,,100.0
2025-07-01,A6963000,3개월무위험금리 F 202603,0.0,0.0,0.0,0.0,0.0,97.88,0,0,202603,False,,2.1200000000000045
2025-07-01,A6966000,3개월무위험금리 F 202606,0.0,0.0,0.0,0.0,0.0,97.955,0,0,202606,False,,2.0450000000000017
2025-07-02,169W7000,3개월무위험금리 F 202507,0.0,0.0,0.0,0.0,0.0,97.365,0,0,202507,False,,2.635000000000005
2025-07-02,169W8000,3개월무위험금리 F 202508,0.0,0.0,0.0,0.0,0.0,97.57,0,0,202508,False,,2.430000000000007
2025-07-02,169W9000,3개월무위험금리 F 202509,0.0,0.0,0.0,0.0,0.0,97.675,0,0,202509,False,,2.325000000000003
2025-07-02,169WA000,3개월무위험금리 F 202510,0.0,0.0,0.0,0.0,0.0,97.505,0,0,202510,False,,2.4950000000000045
2025-07-02,169WB000,3개월무위험금리 F 202511,0.0,0.0,0.0,0.0,0.0,97.755,0,0,202511,False,,2.2450000000000045
2025-07-02,169WC000,3개월무위험금리 F 202512,0.0,0.0,0.0,0.0,0.0,97.775,0,0,202512,False,,2.2249999999999943
2025-07-02,469W7W8S,3개월무위험금리 SP 2507-2508,0.0,0.0,0.0,0.0,0.0,0.0,0,0,,True,,100.0
2025-07-02,469W7W9S,3개월무위험금리 SP 2507-2509,0.0,0.0,0.0,0.0,0.0,0.0,0,0,,True,,100.0
2025-07-02,469W7WAS,3개월무위험금리 SP 2507-2510,0.0,0.0,0.0,0.0,0.0,0.0,0,0,,True,,100.0
2025-07-02,A6963000,3개월무위험금리 F 202603,0.0,0.0,0.0,0.0,0.0,97.835,0,0,202603,False,,2.1650000000000063
2025-07-02,A6966000,3개월무위험금리 F 202606,0.0,0.0,0.0,0.0,0.0,97.915,0,0,202606,False,,2.0849999999999937
2025-07-03,169W7000,3개월무위험금리 F 202507,0.0,0.0,0.0,0.0,0.0,97.365,0,0,202507,False,,2.635000000000005
2025-07-03,169W8000,3개월무위험금리 F 202508,0.0,0.0,0.0,0.0,0.0,97.57,0,0,202508,False,,2.430000000000007
2025-07-03,169W9000,3개월무위험금리 F 202509,0.0,0.0,0.0,0.0,0.0,97.675,0,0,202509,False,,2.325000000000003
2025-07-03,169WA000,3개월무위험금리 F 202510,0.0,0.0,0.0,0.0,0.0,97.505,0,0,202510,False,,2.4950000000000045
2025-07-03,169WB000,3개월무위험금리 F 202511,0.0,0.0,0.0,0.0,0.0,97.75,0,0,202511,False,,2.25
2025-07-03,169WC000,3개월무위험금리 F 202512,0.0,0.0,0.0,0.0,0.0,97.755,0,0,202512,False,,2.2450000000000045
2025-07-03,469W7W8S,3개월무위험금리 SP 2507-2508,0.0,0.0,0.0,0.0,0.0,0.0,0,0,,True,,100.0
2025-07-03,469W7W9S,3개월무위험금리 SP 2507-2509,0.0,0.0,0.0,0.0,0.0,0.0,0,0,,True,,100.0
2025-07-03,469W7WAS,3개월무위험금리 SP 2507-2510,0.0,0.0,0.0,0.0,0.0,0.0,0,0,,True,,100.0
2025-07-03,A6963000,3개월무위험금리 F 202603,0.0,0.0,0.0,0.0,0.0,97.81,0,0,202603,False,,2.1899999999999977
2025-07-03,A6966000,3개월무위험금리 F 202606,0.0,0.0,0.0,0.0,0.0,97.895,0,0,202606,False,,2.105000000000004
2025-07-04,169W7000,3개월무위험금리 F 202507,0.0,0.0,0.0,0.0,0.0,97.365,0,0,202507,False,,2.635000000000005
2025-07-04,169W8000,3개월무위험금리 F 202508,0.0,0.0,0.0,0.0,0.0,97.56,0,0,202508,False,,2.4399999999999977
2025-07-04,169W9000,3개월무위험금리 F 202509,0.0,0.0,0.0,0.0,0.0,97.665,0,0,202509,False,,2.3349999999999937
2025-07-04,169WA000,3개월무위험금리 F 202510,0.0,0.0,0.0,0.0,0.0,97.505,0,0,202510,False,,2.4950000000000045
2025-07-04,169WB000,3개월무위험금리 F 202511,0.0,0.0,0.0,0.0,0.0,97.755,0,0,202511,False,,2.2450000000000045
2025-07-04,169WC000,3개월무위험금리 F 202512,0.0,0.0,0.0,0.0,0.0,97.765,0,0,202512,False,,2.2349999999999994
2025-07-04,469W7W8S,3개월무위험금리 SP 2507-2508,0.0,0.0,0.0,0.0,0.0,0.0,0,0,,True,,100.0
2025-07-04,469W7W9S,3개월무위험금리 SP 2507-2509,0.0,0.0,0.0,0.0,0.0,0.0,0,0,,True,,100.0
2025-07-04,469W7WAS,3개월무위험금리 SP 2507-2510,0.0,0.0,0.0,0.0,0.0,0.0,0,0,,True,,100.0
2025-07-04,A6963000,3개월무위험금리 F 202603,0.0,0.0,0.0,0.0,0.0,97.82,0,0,202603,False,,2.180000000000007
2025-07-04,A6966000,3개월무위험금리 F 202606,0.0,0.0,0.0,0.0,0.0,97.895,0,0,202606,False,,2.105000000000004
2025-07-07,169W7000,3개월무위험금리 F 202507,0.0,0.0,0.0,0.0,0.0,97.355,0,0,202507,False,,2.644999999999996
2025-07-07,169W8000,3개월무위험금리 F 202508,0.0,0.0,0.0,0.0,0.0,97.555,0,0,202508,False,,2.444999999999993
2025-07-07,169W9000,3개월무위험금리 F 202509,0.0,0.0,0.0,0.0,0.0,97.655,0,0,202509,False,,2.344999999999999
2025-07-07,169WA000,3개월무위험금리 F 202510,0.0,0.0,0.0,0.0,0.0,97.505,0,0,202510,False,,2.4950000000000045
2025-07-07,169WB000,3개월무위험금리 F 202511,0.0,0.0,0.0,0.0,0.0,97.745,0,0,202511,False,,2.2549999999999955
2025-07-07,169WC000,3개월무위험금리 F 202512,0.0,0.0,0.0,0.0,0.0,97.755,0,0,202512,False,,2.2450000000000045
2025-07-07,469W7W8S,3개월무위험금리 SP 2507-2508,0.0,0.0,0.0,0.0,0.0,0.0,0,0,,True,,100.0
2025-07-07,469W7W9S,3개월무위험금리 SP 2507-2509,0.0,0.0,0.0,0.0,0.0,0.0,0,0,,True,,100.0
2025-07-07,469W7WAS,3개월무위험금리 SP 2507-2510,0.0,0.0,0.0,0.0,0.0,0.0,0,0,,True,,100.0
2025-07-07,A6963000,3개월무위험금리 F 202603,0.0,0.0,0.0,0.0,0.0,97.815,0,0,202603,False,,2.1850000000000023
2025-07-07,A6966000,3개월무위험금리 F 202606,0.0,0.0,0.0,0.0,0.0,97.89,0,0,202606,False,,2.1099999999999994
2025-07-08,169W7000,3개월무위험금리 F 202507,0.0,0.0,0.0,0.0,0.0,97.355,0,0,202507,False,,2.644999999999996
2025-07-08,169W8000,3개월무위험금리 F 202508,0.0,0.0,0.0,0.0,0.0,97.545,0,0,202508,False,,2.4549999999999983
2025-07-08,169W9000,3개월무위험금리 F 202509,0.0,0.0,0.0,0.0,0.0,97.645,0,0,202509,False,,2.355000000000004
2025-07-08,169WA000,3개월무위험금리 F 202510,0.0,0.0,0.0,0.0,0.0,97.505,0,0,202510,False,,2.4950000000000045
2025-07-08,169WB000,3개월무위험금리 F 202511,0.0,0.0,0.0,0.0,0.0,97.74,0,0,202511,False,,2.260000000000005
2025-07-08,169WC000,3개월무위험금리 F 202512,0.0,0.0,0.0,0.0,0.0,97.755,0,0,202512,False,,2.2450000000000045
2025-07-08,469W7W8S,3개월무위험금리 SP 2507-2508,0.0,0.0,0.0,0.0,0.0,0.0,0,0,,True,,100.0
2025-07-08,469W7W9S,3개월무위험금리 SP 2507-2509,0.0,0.0,0.0,0.0,0.0,0.0,0,0,,True,,100.0
2025-07-08,469W7WAS,3개월무위험금리 SP 2507-2510,0.0,0.0,0.0,0.0,0.0,0.0,0,0,,True,,100.0
2025-07-08,A6963000,3개월무위험금리 F 202603,0.0,0.0,0.0,0.0,0.0,97.815,0,0,202603,False,,2.1850000000000023
2025-07-08,A6966000,3개월무위험금리 F 202606,0.0,0.0,0.0,0.0,0.0,97.885,0,0,202606,False,,2.114999999999995
2025-07-09,169W7000,3개월무위험금리 F 202507,0.0,0.0,0.0,0.0,0.0,97.355,0,0,202507,False,,2.644999999999996
2025-07-09,169W8000,3개월무위험금리 F 202508,0.0,0.0,0.0,0.0,0.0,97.55,0,0,202508,False,,2.450000000000003
2025-07-09,169W9000,3개월무위험금리 F 202509,0.0,0.0,0.0,0.0,0.0,97.655,0,0,202509,False,,2.344999999999999
2025-07-09,169WA000,3개월무위험금리 F 202510,0.0,0.0,0.0,0.0,0.0,97.7,0,0,202510,False,,2.299999999999997
2025-07-09,169WB000,3개월무위험금리 F 202511,0.0,0.0,0.0,0.0,0.0,97.715,0,0,202511,False,,2.2849999999999966
2025-07-09,169WC000,3개월무위험금리 F 202512,0.0,0.0,0.0,0.0,0.0,97.715,0,0,202512,False,,2.2849999999999966
2025-07-09,469W7W8S,3개월무위험금리 SP 2507-2508,0.0,0.0,0.0,0.0,0.0,0.0,0,0,,True,,100.0
2025-07-09,469W7W9S,3개월무위험금리 SP 2507-2509,0.0,0.0,0.0,0.0,0.0,0.0,0,0,,True,,100.0
2025-07-09,469W7WAS,3개월무위험금리 SP 2507-2510,0.0,0.0,0.0,0.0,0.0,0.0,0,0,,True,,100.0
2025-07-09,A6963000,3개월무위험금리 F 202603,0.0,0.0,0.0,0.0,0.0,97.775,0,0,202603,False,,2.2249999999999943
2025-07-09,A6966000,3개월무위험금리 F 202606,0.0,0.0,0.0,0.0,0.0,97.85,0,0,202606,False,,2.1500000000000057
2025-07-10,169W7000,3개월무위험금리 F 202507,0.0,0.0,0.0,0.0,0.0,97.35,0,0,202507,False,,2.6500000000000057
2025-07-10,169W8000,3개월무위험금리 F 202508,0.0,0.0,0.0,0.0,0.0,97.535,0,0,202508,False,,2.4650000000000034
2025-07-10,169W9000,3개월무위험금리 F 202509,0.0,0.0,0.0,0.0,0.0,97.63,0,0,202509,False,,2.3700000000000045
2025-07-10,169WA000,3개월무위험금리 F 202510,0.0,0.0,0.0,0.0,0.0,97.535,0,0,202510,False,,2.4650000000000034
2025-07-10,169WB000,3개월무위험금리 F 202511,0.0,0.0,0.0,0.0,0.0,97.72,0,0,202511,False,,2.280000000000001
2025-07-10,169WC000,3개월무위험금리 F 202512,0.0,0.0,0.0,0.0,0.0,97.735,0,0,202512,False,,2.2650000000000006
2025-07-10,469W7W8S,3개월무위험금리 SP 2507-2508,0.0,0.0,0.0,0.0,0.0,0.0,0,0,,True,,100.0
2025-07-10,469W7W9S,3개월무위험금리 SP 2507-2509,0.0,0.0,0.0,0.0,0.0,0.0,0,0,,True,,100.0
2025-07-10,469W7WAS,3개월무위험금리 SP 2507-2510,0.0,0.0,0.0,0.0,0.0,0.0,0,0,,True,,100.0
2025-07-10,A6963000,3개월무위험금리 F 202603,0.0,0.0,0.0,0.0,0.0,97.79,0,0,202603,False,,2.2099999999999937
2025-07-10,A6966000,3개월무위험금리 F 202606,0.0,0.0,0.0,0.0,0.0,97.85,0,0,202606,False,,2.1500000000000057
2025-07-11,169W7000,3개월무위험금리 F 202507,0.0,0.0,0.0,0.0,0.0,97.35,0,0,202507,False,,2.6500000000000057
2025-07-11,169W8000,3개월무위험금리 F 202508,0.0,0.0,0.0,0.0,0.0,97.55,0,0,202508,False,,2.450000000000003
2025-07-11,169W9000,3개월무위험금리 F 202509,0.0,0.0,0.0,0.0,0.0,97.65,0,0,202509,False,,2.3499999999999943
2025-07-11,169WA000,3개월무위험금리 F 202510,0.0,0.0,0.0,0.0,0.0,97.535,0,0,202510,False,,2.4650000000000034
2025-07-11,169WB000,3개월무위험금리 F 202511,0.0,0.0,0.0,0.0,0.0,97.72,0,0,202511,False,,2.280000000000001
2025-07-11,169WC000,3개월무위험금리 F 202512,0.0,0.0,0.0,0.0,0.0,97.74,0,0,202512,False,,2.260000000000005
2025-07-11,469W7W8S,3개월무위험금리 SP 2507-2508,0.0,0.0,0.0,0.0,0.0,0.0,0,0,,True,,100.0
2025-07-11,469W7W9S,3개월무위험금리 SP 2507-2509,0.0,0.0,0.0,0.0,0.0,0.0,0,0,,True,,100.0
2025-07-11,469W7WAS,3개월무위험금리 SP 2507-2510,0.0,0.0,0.0,0.0,0.0,0.0,0,0,,True,,100.0
2025-07-11,A6963000,3개월무위험금리 F 202603,0.0,0.0,0.0,0.0,0.0,97.825,0,0,202603,False,,2.174999999999997
2025-07-11,A6966000,3개월무위험금리 F 202606,0.0,0.0,0.0,0.0,0.0,97.875,0,0,202606,False,,2.125
2025-07-14,169W7000,3개월무위험금리 F 202507,0.0,0.0,0.0,0.0,0.0,97.34,0,0,202507,False,,2.6599999999999966
2025-07-14,169W8000,3개월무위험금리 F 202508,0.0,0.0,0.0,0.0,0.0,97.52,0,0,202508,False,,2.480000000000004
2025-07-14,169W9000,3개월무위험금리 F 202509,0.0,0.0,0.0,0.0,0.0,97.615,0,0,202509,False,,2.385000000000005
2025-07-14,169WA000,3개월무위험금리 F 202510,0.0,0.0,0.0,0.0,0.0,97.53,0,0,202510,False,,2.469999999999999
2025-07-14,169WB000,3개월무위험금리 F 202511,0.0,0.0,0.0,0.0,0.0,97.735,0,0,202511,False,,2.2650000000000006
2025-07-14,169WC000,3개월무위험금리 F 202512,0.0,0.0,0.0,0.0,0.0,97.755,0,0,202512,False,,2.2450000000000045
2025-07-14,469W7W8S,3개월무위험금리 SP 2507-2508,0.0,0.0,0.0,0.0,0.0,0.0,0,0,,True,,100.0
2025-07-14,469W7W9S,3개월무위험금리 SP 2507-2509,0.0,0.0,0.0,0.0,0.0,0.0,0,0,,True,,100.0
2025-07-14,469W7WAS,3개월무위험금리 SP 2507-2510,0.0,0.0,0.0,0.0,0.0,0.0,0,0,,True,,100.0
2025-07-14,A6963000,3개월무위험금리 F 202603,0.0,0.0,0.0,0.0,0.0,97.835,0,0,202603,False,,2.1650000000000063
2025-07-14,A6966000,3개월무위험금리 F 202606,0.0,0.0,0.0,0.0,0.0,97.87,0,0,202606,False,,2.1299999999999955
2025-07-15,169W7000,3개월무위험금리 F 202507,0.0,0.0,0.0,0.0,0.0,97.34,0,0,202507,False,,2.6599999999999966
2025-07-15,169W8000,3개월무위험금리 F 202508,0.0,0.0,0.0,0.0,0.0,97.52,0,0,202508,False,,2.480000000000004
2025-07-15,169W9000,3개월무위험금리 F 202509,0.0,0.0,0.0,0.0,0.0,97.615,0,0,202509,False,,2.385000000000005
2025-07-15,169WA000,3개월무위험금리 F 202510,0.0,0.0,0.0,0.0,0.0,97.675,0,0,202510,False,,2.325000000000003
2025-07-15,169WB000,3개월무위험금리 F 202511,0.0,0.0,0.0,0.0,0.0,97.7,0,0,202511,False,,2.299999999999997
2025-07-15,169WC000,3개월무위험금리 F 202512,0.0,0.0,0.0,0.0,0.0,97.715,0,0,202512,False,,2.2849999999999966
2025-07-15,469W7W8S,3개월무위험금리 SP 2507-2508,0.0,0.0,0.0,0.0,0.0,0.0,0,0,,True,,100.0
2025-07-15,469W7W9S,3개월무위험금리 SP 2507-2509,0.0,0.0,0.0,0.0,0.0,0.0,0,0,,True,,100.0
2025-07-15,469W7WAS,3개월무위험금리 SP 2507-2510,0.0,0.0,0.0,0.0,0.0,0.0,0,0,,True,,100.0
2025-07-15,A6963000,3개월무위험금리 F 202603,0.0,0.0,0.0,0.0,0.0,97.79,0,0,202603,False,,2.2099999999999937
2025-07-15,A6966000,3개월무위험금리 F 202606,0.0,0.0,0.0,0.0,0.0,97.83,0,0,202606,False,,2.1700000000000017
2025-07-16,169W8000,3개월무위험금리 F 202508,0.0,0.0,0.0,0.0,0.0,97.545,0,0,202508,False,,2.4549999999999983
2025-07-16,169W9000,3개월무위험금리 F 202509,0.0,0.0,0.0,0.0,0.0,97.655,0,0,202509,False,,2.344999999999999
2025-07-16,169WA000,3개월무위험금리 F 202510,0.0,0.0,0.0,0.0,0.0,97.695,0,0,202510,False,,2.305000000000007
2025-07-16,169WB000,3개월무위험금리 F 202511,0.0,0.0,0.0,0.0,0.0,97.725,0,0,202511,False,,2.2750000000000057
2025-07-16,169WC000,3개월무위험금리 F 202512,0.0,0.0,0.0,0.0,0.0,97.745,0,0,202512,False,,2.2549999999999955
2025-07-16,469W8W9S,3개월무위험금리 SP 2508-2509,0.0,0.0,0.0,0.0,0.0,0.0,0,0,,True,,100.0
2025-07-16,469W8WAS,3개월무위험금리 SP 2508-2510,0.0,0.0,0.0,0.0,0.0,0.0,0,0,,True,,100.0
2025-07-16,469W8WBS,3개월무위험금리 SP 2508-2511,0.0,0.0,0.0,0.0,0.0,0.0,0,0,,True,,100.0
2025-07-16,A6961000,3개월무위험금리 F 202601,0.0,0.0,0.0,0.0,0.0,97.76,0,0,202601,False,,2.239999999999995
2025-07-16,A6963000,3개월무위험금리 F 202603,0.0,0.0,0.0,0.0,0.0,97.825,0,0,202603,False,,2.174999999999997
2025-07-16,A6966000,3개월무위험금리 F 202606,0.0,0.0,0.0,0.0,0.0,97.86,0,0,202606,False,,2.1400000000000006
2025-07-17,169W8000,3개월무위험금리 F 202508,0.0,0.0,0.0,0.0,0.0,97.47,0,0,202508,False,,2.530000000000001
2025-07-17,169W9000,3개월무위험금리 F 202509,0.0,0.0,0.0,0.0,0.0,97.66,0,0,202509,False,,2.3400000000000034
2025-07-17,169WA000,3개월무위험금리 F 202510,0.0,0.0,0.0,0.0,0.0,97.745,0,0,202510,False,,2.2549999999999955
2025-07-17,169WB000,3개월무위험금리 F 202511,0.0,0.0,0.0,0.0,0.0,97.64,0,0,202511,False,,2.3599999999999994
2025-07-17,169WC000,3개월무위험금리 F 202512,0.0,0.0,0.0,0.0,0.0,97.81,0,0,202512,False,,2.1899999999999977
2025-07-17,469W8W9S,3개월무위험금리 SP 2508-2509,0.0,0.0,0.0,0.0,0.0,0.0,0,0,,True,,100.0
2025-07-17,469W8WAS,3개월무위험금리 SP 2508-2510,0.0,0.0,0.0,0.0,0.0,0.0,0,0,,True,,100.0
2025-07-17,469W8WBS,3개월무위험금리 SP 2508-2511,0.0,0.0,0.0,0.0,0.0,0.0,0,0,,True,,100.0
2025-07-17,A6961000,3개월무위험금리 F 202601,0.0,0.0,0.0,0.0,0.0,97.83,0,0,202601,False,,2.1700000000000017
2025-07-17,A6963000,3개월무위험금리 F 202603,0.0,0.0,0.0,0.0,0.0,97.9,0,0,202603,False,,2.0999999999999943
2025-07-17,A6966000,3개월무위험금리 F 202606,0.0,0.0,0.0,0.0,0.0,97.93,0,0,202606,False,,2.069999999999993
2025-07-18,169W8000,3개월무위험금리 F 202508,0.0,0.0,0.0,0.0,0.0,97.475,0,0,202508,False,,2.5250000000000057
2025-07-18,169W9000,3개월무위험금리 F 202509,0.0,0.0,0.0,0.0,0.0,97.65,0,0,202509,False,,2.3499999999999943
2025-07-18,169WA000,3개월무위험금리 F 202510,0.0,0.0,0.0,0.0,0.0,97.73,0,0,202510,False,,2.269999999999996
2025-07-18,169WB000,3개월무위험금리 F 202511,0.0,0.0,0.0,0.0,0.0,97.645,0,0,202511,False,,2.355000000000004
2025-07-18,169WC000,3개월무위험금리 F 202512,0.0,0.0,0.0,0.0,0.0,97.81,0,0,202512,False,,2.1899999999999977
2025-07-18,469W8W9S,3개월무위험금리 SP 2508-2509,0.0,0.0,0.0,0.0,0.0,0.0,0,0,,True,,100.0
2025-07-18,469W8WAS,3개월무위험금리 SP 2508-2510,0.0,0.0,0.0,0.0,0.0,0.0,0,0,,True,,100.0
2025-07-18,469W8WBS,3개월무위험금리 SP 2508-2511,0.0,0.0,0.0,0.0,0.0,0.0,0,0,,True,,100.0
2025-07-18,A6961000,3개월무위험금리 F 202601,0.0,0.0,0.0,0.0,0.0,97.835,0,0,202601,False,,2.1650000000000063
2025-07-18,A6963000,3개월무위험금리 F 202603,0.0,0.0,0.0,0.0,0.0,97.905,0,0,202603,False,,2.094999999999999
2025-07-18,A6966000,3개월무위험금리 F 202606,0.0,0.0,0.0,0.0,0.0,97.945,0,0,202606,False,,2.055000000000007
2025-07-21,169W8000,3개월무위험금리 F 202508,0.0,0.0,0.0,0.0,0.0,97.485,0,0,202508,False,,2.5150000000000006
2025-07-21,169W9000,3개월무위험금리 F 202509,0.0,0.0,0.0,0.0,0.0,97.635,0,0,202509,False,,2.364999999999995
2025-07-21,169WA000,3개월무위험금리 F 202510,0.0,0.0,0.0,0.0,0.0,97.72,0,0,202510,False,,2.280000000000001
2025-07-21,169WB000,3개월무위험금리 F 202511,0.0,0.0,0.0,0.0,0.0,97.645,0,0,202511,False,,2.355000000000004
2025-07-21,169WC000,3개월무위험금리 F 202512,0.0,0.0,0.0,0.0,0.0,97.8,0,0,202512,False,,2.200000000000003
2025-07-21,469W8W9S,3개월무위험금리 SP 2508-2509,0.0,0.0,0.0,0.0,0.0,0.0,0,0,,True,,100.0
2025-07-21,469W8WAS,3개월무위험금리 SP 2508-2510,0.0,0.0,0.0,0.0,0.0,0.0,0,0,,True,,100.0
2025-07-21,469W8WBS,3개월무위험금리 SP 2508-2511,0.0,0.0,0.0,0.0,0.0,0.0,0,0,,True,,100.0
2025-07-21,A6961000,3개월무위험금리 F 202601,0.0,0.0,0.0,0.0,0.0,97.825,0,0,202601,False,,2.174999999999997
2025-07-21,A6963000,3개월무위험금리 F 202603,0.0,0.0,0.0,0.0,0.0,97.915,0,0,202603,False,,2.0849999999999937
2025-07-21,A6966000,3개월무위험금리 F 202606,0.0,0.0,0.0,0.0,0.0,97.975,0,0,202606,False,,2.0250000000000057
2025-07-22,169W8000,3개월무위험금리 F 202508,0.0,0.0,0.0,0.0,0.0,97.53,0,0,202508,False,,2.469999999999999
2025-07-22,169W9000,3개월무위험금리 F 202509,0.0,0.0,0.0,0.0,0.0,97.645,0,0,202509,False,,2.355000000000004
2025-07-22,169WA000,3개월무위험금리 F 202510,0.0,0.0,0.0,0.0,0.0,97.735,0,0,202510,False,,2.2650000000000006
2025-07-22,169WB000,3개월무위험금리 F 202511,0.0,0.0,0.0,0.0,0.0,97.78,0,0,202511,False,,2.219999999999999
2025-07-22,169WC000,3개월무위험금리 F 202512,0.0,0.0,0.0,0.0,0.0,97.805,0,0,202512,False,,2.194999999999993
2025-07-22,469W8W9S,3개월무위험금리 SP 2508-2509,0.0,0.0,0.0,0.0,0.0,0.0,0,0,,True,,100.0
2025-07-22,469W8WAS,3개월무위험금리 SP 2508-2510,0.0,0.0,0.0,0.0,0.0,0.0,0,0,,True,,100.0
2025-07-22,469W8WBS,3개월무위험금리 SP 2508-2511,0.0,0.0,0.0,0.0,0.0,0.0,0,0,,True,,100.0
2025-07-22,A6961000,3개월무위험금리 F 202601,0.0,0.0,0.0,0.0,0.0,97.825,0,0,202601,False,,2.174999999999997
2025-07-22,A6963000,3개월무위험금리 F 202603,0.0,0.0,0.0,0.0,0.0,97.915,0,0,202603,False,,2.0849999999999937
2025-07-22,A6966000,3개월무위험금리 F 202606,0.0,0.0,0.0,0.0,0.0,97.995,0,0,202606,False,,2.0049999999999955
2025-07-23,169W8000,3개월무위험금리 F 202508,0.0,0.0,0.0,0.0,0.0,97.49,0,0,202508,False,,2.510000000000005
2025-07-23,169W9000,3개월무위험금리 F 202509,0.0,0.0,0.0,0.0,0.0,97.63,0,0,202509,False,,2.3700000000000045
2025-07-23,169WA000,3개월무위험금리 F 202510,0.0,0.0,0.0,0.0,0.0,97.71,0,0,202510,False,,2.2900000000000063
2025-07-23,169WB000,3개월무위험금리 F 202511,0.0,0.0,0.0,0.0,0.0,97.645,0,0,202511,False,,2.355000000000004
2025-07-23,169WC000,3개월무위험금리 F 202512,0.0,0.0,0.0,0.0,0.0,97.845,0,0,202512,False,,2.155000000000001
2025-07-23,469W8W9S,3개월무위험금리 SP 2508-2509,0.0,0.0,0.0,0.0,0.0,0.0,0,0,,True,,100.0
2025-07-23,469W8WAS,3개월무위험금리 SP 2508-2510,0.0,0.0,0.0,0.0,0.0,0.0,0,0,,True,,100.0
2025-07-23,469W8WBS,3개월무위험금리 SP 2508-2511,0.0,0.0,0.0,0.0,0.0,0.0,0,0,,True,,100.0
2025-07-23,A6961000,3개월무위험금리 F 202601,0.0,0.0,0.0,0.0,0.0,97.915,0,0,202601,False,,2.0849999999999937
2025-07-23,A6963000,3개월무위험금리 F 202603,0.0,0.0,0.0,0.0,0.0,97.97,0,0,202603,False,,2.030000000000001
2025-07-23,A6966000,3개월무위험금리 F 202606,0.0,0.0,0.0,0.0,0.0,97.99,0,0,202606,False,,2.010000000000005
2025-07-24,169W8000,3개월무위험금리 F 202508,0.0,0.0,0.0,0.0,0.0,97.49,0,0,202508,False,,2.510000000000005
2025-07-24,169W9000,3개월무위험금리 F 202509,0.0,0.0,0.0,0.0,0.0,97.68,0,0,202509,False,,2.319999999999993
2025-07-24,169WA000,3개월무위험금리 F 202510,0.0,0.0,0.0,0.0,0.0,97.785,0,0,202510,False,,2.2150000000000034
2025-07-24,169WB000,3개월무위험금리 F 202511,0.0,0.0,0.0,0.0,0.0,97.655,0,0,202511,False,,2.344999999999999
2025-07-24,169WC000,3개월무위험금리 F 202512,0.0,0.0,0.0,0.0,0.0,97.82,0,0,202512,False,,2.180000000000007
2025-07-24,469W8W9S,3개월무위험금리 SP 2508-2509,0.0,0.0,0.0,0.0,0.0,0.0,0,0,,True,,100.0
2025-07-24,469W8WAS,3개월무위험금리 SP 2508-2510,0.0,0.0,0.0,0.0,0.0,0.0,0,0,,True,,100.0
2025-07-24,469W8WBS,3개월무위험금리 SP 2508-2511,0.0,0.0,0.0,0.0,0.0,0.0,0,0,,True,,100.0
2025-07-24,A6961000,3개월무위험금리 F 202601,0.0,0.0,0.0,0.0,0.0,97.875,0,0,202601,False,,2.125
2025-07-24,A6963000,3개월무위험금리 F 202603,0.0,0.0,0.0,0.0,0.0,97.94,0,0,202603,False,,2.0600000000000023
2025-07-24,A6966000,3개월무위험금리 F 202606,0.0,0.0,0.0,0.0,0.0,97.96,0,0,202606,False,,2.0400000000000063
2025-07-25,169W8000,3개월무위험금리 F 202508,0.0,0.0,0.0,0.0,0.0,97.49,0,0,202508,False,,2.510000000000005
2025-07-25,169W9000,3개월무위험금리 F 202509,0.0,0.0,0.0,0.0,0.0,97.66,0,0,202509,False,,2.3400000000000034
2025-07-25,169WA000,3개월무위험금리 F 202510,0.0,0.0,0.0,0.0,0.0,97.76,0,0,202510,False,,2.239999999999995
2025-07-25,169WB000,3개월무위험금리 F 202511,0.0,0.0,0.0,0.0,0.0,97.65,0,0,202511,False,,2.3499999999999943
2025-07-25,169WC000,3개월무위험금리 F 202512,0.0,0.0,0.0,0.0,0.0,97.9,0,0,202512,False,,2.0999999999999943
2025-07-25,469W8W9S,3개월무위험금리 SP 2508-2509,0.0,0.0,0.0,0.0,0.0,0.0,0,0,,True,,100.0
2025-07-25,469W8WAS,3개월무위험금리 SP 2508-2510,0.0,0.0,0.0,0.0,0.0,0.0,0,0,,True,,100.0
2025-07-25,469W8WBS,3개월무위험금리 SP 2508-2511,0.0,0.0,0.0,0.0,0.0,0.0,0,0,,True,,100.0
2025-07-25,A6961000,3개월무위험금리 F 202601,0.0,0.0,0.0,0.0,0.0,97.955,0,0,202601,False,,2.0450000000000017
2025-07-25,A6963000,3개월무위험금리 F 202603,0.0,0.0,0.0,0.0,0.0,98.015,0,0,202603,False,,1.9849999999999994
2025-07-25,A6966000,3개월무위험금리 F 202606,0.0,0.0,0.0,0.0,0.0,98.045,0,0,202606,False,,1.9549999999999983
2025-07-28,169W8000,3개월무위험금리 F 202508,0.0,0.0,0.0,0.0,0.0,97.495,0,0,202508,False,,2.5049999999999955
2025-07-28,169W9000,3개월무위험금리 F 202509,0.0,0.0,0.0,0.0,0.0,97.655,0,0,202509,False,,2.344999999999999
2025-07-28,169WA000,3개월무위험금리 F 202510,0.0,0.0,0.0,0.0,0.0,97.755,0,0,202510,False,,2.2450000000000045
2025-07-28,169WB000,3개월무위험금리 F 202511,0.0,0.0,0.0,0.0,0.0,97.65,0,0,202511,False,,2.3499999999999943
2025-07-28,169WC000,3개월무위험금리 F 202512,0.0,0.0,0.0,0.0,0.0,97.895,0,0,202512,False,,2.105000000000004
2025-07-28,469W8W9S,3개월무위험금리 SP 2508-2509,0.0,0.0,0.0,0.0,0.0,0.0,0,0,,True,,100.0
2025-07-28,469W8WAS,3개월무위험금리 SP 2508-2510,0.0,0.0,0.0,0.0,0.0,0.0,0,0,,True,,100.0
2025-07-28,469W8WBS,3개월무위험금리 SP 2508-2511,0.0,0.0,0.0,0.0,0.0,0.0,0,0,,True,,100.0
2025-07-28,A6961000,3개월무위험금리 F 202601,0.0,0.0,0.0,0.0,0.0,97.945,0,0,202601,False,,2.055000000000007
2025-07-28,A6963000,3개월무위험금리 F 202603,0.0,0.0,0.0,0.0,0.0,98.01,0,0,202603,False,,1.9899999999999949
2025-07-28,A6966000,3개월무위험금리 F 202606,0.0,0.0,0.0,0.0,0.0,98.035,0,0,202606,False,,1.9650000000000034
2025-07-29,169W8000,3개월무위험금리 F 202508,0.0,0.0,0.0,0.0,0.0,97.53,0,0,202508,False,,2.469999999999999
2025-07-29,169W9000,3개월무위험금리 F 202509,0.0,0.0,0.0,0.0,0.0,97.66,0,0,202509,False,,2.3400000000000034
2025-07-29,169WA000,3개월무위험금리 F 202510,0.0,0.0,0.0,0.0,0.0,97.76,0,0,202510,False,,2.239999999999995
2025-07-29,169WB000,3개월무위험금리 F 202511,0.0,0.0,0.0,0.0,0.0,97.815,0,0,202511,False,,2.1850000000000023
2025-07-29,169WC000,3개월무위험금리 F 202512,0.0,0.0,0.0,0.0,0.0,97.86,0,0,202512,False,,2.1400000000000006
2025-07-29,469W8W9S,3개월무위험금리 SP 2508-2509,0.0,0.0,0.0,0.0,0.0,0.0,0,0,,True,,100.0
2025-07-29,469W8WAS,3개월무위험금리 SP 2508-2510,0.0,0.0,0.0,0.0,0.0,0.0,0,0,,True,,100.0
2025-07-29,469W8WBS,3개월무위험금리 SP 2508-2511,0.0,0.0,0.0,0.0,0.0,0.0,0,0,,True,,100.0
2025-07-29,A6961000,3개월무위험금리 F 202601,0.0,0.0,0.0,0.0,0.0,97.915,0,0,202601,False,,2.0849999999999937
2025-07-29,A6963000,3개월무위험금리 F 202603,0.0,0.0,0.0,0.0,0.0,97.975,0,0,202603,False,,2.0250000000000057
2025-07-29,A6966000,3개월무위험금리 F 202606,0.0,0.0,0.0,0.0,0.0,98.01,0,0,202606,False,,1.9899999999999949
2025-07-30,169W8000,3개월무위험금리 F 202508,0.0,0.0,0.0,0.0,0.0,97.475,0,0,202508,False,,2.5250000000000057
2025-07-30,169W9000,3개월무위험금리 F 202509,0.0,0.0,0.0,0.0,0.0,97.655,0,0,202509,False,,2.344999999999999
2025-07-30,169WA000,3개월무위험금리 F 202510,0.0,0.0,0.0,0.0,0.0,97.76,0,0,202510,False,,2.239999999999995
2025-07-30,169WB000,3개월무위험금리 F 202511,0.0,0.0,0.0,0.0,0.0,97.635,0,0,202511,False,,2.364999999999995
2025-07-30,169WC000,3개월무위험금리 F 202512,0.0,0.0,0.0,0.0,0.0,97.865,0,0,202512,False,,2.135000000000005
2025-07-30,469W8W9S,3개월무위험금리 SP 2508-2509,0.0,0.0,0.0,0.0,0.0,0.0,0,0,,True,,100.0
2025-07-30,469W8WAS,3개월무위험금리 SP 2508-2510,0.0,0.0,0.0,0.0,0.0,0.0,0,0,,True,,100.0
2025-07-30,469W8WBS,3개월무위험금리 SP 2508-2511,0.0,0.0,0.0,0.0,0.0,0.0,0,0,,True,,100.0
2025-07-30,A6961000,3개월무위험금리 F 202601,0.0,0.0,0.0,0.0,0.0,97.91,0,0,202601,False,,2.0900000000000034
2025-07-30,A6963000,3개월무위험금리 F 202603,0.0,0.0,0.0,0.0,0.0,97.97,0,0,202603,False,,2.030000000000001
2025-07-30,A6966000,3개월무위험금리 F 202606,0.0,0.0,0.0,0.0,0.0,98.005,0,0,202606,False,,1.9950000000000045
2025-07-31,169W8000,3개월무위험금리 F 202508,0.0,0.0,0.0,0.0,0.0,97.485,0,0,202508,False,,2.5150000000000006
2025-07-31,169W9000,3개월무위험금리 F 202509,0.0,0.0,0.0,0.0,0.0,97.645,0,0,202509,False,,2.355000000000004
2025-07-31,169WA000,3개월무위험금리 F 202510,0.0,0.0,0.0,0.0,0.0,97.74,0,0,202510,False,,2.260000000000005
2025-07-31,169WB000,3개월무위험금리 F 202511,0.0,0.0,0.0,0.0,0.0,97.64,0,0,202511,False,,2.3599999999999994
2025-07-31,169WC000,3개월무위험금리 F 202512,0.0,0.0,0.0,0.0,0.0,97.87,0,0,202512,False,,2.1299999999999955
2025-07-31,469W8W9S,3개월무위험금리 SP 2508-2509,0.0,0.0,0.0,0.0,0.0,0.0,0,0,,True,,100.0
2025-07-31,469W8WAS,3개월무위험금리 SP 2508-2510,0.0,0.0,0.0,0.0,0.0,0.0,0,0,,True,,100.0
2025-07-31,469W8WBS,3개월무위험금리 SP 2508-2511,0.0,0.0,0.0,0.0,0.0,0.0,0,0,,True,,100.0
2025-07-31,A6961000,3개월무위험금리 F 202601,0.0,0.0,0.0,0.0,0.0,97.91,0,0,202601,False,,2.0900000000000034
2025-07-31,A6963000,3개월무위험금리 F 202603,0.0,0.0,0.0,0.0,0.0,97.955,0,0,202603,False,,2.0450000000000017
2025-07-31,A6966000,3개월무위험금리 F 202606,0.0,0.0,0.0,0.0,0.0,97.975,0,0,202606,False,,2.0250000000000057
2025-08-01,169W8000,3개월무위험금리 F 202508,0.0,0.0,0.0,0.0,0.0,97.48,0,0,202508,False,,2.519999999999996
2025-08-01,169W9000,3개월무위험금리 F 202509,0.0,0.0,0.0,0.0,0.0,97.64,0,0,202509,False,,2.3599999999999994
2025-08-01,169WA000,3개월무위험금리 F 202510,0.0,0.0,0.0,0.0,0.0,97.735,0,0,202510,False,,2.2650000000000006
2025-08-01,169WB000,3개월무위험금리 F 202511,0.0,0.0,0.0,0.0,0.0,97.635,0,0,202511,False,,2.364999999999995
2025-08-01,169WC000,3개월무위험금리 F 202512,0.0,0.0,0.0,0.0,0.0,97.845,0,0,202512,False,,2.155000000000001
2025-08-01,469W8W9S,3개월무위험금리 SP 2508-2509,0.0,0.0,0.0,0.0,0.0,0.0,0,0,,True,,100.0
2025-08-01,469W8WAS,3개월무위험금리 SP 2508-2510,0.0,0.0,0.0,0.0,0.0,0.0,0,0,,True,,100.0
2025-08-01,469W8WBS,3개월무위험금리 SP 2508-2511,0.0,0.0,0.0,0.0,0.0,0.0,0,0,,True,,100.0
2025-08-01,A6961000,3개월무위험금리 F 202601,0.0,0.0,0.0,0.0,0.0,97.89,0,0,202601,False,,2.1099999999999994
2025-08-01,A6963000,3개월무위험금리 F 202603,0.0,0.0,0.0,0.0,0.0,97.935,0,0,202603,False,,2.0649999999999977
2025-08-01,A6966000,3개월무위험금리 F 202606,0.0,0.0,0.0,0.0,0.0,97.95,0,0,202606,False,,2.049999999999997
2025-08-04,169W8000,3개월무위험금리 F 202508,0.0,0.0,0.0,0.0,0.0,97.475,0,0,202508,False,,2.5250000000000057
2025-08-04,169W9000,3개월무위험금리 F 202509,0.0,0.0,0.0,0.0,0.0,97.64,0,0,202509,False,,2.3599999999999994
2025-08-04,169WA000,3개월무위험금리 F 202510,0.0,0.0,0.0,0.0,0.0,97.75,0,0,202510,False,,2.25
2025-08-04,169WB000,3개월무위험금리 F 202511,0.0,0.0,0.0,0.0,0.0,97.65,0,0,202511,False,,2.3499999999999943
2025-08-04,169WC000,3개월무위험금리 F 202512,0.0,0.0,0.0,0.0,0.0,97.875,0,0,202512,False,,2.125
2025-08-04,469W8W9S,3개월무위험금리 SP 2508-2509,0.0,0.0,0.0,0.0,0.0,0.0,0,0,,True,,100.0
2025-08-04,469W8WAS,3개월무위험금리 SP 2508-2510,0.0,0.0,0.0,0.0,0.0,0.0,0,0,,True,,100.0
2025-08-04,469W8WBS,3개월무위험금리 SP 2508-2511,0.0,0.0,0.0,0.0,0.0,0.0,0,0,,True,,100.0
2025-08-04,A6961000,3개월무위험금리 F 202601,0.0,0.0,0.0,0.0,0.0,97.935,0,0,202601,False,,2.0649999999999977
2025-08-04,A6963000,3개월무위험금리 F 202603,0.0,0.0,0.0,0.0,0.0,98.0,0,0,202603,False,,2.0
2025-08-04,A6966000,3개월무위험금리 F 202606,0.0,0.0,0.0,0.0,0.0,98.02,0,0,202606,False,,1.980000000000004
2025-08-05,169W8000,3개월무위험금리 F 202508,0.0,0.0,0.0,0.0,0.0,97.475,0,0,202508,False,,2.5250000000000057
2025-08-05,169W9000,3개월무위험금리 F 202509,0.0,0.0,0.0,0.0,0.0,97.61,0,0,202509,False,,2.3900000000000006
2025-08-05,169WA000,3개월무위험금리 F 202510,0.0,0.0,0.0,0.0,0.0,97.7,0,0,202510,False,,2.299999999999997
2025-08-05,169WB000,3개월무위험금리 F 202511,0.0,0.0,0.0,0.0,0.0,97.65,0,0,202511,False,,2.3499999999999943
2025-08-05,169WC000,3개월무위험금리 F 202512,0.0,0.0,0.0,0.0,0.0,97.875,0,0,202512,False,,2.125
2025-08-05,469W8W9S,3개월무위험금리 SP 2508-2509,0.0,0.0,0.0,0.0,0.0,0.0,0,0,,True,,100.0
2025-08-05,469W8WAS,3개월무위험금리 SP 2508-2510,0.0,0.0,0.0,0.0,0.0,0.0,0,0,,True,,100.0
2025-08-05,469W8WBS,3개월무위험금리 SP 2508-2511,0.0,0.0,0.0,0.0,0.0,0.0,0,0,,True,,100.0
2025-08-05,A6961000,3개월무위험금리 F 202601,0.0,0.0,0.0,0.0,0.0,97.93,0,0,202601,False,,2.069999999999993
2025-08-05,A6963000,3개월무위험금리 F 202603,0.0,0.0,0.0,0.0,0.0,97.995,0,0,202603,False,,2.0049999999999955
2025-08-05,A6966000,3개월무위험금리 F 202606,0.0,0.0,0.0,0.0,0.0,98.015,0,0,202606,False,,1.9849999999999994
2025-08-06,169W8000,3개월무위험금리 F 202508,0.0,0.0,0.0,0.0,0.0,97.5,0,0,202508,False,,2.5
2025-08-06,169W9000,3개월무위험금리 F 202509,0.0,0.0,0.0,0.0,0.0,97.625,0,0,202509,False,,2.375
2025-08-06,169WA000,3개월무위험금리 F 202510,0.0,0.0,0.0,0.0,0.0,97.725,0,0,202510,False,,2.2750000000000057
2025-08-06,169WB000,3개월무위험금리 F 202511,0.0,0.0,0.0,0.0,0.0,97.78,0,0,202511,False,,2.219999999999999
2025-08-06,169WC000,3개월무위험금리 F 202512,0.0,0.0,0.0,0.0,0.0,97.825,0,0,202512,False,,2.174999999999997
2025-08-06,469W8W9S,3개월무위험금리 SP 2508-2509,0.0,0.0,0.0,0.0,0.0,0.0,0,0,,True,,100.0
2025-08-06,469W8WAS,3개월무위험금리 SP 2508-2510,0.0,0.0,0.0,0.0,0.0,0.0,0,0,,True,,100.0
2025-08-06,469W8WBS,3개월무위험금리 SP 2508-2511,0.0,0.0,0.0,0.0,0.0,0.0,0,0,,True,,100.0
2025-08-06,A6961000,3개월무위험금리 F 202601,0.0,0.0,0.0,0.0,0.0,97.875,0,0,202601,False,,2.125
2025-08-06,A6963000,3개월무위험금리 F 202603,0.0,0.0,0.0,0.0,0.0,97.94,0,0,202603,False,,2.0600000000000023
2025-08-06,A6966000,3개월무위험금리 F 202606,0.0,0.0,0.0,0.0,0.0,97.96,0,0,202606,False,,2.0400000000000063
2025-08-07,169W8000,3개월무위험금리 F 202508,0.0,0.0,0.0,0.0,0.0,97.495,0,0,202508,False,,2.5049999999999955
2025-08-07,169W9000,3개월무위험금리 F 202509,0.0,0.0,0.0,0.0,0.0,97.625,0,0,202509,False,,2.375
2025-08-07,169WA000,3개월무위험금리 F 202510,0.0,0.0,0.0,0.0,0.0,97.73,0,0,202510,False,,2.269999999999996
2025-08-07,169WB000,3개월무위험금리 F 202511,0.0,0.0,0.0,0.0,0.0,97.83,0,0,202511,False,,2.1700000000000017
2025-08-07,169WC000,3개월무위험금리 F 202512,0.0,0.0,0.0,0.0,0.0,97.88,0,0,202512,False,,2.1200000000000045
2025-08-07,469W8W9S,3개월무위험금리 SP 2508-2509,0.0,0.0,0.0,0.0,0.0,0.0,0,0,,True,,100.0
2025-08-07,469W8WAS,3개월무위험금리 SP 2508-2510,0.0,0.0,0.0,0.0,0.0,0.0,0,0,,True,,100.0
2025-08-07,469W8WBS,3개월무위험금리 SP 2508-2511,0.0,0.0,0.0,0.0,0.0,0.0,0,0,,True,,100.0
2025-08-07,A6961000,3개월무위험금리 F 202601,0.0,0.0,0.0,0.0,0.0,97.93,0,0,202601,False,,2.069999999999993
2025-08-07,A6963000,3개월무위험금리 F 202603,0.0,0.0,0.0,0.0,0.0,97.995,0,0,202603,False,,2.0049999999999955
2025-08-07,A6966000,3개월무위험금리 F 202606,0.0,0.0,0.0,0.0,0.0,98.02,0,0,202606,False,,1.980000000000004
2025-08-08,169W8000,3개월무위험금리 F 202508,0.0,0.0,0.0,0.0,0.0,97.48,0,0,202508,False,,2.519999999999996
2025-08-08,169W9000,3개월무위험금리 F 202509,0.0,0.0,0.0,0.0,0.0,97.615,0,0,202509,False,,2.385000000000005
2025-08-08,169WA000,3개월무위험금리 F 202510,0.0,0.0,0.0,0.0,0.0,97.71,0,0,202510,False,,2.2900000000000063
2025-08-08,169WB000,3개월무위험금리 F 202511,0.0,0.0,0.0,0.0,0.0,97.6,0,0,202511,False,,2.4000000000000057
2025-08-08,169WC000,3개월무위험금리 F 202512,0.0,0.0,0.0,0.0,0.0,97.855,0,0,202512,False,,2.144999999999996
2025-08-08,469W8W9S,3개월무위험금리 SP 2508-2509,0.0,0.0,0.0,0.0,0.0,0.0,0,0,,True,,100.0
2025-08-08,469W8WAS,3개월무위험금리 SP 2508-2510,0.0,0.0,0.0,0.0,0.0,0.0,0,0,,True,,100.0
2025-08-08,469W8WBS,3개월무위험금리 SP 2508-2511,0.0,0.0,0.0,0.0,0.0,0.0,0,0,,True,,100.0
2025-08-08,A6961000,3개월무위험금리 F 202601,0.0,0.0,0.0,0.0,0.0,97.9,0,0,202601,False,,2.0999999999999943
2025-08-08,A6963000,3개월무위험금리 F 202603,0.0,0.0,0.0,0.0,0.0,97.96,0,0,202603,False,,2.0400000000000063
2025-08-08,A6966000,3개월무위험금리 F 202606,0.0,0.0,0.0,0.0,0.0,98.0,0,0,202606,False,,2.0
2025-08-11,169W8000,3개월무위험금리 F 202508,0.0,0.0,0.0,0.0,0.0,97.475,0,0,202508,False,,2.5250000000000057
2025-08-11,169W9000,3개월무위험금리 F 202509,0.0,0.0,0.0,0.0,0.0,97.59,0,0,202509,False,,2.4099999999999966
2025-08-11,169WA000,3개월무위험금리 F 202510,0.0,0.0,0.0,0.0,0.0,97.675,0,0,202510,False,,2.325000000000003
2025-08-11,169WB000,3개월무위험금리 F 202511,0.0,0.0,0.0,0.0,0.0,97.6,0,0,202511,False,,2.4000000000000057
2025-08-11,169WC000,3개월무위험금리 F 202512,0.0,0.0,0.0,0.0,0.0,97.83,0,0,202512,False,,2.1700000000000017
2025-08-11,469W8W9S,3개월무위험금리 SP 2508-2509,0.0,0.0,0.0,0.0,0.0,0.0,0,0,,True,,100.0
2025-08-11,469W8WAS,3개월무위험금리 SP 2508-2510,0.0,0.0,0.0,0.0,0.0,0.0,0,0,,True,,100.0
2025-08-11,469W8WBS,3개월무위험금리 SP 2508-2511,0.0,0.0,0.0,0.0,0.0,0.0,0,0,,True,,100.0
2025-08-11,A6961000,3개월무위험금리 F 202601,0.0,0.0,0.0,0.0,0.0,97.87,0,0,202601,False,,2.1299999999999955
2025-08-11,A6963000,3개월무위험금리 F 202603,0.0,0.0,0.0,0.0,0.0,97.93,0,0,202603,False,,2.069999999999993
2025-08-11,A6966000,3개월무위험금리 F 202606,0.0,0.0,0.0,0.0,0.0,97.97,0,0,202606,False,,2.030000000000001
2025-08-12,169W8000,3개월무위험금리 F 202508,0.0,0.0,0.0,0.0,0.0,97.475,0,0,202508,False,,2.5250000000000057
2025-08-12,169W9000,3개월무위험금리 F 202509,0.0,0.0,0.0,0.0,0.0,97.585,0,0,202509,False,,2.4150000000000063
2025-08-12,169WA000,3개월무위험금리 F 202510,0.0,0.0,0.0,0.0,0.0,97.67,0,0,202510,False,,2.3299999999999983
2025-08-12,169WB000,3개월무위험금리 F 202511,0.0,0.0,0.0,0.0,0.0,97.6,0,0,202511,False,,2.4000000000000057
2025-08-12,169WC000,3개월무위험금리 F 202512,0.0,0.0,0.0,0.0,0.0,97.805,0,0,202512,False,,2.194999999999993
2025-08-12,469W8W9S,3개월무위험금리 SP 2508-2509,0.0,0.0,0.0,0.0,0.0,0.0,0,0,,True,,100.0
2025-08-12,469W8WAS,3개월무위험금리 SP 2508-2510,0.0,0.0,0.0,0.0,0.0,0.0,0,0,,True,,100.0
2025-08-12,469W8WBS,3개월무위험금리 SP 2508-2511,0.0,0.0,0.0,0.0,0.0,0.0,0,0,,True,,100.0
2025-08-12,A6961000,3개월무위험금리 F 202601,0.0,0.0,0.0,0.0,0.0,97.845,0,0,202601,False,,2.155000000000001
2025-08-12,A6963000,3개월무위험금리 F 202603,0.0,0.0,0.0,0.0,0.0,97.9,0,0,202603,False,,2.0999999999999943
2025-08-12,A6966000,3개월무위험금리 F 202606,0.0,0.0,0.0,0.0,0.0,97.945,0,0,202606,False,,2.055000000000007
2025-08-13,169W8000,3개월무위험금리 F 202508,0.0,0.0,0.0,0.0,0.0,97.475,0,0,202508,False,,2.5250000000000057
2025-08-13,169W9000,3개월무위험금리 F 202509,0.0,0.0,0.0,0.0,0.0,97.6,0,0,202509,False,,2.4000000000000057
2025-08-13,169WA000,3개월무위험금리 F 202510,0.0,0.0,0.0,0.0,0.0,97.7,0,0,202510,False,,2.299999999999997
2025-08-13,169WB000,3개월무위험금리 F 202511,0.0,0.0,0.0,0.0,0.0,97.6,0,0,202511,False,,2.4000000000000057
2025-08-13,169WC000,3개월무위험금리 F 202512,0.0,0.0,0.0,0.0,0.0,97.785,0,0,202512,False,,2.2150000000000034
2025-08-13,469W8W9S,3개월무위험금리 SP 2508-2509,0.0,0.0,0.0,0.0,0.0,0.0,0,0,,True,,100.0
2025-08-13,469W8WAS,3개월무위험금리 SP 2508-2510,0.0,0.0,0.0,0.0,0.0,0.0,0,0,,True,,100.0
2025-08-13,469W8WBS,3개월무위험금리 SP 2508-2511,0.0,0.0,0.0,0.0,0.0,0.0,0,0,,True,,100.0
2025-08-13,A6961000,3개월무위험금리 F 202601,0.0,0.0,0.0,0.0,0.0,97.825,0,0,202601,False,,2.174999999999997
2025-08-13,A6963000,3개월무위험금리 F 202603,0.0,0.0,0.0,0.0,0.0,97.88,0,0,202603,False,,2.1200000000000045
2025-08-13,A6966000,3개월무위험금리 F 202606,0.0,0.0,0.0,0.0,0.0,97.93,0,0,202606,False,,2.069999999999993
2025-08-14,169W8000,3개월무위험금리 F 202508,0.0,0.0,0.0,0.0,0.0,97.475,0,0,202508,False,,2.5250000000000057
2025-08-14,169W9000,3개월무위험금리 F 202509,0.0,0.0,0.0,0.0,0.0,97.685,0,0,202509,False,,2.3149999999999977
2025-08-14,169WA000,3개월무위험금리 F 202510,0.0,0.0,0.0,0.0,0.0,97.855,0,0,202510,False,,2.144999999999996
2025-08-14,169WB000,3개월무위험금리 F 202511,0.0,0.0,0.0,0.0,0.0,97.6,0,0,202511,False,,2.4000000000000057
2025-08-14,169WC000,3개월무위험금리 F 202512,0.0,0.0,0.0,0.0,0.0,97.865,0,0,202512,False,,2.135000000000005
2025-08-14,469W8W9S,3개월무위험금리 SP 2508-2509,0.0,0.0,0.0,0.0,0.0,0.0,0,0,,True,,100.0
2025-08-14,469W8WAS,3개월무위험금리 SP 2508-2510,0.0,0.0,0.0,0.0,0.0,0.0,0,0,,True,,100.0
2025-08-14,469W8WBS,3개월무위험금리 SP 2508-2511,0.0,0.0,0.0,0.0,0.0,0.0,0,0,,True,,100.0
2025-08-14,A6961000,3개월무위험금리 F 202601,0.0,0.0,0.0,0.0,0.0,97.91,0,0,202601,False,,2.0900000000000034
2025-08-14,A6963000,3개월무위험금리 F 202603,0.0,0.0,0.0,0.0,0.0,97.985,0,0,202603,False,,2.0150000000000006
2025-08-14,A6966000,3개월무위험금리 F 202606,0.0,0.0,0.0,0.0,0.0,98.03,0,0,202606,False,,1.9699999999999989
2025-08-18,169W8000,3개월무위험금리 F 202508,0.0,0.0,0.0,0.0,0.0,97.455,0,0,202508,False,,2.5450000000000017
2025-08-18,169W9000,3개월무위험금리 F 202509,0.0,0.0,0.0,0.0,0.0,97.53,0,0,202509,False,,2.469999999999999
2025-08-18,169WA000,3개월무위험금리 F 202510,0.0,0.0,0.0,0.0,0.0,97.58,0,0,202510,False,,2.4200000000000017
2025-08-18,169WB000,3개월무위험금리 F 202511,0.0,0.0,0.0,0.0,0.0,97.6,0,0,202511,False,,2.4000000000000057
2025-08-18,169WC000,3개월무위험금리 F 202512,0.0,0.0,0.0,0.0,0.0,97.98,0,0,202512,False,,2.019999999999996
2025-08-18,469W8W9S,3개월무위험금리 SP 2508-2509,0.0,0.0,0.0,0.0,0.0,0.0,0,0,,True,,100.0
2025-08-18,469W8WAS,3개월무위험금리 SP 2508-2510,0.0,0.0,0.0,0.0,0.0,0.0,0,0,,True,,100.0
2025-08-18,469W8WBS,3개월무위험금리 SP 2508-2511,0.0,0.0,0.0,0.0,0.0,0.0,0,0,,True,,100.0
2025-08-18,A6961000,3개월무위험금리 F 202601,0.0,0.0,0.0,0.0,0.0,98.02,0,0,202601,False,,1.980000000000004
2025-08-18,A6963000,3개월무위험금리 F 202603,0.0,0.0,0.0,0.0,0.0,98.085,0,0,202603,False,,1.9150000000000063
2025-08-18,A6966000,3개월무위험금리 F 202606,0.0,0.0,0.0,0.0,0.0,98.135,0,0,202606,False,,1.8649999999999949
2025-08-19,169W8000,3개월무위험금리 F 202508,0.0,0.0,0.0,0.0,0.0,97.455,0,0,202508,False,,2.5450000000000017
2025-08-19,169W9000,3개월무위험금리 F 202509,0.0,0.0,0.0,0.0,0.0,97.52,0,0,202509,False,,2.480000000000004
2025-08-19,169WA000,3개월무위험금리 F 202510,0.0,0.0,0.0,0.0,0.0,97.565,0,0,202510,False,,2.4350000000000023
2025-08-19,169WB000,3개월무위험금리 F 202511,0.0,0.0,0.0,0.0,0.0,97.6,0,0,202511,False,,2.4000000000000057
2025-08-19,169WC000,3개월무위험금리 F 202512,0.0,0.0,0.0,0.0,0.0,97.67,0,0,202512,False,,2.3299999999999983
2025-08-19,469W8W9S,3개월무위험금리 SP 2508-2509,0.0,0.0,0.0,0.0,0.0,0.0,0,0,,True,,100.0
2025-08-19,469W8WAS,3개월무위험금리 SP 2508-2510,0.0,0.0,0.0,0.0,0.0,0.0,0,0,,True,,100.0
2025-08-19,469W8WBS,3개월무위험금리 SP 2508-2511,0.0,0.0,0.0,0.0,0.0,0.0,0,0,,True,,100.0
2025-08-19,A6961000,3개월무위험금리 F 202601,0.0,0.0,0.0,0.0,0.0,97.72,0,0,202601,False,,2.280000000000001
2025-08-19,A6963000,3개월무위험금리 F 202603,0.0,0.0,0.0,0.0,0.0,97.795,0,0,202603,False,,2.2049999999999983
2025-08-19,A6966000,3개월무위험금리 F 202606,0.0,0.0,0.0,0.0,0.0,97.825,0,0,202606,False,,2.174999999999997
2025-08-20,169W9000,3개월무위험금리 F 202509,0.0,0.0,0.0,0.0,0.0,97.525,0,0,202509,False,,2.4749999999999943
2025-08-20,169WA000,3개월무위험금리 F 202510,0.0,0.0,0.0,0.0,0.0,97.575,0,0,202510,False,,2.424999999999997
2025-08-20,169WB000,3개월무위험금리 F 202511,0.0,0.0,0.0,0.0,0.0,97.605,0,0,202511,False,,2.394999999999996
2025-08-20,169WC000,3개월무위험금리 F 202512,0.0,0.0,0.0,0.0,0.0,97.65,0,0,202512,False,,2.3499999999999943
2025-08-20,469W9WAS,3개월무위험금리 SP 2509-2510,0.0,0.0,0.0,0.0,0.0,0.0,0,0,,True,,100.0
2025-08-20,469W9WBS,3개월무위험금리 SP 2509-2511,0.0,0.0,0.0,0.0,0.0,0.0,0,0,,True,,100.0
2025-08-20,469W9WCS,3개월무위험금리 SP 2509-2512,0.0,0.0,0.0,0.0,0.0,0.0,0,0,,True,,100.0
2025-08-20,A6961000,3개월무위험금리 F 202601,0.0,0.0,0.0,0.0,0.0,97.71,0,0,202601,False,,2.2900000000000063
2025-08-20,A6962000,3개월무위험금리 F 202602,0.0,0.0,0.0,0.0,0.0,97.835,0,0,202602,False,,2.1650000000000063
2025-08-20,A6963000,3개월무위험금리 F 202603,0.0,0.0,0.0,0.0,0.0,97.79,0,0,202603,False,,2.2099999999999937
2025-08-20,A6966000,3개월무위험금리 F 202606,0.0,0.0,0.0,0.0,0.0,97.8,0,0,202606,False,,2.200000000000003
2025-08-21,169W9000,3개월무위험금리 F 202509,0.0,0.0,0.0,0.0,0.0,97.51,0,0,202509,False,,2.489999999999995
2025-08-21,169WA000,3개월무위험금리 F 202510,0.0,0.0,0.0,0.0,0.0,97.63,0,0,202510,False,,2.3700000000000045
2025-08-21,169WB000,3개월무위험금리 F 202511,0.0,0.0,0.0,0.0,0.0,97.715,0,0,202511,False,,2.2849999999999966
2025-08-21,169WC000,3개월무위험금리 F 202512,0.0,0.0,0.0,0.0,0.0,97.67,0,0,202512,False,,2.3299999999999983
2025-08-21,469W9WAS,3개월무위험금리 SP 2509-2510,0.0,0.0,0.0,0.0,0.0,0.0,0,0,,True,,100.0
2025-08-21,469W9WBS,3개월무위험금리 SP 2509-2511,0.0,0.0,0.0,0.0,0.0,0.0,0,0,,True,,100.0
2025-08-21,469W9WCS,3개월무위험금리 SP 2509-2512,0.0,0.0,0.0,0.0,0.0,0.0,0,0,,True,,100.0
2025-08-21,A6961000,3개월무위험금리 F 202601,0.0,0.0,0.0,0.0,0.0,97.72,0,0,202601,False,,2.280000000000001
2025-08-21,A6962000,3개월무위험금리 F 202602,0.0,0.0,0.0,0.0,0.0,97.84,0,0,202602,False,,2.1599999999999966
2025-08-21,A6963000,3개월무위험금리 F 202603,0.0,0.0,0.0,0.0,0.0,97.805,0,0,202603,False,,2.194999999999993
2025-08-21,A6966000,3개월무위험금리 F 202606,0.0,0.0,0.0,0.0,0.0,97.825,0,0,202606,False,,2.174999999999997
2025-08-22,169W9000,3개월무위험금리 F 202509,0.0,0.0,0.0,0.0,0.0,97.535,0,0,202509,False,,2.4650000000000034
2025-08-22,169WA000,3개월무위험금리 F 202510,0.0,0.0,0.0,0.0,0.0,97.595,0,0,202510,False,,2.405000000000001
2025-08-22,169WB000,3개월무위험금리 F 202511,0.0,0.0,0.0,0.0,0.0,97.66,0,0,202511,False,,2.3400000000000034
2025-08-22,169WC000,3개월무위험금리 F 202512,0.0,0.0,0.0,0.0,0.0,97.75,0,0,202512,False,,2.25
2025-08-22,469W9WAS,3개월무위험금리 SP 2509-2510,0.0,0.0,0.0,0.0,0.0,0.0,0,0,,True,,100.0
2025-08-22,469W9WBS,3개월무위험금리 SP 2509-2511,0.0,0.0,0.0,0.0,0.0,0.0,0,0,,True,,100.0
2025-08-22,469W9WCS,3개월무위험금리 SP 2509-2512,0.0,0.0,0.0,0.0,0.0,0.0,0,0,,True,,100.0
2025-08-22,A6961000,3개월무위험금리 F 202601,0.0,0.0,0.0,0.0,0.0,97.805,0,0,202601,False,,2.194999999999993
2025-08-22,A6962000,3개월무위험금리 F 202602,0.0,0.0,0.0,0.0,0.0,97.925,0,0,202602,False,,2.075000000000003
2025-08-22,A6963000,3개월무위험금리 F 202603,0.0,0.0,0.0,0.0,0.0,97.89,0,0,202603,False,,2.1099999999999994
2025-08-22,A6966000,3개월무위험금리 F 202606,0.0,0.0,0.0,0.0,0.0,97.9,0,0,202606,False,,2.0999999999999943
2025-08-25,169W9000,3개월무위험금리 F 202509,0.0,0.0,0.0,0.0,0.0,97.515,0,0,202509,False,,2.4849999999999994
2025-08-25,169WA000,3개월무위험금리 F 202510,0.0,0.0,0.0,0.0,0.0,97.585,0,0,202510,False,,2.4150000000000063
2025-08-25,169WB000,3개월무위험금리 F 202511,0.0,0.0,0.0,0.0,0.0,97.645,0,0,202511,False,,2.355000000000004
2025-08-25,169WC000,3개월무위험금리 F 202512,0.0,0.0,0.0,0.0,0.0,97.7,0,0,202512,False,,2.299999999999997
2025-08-25,469W9WAS,3개월무위험금리 SP 2509-2510,0.0,0.0,0.0,0.0,0.0,0.0,0,0,,True,,100.0
2025-08-25,469W9WBS,3개월무위험금리 SP 2509-2511,0.0,0.0,0.0,0.0,0.0,0.0,0,0,,True,,100.0
2025-08-25,469W9WCS,3개월무위험금리 SP 2509-2512,0.0,0.0,0.0,0.0,0.0,0.0,0,0,,True,,100.0
2025-08-25,A6961000,3개월무위험금리 F 202601,0.0,0.0,0.0,0.0,0.0,97.76,0,0,202601,False,,2.239999999999995
2025-08-25,A6962000,3개월무위험금리 F 202602,0.0,0.0,0.0,0.0,0.0,97.895,0,0,202602,False,,2.105000000000004
2025-08-25,A6963000,3개월무위험금리 F 202603,0.0,0.0,0.0,0.0,0.0,97.87,0,0,202603,False,,2.1299999999999955
2025-08-25,A6966000,3개월무위험금리 F 202606,0.0,0.0,0.0,0.0,0.0,97.87,0,0,202606,False,,2.1299999999999955
2025-08-26,169W9000,3개월무위험금리 F 202509,0.0,0.0,0.0,0.0,0.0,97.505,0,0,202509,False,,2.4950000000000045
2025-08-26,169WA000,3개월무위험금리 F 202510,0.0,0.0,0.0,0.0,0.0,97.59,0,0,202510,False,,2.4099999999999966
2025-08-26,169WB000,3개월무위험금리 F 202511,0.0,0.0,0.0,0.0,0.0,97.66,0,0,202511,False,,2.3400000000000034
2025-08-26,169WC000,3개월무위험금리 F 202512,0.0,0.0,0.0,0.0,0.0,97.685,0,0,202512,False,,2.3149999999999977
2025-08-26,469W9WAS,3개월무위험금리 SP 2509-2510,0.0,0.0,0.0,0.0,0.0,0.0,0,0,,True,,100.0
2025-08-26,469W9WBS,3개월무위험금리 SP 2509-2511,0.0,0.0,0.0,0.0,0.0,0.0,0,0,,True,,100.0
2025-08-26,469W9WCS,3개월무위험금리 SP 2509-2512,0.0,0.0,0.0,0.0,0.0,0.0,0,0,,True,,100.0
2025-08-26,A6961000,3개월무위험금리 F 202601,0.0,0.0,0.0,0.0,0.0,97.75,0,0,202601,False,,2.25
2025-08-26,A6962000,3개월무위험금리 F 202602,0.0,0.0,0.0,0.0,0.0,97.885,0,0,202602,False,,2.114999999999995
2025-08-26,A6963000,3개월무위험금리 F 202603,0.0,0.0,0.0,0.0,0.0,97.865,0,0,202603,False,,2.135000000000005
2025-08-26,A6966000,3개월무위험금리 F 202606,0.0,0.0,0.0,0.0,0.0,97.88,0,0,202606,False,,2.1200000000000045
2025-08-27,169W9000,3개월무위험금리 F 202509,0.0,0.0,0.0,0.0,0.0,97.505,0,0,202509,False,,2.4950000000000045
2025-08-27,169WA000,3개월무위험금리 F 202510,0.0,0.0,0.0,0.0,0.0,97.585,0,0,202510,False,,2.4150000000000063
2025-08-27,169WB000,3개월무위험금리 F 202511,0.0,0.0,0.0,0.0,0.0,97.65,0,0,202511,False,,2.3499999999999943
2025-08-27,169WC000,3개월무위험금리 F 202512,0.0,0.0,0.0,0.0,0.0,97.7,0,0,202512,False,,2.299999999999997
2025-08-27,469W9WAS,3개월무위험금리 SP 2509-2510,0.0,0.0,0.0,0.0,0.0,0.0,0,0,,True,,100.0
2025-08-27,469W9WBS,3개월무위험금리 SP 2509-2511,0.0,0.0,0.0,0.0,0.0,0.0,0,0,,True,,100.0
2025-08-27,469W9WCS,3개월무위험금리 SP 2509-2512,0.0,0.0,0.0,0.0,0.0,0.0,0,0,,True,,100.0
2025-08-27,A6961000,3개월무위험금리 F 202601,0.0,0.0,0.0,0.0,0.0,97.77,0,0,202601,False,,2.230000000000004
2025-08-27,A6962000,3개월무위험금리 F 202602,0.0,0.0,0.0,0.0,0.0,97.91,0,0,202602,False,,2.0900000000000034
2025-08-27,A6963000,3개월무위험금리 F 202603,0.0,0.0,0.0,0.0,0.0,97.895,0,0,202603,False,,2.105000000000004
2025-08-27,A6966000,3개월무위험금리 F 202606,0.0,0.0,0.0,0.0,0.0,97.9,0,0,202606,False,,2.0999999999999943
2025-08-28,169W9000,3개월무위험금리 F 202509,0.0,0.0,0.0,0.0,0.0,97.505,0,0,202509,False,,2.4950000000000045
2025-08-28,169WA000,3개월무위험금리 F 202510,0.0,0.0,0.0,0.0,0.0,97.59,0,0,202510,False,,2.4099999999999966
2025-08-28,169WB000,3개월무위험금리 F 202511,0.0,0.0,0.0,0.0,0.0,97.66,0,0,202511,False,,2.3400000000000034
2025-08-28,169WC000,3개월무위험금리 F 202512,0.0,0.0,0.0,0.0,0.0,97.7,0,0,202512,False,,2.299999999999997
2025-08-28,469W9WAS,3개월무위험금리 SP 2509-2510,0.0,0.0,0.0,0.0,0.0,0.0,0,0,,True,,100.0
2025-08-28,469W9WBS,3개월무위험금리 SP 2509-2511,0.0,0.0,0.0,0.0,0.0,0.0,0,0,,True,,100.0
2025-08-28,469W9WCS,3개월무위험금리 SP 2509-2512,0.0,0.0,0.0,0.0,0.0,0.0,0,0,,True,,100.0
2025-08-28,A6961000,3개월무위험금리 F 202601,0.0,0.0,0.0,0.0,0.0,97.77,0,0,202601,False,,2.230000000000004
2025-08-28,A6962000,3개월무위험금리 F 202602,0.0,0.0,0.0,0.0,0.0,97.915,0,0,202602,False,,2.0849999999999937
2025-08-28,A6963000,3개월무위험금리 F 202603,0.0,0.0,0.0,0.0,0.0,97.9,0,0,202603,False,,2.0999999999999943
2025-08-28,A6966000,3개월무위험금리 F 202606,0.0,0.0,0.0,0.0,0.0,97.92,0,0,202606,False,,2.0799999999999983
2025-08-29,169W9000,3개월무위험금리 F 202509,0.0,0.0,0.0,0.0,0.0,97.505,0,0,202509,False,,2.4950000000000045
2025-08-29,169WA000,3개월무위험금리 F 202510,0.0,0.0,0.0,0.0,0.0,97.61,0,0,202510,False,,2.3900000000000006
2025-08-29,169WB000,3개월무위험금리 F 202511,0.0,0.0,0.0,0.0,0.0,97.7,0,0,202511,False,,2.299999999999997
2025-08-29,169WC000,3개월무위험금리 F 202512,0.0,0.0,0.0,0.0,0.0,97.7,0,0,202512,False,,2.299999999999997
2025-08-29,469W9WAS,3개월무위험금리 SP 2509-2510,0.0,0.0,0.0,0.0,0.0,0.0,0,0,,True,,100.0
2025-08-29,469W9WBS,3개월무위험금리 SP 2509-2511,0.0,0.0,0.0,0.0,0.0,0.0,0,0,,True,,100.0
2025-08-29,469W9WCS,3개월무위험금리 SP 2509-2512,0.0,0.0,0.0,0.0,0.0,0.0,0,0,,True,,100.0
2025-08-29,A6961000,3개월무위험금리 F 202601,0.0,0.0,0.0,0.0,0.0,97.765,0,0,202601,False,,2.2349999999999994
2025-08-29,A6962000,3개월무위험금리 F 202602,0.0,0.0,0.0,0.0,0.0,97.885,0,0,202602,False,,2.114999999999995
2025-08-29,A6963000,3개월무위험금리 F 202603,0.0,0.0,0.0,0.0,0.0,97.865,0,0,202603,False,,2.135000000000005
2025-08-29,A6966000,3개월무위험금리 F 202606,0.0,0.0,0.0,0.0,0.0,97.91,0,0,202606,False,,2.0900000000000034
2025-09-01,169W9000,3개월무위험금리 F 202509,0.0,0.0,0.0,0.0,0.0,97.505,0,0,202509,False,,2.4950000000000045
2025-09-01,169WA000,3개월무위험금리 F 202510,0.0,0.0,0.0,0.0,0.0,97.59,0,0,202510,False,,2.4099999999999966
2025-09-01,169WB000,3개월무위험금리 F 202511,0.0,0.0,0.0,0.0,0.0,97.67,0,0,202511,False,,2.3299999999999983
2025-09-01,169WC000,3개월무위험금리 F 202512,0.0,0.0,0.0,0.0,0.0,97.7,0,0,202512,False,,2.299999999999997
2025-09-01,469W9WAS,3개월무위험금리 SP 2509-2510,0.0,0.0,0.0,0.0,0.0,0.0,0,0,,True,,100.0
2025-09-01,469W9WBS,3개월무위험금리 SP 2509-2511,0.0,0.0,0.0,0.0,0.0,0.0,0,0,,True,,100.0
2025-09-01,469W9WCS,3개월무위험금리 SP 2509-2512,0.0,0.0,0.0,0.0,0.0,0.0,0,0,,True,,100.0
2025-09-01,A6961000,3개월무위험금리 F 202601,0.0,0.0,0.0,0.0,0.0,97.79,0,0,202601,False,,2.2099999999999937
2025-09-01,A6962000,3개월무위험금리 F 202602,0.0,0.0,0.0,0.0,0.0,97.905,0,0,202602,False,,2.094999999999999
2025-09-01,A6963000,3개월무위험금리 F 202603,0.0,0.0,0.0,0.0,0.0,97.89,0,0,202603,False,,2.1099999999999994
2025-09-01,A6966000,3개월무위험금리 F 202606,0.0,0.0,0.0,0.0,0.0,97.945,0,0,202606,False,,2.055000000000007
2025-09-02,169W9000,3개월무위험금리 F 202509,0.0,0.0,0.0,0.0,0.0,97.505,0,0,202509,False,,2.4950000000000045
2025-09-02,169WA000,3개월무위험금리 F 202510,0.0,0.0,0.0,0.0,0.0,97.585,0,0,202510,False,,2.4150000000000063
2025-09-02,169WB000,3개월무위험금리 F 202511,0.0,0.0,0.0,0.0,0.0,97.655,0,0,202511,False,,2.344999999999999
2025-09-02,169WC000,3개월무위험금리 F 202512,0.0,0.0,0.0,0.0,0.0,97.7,0,0,202512,False,,2.299999999999997
2025-09-02,469W9WAS,3개월무위험금리 SP 2509-2510,0.0,0.0,0.0,0.0,0.0,0.0,0,0,,True,,100.0
2025-09-02,469W9WBS,3개월무위험금리 SP 2509-2511,0.0,0.0,0.0,0.0,0.0,0.0,0,0,,True,,100.0
2025-09-02,469W9WCS,3개월무위험금리 SP 2509-2512,0.0,0.0,0.0,0.0,0.0,0.0,0,0,,True,,100.0
2025-09-02,A6961000,3개월무위험금리 F 202601,0.0,0.0,0.0,0.0,0.0,97.76,0,0,202601,False,,2.239999999999995
2025-09-02,A6962000,3개월무위험금리 F 202602,0.0,0.0,0.0,0.0,0.0,97.87,0,0,202602,False,,2.1299999999999955
2025-09-02,A6963000,3개월무위험금리 F 202603,0.0,0.0,0.0,0.0,0.0,97.855,0,0,202603,False,,2.144999999999996
2025-09-02,A6966000,3개월무위험금리 F 202606,0.0,0.0,0.0,0.0,0.0,97.91,0,0,202606,False,,2.0900000000000034
2025-09-03,169W9000,3개월무위험금리 F 202509,0.0,0.0,0.0,0.0,0.0,97.505,0,0,202509,False,,2.4950000000000045
2025-09-03,169WA000,3개월무위험금리 F 202510,0.0,0.0,0.0,0.0,0.0,97.59,0,0,202510,False,,2.4099999999999966
2025-09-03,169WB000,3개월무위험금리 F 202511,0.0,0.0,0.0,0.0,0.0,97.67,0,0,202511,False,,2.3299999999999983
2025-09-03,169WC000,3개월무위험금리 F 202512,0.0,0.0,0.0,0.0,0.0,97.7,0,0,202512,False,,2.299999999999997
2025-09-03,469W9WAS,3개월무위험금리 SP 2509-2510,0.0,0.0,0.0,0.0,0.0,0.0,0,0,,True,,100.0
2025-09-03,469W9WBS,3개월무위험금리 SP 2509-2511,0.0,0.0,0.0,0.0,0.0,0.0,0,0,,True,,100.0
2025-09-03,469W9WCS,3개월무위험금리 SP 2509-2512,0.0,0.0,0.0,0.0,0.0,0.0,0,0,,True,,100.0
2025-09-03,A6961000,3개월무위험금리 F 202601,0.0,0.0,0.0,0.0,0.0,97.745,0,0,202601,False,,2.2549999999999955
2025-09-03,A6962000,3개월무위험금리 F 202602,0.0,0.0,0.0,0.0,0.0,97.85,0,0,202602,False,,2.1500000000000057
2025-09-03,A6963000,3개월무위험금리 F 202603,0.0,0.0,0.0,0.0,0.0,97.83,0,0,202603,False,,2.1700000000000017
2025-09-03,A6966000,3개월무위험금리 F 202606,0.0,0.0,0.0,0.0,0.0,97.88,0,0,202606,False,,2.1200000000000045
2025-09-04,169W9000,3개월무위험금리 F 202509,0.0,0.0,0.0,0.0,0.0,97.505,0,0,202509,False,,2.4950000000000045
2025-09-04,169WA000,3개월무위험금리 F 202510,0.0,0.0,0.0,0.0,0.0,97.58,0,0,202510,False,,2.4200000000000017
2025-09-04,169WB000,3개월무위험금리 F 202511,0.0,0.0,0.0,0.0,0.0,97.655,0,0,202511,False,,2.344999999999999
2025-09-04,169WC000,3개월무위험금리 F 202512,0.0,0.0,0.0,0.0,0.0,97.695,0,0,202512,False,,2.305000000000007
2025-09-04,469W9WAS,3개월무위험금리 SP 2509-2510,0.0,0.0,0.0,0.0,0.0,0.0,0,0,,True,,100.0
2025-09-04,469W9WBS,3개월무위험금리 SP 2509-2511,0.0,0.0,0.0,0.0,0.0,0.0,0,0,,True,,100.0
2025-09-04,469W9WCS,3개월무위험금리 SP 2509-2512,0.0,0.0,0.0,0.0,0.0,0.0,0,0,,True,,100.0
2025-09-04,A6961000,3개월무위험금리 F 202601,0.0,0.0,0.0,0.0,0.0,97.75,0,0,202601,False,,2.25
2025-09-04,A6962000,3개월무위험금리 F 202602,0.0,0.0,0.0,0.0,0.0,97.855,0,0,202602,False,,2.144999999999996
2025-09-04,A6963000,3개월무위험금리 F 202603,0.0,0.0,0.0,0.0,0.0,97.835,0,0,202603,False,,2.1650000000000063
2025-09-04,A6966000,3개월무위험금리 F 202606,0.0,0.0,0.0,0.0,0.0,97.875,0,0,202606,False,,2.125
2025-09-05,169W9000,3개월무위험금리 F 202509,0.0,0.0,0.0,0.0,0.0,97.505,0,0,202509,False,,2.4950000000000045
2025-09-05,169WA000,3개월무위험금리 F 202510,0.0,0.0,0.0,0.0,0.0,97.58,0,0,202510,False,,2.4200000000000017
2025-09-05,169WB000,3개월무위험금리 F 202511,0.0,0.0,0.0,0.0,0.0,97.66,0,0,202511,False,,2.3400000000000034
2025-09-05,169WC000,3개월무위험금리 F 202512,0.0,0.0,0.0,0.0,0.0,97.69,0,0,202512,False,,2.3100000000000023
2025-09-05,469W9WAS,3개월무위험금리 SP 2509-2510,0.0,0.0,0.0,0.0,0.0,0.0,0,0,,True,,100.0
2025-09-05,469W9WBS,3개월무위험금리 SP 2509-2511,0.0,0.0,0.0,0.0,0.0,0.0,0,0,,True,,100.0
2025-09-05,469W9WCS,3개월무위험금리 SP 2509-2512,0.0,0.0,0.0,0.0,0.0,0.0,0,0,,True,,100.0
2025-09-05,A6961000,3개월무위험금리 F 202601,0.0,0.0,0.0,0.0,0.0,97.77,0,0,202601,False,,2.230000000000004
2025-09-05,A6962000,3개월무위험금리 F 202602,0.0,0.0,0.0,0.0,0.0,97.89,0,0,202602,False,,2.1099999999999994
2025-09-05,A6963000,3개월무위험금리 F 202603,0.0,0.0,0.0,0.0,0.0,97.885,0,0,202603,False,,2.114999999999995
2025-09-05,A6966000,3개월무위험금리 F 202606,0.0,0.0,0.0,0.0,0.0,97.915,0,0,202606,False,,2.0849999999999937
2025-09-08,169W9000,3개월무위험금리 F 202509,0.0,0.0,0.0,0.0,0.0,97.505,0,0,202509,False,,2.4950000000000045
2025-09-08,169WA000,3개월무위험금리 F 202510,0.0,0.0,0.0,0.0,0.0,97.575,0,0,202510,False,,2.424999999999997
2025-09-08,169WB000,3개월무위험금리 F 202511,0.0,0.0,0.0,0.0,0.0,97.65,0,0,202511,False,,2.3499999999999943
2025-09-08,169WC000,3개월무위험금리 F 202512,0.0,0.0,0.0,0.0,0.0,97.695,0,0,202512,False,,2.305000000000007
2025-09-08,469W9WAS,3개월무위험금리 SP 2509-2510,0.0,0.0,0.0,0.0,0.0,0.0,0,0,,True,,100.0
2025-09-08,469W9WBS,3개월무위험금리 SP 2509-2511,0.0,0.0,0.0,0.0,0.0,0.0,0,0,,True,,100.0
2025-09-08,469W9WCS,3개월무위험금리 SP 2509-2512,0.0,0.0,0.0,0.0,0.0,0.0,0,0,,True,,100.0
2025-09-08,A6961000,3개월무위험금리 F 202601,0.0,0.0,0.0,0.0,0.0,97.76,0,0,202601,False,,2.239999999999995
2025-09-08,A6962000,3개월무위험금리 F 202602,0.0,0.0,0.0,0.0,0.0,97.885,0,0,202602,False,,2.114999999999995
2025-09-08,A6963000,3개월무위험금리 F 202603,0.0,0.0,0.0,0.0,0.0,97.895,0,0,202603,False,,2.105000000000004
2025-09-08,A6966000,3개월무위험금리 F 202606,0.0,0.0,0.0,0.0,0.0,97.94,0,0,202606,False,,2.0600000000000023
2025-09-09,169W9000,3개월무위험금리 F 202509,0.0,0.0,0.0,0.0,0.0,97.5,0,0,202509,False,,2.5
2025-09-09,169WA000,3개월무위험금리 F 202510,0.0,0.0,0.0,0.0,0.0,97.565,0,0,202510,False,,2.4350000000000023
2025-09-09,169WB000,3개월무위험금리 F 202511,0.0,0.0,0.0,0.0,0.0,97.64,0,0,202511,False,,2.3599999999999994
2025-09-09,169WC000,3개월무위험금리 F 202512,0.0,0.0,0.0,0.0,0.0,97.695,0,0,202512,False,,2.305000000000007
2025-09-09,469W9WAS,3개월무위험금리 SP 2509-2510,0.0,0.0,0.0,0.0,0.0,0.0,0,0,,True,,100.0
2025-09-09,469W9WBS,3개월무위험금리 SP 2509-2511,0.0,0.0,0.0,0.0,0.0,0.0,0,0,,True,,100.0
2025-09-09,469W9WCS,3개월무위험금리 SP 2509-2512,0.0,0.0,0.0,0.0,0.0,0.0,0,0,,True,,100.0
2025-09-09,A6961000,3개월무위험금리 F 202601,0.0,0.0,0.0,0.0,0.0,97.76,0,0,202601,False,,2.239999999999995
2025-09-09,A6962000,3개월무위험금리 F 202602,0.0,0.0,0.0,0.0,0.0,97.885,0,0,202602,False,,2.114999999999995
2025-09-09,A6963000,3개월무위험금리 F 202603,0.0,0.0,0.0,0.0,0.0,97.895,0,0,202603,False,,2.105000000000004
2025-09-09,A6966000,3개월무위험금리 F 202606,0.0,0.0,0.0,0.0,0.0,97.95,0,0,202606,False,,2.049999999999997
2025-09-10,169W9000,3개월무위험금리 F 202509,0.0,0.0,0.0,0.0,0.0,97.5,0,0,202509,False,,2.5
2025-09-10,169WA000,3개월무위험금리 F 202510,0.0,0.0,0.0,0.0,0.0,97.575,0,0,202510,False,,2.424999999999997
2025-09-10,169WB000,3개월무위험금리 F 202511,0.0,0.0,0.0,0.0,0.0,97.66,0,0,202511,False,,2.3400000000000034
2025-09-10,169WC000,3개월무위험금리 F 202512,0.0,0.0,0.0,0.0,0.0,97.7,0,0,202512,False,,2.299999999999997
2025-09-10,469W9WAS,3개월무위험금리 SP 2509-2510,0.0,0.0,0.0,0.0,0.0,0.0,0,0,,True,,100.0
2025-09-10,469W9WBS,3개월무위험금리 SP 2509-2511,0.0,0.0,0.0,0.0,0.0,0.0,0,0,,True,,100.0
2025-09-10,469W9WCS,3개월무위험금리 SP 2509-2512,0.0,0.0,0.0,0.0,0.0,0.0,0,0,,True,,100.0
2025-09-10,A6961000,3개월무위험금리 F 202601,0.0,0.0,0.0,0.0,0.0,97.745,0,0,202601,False,,2.2549999999999955
2025-09-10,A6962000,3개월무위험금리 F 202602,0.0,0.0,0.0,0.0,0.0,97.85,0,0,202602,False,,2.1500000000000057
2025-09-10,A6963000,3개월무위험금리 F 202603,0.0,0.0,0.0,0.0,0.0,97.835,0,0,202603,False,,2.1650000000000063
2025-09-10,A6966000,3개월무위험금리 F 202606,0.0,0.0,0.0,0.0,0.0,97.92,0,0,202606,False,,2.0799999999999983
2025-09-11,169W9000,3개월무위험금리 F 202509,0.0,0.0,0.0,0.0,0.0,97.495,0,0,202509,False,,2.5049999999999955
2025-09-11,169WA000,3개월무위험금리 F 202510,0.0,0.0,0.0,0.0,0.0,97.57,0,0,202510,False,,2.430000000000007
2025-09-11,169WB000,3개월무위험금리 F 202511,0.0,0.0,0.0,0.0,0.0,97.65,0,0,202511,False,,2.3499999999999943
2025-09-11,169WC000,3개월무위험금리 F 202512,0.0,0.0,0.0,0.0,0.0,97.695,0,0,202512,False,,2.305000000000007
2025-09-11,469W9WAS,3개월무위험금리 SP 2509-2510,0.0,0.0,0.0,0.0,0.0,0.0,0,0,,True,,100.0
2025-09-11,469W9WBS,3개월무위험금리 SP 2509-2511,0.0,0.0,0.0,0.0,0.0,0.0,0,0,,True,,100.0
2025-09-11,469W9WCS,3개월무위험금리 SP 2509-2512,0.0,0.0,0.0,0.0,0.0,0.0,0,0,,True,,100.0
2025-09-11,A6961000,3개월무위험금리 F 202601,0.0,0.0,0.0,0.0,0.0,97.76,0,0,202601,False,,2.239999999999995
2025-09-11,A6962000,3개월무위험금리 F 202602,0.0,0.0,0.0,0.0,0.0,97.875,0,0,202602,False,,2.125
2025-09-11,A6963000,3개월무위험금리 F 202603,0.0,0.0,0.0,0.0,0.0,97.88,0,0,202603,False,,2.1200000000000045
2025-09-11,A6966000,3개월무위험금리 F 202606,0.0,0.0,0.0,0.0,0.0,97.945,0,0,202606,False,,2.055000000000007
2025-09-12,169W9000,3개월무위험금리 F 202509,0.0,0.0,0.0,0.0,0.0,97.495,0,0,202509,False,,2.5049999999999955
2025-09-12,169WA000,3개월무위험금리 F 202510,0.0,0.0,0.0,0.0,0.0,97.555,0,0,202510,False,,2.444999999999993
2025-09-12,169WB000,3개월무위험금리 F 202511,0.0,0.0,0.0,0.0,0.0,97.63,0,0,202511,False,,2.3700000000000045
2025-09-12,169WC000,3개월무위험금리 F 202512,0.0,0.0,0.0,0.0,0.0,97.71,0,0,202512,False,,2.2900000000000063
2025-09-12,469W9WAS,3개월무위험금리 SP 2509-2510,0.0,0.0,0.0,0.0,0.0,0.0,0,0,,True,,100.0
2025-09-12,469W9WBS,3개월무위험금리 SP 2509-2511,0.0,0.0,0.0,0.0,0.0,0.0,0,0,,True,,100.0
2025-09-12,469W9WCS,3개월무위험금리 SP 2509-2512,0.0,0.0,0.0,0.0,0.0,0.0,0,0,,True,,100.0
2025-09-12,A6961000,3개월무위험금리 F 202601,0.0,0.0,0.0,0.0,0.0,97.755,0,0,202601,False,,2.2450000000000045
2025-09-12,A6962000,3개월무위험금리 F 202602,0.0,0.0,0.0,0.0,0.0,97.865,0,0,202602,False,,2.135000000000005
2025-09-12,A6963000,3개월무위험금리 F 202603,0.0,0.0,0.0,0.0,0.0,97.87,0,0,202603,False,,2.1299999999999955
2025-09-12,A6966000,3개월무위험금리 F 202606,0.0,0.0,0.0,0.0,0.0,97.935,0,0,202606,False,,2.0649999999999977
2025-09-15,169W9000,3개월무위험금리 F 202509,0.0,0.0,0.0,0.0,0.0,97.485,0,0,202509,False,,2.5150000000000006
2025-09-15,169WA000,3개월무위험금리 F 202510,0.0,0.0,0.0,0.0,0.0,97.55,0,0,202510,False,,2.450000000000003
2025-09-15,169WB000,3개월무위험금리 F 202511,0.0,0.0,0.0,0.0,0.0,97.625,0,0,202511,False,,2.375
2025-09-15,169WC000,3개월무위험금리 F 202512,0.0,0.0,0.0,0.0,0.0,97.695,0,0,202512,False,,2.305000000000007
2025-09-15,469W9WAS,3개월무위험금리 SP 2509-2510,0.0,0.0,0.0,0.0,0.0,0.0,0,0,,True,,100.0
2025-09-15,469W9WBS,3개월무위험금리 SP 2509-2511,0.0,0.0,0.0,0.0,0.0,0.0,0,0,,True,,100.0
2025-09-15,469W9WCS,3개월무위험금리 SP 2509-2512,0.0,0.0,0.0,0.0,0.0,0.0,0,0,,True,,100.0
2025-09-15,A6961000,3개월무위험금리 F 202601,0.0,0.0,0.0,0.0,0.0,97.735,0,0,202601,False,,2.2650000000000006
2025-09-15,A6962000,3개월무위험금리 F 202602,0.0,0.0,0.0,0.0,0.0,97.84,0,0,202602,False,,2.1599999999999966
2025-09-15,A6963000,3개월무위험금리 F 202603,0.0,0.0,0.0,0.0,0.0,97.835,0,0,202603,False,,2.1650000000000063
2025-09-15,A6966000,3개월무위험금리 F 202606,0.0,0.0,0.0,0.0,0.0,97.905,0,0,202606,False,,2.094999999999999
2025-09-16,169W9000,3개월무위험금리 F 202509,0.0,0.0,0.0,0.0,0.0,97.485,0,0,202509,False,,2.5150000000000006
2025-09-16,169WA000,3개월무위험금리 F 202510,0.0,0.0,0.0,0.0,0.0,97.545,0,0,202510,False,,2.4549999999999983
2025-09-16,169WB000,3개월무위험금리 F 202511,0.0,0.0,0.0,0.0,0.0,97.615,0,0,202511,False,,2.385000000000005
2025-09-16,169WC000,3개월무위험금리 F 202512,0.0,0.0,0.0,0.0,0.0,97.695,0,0,202512,False,,2.305000000000007
2025-09-16,469W9WAS,3개월무위험금리 SP 2509-2510,0.0,0.0,0.0,0.0,0.0,0.0,0,0,,True,,100.0
2025-09-16,469W9WBS,3개월무위험금리 SP 2509-2511,0.0,0.0,0.0,0.0,0.0,0.0,0,0,,True,,100.0
2025-09-16,469W9WCS,3개월무위험금리 SP 2509-2512,0.0,0.0,0.0,0.0,0.0,0.0,0,0,,True,,100.0
2025-09-16,A6961000,3개월무위험금리 F 202601,0.0,0.0,0.0,0.0,0.0,97.735,0,0,202601,False,,2.2650000000000006
2025-09-16,A6962000,3개월무위험금리 F 202602,0.0,0.0,0.0,0.0,0.0,97.84,0,0,202602,False,,2.1599999999999966
2025-09-16,A6963000,3개월무위험금리 F 202603,0.0,0.0,0.0,0.0,0.0,97.845,0,0,202603,False,,2.155000000000001
2025-09-16,A6966000,3개월무위험금리 F 202606,0.0,0.0,0.0,0.0,0.0,97.905,0,0,202606,False,,2.094999999999999
2025-09-17,169WA000,3개월무위험금리 F 202510,0.0,0.0,0.0,0.0,0.0,97.545,0,0,202510,False,,2.4549999999999983
2025-09-17,169WB000,3개월무위험금리 F 202511,0.0,0.0,0.0,0.0,0.0,97.615,0,0,202511,False,,2.385000000000005
2025-09-17,169WC000,3개월무위험금리 F 202512,0.0,0.0,0.0,0.0,0.0,97.695,0,0,202512,False,,2.305000000000007
2025-09-17,469WA61S,3개월무위험금리 SP 2510-2601,0.0,0.0,0.0,0.0,0.0,0.0,0,0,,True,,100.0
2025-09-17,469WAWBS,3개월무위험금리 SP 2510-2511,0.0,0.0,0.0,0.0,0.0,0.0,0,0,,True,,100.0
2025-09-17,469WAWCS,3개월무위험금리 SP 2510-2512,0.0,0.0,0.0,0.0,0.0,0.0,0,0,,True,,100.0
2025-09-17,A6961000,3개월무위험금리 F 202601,0.0,0.0,0.0,0.0,0.0,97.74,0,0,202601,False,,2.260000000000005
2025-09-17,A6962000,3개월무위험금리 F 202602,0.0,0.0,0.0,0.0,0.0,97.85,0,0,202602,False,,2.1500000000000057
2025-09-17,A6963000,3개월무위험금리 F 202603,0.0,0.0,0.0,0.0,0.0,97.87,0,0,202603,False,,2.1299999999999955
2025-09-17,A6966000,3개월무위험금리 F 202606,0.0,0.0,0.0,0.0,0.0,97.92,0,0,202606,False,,2.0799999999999983
2025-09-17,A6969000,3개월무위험금리 F 202609,0.0,0.0,0.0,0.0,0.0,97.965,0,0,202609,False,,2.0349999999999966
2025-09-18,169WA000,3개월무위험금리 F 202510,0.0,0.0,0.0,0.0,0.0,97.54,0,0,202510,False,,2.4599999999999937
2025-09-18,169WB000,3개월무위험금리 F 202511,0.0,0.0,0.0,0.0,0.0,97.605,0,0,202511,False,,2.394999999999996
2025-09-18,169WC000,3개월무위험금리 F 202512,0.0,0.0,0.0,0.0,0.0,97.67,0,0,202512,False,,2.3299999999999983
2025-09-18,469WA61S,3개월무위험금리 SP 2510-2601,0.0,0.0,0.0,0.0,0.0,0.0,0,0,,True,,100.0
2025-09-18,469WAWBS,3개월무위험금리 SP 2510-2511,0.0,0.0,0.0,0.0,0.0,0.0,0,0,,True,,100.0
2025-09-18,469WAWCS,3개월무위험금리 SP 2510-2512,0.0,0.0,0.0,0.0,0.0,0.0,0,0,,True,,100.0
2025-09-18,A6961000,3개월무위험금리 F 202601,0.0,0.0,0.0,0.0,0.0,97.7,0,0,202601,False,,2.299999999999997
2025-09-18,A6962000,3개월무위험금리 F 202602,0.0,0.0,0.0,0.0,0.0,97.81,0,0,202602,False,,2.1899999999999977
2025-09-18,A6963000,3개월무위험금리 F 202603,0.0,0.0,0.0,0.0,0.0,97.835,0,0,202603,False,,2.1650000000000063
2025-09-18,A6966000,3개월무위험금리 F 202606,0.0,0.0,0.0,0.0,0.0,97.89,0,0,202606,False,,2.1099999999999994
2025-09-18,A6969000,3개월무위험금리 F 202609,0.0,0.0,0.0,0.0,0.0,97.935,0,0,202609,False,,2.0649999999999977
2025-09-19,169WA000,3개월무위험금리 F 202510,0.0,0.0,0.0,0.0,0.0,97.495,0,0,202510,False,,2.5049999999999955
2025-09-19,169WB000,3개월무위험금리 F 202511,0.0,0.0,0.0,0.0,0.0,97.595,0,0,202511,False,,2.405000000000001
2025-09-19,169WC000,3개월무위험금리 F 202512,0.0,0.0,0.0,0.0,0.0,97.65,0,0,202512,False,,2.3499999999999943
2025-09-19,469WA61S,3개월무위험금리 SP 2510-2601,0.0,0.0,0.0,0.0,0.0,0.0,0,0,,True,,100.0
2025-09-19,469WAWBS,3개월무위험금리 SP 2510-2511,0.0,0.0,0.0,0.0,0.0,0.0,0,0,,True,,100.0
2025-09-19,469WAWCS,3개월무위험금리 SP 2510-2512,0.0,0.0,0.0,0.0,0.0,0.0,0,0,,True,,100.0
2025-09-19,A6961000,3개월무위험금리 F 202601,0.0,0.0,0.0,0.0,0.0,97.675,0,0,202601,False,,2.325000000000003
2025-09-19,A6962000,3개월무위험금리 F 202602,0.0,0.0,0.0,0.0,0.0,97.775,0,0,202602,False,,2.2249999999999943
2025-09-19,A6963000,3개월무위험금리 F 202603,0.0,0.0,0.0,0.0,0.0,97.795,0,0,202603,False,,2.2049999999999983
2025-09-19,A6966000,3개월무위험금리 F 202606,0.0,0.0,0.0,0.0,0.0,97.875,0,0,202606,False,,2.125
2025-09-19,A6969000,3개월무위험금리 F 202609,0.0,0.0,0.0,0.0,0.0,97.92,0,0,202609,False,,2.0799999999999983
2025-09-22,169WA000,3개월무위험금리 F 202510,0.0,0.0,0.0,0.0,0.0,97.495,0,0,202510,False,,2.5049999999999955
2025-09-22,169WB000,3개월무위험금리 F 202511,0.0,0.0,0.0,0.0,0.0,97.59,0,0,202511,False,,2.4099999999999966
2025-09-22,169WC000,3개월무위험금리 F 202512,0.0,0.0,0.0,0.0,0.0,97.645,0,0,202512,False,,2.355000000000004
2025-09-22,469WA61S,3개월무위험금리 SP 2510-2601,0.0,0.0,0.0,0.0,0.0,0.0,0,0,,True,,100.0
2025-09-22,469WAWBS,3개월무위험금리 SP 2510-2511,0.0,0.0,0.0,0.0,0.0,0.0,0,0,,True,,100.0
2025-09-22,469WAWCS,3개월무위험금리 SP 2510-2512,0.0,0.0,0.0,0.0,0.0,0.0,0,0,,True,,100.0
2025-09-22,A6961000,3개월무위험금리 F 202601,0.0,0.0,0.0,0.0,0.0,97.675,0,0,202601,False,,2.325000000000003
2025-09-22,A6962000,3개월무위험금리 F 202602,0.0,0.0,0.0,0.0,0.0,97.77,0,0,202602,False,,2.230000000000004
2025-09-22,A6963000,3개월무위험금리 F 202603,0.0,0.0,0.0,0.0,0.0,97.77,0,0,202603,False,,2.230000000000004
2025-09-22,A6966000,3개월무위험금리 F 202606,0.0,0.0,0.0,0.0,0.0,97.86,0,0,202606,False,,2.1400000000000006
2025-09-22,A6969000,3개월무위험금리 F 202609,0.0,0.0,0.0,0.0,0.0,97.895,0,0,202609,False,,2.105000000000004
2025-09-23,169WA000,3개월무위험금리 F 202510,0.0,0.0,0.0,0.0,0.0,97.53,0,0,202510,False,,2.469999999999999
2025-09-23,169WB000,3개월무위험금리 F 202511,0.0,0.0,0.0,0.0,0.0,97.595,0,0,202511,False,,2.405000000000001
2025-09-23,169WC000,3개월무위험금리 F 202512,0.0,0.0,0.0,0.0,0.0,97.655,0,0,202512,False,,2.344999999999999
2025-09-23,469WA61S,3개월무위험금리 SP 2510-2601,0.0,0.0,0.0,0.0,0.0,0.0,0,0,,True,,100.0
2025-09-23,469WAWBS,3개월무위험금리 SP 2510-2511,0.0,0.0,0.0,0.0,0.0,0.0,0,0,,True,,100.0
2025-09-23,469WAWCS,3개월무위험금리 SP 2510-2512,0.0,0.0,0.0,0.0,0.0,0.0,0,0,,True,,100.0
2025-09-23,A6961000,3개월무위험금리 F 202601,0.0,0.0,0.0,0.0,0.0,97.68,0,0,202601,False,,2.319999999999993
2025-09-23,A6962000,3개월무위험금리 F 202602,0.0,0.0,0.0,0.0,0.0,97.765,0,0,202602,False,,2.2349999999999994
2025-09-23,A6963000,3개월무위험금리 F 202603,0.0,0.0,0.0,0.0,0.0,97.75,0,0,202603,False,,2.25
2025-09-23,A6966000,3개월무위험금리 F 202606,0.0,0.0,0.0,0.0,0.0,97.845,0,0,202606,False,,2.155000000000001
2025-09-23,A6969000,3개월무위험금리 F 202609,0.0,0.0,0.0,0.0,0.0,97.88,0,0,202609,False,,2.1200000000000045
2025-09-24,169WA000,3개월무위험금리 F 202510,0.0,0.0,0.0,0.0,0.0,97.495,0,0,202510,False,,2.5049999999999955
2025-09-24,169WB000,3개월무위험금리 F 202511,0.0,0.0,0.0,0.0,0.0,97.575,0,0,202511,False,,2.424999999999997
2025-09-24,169WC000,3개월무위험금리 F 202512,0.0,0.0,0.0,0.0,0.0,97.63,0,0,202512,False,,2.3700000000000045
2025-09-24,469WA61S,3개월무위험금리 SP 2510-2601,0.0,0.0,0.0,0.0,0.0,0.0,0,0,,True,,100.0
2025-09-24,469WAWBS,3개월무위험금리 SP 2510-2511,0.0,0.0,0.0,0.0,0.0,0.0,0,0,,True,,100.0
2025-09-24,469WAWCS,3개월무위험금리 SP 2510-2512,0.0,0.0,0.0,0.0,0.0,0.0,0,0,,True,,100.0
2025-09-24,A6961000,3개월무위험금리 F 202601,0.0,0.0,0.0,0.0,0.0,97.685,0,0,202601,False,,2.3149999999999977
2025-09-24,A6962000,3개월무위험금리 F 202602,0.0,0.0,0.0,0.0,0.0,97.785,0,0,202602,False,,2.2150000000000034
2025-09-24,A6963000,3개월무위험금리 F 202603,0.0,0.0,0.0,0.0,0.0,97.78,0,0,202603,False,,2.219999999999999
2025-09-24,A6966000,3개월무위험금리 F 202606,0.0,0.0,0.0,0.0,0.0,97.845,0,0,202606,False,,2.155000000000001
2025-09-24,A6969000,3개월무위험금리 F 202609,0.0,0.0,0.0,0.0,0.0,97.885,0,0,202609,False,,2.114999999999995
2025-09-25,169WA000,3개월무위험금리 F 202510,0.0,0.0,0.0,0.0,0.0,97.495,0,0,202510,False,,2.5049999999999955
2025-09-25,169WB000,3개월무위험금리 F 202511,0.0,0.0,0.0,0.0,0.0,97.58,0,0,202511,False,,2.4200000000000017
2025-09-25,169WC000,3개월무위험금리 F 202512,0.0,0.0,0.0,0.0,0.0,97.635,0,0,202512,False,,2.364999999999995
2025-09-25,469WA61S,3개월무위험금리 SP 2510-2601,0.0,0.0,0.0,0.0,0.0,0.0,0,0,,True,,100.0
2025-09-25,469WAWBS,3개월무위험금리 SP 2510-2511,0.0,0.0,0.0,0.0,0.0,0.0,0,0,,True,,100.0
2025-09-25,469WAWCS,3개월무위험금리 SP 2510-2512,0.0,0.0,0.0,0.0,0.0,0.0,0,0,,True,,100.0
2025-09-25,A6961000,3개월무위험금리 F 202601,0.0,0.0,0.0,0.0,0.0,97.655,0,0,202601,False,,2.344999999999999
2025-09-25,A6962000,3개월무위험금리 F 202602,0.0,0.0,0.0,0.0,0.0,97.735,0,0,202602,False,,2.2650000000000006
2025-09-25,A6963000,3개월무위험금리 F 202603,0.0,0.0,0.0,0.0,0.0,97.72,0,0,202603,False,,2.280000000000001
2025-09-25,A6966000,3개월무위험금리 F 202606,0.0,0.0,0.0,0.0,0.0,97.78,0,0,202606,False,,2.219999999999999
2025-09-25,A6969000,3개월무위험금리 F 202609,0.0,0.0,0.0,0.0,0.0,97.825,0,0,202609,False,,2.174999999999997
2025-09-26,169WA000,3개월무위험금리 F 202510,0.0,0.0,0.0,0.0,0.0,97.495,0,0,202510,False,,2.5049999999999955
2025-09-26,169WB000,3개월무위험금리 F 202511,0.0,0.0,0.0,0.0,0.0,97.575,0,0,202511,False,,2.424999999999997
2025-09-26,169WC000,3개월무위험금리 F 202512,0.0,0.0,0.0,0.0,0.0,97.63,0,0,202512,False,,2.3700000000000045
2025-09-26,469WA61S,3개월무위험금리 SP 2510-2601,0.0,0.0,0.0,0.0,0.0,0.0,0,0,,True,,100.0
2025-09-26,469WAWBS,3개월무위험금리 SP 2510-2511,0.0,0.0,0.0,0.0,0.0,0.0,0,0,,True,,100.0
2025-09-26,469WAWCS,3개월무위험금리 SP 2510-2512,0.0,0.0,0.0,0.0,0.0,0.0,0,0,,True,,100.0
2025-09-26,A6961000,3개월무위험금리 F 202601,0.0,0.0,0.0,0.0,0.0,97.66,0,0,202601,False,,2.3400000000000034
2025-09-26,A6962000,3개월무위험금리 F 202602,0.0,0.0,0.0,0.0,0.0,97.735,0,0,202602,False,,2.2650000000000006
2025-09-26,A6963000,3개월무위험금리 F 202603,0.0,0.0,0.0,0.0,0.0,97.72,0,0,202603,False,,2.280000000000001
2025-09-26,A6966000,3개월무위험금리 F 202606,0.0,0.0,0.0,0.0,0.0,97.76,0,0,202606,False,,2.239999999999995
2025-09-26,A6969000,3개월무위험금리 F 202609,0.0,0.0,0.0,0.0,0.0,97.77,0,0,202609,False,,2.230000000000004
2025-09-29,169WA000,3개월무위험금리 F 202510,0.0,0.0,0.0,0.0,0.0,97.495,0,0,202510,False,,2.5049999999999955
2025-09-29,169WB000,3개월무위험금리 F 202511,0.0,0.0,0.0,0.0,0.0,97.565,0,0,202511,False,,2.4350000000000023
2025-09-29,169WC000,3개월무위험금리 F 202512,0.0,0.0,0.0,0.0,0.0,97.615,0,0,202512,False,,2.385000000000005
2025-09-29,469WA61S,3개월무위험금리 SP 2510-2601,0.0,0.0,0.0,0.0,0.0,0.0,0,0,,True,,100.0
2025-09-29,469WAWBS,3개월무위험금리 SP 2510-2511,0.0,0.0,0.0,0.0,0.0,0.0,0,0,,True,,100.0
2025-09-29,469WAWCS,3개월무위험금리 SP 2510-2512,0.0,0.0,0.0,0.0,0.0,0.0,0,0,,True,,100.0
2025-09-29,A6961000,3개월무위험금리 F 202601,0.0,0.0,0.0,0.0,0.0,97.665,0,0,202601,False,,2.3349999999999937
2025-09-29,A6962000,3개월무위험금리 F 202602,0.0,0.0,0.0,0.0,0.0,97.735,0,0,202602,False,,2.2650000000000006
2025-09-29,A6963000,3개월무위험금리 F 202603,0.0,0.0,0.0,0.0,0.0,97.72,0,0,202603,False,,2.280000000000001
2025-09-29,A6966000,3개월무위험금리 F 202606,0.0,0.0,0.0,0.0,0.0,97.79,0,0,202606,False,,2.2099999999999937
2025-09-29,A6969000,3개월무위험금리 F 202609,0.0,0.0,0.0,0.0,0.0,97.815,0,0,202609,False,,2.1850000000000023
2025-09-30,169WA000,3개월무위험금리 F 202510,0.0,0.0,0.0,0.0,0.0,97.495,0,0,202510,False,,2.5049999999999955
2025-09-30,169WB000,3개월무위험금리 F 202511,0.0,0.0,0.0,0.0,0.0,97.565,0,0,202511,False,,2.4350000000000023
2025-09-30,169WC000,3개월무위험금리 F 202512,0.0,0.0,0.0,0.0,0.0,97.62,0,0,202512,False,,2.3799999999999955
2025-09-30,469WA61S,3개월무위험금리 SP 2510-2601,0.0,0.0,0.0,0.0,0.0,0.0,0,0,,True,,100.0
2025-09-30,469WAWBS,3개월무위험금리 SP 2510-2511,0.0,0.0,0.0,0.0,0.0,0.0,0,0,,True,,100.0
2025-09-30,469WAWCS,3개월무위험금리 SP 2510-2512,0.0,0.0,0.0,0.0,0.0,0.0,0,0,,True,,100.0
2025-09-30,A6961000,3개월무위험금리 F 202601,0.0,0.0,0.0,0.0,0.0,97.66,0,0,202601,False,,2.3400000000000034
2025-09-30,A6962000,3개월무위험금리 F 202602,0.0,0.0,0.0,0.0,0.0,97.73,0,0,202602,False,,2.269999999999996
2025-09-30,A6963000,3개월무위험금리 F 202603,0.0,0.0,0.0,0.0,0.0,97.7,0,0,202603,False,,2.299999999999997
2025-09-30,A6966000,3개월무위험금리 F 202606,0.0,0.0,0.0,0.0,0.0,97.78,0,0,202606,False,,2.219999999999999
2025-09-30,A6969000,3개월무위험금리 F 202609,0.0,0.0,0.0,0.0,0.0,97.81,0,0,202609,False,,2.1899999999999977
2025-10-01,169WA000,3개월무위험금리 F 202510,0.0,0.0,0.0,0.0,0.0,97.505,0,0,202510,False,,2.4950000000000045
2025-10-01,169WB000,3개월무위험금리 F 202511,0.0,0.0,0.0,0.0,0.0,97.56,0,0,202511,False,,2.4399999999999977
2025-10-01,169WC000,3개월무위험금리 F 202512,0.0,0.0,0.0,0.0,0.0,97.61,0,0,202512,False,,2.3900000000000006
2025-10-01,469WA61S,3개월무위험금리 SP 2510-2601,0.0,0.0,0.0,0.0,0.0,0.0,0,0,,True,,100.0
2025-10-01,469WAWBS,3개월무위험금리 SP 2510-2511,0.0,0.0,0.0,0.0,0.0,0.0,0,0,,True,,100.0
2025-10-01,469WAWCS,3개월무위험금리 SP 2510-2512,0.0,0.0,0.0,0.0,0.0,0.0,0,0,,True,,100.0
2025-10-01,A6961000,3개월무위험금리 F 202601,0.0,0.0,0.0,0.0,0.0,97.65,0,0,202601,False,,2.3499999999999943
2025-10-01,A6962000,3개월무위험금리 F 202602,0.0,0.0,0.0,0.0,0.0,97.72,0,0,202602,False,,2.280000000000001
2025-10-01,A6963000,3개월무위험금리 F 202603,0.0,0.0,0.0,0.0,0.0,97.685,0,0,202603,False,,2.3149999999999977
2025-10-01,A6966000,3개월무위험금리 F 202606,0.0,0.0,0.0,0.0,0.0,97.76,0,0,202606,False,,2.239999999999995
2025-10-01,A6969000,3개월무위험금리 F 202609,0.0,0.0,0.0,0.0,0.0,97.785,0,0,202609,False,,2.2150000000000034
2025-10-02,169WA000,3개월무위험금리 F 202510,0.0,0.0,0.0,0.0,0.0,97.495,0,0,202510,False,,2.5049999999999955
2025-10-02,169WB000,3개월무위험금리 F 202511,0.0,0.0,0.0,0.0,0.0,97.56,0,0,202511,False,,2.4399999999999977
2025-10-02,169WC000,3개월무위험금리 F 202512,0.0,0.0,0.0,0.0,0.0,97.61,0,0,202512,False,,2.3900000000000006
2025-10-02,469WA61S,3개월무위험금리 SP 2510-2601,0.0,0.0,0.0,0.0,0.0,0.0,0,0,,True,,100.0
2025-10-02,469WAWBS,3개월무위험금리 SP 2510-2511,0.0,0.0,0.0,0.0,0.0,0.0,0,0,,True,,100.0
2025-10-02,469WAWCS,3개월무위험금리 SP 2510-2512,0.0,0.0,0.0,0.0,0.0,0.0,0,0,,True,,100.0
2025-10-02,A6961000,3개월무위험금리 F 202601,0.0,0.0,0.0,0.0,0.0,97.65,0,0,202601,False,,2.3499999999999943
2025-10-02,A6962000,3개월무위험금리 F 202602,0.0,0.0,0.0,0.0,0.0,97.725,0,0,202602,False,,2.2750000000000057
2025-10-02,A6963000,3개월무위험금리 F 202603,0.0,0.0,0.0,0.0,0.0,97.72,0,0,202603,False,,2.280000000000001
2025-10-02,A6966000,3개월무위험금리 F 202606,0.0,0.0,0.0,0.0,0.0,97.77,0,0,202606,False,,2.230000000000004
2025-10-02,A6969000,3개월무위험금리 F 202609,0.0,0.0,0.0,0.0,0.0,97.785,0,0,202609,False,,2.2150000000000034
2025-10-10,169WA000,3개월무위험금리 F 202510,0.0,0.0,0.0,0.0,0.0,97.485,0,0,202510,False,,2.5150000000000006
2025-10-10,169WB000,3개월무위험금리 F 202511,0.0,0.0,0.0,0.0,0.0,97.545,0,0,202511,False,,2.4549999999999983
2025-10-10,169WC000,3개월무위험금리 F 202512,0.0,0.0,0.0,0.0,0.0,97.6,0,0,202512,False,,2.4000000000000057
2025-10-10,469WA61S,3개월무위험금리 SP 2510-2601,0.0,0.0,0.0,0.0,0.0,0.0,0,0,,True,,100.0
2025-10-10,469WAWBS,3개월무위험금리 SP 2510-2511,0.0,0.0,0.0,0.0,0.0,0.0,0,0,,True,,100.0
2025-10-10,469WAWCS,3개월무위험금리 SP 2510-2512,0.0,0.0,0.0,0.0,0.0,0.0,0,0,,True,,100.0
2025-10-10,A6961000,3개월무위험금리 F 202601,0.0,0.0,0.0,0.0,0.0,97.65,0,0,202601,False,,2.3499999999999943
2025-10-10,A6962000,3개월무위험금리 F 202602,0.0,0.0,0.0,0.0,0.0,97.725,0,0,202602,False,,2.2750000000000057
2025-10-10,A6963000,3개월무위험금리 F 202603,0.0,0.0,0.0,0.0,0.0,97.705,0,0,202603,False,,2.2950000000000017
2025-10-10,A6966000,3개월무위험금리 F 202606,0.0,0.0,0.0,0.0,0.0,97.74,0,0,202606,False,,2.260000000000005
2025-10-10,A6969000,3개월무위험금리 F 202609,0.0,0.0,0.0,0.0,0.0,97.765,0,0,202609,False,,2.2349999999999994
2025-10-13,169WA000,3개월무위험금리 F 202510,0.0,0.0,0.0,0.0,0.0,97.48,0,0,202510,False,,2.519999999999996
2025-10-13,169WB000,3개월무위험금리 F 202511,0.0,0.0,0.0,0.0,0.0,97.54,0,0,202511,False,,2.4599999999999937
2025-10-13,169WC000,3개월무위험금리 F 202512,0.0,0.0,0.0,0.0,0.0,97.595,0,0,202512,False,,2.405000000000001
2025-10-13,469WA61S,3개월무위험금리 SP 2510-2601,0.0,0.0,0.0,0.0,0.0,0.0,0,0,,True,,100.0
2025-10-13,469WAWBS,3개월무위험금리 SP 2510-2511,0.0,0.0,0.0,0.0,0.0,0.0,0,0,,True,,100.0
2025-10-13,469WAWCS,3개월무위험금리 SP 2510-2512,0.0,0.0,0.0,0.0,0.0,0.0,0,0,,True,,100.0
2025-10-13,A6961000,3개월무위험금리 F 202601,0.0,0.0,0.0,0.0,0.0,97.655,0,0,202601,False,,2.344999999999999
2025-10-13,A6962000,3개월무위험금리 F 202602,0.0,0.0,0.0,0.0,0.0,97.74,0,0,202602,False,,2.260000000000005
2025-10-13,A6963000,3개월무위험금리 F 202603,0.0,0.0,0.0,0.0,0.0,97.735,0,0,202603,False,,2.2650000000000006
2025-10-13,A6966000,3개월무위험금리 F 202606,0.0,0.0,0.0,0.0,0.0,97.78,0,0,202606,False,,2.219999999999999
2025-10-13,A6969000,3개월무위험금리 F 202609,0.0,0.0,0.0,0.0,0.0,97.795,0,0,202609,False,,2.2049999999999983
2025-10-14,169WA000,3개월무위험금리 F 202510,0.0,0.0,0.0,0.0,0.0,97.48,0,0,202510,False,,2.519999999999996
2025-10-14,169WB000,3개월무위험금리 F 202511,0.0,0.0,0.0,0.0,0.0,97.54,0,0,202511,False,,2.4599999999999937
2025-10-14,169WC000,3개월무위험금리 F 202512,0.0,0.0,0.0,0.0,0.0,97.595,0,0,202512,False,,2.405000000000001
2025-10-14,469WA61S,3개월무위험금리 SP 2510-2601,0.0,0.0,0.0,0.0,0.0,0.0,0,0,,True,,100.0
2025-10-14,469WAWBS,3개월무위험금리 SP 2510-2511,0.0,0.0,0.0,0.0,0.0,0.0,0,0,,True,,100.0
2025-10-14,469WAWCS,3개월무위험금리 SP 2510-2512,0.0,0.0,0.0,0.0,0.0,0.0,0,0,,True,,100.0
2025-10-14,A6961000,3개월무위험금리 F 202601,0.0,0.0,0.0,0.0,0.0,97.66,0,0,202601,False,,2.3400000000000034
2025-10-14,A6962000,3개월무위험금리 F 202602,0.0,0.0,0.0,0.0,0.0,97.73,0,0,202602,False,,2.269999999999996
2025-10-14,A6963000,3개월무위험금리 F 202603,0.0,0.0,0.0,0.0,0.0,97.71,0,0,202603,False,,2.2900000000000063
2025-10-14,A6966000,3개월무위험금리 F 202606,0.0,0.0,0.0,0.0,0.0,97.755,0,0,202606,False,,2.2450000000000045
2025-10-14,A6969000,3개월무위험금리 F 202609,0.0,0.0,0.0,0.0,0.0,97.785,0,0,202609,False,,2.2150000000000034
2025-10-15,169WB000,3개월무위험금리 F 202511,0.0,0.0,0.0,0.0,0.0,97.51,0,0,202511,False,,2.489999999999995
2025-10-15,169WC000,3개월무위험금리 F 202512,0.0,0.0,0.0,0.0,0.0,97.595,0,0,202512,False,,2.405000000000001
2025-10-15,469WB61S,3개월무위험금리 SP 2511-2601,0.0,0.0,0.0,0.0,0.0,0.0,0,0,,True,,100.0
2025-10-15,469WB62S,3개월무위험금리 SP 2511-2602,0.0,0.0,0.0,0.0,0.0,0.0,0,0,,True,,100.0
2025-10-15,469WBWCS,3개월무위험금리 SP 2511-2512,0.0,0.0,0.0,0.0,0.0,0.0,0,0,,True,,100.0
2025-10-15,A6961000,3개월무위험금리 F 202601,0.0,0.0,0.0,0.0,0.0,97.655,0,0,202601,False,,2.344999999999999
2025-10-15,A6962000,3개월무위험금리 F 202602,0.0,0.0,0.0,0.0,0.0,97.73,0,0,202602,False,,2.269999999999996
2025-10-15,A6963000,3개월무위험금리 F 202603,0.0,0.0,0.0,0.0,0.0,97.715,0,0,202603,False,,2.2849999999999966
2025-10-15,A6964000,3개월무위험금리 F 202604,0.0,0.0,0.0,0.0,0.0,97.755,0,0,202604,False,,2.2450000000000045
2025-10-15,A6966000,3개월무위험금리 F 202606,0.0,0.0,0.0,0.0,0.0,97.77,0,0,202606,False,,2.230000000000004
2025-10-15,A6969000,3개월무위험금리 F 202609,0.0,0.0,0.0,0.0,0.0,97.79,0,0,202609,False,,2.2099999999999937
2025-10-16,169WB000,3개월무위험금리 F 202511,97.47,-0.07,97.505,97.505,97.47,97.47,60,14622500000,202511,False,2.530000000000001,2.530000000000001
2025-10-16,169WC000,3개월무위험금리 F 202512,0.0,0.0,0.0,0.0,0.0,97.57,0,0,202512,False,,2.430000000000007
2025-10-16,469WB61S,3개월무위험금리 SP 2511-2601,0.0,0.0,0.0,0.0,0.0,0.0,0,0,,True,,100.0
2025-10-16,469WB62S,3개월무위험금리 SP 2511-2602,0.0,0.0,0.0,0.0,0.0,0.0,0,0,,True,,100.0
2025-10-16,469WBWCS,3개월무위험금리 SP 2511-2512,0.0,0.0,0.0,0.0,0.0,0.0,0,0,,True,,100.0
2025-10-16,A6961000,3개월무위험금리 F 202601,0.0,0.0,0.0,0.0,0.0,97.625,0,0,202601,False,,2.375
2025-10-16,A6962000,3개월무위험금리 F 202602,0.0,0.0,0.0,0.0,0.0,97.72,0,0,202602,False,,2.280000000000001
2025-10-16,A6963000,3개월무위험금리 F 202603,0.0,0.0,0.0,0.0,0.0,97.695,0,0,202603,False,,2.305000000000007
2025-10-16,A6964000,3개월무위험금리 F 202604,0.0,0.0,0.0,0.0,0.0,97.715,0,0,202604,False,,2.2849999999999966
2025-10-16,A6966000,3개월무위험금리 F 202606,0.0,0.0,0.0,0.0,0.0,97.735,0,0,202606,False,,2.2650000000000006
2025-10-16,A6969000,3개월무위험금리 F 202609,0.0,0.0,0.0,0.0,0.0,97.765,0,0,202609,False,,2.2349999999999994
2025-10-17,169WB000,3개월무위험금리 F 202511,0.0,0.0,0.0,0.0,0.0,97.49,0,0,202511,False,,2.510000000000005
2025-10-17,169WC000,3개월무위험금리 F 202512,0.0,0.0,0.0,0.0,0.0,97.58,0,0,202512,False,,2.4200000000000017
2025-10-17,469WB61S,3개월무위험금리 SP 2511-2601,0.0,0.0,0.0,0.0,0.0,0.0,0,0,,True,,100.0
2025-10-17,469WB62S,3개월무위험금리 SP 2511-2602,0.0,0.0,0.0,0.0,0.0,0.0,0,0,,True,,100.0
2025-10-17,469WBWCS,3개월무위험금리 SP 2511-2512,0.0,0.0,0.0,0.0,0.0,0.0,0,0,,True,,100.0
2025-10-17,A6961000,3개월무위험금리 F 202601,0.0,0.0,0.0,0.0,0.0,97.64,0,0,202601,False,,2.3599999999999994
2025-10-17,A6962000,3개월무위험금리 F 202602,0.0,0.0,0.0,0.0,0.0,97.695,0,0,202602,False,,2.305000000000007
2025-10-17,A6963000,3개월무위험금리 F 202603,0.0,0.0,0.0,0.0,0.0,97.665,0,0,202603,False,,2.3349999999999937
2025-10-17,A6964000,3개월무위험금리 F 202604,0.0,0.0,0.0,0.0,0.0,97.69,0,0,202604,False,,2.3100000000000023
2025-10-17,A6966000,3개월무위험금리 F 202606,0.0,0.0,0.0,0.0,0.0,97.71,0,0,202606,False,,2.2900000000000063
2025-10-17,A6969000,3개월무위험금리 F 202609,0.0,0.0,0.0,0.0,0.0,97.73,0,0,202609,False,,2.269999999999996
2025-10-20,169WB000,3개월무위험금리 F 202511,0.0,0.0,0.0,0.0,0.0,97.49,0,0,202511,False,,2.510000000000005
2025-10-20,169WC000,3개월무위험금리 F 202512,0.0,0.0,0.0,0.0,0.0,97.565,0,0,202512,False,,2.4350000000000023
2025-10-20,469WB61S,3개월무위험금리 SP 2511-2601,0.0,0.0,0.0,0.0,0.0,0.0,0,0,,True,,100.0
2025-10-20,469WB62S,3개월무위험금리 SP 2511-2602,0.0,0.0,0.0,0.0,0.0,0.0,0,0,,True,,100.0
2025-10-20,469WBWCS,3개월무위험금리 SP 2511-2512,0.0,0.0,0.0,0.0,0.0,0.0,0,0,,True,,100.0
2025-10-20,A6961000,3개월무위험금리 F 202601,0.0,0.0,0.0,0.0,0.0,97.62,0,0,202601,False,,2.3799999999999955
2025-10-20,A6962000,3개월무위험금리 F 202602,0.0,0.0,0.0,0.0,0.0,97.705,0,0,202602,False,,2.2950000000000017
2025-10-20,A6963000,3개월무위험금리 F 202603,0.0,0.0,0.0,0.0,0.0,97.67,0,0,202603,False,,2.3299999999999983
2025-10-20,A6964000,3개월무위험금리 F 202604,0.0,0.0,0.0,0.0,0.0,97.68,0,0,202604,False,,2.319999999999993
2025-10-20,A6966000,3개월무위험금리 F 202606,0.0,0.0,0.0,0.0,0.0,97.7,0,0,202606,False,,2.299999999999997
2025-10-20,A6969000,3개월무위험금리 F 202609,0.0,0.0,0.0,0.0,0.0,97.72,0,0,202609,False,,2.280000000000001
2025-10-21,169WB000,3개월무위험금리 F 202511,0.0,0.0,0.0,0.0,0.0,97.49,0,0,202511,False,,2.510000000000005
2025-10-21,169WC000,3개월무위험금리 F 202512,0.0,0.0,0.0,0.0,0.0,97.56,0,0,202512,False,,2.4399999999999977
2025-10-21,469WB61S,3개월무위험금리 SP 2511-2601,0.0,0.0,0.0,0.0,0.0,0.0,0,0,,True,,100.0
2025-10-21,469WB62S,3개월무위험금리 SP 2511-2602,0.0,0.0,0.0,0.0,0.0,0.0,0,0,,True,,100.0
2025-10-21,469WBWCS,3개월무위험금리 SP 2511-2512,0.0,0.0,0.0,0.0,0.0,0.0,0,0,,True,,100.0
2025-10-21,A6961000,3개월무위험금리 F 202601,0.0,0.0,0.0,0.0,0.0,97.615,0,0,202601,False,,2.385000000000005
2025-10-21,A6962000,3개월무위험금리 F 202602,0.0,0.0,0.0,0.0,0.0,97.685,0,0,202602,False,,2.3149999999999977
2025-10-21,A6963000,3개월무위험금리 F 202603,0.0,0.0,0.0,0.0,0.0,97.65,0,0,202603,False,,2.3499999999999943
2025-10-21,A6964000,3개월무위험금리 F 202604,0.0,0.0,0.0,0.0,0.0,97.66,0,0,202604,False,,2.3400000000000034
2025-10-21,A6966000,3개월무위험금리 F 202606,0.0,0.0,0.0,0.0,0.0,97.67,0,0,202606,False,,2.3299999999999983
2025-10-21,A6969000,3개월무위험금리 F 202609,0.0,0.0,0.0,0.0,0.0,97.665,0,0,202609,False,,2.3349999999999937
2025-10-22,169WB000,3개월무위험금리 F 202511,0.0,0.0,0.0,0.0,0.0,97.49,0,0,202511,False,,2.510000000000005
2025-10-22,169WC000,3개월무위험금리 F 202512,0.0,0.0,0.0,0.0,0.0,97.56,0,0,202512,False,,2.4399999999999977
2025-10-22,469WB61S,3개월무위험금리 SP 2511-2601,0.0,0.0,0.0,0.0,0.0,0.0,0,0,,True,,100.0
2025-10-22,469WB62S,3개월무위험금리 SP 2511-2602,0.0,0.0,0.0,0.0,0.0,0.0,0,0,,True,,100.0
2025-10-22,469WBWCS,3개월무위험금리 SP 2511-2512,0.0,0.0,0.0,0.0,0.0,0.0,0,0,,True,,100.0
2025-10-22,A6961000,3개월무위험금리 F 202601,0.0,0.0,0.0,0.0,0.0,97.615,0,0,202601,False,,2.385000000000005
2025-10-22,A6962000,3개월무위험금리 F 202602,0.0,0.0,0.0,0.0,0.0,97.685,0,0,202602,False,,2.3149999999999977
2025-10-22,A6963000,3개월무위험금리 F 202603,0.0,0.0,0.0,0.0,0.0,97.655,0,0,202603,False,,2.344999999999999
2025-10-22,A6964000,3개월무위험금리 F 202604,0.0,0.0,0.0,0.0,0.0,97.67,0,0,202604,False,,2.3299999999999983
2025-10-22,A6966000,3개월무위험금리 F 202606,0.0,0.0,0.0,0.0,0.0,97.67,0,0,202606,False,,2.3299999999999983
2025-10-22,A6969000,3개월무위험금리 F 202609,0.0,0.0,0.0,0.0,0.0,97.66,0,0,202609,False,,2.3400000000000034
2025-10-23,169WB000,3개월무위험금리 F 202511,0.0,0.0,0.0,0.0,0.0,97.49,0,0,202511,False,,2.510000000000005
2025-10-23,169WC000,3개월무위험금리 F 202512,0.0,0.0,0.0,0.0,0.0,97.565,0,0,202512,False,,2.4350000000000023
2025-10-23,469WB61S,3개월무위험금리 SP 2511-2601,0.0,0.0,0.0,0.0,0.0,0.0,0,0,,True,,100.0
2025-10-23,469WB62S,3개월무위험금리 SP 2511-2602,0.0,0.0,0.0,0.0,0.0,0.0,0,0,,True,,100.0
2025-10-23,469WBWCS,3개월무위험금리 SP 2511-2512,0.0,0.0,0.0,0.0,0.0,0.0,0,0,,True,,100.0
2025-10-23,A6961000,3개월무위험금리 F 202601,0.0,0.0,0.0,0.0,0.0,97.62,0,0,202601,False,,2.3799999999999955
2025-10-23,A6962000,3개월무위험금리 F 202602,97.665,-0.02,97.665,97.665,97.665,97.665,20,4883250000,202602,False,2.3349999999999937,2.3349999999999937
2025-10-23,A6963000,3개월무위험금리 F 202603,0.0,0.0,0.0,0.0,0.0,97.665,0,0,202603,False,,2.3349999999999937
2025-10-23,A6964000,3개월무위험금리 F 202604,0.0,0.0,0.0,0.0,0.0,97.685,0,0,202604,False,,2.3149999999999977
2025-10-23,A6966000,3개월무위험금리 F 202606,0.0,0.0,0.0,0.0,0.0,97.69,0,0,202606,False,,2.3100000000000023
2025-10-23,A6969000,3개월무위험금리 F 202609,0.0,0.0,0.0,0.0,0.0,97.68,0,0,202609,False,,2.319999999999993
2025-10-24,169WB000,3개월무위험금리 F 202511,0.0,0.0,0.0,0.0,0.0,97.49,0,0,202511,False,,2.510000000000005
2025-10-24,169WC000,3개월무위험금리 F 202512,0.0,0.0,0.0,0.0,0.0,97.545,0,0,202512,False,,2.4549999999999983
2025-10-24,469WB61S,3개월무위험금리 SP 2511-2601,0.0,0.0,0.0,0.0,0.0,0.0,0,0,,True,,100.0
2025-10-24,469WB62S,3개월무위험금리 SP 2511-2602,0.0,0.0,0.0,0.0,0.0,0.0,0,0,,True,,100.0
2025-10-24,469WBWCS,3개월무위험금리 SP 2511-2512,0.0,0.0,0.0,0.0,0.0,0.0,0,0,,True,,100.0
2025-10-24,A6961000,3개월무위험금리 F 202601,0.0,0.0,0.0,0.0,0.0,97.595,0,0,202601,False,,2.405000000000001
2025-10-24,A6962000,3개월무위험금리 F 202602,0.0,0.0,0.0,0.0,0.0,97.66,0,0,202602,False,,2.3400000000000034
2025-10-24,A6963000,3개월무위험금리 F 202603,0.0,0.0,0.0,0.0,0.0,97.67,0,0,202603,False,,2.3299999999999983
2025-10-24,A6964000,3개월무위험금리 F 202604,0.0,0.0,0.0,0.0,0.0,97.685,0,0,202604,False,,2.3149999999999977
2025-10-24,A6966000,3개월무위험금리 F 202606,0.0,0.0,0.0,0.0,0.0,97.685,0,0,202606,False,,2.3149999999999977
2025-10-24,A6969000,3개월무위험금리 F 202609,0.0,0.0,0.0,0.0,0.0,97.665,0,0,202609,False,,2.3349999999999937
2025-10-27,169WB000,3개월무위험금리 F 202511,97.455,-0.035,97.49,97.49,97.455,97.455,2,487362500,202511,False,2.5450000000000017,2.5450000000000017
2025-10-27,169WC000,3개월무위험금리 F 202512,0.0,0.0,0.0,0.0,0.0,97.525,0,0,202512,False,,2.4749999999999943
2025-10-27,469WB61S,3개월무위험금리 SP 2511-2601,0.0,0.0,0.0,0.0,0.0,0.0,0,0,,True,,100.0
2025-10-27,469WB62S,3개월무위험금리 SP 2511-2602,0.0,0.0,0.0,0.0,0.0,0.0,0,0,,True,,100.0
2025-10-27,469WBWCS,3개월무위험금리 SP 2511-2512,0.0,0.0,0.0,0.0,0.0,0.0,0,0,,True,,100.0
2025-10-27,A6961000,3개월무위험금리 F 202601,0.0,0.0,0.0,0.0,0.0,97.565,0,0,202601,False,,2.4350000000000023
2025-10-27,A6962000,3개월무위험금리 F 202602,0.0,0.0,0.0,0.0,0.0,97.66,0,0,202602,False,,2.3400000000000034
2025-10-27,A6963000,3개월무위험금리 F 202603,0.0,0.0,0.0,0.0,0.0,97.64,0,0,202603,False,,2.3599999999999994
2025-10-27,A6964000,3개월무위험금리 F 202604,0.0,0.0,0.0,0.0,0.0,97.65,0,0,202604,False,,2.3499999999999943
2025-10-27,A6966000,3개월무위험금리 F 202606,0.0,0.0,0.0,0.0,0.0,97.645,0,0,202606,False,,2.355000000000004
2025-10-27,A6969000,3개월무위험금리 F 202609,0.0,0.0,0.0,0.0,0.0,97.615,0,0,202609,False,,2.385000000000005
2025-10-28,169WB000,3개월무위험금리 F 202511,0.0,0.0,0.0,0.0,0.0,97.485,0,0,202511,False,,2.5150000000000006
2025-10-28,169WC000,3개월무위험금리 F 202512,0.0,0.0,0.0,0.0,0.0,97.51,0,0,202512,False,,2.489999999999995
2025-10-28,469WB61S,3개월무위험금리 SP 2511-2601,0.0,0.0,0.0,0.0,0.0,0.0,0,0,,True,,100.0
2025-10-28,469WB62S,3개월무위험금리 SP 2511-2602,0.0,0.0,0.0,0.0,0.0,0.0,0,0,,True,,100.0
2025-10-28,469WBWCS,3개월무위험금리 SP 2511-2512,0.0,0.0,0.0,0.0,0.0,0.0,0,0,,True,,100.0
2025-10-28,A6961000,3개월무위험금리 F 202601,0.0,0.0,0.0,0.0,0.0,97.54,0,0,202601,False,,2.4599999999999937
2025-10-28,A6962000,3개월무위험금리 F 202602,0.0,0.0,0.0,0.0,0.0,97.625,0,0,202602,False,,2.375
2025-10-28,A6963000,3개월무위험금리 F 202603,0.0,0.0,0.0,0.0,0.0,97.57,0,0,202603,False,,2.430000000000007
2025-10-28,A6964000,3개월무위험금리 F 202604,0.0,0.0,0.0,0.0,0.0,97.58,0,0,202604,False,,2.4200000000000017
2025-10-28,A6966000,3개월무위험금리 F 202606,0.0,0.0,0.0,0.0,0.0,97.575,0,0,202606,False,,2.424999999999997
2025-10-28,A6969000,3개월무위험금리 F 202609,0.0,0.0,0.0,0.0,0.0,97.545,0,0,202609,False,,2.4549999999999983
2025-10-29,169WB000,3개월무위험금리 F 202511,0.0,0.0,0.0,0.0,0.0,97.475,0,0,202511,False,,2.5250000000000057
2025-10-29,169WC000,3개월무위험금리 F 202512,0.0,0.0,0.0,0.0,0.0,97.485,0,0,202512,False,,2.5150000000000006
2025-10-29,469WB61S,3개월무위험금리 SP 2511-2601,0.0,0.0,0.0,0.0,0.0,0.0,0,0,,True,,100.0
2025-10-29,469WB62S,3개월무위험금리 SP 2511-2602,0.0,0.0,0.0,0.0,0.0,0.0,0,0,,True,,100.0
2025-10-29,469WBWCS,3개월무위험금리 SP 2511-2512,0.0,0.0,0.0,0.0,0.0,0.0,0,0,,True,,100.0
2025-10-29,A6961000,3개월무위험금리 F 202601,0.0,0.0,0.0,0.0,0.0,97.505,0,0,202601,False,,2.4950000000000045
2025-10-29,A6962000,3개월무위험금리 F 202602,0.0,0.0,0.0,0.0,0.0,97.615,0,0,202602,False,,2.385000000000005
2025-10-29,A6963000,3개월무위험금리 F 202603,0.0,0.0,0.0,0.0,0.0,97.53,0,0,202603,False,,2.469999999999999
2025-10-29,A6964000,3개월무위험금리 F 202604,0.0,0.0,0.0,0.0,0.0,97.525,0,0,202604,False,,2.4749999999999943
2025-10-29,A6966000,3개월무위험금리 F 202606,0.0,0.0,0.0,0.0,0.0,97.52,0,0,202606,False,,2.480000000000004
2025-10-29,A6969000,3개월무위험금리 F 202609,0.0,0.0,0.0,0.0,0.0,97.505,0,0,202609,False,,2.4950000000000045
2025-10-30,169WB000,3개월무위험금리 F 202511,0.0,0.0,0.0,0.0,0.0,97.485,0,0,202511,False,,2.5150000000000006
2025-10-30,169WC000,3개월무위험금리 F 202512,0.0,0.0,0.0,0.0,0.0,97.505,0,0,202512,False,,2.4950000000000045
2025-10-30,469WB61S,3개월무위험금리 SP 2511-2601,0.0,0.0,0.0,0.0,0.0,0.0,0,0,,True,,100.0
2025-10-30,469WB62S,3개월무위험금리 SP 2511-2602,0.0,0.0,0.0,0.0,0.0,0.0,0,0,,True,,100.0
2025-10-30,469WBWCS,3개월무위험금리 SP 2511-2512,0.0,0.0,0.0,0.0,0.0,0.0,0,0,,True,,100.0
2025-10-30,A6961000,3개월무위험금리 F 202601,0.0,0.0,0.0,0.0,0.0,97.535,0,0,202601,False,,2.4650000000000034
2025-10-30,A6962000,3개월무위험금리 F 202602,97.605,-0.01,97.605,97.605,97.605,97.605,10,2440125000,202602,False,2.394999999999996,2.394999999999996
2025-10-30,A6963000,3개월무위험금리 F 202603,0.0,0.0,0.0,0.0,0.0,97.505,0,0,202603,False,,2.4950000000000045
2025-10-30,A6964000,3개월무위험금리 F 202604,0.0,0.0,0.0,0.0,0.0,97.485,0,0,202604,False,,2.5150000000000006
2025-10-30,A6966000,3개월무위험금리 F 202606,0.0,0.0,0.0,0.0,0.0,97.475,0,0,202606,False,,2.5250000000000057
2025-10-30,A6969000,3개월무위험금리 F 202609,0.0,0.0,0.0,0.0,0.0,97.47,0,0,202609,False,,2.530000000000001
2025-10-31,169WB000,3개월무위험금리 F 202511,0.0,0.0,0.0,0.0,0.0,97.48,0,0,202511,False,,2.519999999999996
2025-10-31,169WC000,3개월무위험금리 F 202512,0.0,0.0,0.0,0.0,0.0,97.5,0,0,202512,False,,2.5
2025-10-31,469WB61S,3개월무위험금리 SP 2511-2601,0.0,0.0,0.0,0.0,0.0,0.0,0,0,,True,,100.0
2025-10-31,469WB62S,3개월무위험금리 SP 2511-2602,0.0,0.0,0.0,0.0,0.0,0.0,0,0,,True,,100.0
2025-10-31,469WBWCS,3개월무위험금리 SP 2511-2512,0.0,0.0,0.0,0.0,0.0,0.0,0,0,,True,,100.0
2025-10-31,A6961000,3개월무위험금리 F 202601,0.0,0.0,0.0,0.0,0.0,97.525,0,0,202601,False,,2.4749999999999943
2025-10-31,A6962000,3개월무위험금리 F 202602,0.0,0.0,0.0,0.0,0.0,97.585,0,0,202602,False,,2.4150000000000063
2025-10-31,A6963000,3개월무위험금리 F 202603,0.0,0.0,0.0,0.0,0.0,97.54,0,0,202603,False,,2.4599999999999937
2025-10-31,A6964000,3개월무위험금리 F 202604,0.0,0.0,0.0,0.0,0.0,97.52,0,0,202604,False,,2.480000000000004
2025-10-31,A6966000,3개월무위험금리 F 202606,0.0,0.0,0.0,0.0,0.0,97.51,0,0,202606,False,,2.489999999999995
2025-10-31,A6969000,3개월무위험금리 F 202609,0.0,0.0,0.0,0.0,0.0,97.515,0,0,202609,False,,2.4849999999999994
2025-11-03,169WB000,3개월무위험금리 F 202511,0.0,0.0,0.0,0.0,0.0,97.475,0,0,202511,False,,2.5250000000000057
2025-11-03,169WC000,3개월무위험금리 F 202512,0.0,0.0,0.0,0.0,0.0,97.495,0,0,202512,False,,2.5049999999999955
2025-11-03,469WB61S,3개월무위험금리 SP 2511-2601,0.0,0.0,0.0,0.0,0.0,0.0,0,0,,True,,100.0
2025-11-03,469WB62S,3개월무위험금리 SP 2511-2602,0.0,0.0,0.0,0.0,0.0,0.0,0,0,,True,,100.0
2025-11-03,469WBWCS,3개월무위험금리 SP 2511-2512,0.0,0.0,0.0,0.0,0.0,0.0,0,0,,True,,100.0
2025-11-03,A6961000,3개월무위험금리 F 202601,0.0,0.0,0.0,0.0,0.0,97.52,0,0,202601,False,,2.480000000000004
2025-11-03,A6962000,3개월무위험금리 F 202602,0.0,0.0,0.0,0.0,0.0,97.575,0,0,202602,False,,2.424999999999997
2025-11-03,A6963000,3개월무위험금리 F 202603,0.0,0.0,0.0,0.0,0.0,97.53,0,0,202603,False,,2.469999999999999
2025-11-03,A6964000,3개월무위험금리 F 202604,0.0,0.0,0.0,0.0,0.0,97.51,0,0,202604,False,,2.489999999999995
2025-11-03,A6966000,3개월무위험금리 F 202606,0.0,0.0,0.0,0.0,0.0,97.495,0,0,202606,False,,2.5049999999999955
2025-11-03,A6969000,3개월무위험금리 F 202609,0.0,0.0,0.0,0.0,0.0,97.5,0,0,202609,False,,2.5
2025-11-04,169WB000,3개월무위험금리 F 202511,0.0,0.0,0.0,0.0,0.0,97.475,0,0,202511,False,,2.5250000000000057
2025-11-04,169WC000,3개월무위험금리 F 202512,0.0,0.0,0.0,0.0,0.0,97.49,0,0,202512,False,,2.510000000000005
2025-11-04,469WB61S,3개월무위험금리 SP 2511-2601,0.0,0.0,0.0,0.0,0.0,0.0,0,0,,True,,100.0
2025-11-04,469WB62S,3개월무위험금리 SP 2511-2602,0.0,0.0,0.0,0.0,0.0,0.0,0,0,,True,,100.0
2025-11-04,469WBWCS,3개월무위험금리 SP 2511-2512,0.0,0.0,0.0,0.0,0.0,0.0,0,0,,True,,100.0
2025-11-04,A6961000,3개월무위험금리 F 202601,0.0,0.0,0.0,0.0,0.0,97.515,0,0,202601,False,,2.4849999999999994
2025-11-04,A6962000,3개월무위험금리 F 202602,0.0,0.0,0.0,0.0,0.0,97.585,0,0,202602,False,,2.4150000000000063
2025-11-04,A6963000,3개월무위험금리 F 202603,0.0,0.0,0.0,0.0,0.0,97.53,0,0,202603,False,,2.469999999999999
2025-11-04,A6964000,3개월무위험금리 F 202604,0.0,0.0,0.0,0.0,0.0,97.505,0,0,202604,False,,2.4950000000000045
2025-11-04,A6966000,3개월무위험금리 F 202606,0.0,0.0,0.0,0.0,0.0,97.485,0,0,202606,False,,2.5150000000000006
2025-11-04,A6969000,3개월무위험금리 F 202609,0.0,0.0,0.0,0.0,0.0,97.48,0,0,202609,False,,2.519999999999996
2025-11-05,169WB000,3개월무위험금리 F 202511,0.0,0.0,0.0,0.0,0.0,97.475,0,0,202511,False,,2.5250000000000057
2025-11-05,169WC000,3개월무위험금리 F 202512,0.0,0.0,0.0,0.0,0.0,97.495,0,0,202512,False,,2.5049999999999955
2025-11-05,469WB61S,3개월무위험금리 SP 2511-2601,0.0,0.0,0.0,0.0,0.0,0.0,0,0,,True,,100.0
2025-11-05,469WB62S,3개월무위험금리 SP 2511-2602,0.0,0.0,0.0,0.0,0.0,0.0,0,0,,True,,100.0
2025-11-05,469WBWCS,3개월무위험금리 SP 2511-2512,0.0,0.0,0.0,0.0,0.0,0.0,0,0,,True,,100.0
2025-11-05,A6961000,3개월무위험금리 F 202601,0.0,0.0,0.0,0.0,0.0,97.52,0,0,202601,False,,2.480000000000004
2025-11-05,A6962000,3개월무위험금리 F 202602,0.0,0.0,0.0,0.0,0.0,97.565,0,0,202602,False,,2.4350000000000023
2025-11-05,A6963000,3개월무위험금리 F 202603,0.0,0.0,0.0,0.0,0.0,97.51,0,0,202603,False,,2.489999999999995
2025-11-05,A6964000,3개월무위험금리 F 202604,0.0,0.0,0.0,0.0,0.0,97.505,0,0,202604,False,,2.4950000000000045
2025-11-05,A6966000,3개월무위험금리 F 202606,0.0,0.0,0.0,0.0,0.0,97.49,0,0,202606,False,,2.510000000000005
2025-11-05,A6969000,3개월무위험금리 F 202609,0.0,0.0,0.0,0.0,0.0,97.48,0,0,202609,False,,2.519999999999996
2025-11-06,169WB000,3개월무위험금리 F 202511,0.0,0.0,0.0,0.0,0.0,97.475,0,0,202511,False,,2.5250000000000057
2025-11-06,169WC000,3개월무위험금리 F 202512,0.0,0.0,0.0,0.0,0.0,97.495,0,0,202512,False,,2.5049999999999955
2025-11-06,469WB61S,3개월무위험금리 SP 2511-2601,0.0,0.0,0.0,0.0,0.0,0.0,0,0,,True,,100.0
2025-11-06,469WB62S,3개월무위험금리 SP 2511-2602,0.0,0.0,0.0,0.0,0.0,0.0,0,0,,True,,100.0
2025-11-06,469WBWCS,3개월무위험금리 SP 2511-2512,0.0,0.0,0.0,0.0,0.0,0.0,0,0,,True,,100.0
2025-11-06,A6961000,3개월무위험금리 F 202601,0.0,0.0,0.0,0.0,0.0,97.525,0,0,202601,False,,2.4749999999999943
2025-11-06,A6962000,3개월무위험금리 F 202602,0.0,0.0,0.0,0.0,0.0,97.575,0,0,202602,False,,2.424999999999997
2025-11-06,A6963000,3개월무위험금리 F 202603,0.0,0.0,0.0,0.0,0.0,97.525,0,0,202603,False,,2.4749999999999943
2025-11-06,A6964000,3개월무위험금리 F 202604,0.0,0.0,0.0,0.0,0.0,97.495,0,0,202604,False,,2.5049999999999955
2025-11-06,A6966000,3개월무위험금리 F 202606,0.0,0.0,0.0,0.0,0.0,97.465,0,0,202606,False,,2.5349999999999966
2025-11-06,A6969000,3개월무위험금리 F 202609,0.0,0.0,0.0,0.0,0.0,97.46,0,0,202609,False,,2.5400000000000063
2025-11-07,169WB000,3개월무위험금리 F 202511,0.0,0.0,0.0,0.0,0.0,97.475,0,0,202511,False,,2.5250000000000057
2025-11-07,169WC000,3개월무위험금리 F 202512,0.0,0.0,0.0,0.0,0.0,97.485,0,0,202512,False,,2.5150000000000006
2025-11-07,469WB61S,3개월무위험금리 SP 2511-2601,0.0,0.0,0.0,0.0,0.0,0.0,0,0,,True,,100.0
2025-11-07,469WB62S,3개월무위험금리 SP 2511-2602,0.0,0.0,0.0,0.0,0.0,0.0,0,0,,True,,100.0
2025-11-07,469WBWCS,3개월무위험금리 SP 2511-2512,0.0,0.0,0.0,0.0,0.0,0.0,0,0,,True,,100.0
2025-11-07,A6961000,3개월무위험금리 F 202601,0.0,0.0,0.0,0.0,0.0,97.505,0,0,202601,False,,2.4950000000000045
2025-11-07,A6962000,3개월무위험금리 F 202602,0.0,0.0,0.0,0.0,0.0,97.58,0,0,202602,False,,2.4200000000000017
2025-11-07,A6963000,3개월무위험금리 F 202603,0.0,0.0,0.0,0.0,0.0,97.525,0,0,202603,False,,2.4749999999999943
2025-11-07,A6964000,3개월무위험금리 F 202604,0.0,0.0,0.0,0.0,0.0,97.5,0,0,202604,False,,2.5
2025-11-07,A6966000,3개월무위험금리 F 202606,0.0,0.0,0.0,0.0,0.0,97.455,0,0,202606,False,,2.5450000000000017
2025-11-07,A6969000,3개월무위험금리 F 202609,0.0,0.0,0.0,0.0,0.0,97.41,0,0,202609,False,,2.5900000000000034
2025-11-10,169WB000,3개월무위험금리 F 202511,0.0,0.0,0.0,0.0,0.0,97.475,0,0,202511,False,,2.5250000000000057
2025-11-10,169WC000,3개월무위험금리 F 202512,0.0,0.0,0.0,0.0,0.0,97.495,0,0,202512,False,,2.5049999999999955
2025-11-10,469WB61S,3개월무위험금리 SP 2511-2601,0.0,0.0,0.0,0.0,0.0,0.0,0,0,,True,,100.0
2025-11-10,469WB62S,3개월무위험금리 SP 2511-2602,0.0,0.0,0.0,0.0,0.0,0.0,0,0,,True,,100.0
2025-11-10,469WBWCS,3개월무위험금리 SP 2511-2512,0.0,0.0,0.0,0.0,0.0,0.0,0,0,,True,,100.0
2025-11-10,A6961000,3개월무위험금리 F 202601,0.0,0.0,0.0,0.0,0.0,97.525,0,0,202601,False,,2.4749999999999943
2025-11-10,A6962000,3개월무위험금리 F 202602,0.0,0.0,0.0,0.0,0.0,97.55,0,0,202602,False,,2.450000000000003
2025-11-10,A6963000,3개월무위험금리 F 202603,0.0,0.0,0.0,0.0,0.0,97.495,0,0,202603,False,,2.5049999999999955
2025-11-10,A6964000,3개월무위험금리 F 202604,0.0,0.0,0.0,0.0,0.0,97.475,0,0,202604,False,,2.5250000000000057
2025-11-10,A6966000,3개월무위험금리 F 202606,0.0,0.0,0.0,0.0,0.0,97.435,0,0,202606,False,,2.5649999999999977
2025-11-10,A6969000,3개월무위험금리 F 202609,0.0,0.0,0.0,0.0,0.0,97.395,0,0,202609,False,,2.605000000000004
2025-11-11,169WB000,3개월무위험금리 F 202511,0.0,0.0,0.0,0.0,0.0,97.475,0,0,202511,False,,2.5250000000000057
2025-11-11,169WC000,3개월무위험금리 F 202512,0.0,0.0,0.0,0.0,0.0,97.495,0,0,202512,False,,2.5049999999999955
2025-11-11,469WB61S,3개월무위험금리 SP 2511-2601,0.0,0.0,0.0,0.0,0.0,0.0,0,0,,True,,100.0
2025-11-11,469WB62S,3개월무위험금리 SP 2511-2602,0.0,0.0,0.0,0.0,0.0,0.0,0,0,,True,,100.0
2025-11-11,469WBWCS,3개월무위험금리 SP 2511-2512,0.0,0.0,0.0,0.0,0.0,0.0,0,0,,True,,100.0
2025-11-11,A6961000,3개월무위험금리 F 202601,0.0,0.0,0.0,0.0,0.0,97.525,0,0,202601,False,,2.4749999999999943
2025-11-11,A6962000,3개월무위험금리 F 202602,0.0,0.0,0.0,0.0,0.0,97.58,0,0,202602,False,,2.4200000000000017
2025-11-11,A6963000,3개월무위험금리 F 202603,0.0,0.0,0.0,0.0,0.0,97.56,0,0,202603,False,,2.4399999999999977
2025-11-11,A6964000,3개월무위험금리 F 202604,0.0,0.0,0.0,0.0,0.0,97.56,0,0,202604,False,,2.4399999999999977
2025-11-11,A6966000,3개월무위험금리 F 202606,0.0,0.0,0.0,0.0,0.0,97.54,0,0,202606,False,,2.4599999999999937
2025-11-11,A6969000,3개월무위험금리 F 202609,0.0,0.0,0.0,0.0,0.0,97.485,0,0,202609,False,,2.5150000000000006
2025-11-12,169WB000,3개월무위험금리 F 202511,0.0,0.0,0.0,0.0,0.0,97.47,0,0,202511,False,,2.530000000000001
2025-11-12,169WC000,3개월무위험금리 F 202512,0.0,0.0,0.0,0.0,0.0,97.485,0,0,202512,False,,2.5150000000000006
2025-11-12,469WB61S,3개월무위험금리 SP 2511-2601,0.0,0.0,0.0,0.0,0.0,0.0,0,0,,True,,100.0
2025-11-12,469WB62S,3개월무위험금리 SP 2511-2602,0.0,0.0,0.0,0.0,0.0,0.0,0,0,,True,,100.0
2025-11-12,469WBWCS,3개월무위험금리 SP 2511-2512,0.0,0.0,0.0,0.0,0.0,0.0,0,0,,True,,100.0
2025-11-12,A6961000,3개월무위험금리 F 202601,0.0,0.0,0.0,0.0,0.0,97.505,0,0,202601,False,,2.4950000000000045
2025-11-12,A6962000,3개월무위험금리 F 202602,0.0,0.0,0.0,0.0,0.0,97.58,0,0,202602,False,,2.4200000000000017
2025-11-12,A6963000,3개월무위험금리 F 202603,0.0,0.0,0.0,0.0,0.0,97.535,0,0,202603,False,,2.4650000000000034
2025-11-12,A6964000,3개월무위험금리 F 202604,0.0,0.0,0.0,0.0,0.0,97.53,0,0,202604,False,,2.469999999999999
2025-11-12,A6966000,3개월무위험금리 F 202606,0.0,0.0,0.0,0.0,0.0,97.505,0,0,202606,False,,2.4950000000000045
2025-11-12,A6969000,3개월무위험금리 F 202609,0.0,0.0,0.0,0.0,0.0,97.475,0,0,202609,False,,2.5250000000000057
2025-11-13,169WB000,3개월무위험금리 F 202511,0.0,0.0,0.0,0.0,0.0,97.47,0,0,202511,False,,2.530000000000001
2025-11-13,169WC000,3개월무위험금리 F 202512,0.0,0.0,0.0,0.0,0.0,97.49,0,0,202512,False,,2.510000000000005
2025-11-13,469WB61S,3개월무위험금리 SP 2511-2601,0.0,0.0,0.0,0.0,0.0,0.0,0,0,,True,,100.0
2025-11-13,469WB62S,3개월무위험금리 SP 2511-2602,0.0,0.0,0.0,0.0,0.0,0.0,0,0,,True,,100.0
2025-11-13,469WBWCS,3개월무위험금리 SP 2511-2512,0.0,0.0,0.0,0.0,0.0,0.0,0,0,,True,,100.0
2025-11-13,A6961000,3개월무위험금리 F 202601,0.0,0.0,0.0,0.0,0.0,97.515,0,0,202601,False,,2.4849999999999994
2025-11-13,A6962000,3개월무위험금리 F 202602,0.0,0.0,0.0,0.0,0.0,97.58,0,0,202602,False,,2.4200000000000017
2025-11-13,A6963000,3개월무위험금리 F 202603,0.0,0.0,0.0,0.0,0.0,97.515,0,0,202603,False,,2.4849999999999994
2025-11-13,A6964000,3개월무위험금리 F 202604,0.0,0.0,0.0,0.0,0.0,97.48,0,0,202604,False,,2.519999999999996
2025-11-13,A6966000,3개월무위험금리 F 202606,0.0,0.0,0.0,0.0,0.0,97.425,0,0,202606,False,,2.575000000000003
2025-11-13,A6969000,3개월무위험금리 F 202609,0.0,0.0,0.0,0.0,0.0,97.385,0,0,202609,False,,2.614999999999995
2025-11-14,169WB000,3개월무위험금리 F 202511,0.0,0.0,0.0,0.0,0.0,97.47,0,0,202511,False,,2.530000000000001
2025-11-14,169WC000,3개월무위험금리 F 202512,0.0,0.0,0.0,0.0,0.0,97.48,0,0,202512,False,,2.519999999999996
2025-11-14,469WB61S,3개월무위험금리 SP 2511-2601,0.0,0.0,0.0,0.0,0.0,0.0,0,0,,True,,100.0
2025-11-14,469WB62S,3개월무위험금리 SP 2511-2602,0.0,0.0,0.0,0.0,0.0,0.0,0,0,,True,,100.0
2025-11-14,469WBWCS,3개월무위험금리 SP 2511-2512,0.0,0.0,0.0,0.0,0.0,0.0,0,0,,True,,100.0
2025-11-14,A6961000,3개월무위험금리 F 202601,0.0,0.0,0.0,0.0,0.0,97.5,0,0,202601,False,,2.5
2025-11-14,A6962000,3개월무위험금리 F 202602,0.0,0.0,0.0,0.0,0.0,97.565,0,0,202602,False,,2.4350000000000023
2025-11-14,A6963000,3개월무위험금리 F 202603,0.0,0.0,0.0,0.0,0.0,97.48,0,0,202603,False,,2.519999999999996
2025-11-14,A6964000,3개월무위험금리 F 202604,0.0,0.0,0.0,0.0,0.0,97.44,0,0,202604,False,,2.5600000000000023
2025-11-14,A6966000,3개월무위험금리 F 202606,0.0,0.0,0.0,0.0,0.0,97.405,0,0,202606,False,,2.594999999999999
2025-11-14,A6969000,3개월무위험금리 F 202609,0.0,0.0,0.0,0.0,0.0,97.385,0,0,202609,False,,2.614999999999995
2025-11-17,169WB000,3개월무위험금리 F 202511,0.0,0.0,0.0,0.0,0.0,97.47,0,0,202511,False,,2.530000000000001
2025-11-17,169WC000,3개월무위험금리 F 202512,0.0,0.0,0.0,0.0,0.0,97.495,0,0,202512,False,,2.5049999999999955
2025-11-17,469WB61S,3개월무위험금리 SP 2511-2601,0.0,0.0,0.0,0.0,0.0,0.0,0,0,,True,,100.0
2025-11-17,469WB62S,3개월무위험금리 SP 2511-2602,0.0,0.0,0.0,0.0,0.0,0.0,0,0,,True,,100.0
2025-11-17,469WBWCS,3개월무위험금리 SP 2511-2512,0.0,0.0,0.0,0.0,0.0,0.0,0,0,,True,,100.0
2025-11-17,A6961000,3개월무위험금리 F 202601,0.0,0.0,0.0,0.0,0.0,97.525,0,0,202601,False,,2.4749999999999943
2025-11-17,A6962000,3개월무위험금리 F 202602,0.0,0.0,0.0,0.0,0.0,97.565,0,0,202602,False,,2.4350000000000023
2025-11-17,A6963000,3개월무위험금리 F 202603,0.0,0.0,0.0,0.0,0.0,97.47,0,0,202603,False,,2.530000000000001
2025-11-17,A6964000,3개월무위험금리 F 202604,0.0,0.0,0.0,0.0,0.0,97.45,0,0,202604,False,,2.549999999999997
2025-11-17,A6966000,3개월무위험금리 F 202606,0.0,0.0,0.0,0.0,0.0,97.465,0,0,202606,False,,2.5349999999999966
2025-11-17,A6969000,3개월무위험금리 F 202609,0.0,0.0,0.0,0.0,0.0,97.445,0,0,202609,False,,2.555000000000007
2025-11-18,169WB000,3개월무위험금리 F 202511,0.0,0.0,0.0,0.0,0.0,97.47,0,0,202511,False,,2.530000000000001
2025-11-18,169WC000,3개월무위험금리 F 202512,0.0,0.0,0.0,0.0,0.0,97.495,0,0,202512,False,,2.5049999999999955
2025-11-18,469WB61S,3개월무위험금리 SP 2511-2601,0.0,0.0,0.0,0.0,0.0,0.0,0,0,,True,,100.0
2025-11-18,469WB62S,3개월무위험금리 SP 2511-2602,0.0,0.0,0.0,0.0,0.0,0.0,0,0,,True,,100.0
2025-11-18,469WBWCS,3개월무위험금리 SP 2511-2512,0.0,0.0,0.0,0.0,0.0,0.0,0,0,,True,,100.0
2025-11-18,A6961000,3개월무위험금리 F 202601,0.0,0.0,0.0,0.0,0.0,97.53,0,0,202601,False,,2.469999999999999
2025-11-18,A6962000,3개월무위험금리 F 202602,0.0,0.0,0.0,0.0,0.0,97.615,0,0,202602,False,,2.385000000000005
2025-11-18,A6963000,3개월무위험금리 F 202603,0.0,0.0,0.0,0.0,0.0,97.55,0,0,202603,False,,2.450000000000003
2025-11-18,A6964000,3개월무위험금리 F 202604,0.0,0.0,0.0,0.0,0.0,97.555,0,0,202604,False,,2.444999999999993
2025-11-18,A6966000,3개월무위험금리 F 202606,0.0,0.0,0.0,0.0,0.0,97.6,0,0,202606,False,,2.4000000000000057
2025-11-18,A6969000,3개월무위험금리 F 202609,0.0,0.0,0.0,0.0,0.0,97.575,0,0,202609,False,,2.424999999999997
2025-11-19,169WC000,3개월무위험금리 F 202512,0.0,0.0,0.0,0.0,0.0,97.525,0,0,202512,False,,2.4749999999999943
2025-11-19,469WC61S,3개월무위험금리 SP 2512-2601,0.0,0.0,0.0,0.0,0.0,0.0,0,0,,True,,100.0
2025-11-19,469WC62S,3개월무위험금리 SP 2512-2602,0.0,0.0,0.0,0.0,0.0,0.0,0,0,,True,,100.0
2025-11-19,469WC63S,3개월무위험금리 SP 2512-2603,0.0,0.0,0.0,0.0,0.0,0.0,0,0,,True,,100.0
2025-11-19,A6961000,3개월무위험금리 F 202601,0.0,0.0,0.0,0.0,0.0,97.59,0,0,202601,False,,2.4099999999999966
2025-11-19,A6962000,3개월무위험금리 F 202602,0.0,0.0,0.0,0.0,0.0,97.62,0,0,202602,False,,2.3799999999999955
2025-11-19,A6963000,3개월무위험금리 F 202603,0.0,0.0,0.0,0.0,0.0,97.555,0,0,202603,False,,2.444999999999993
2025-11-19,A6964000,3개월무위험금리 F 202604,0.0,0.0,0.0,0.0,0.0,97.56,0,0,202604,False,,2.4399999999999977
2025-11-19,A6965000,3개월무위험금리 F 202605,0.0,0.0,0.0,0.0,0.0,97.57,0,0,202605,False,,2.430000000000007
2025-11-19,A6966000,3개월무위험금리 F 202606,0.0,0.0,0.0,0.0,0.0,97.61,0,0,202606,False,,2.3900000000000006
2025-11-19,A6969000,3개월무위험금리 F 202609,0.0,0.0,0.0,0.0,0.0,97.595,0,0,202609,False,,2.405000000000001
2025-11-20,169WC000,3개월무위험금리 F 202512,0.0,0.0,0.0,0.0,0.0,97.5,0,0,202512,False,,2.5
2025-11-20,469WC61S,3개월무위험금리 SP 2512-2601,0.0,0.0,0.0,0.0,0.0,0.0,0,0,,True,,100.0
2025-11-20,469WC62S,3개월무위험금리 SP 2512-2602,0.0,0.0,0.0,0.0,0.0,0.0,0,0,,True,,100.0
2025-11-20,469WC63S,3개월무위험금리 SP 2512-2603,0.0,0.0,0.0,0.0,0.0,0.0,0,0,,True,,100.0
2025-11-20,A6961000,3개월무위험금리 F 202601,0.0,0.0,0.0,0.0,0.0,97.625,0,0,202601,False,,2.375
2025-11-20,A6962000,3개월무위험금리 F 202602,0.0,0.0,0.0,0.0,0.0,97.71,0,0,202602,False,,2.2900000000000063
2025-11-20,A6963000,3개월무위험금리 F 202603,0.0,0.0,0.0,0.0,0.0,97.6,0,0,202603,False,,2.4000000000000057
2025-11-20,A6964000,3개월무위험금리 F 202604,0.0,0.0,0.0,0.0,0.0,97.705,0,0,202604,False,,2.2950000000000017
2025-11-20,A6965000,3개월무위험금리 F 202605,0.0,0.0,0.0,0.0,0.0,97.735,0,0,202605,False,,2.2650000000000006
2025-11-20,A6966000,3개월무위험금리 F 202606,0.0,0.0,0.0,0.0,0.0,97.775,0,0,202606,False,,2.2249999999999943
2025-11-20,A6969000,3개월무위험금리 F 202609,0.0,0.0,0.0,0.0,0.0,97.755,0,0,202609,False,,2.2450000000000045
2025-11-21,169WC000,3개월무위험금리 F 202512,0.0,0.0,0.0,0.0,0.0,97.5,0,0,202512,False,,2.5
2025-11-21,469WC61S,3개월무위험금리 SP 2512-2601,0.0,0.0,0.0,0.0,0.0,0.0,0,0,,True,,100.0
2025-11-21,469WC62S,3개월무위험금리 SP 2512-2602,0.0,0.0,0.0,0.0,0.0,0.0,0,0,,True,,100.0
2025-11-21,469WC63S,3개월무위험금리 SP 2512-2603,0.0,0.0,0.0,0.0,0.0,0.0,0,0,,True,,100.0
2025-11-21,A6961000,3개월무위험금리 F 202601,0.0,0.0,0.0,0.0,0.0,97.605,0,0,202601,False,,2.394999999999996
2025-11-21,A6962000,3개월무위험금리 F 202602,0.0,0.0,0.0,0.0,0.0,97.685,0,0,202602,False,,2.3149999999999977
2025-11-21,A6963000,3개월무위험금리 F 202603,0.0,0.0,0.0,0.0,0.0,97.6,0,0,202603,False,,2.4000000000000057
2025-11-21,A6964000,3개월무위험금리 F 202604,0.0,0.0,0.0,0.0,0.0,97.735,0,0,202604,False,,2.2650000000000006
2025-11-21,A6965000,3개월무위험금리 F 202605,0.0,0.0,0.0,0.0,0.0,97.785,0,0,202605,False,,2.2150000000000034
2025-11-21,A6966000,3개월무위험금리 F 202606,0.0,0.0,0.0,0.0,0.0,97.835,0,0,202606,False,,2.1650000000000063
2025-11-21,A6969000,3개월무위험금리 F 202609,0.0,0.0,0.0,0.0,0.0,97.795,0,0,202609,False,,2.2049999999999983
2025-11-24,169WC000,3개월무위험금리 F 202512,0.0,0.0,0.0,0.0,0.0,97.5,0,0,202512,False,,2.5
2025-11-24,469WC61S,3개월무위험금리 SP 2512-2601,0.0,0.0,0.0,0.0,0.0,0.0,0,0,,True,,100.0
2025-11-24,469WC62S,3개월무위험금리 SP 2512-2602,0.0,0.0,0.0,0.0,0.0,0.0,0,0,,True,,100.0
2025-11-24,469WC63S,3개월무위험금리 SP 2512-2603,0.0,0.0,0.0,0.0,0.0,0.0,0,0,,True,,100.0
2025-11-24,A6961000,3개월무위험금리 F 202601,0.0,0.0,0.0,0.0,0.0,97.595,0,0,202601,False,,2.405000000000001
2025-11-24,A6962000,3개월무위험금리 F 202602,0.0,0.0,0.0,0.0,0.0,97.67,0,0,202602,False,,2.3299999999999983
2025-11-24,A6963000,3개월무위험금리 F 202603,0.0,0.0,0.0,0.0,0.0,97.6,0,0,202603,False,,2.4000000000000057
2025-11-24,A6964000,3개월무위험금리 F 202604,0.0,0.0,0.0,0.0,0.0,97.71,0,0,202604,False,,2.2900000000000063
2025-11-24,A6965000,3개월무위험금리 F 202605,0.0,0.0,0.0,0.0,0.0,97.76,0,0,202605,False,,2.239999999999995
2025-11-24,A6966000,3개월무위험금리 F 202606,0.0,0.0,0.0,0.0,0.0,97.815,0,0,202606,False,,2.1850000000000023
2025-11-24,A6969000,3개월무위험금리 F 202609,0.0,0.0,0.0,0.0,0.0,97.76,0,0,202609,False,,2.239999999999995
2025-11-25,169WC000,3개월무위험금리 F 202512,0.0,0.0,0.0,0.0,0.0,97.5,0,0,202512,False,,2.5
2025-11-25,469WC61S,3개월무위험금리 SP 2512-2601,0.0,0.0,0.0,0.0,0.0,0.0,0,0,,True,,100.0
2025-11-25,469WC62S,3개월무위험금리 SP 2512-2602,0.0,0.0,0.0,0.0,0.0,0.0,0,0,,True,,100.0
2025-11-25,469WC63S,3개월무위험금리 SP 2512-2603,0.0,0.0,0.0,0.0,0.0,0.0,0,0,,True,,100.0
2025-11-25,A6961000,3개월무위험금리 F 202601,0.0,0.0,0.0,0.0,0.0,97.595,0,0,202601,False,,2.405000000000001
2025-11-25,A6962000,3개월무위험금리 F 202602,0.0,0.0,0.0,0.0,0.0,97.67,0,0,202602,False,,2.3299999999999983
2025-11-25,A6963000,3개월무위험금리 F 202603,0.0,0.0,0.0,0.0,0.0,97.6,0,0,202603,False,,2.4000000000000057
2025-11-25,A6964000,3개월무위험금리 F 202604,0.0,0.0,0.0,0.0,0.0,97.7,0,0,202604,False,,2.299999999999997
2025-11-25,A6965000,3개월무위험금리 F 202605,0.0,0.0,0.0,0.0,0.0,97.76,0,0,202605,False,,2.239999999999995
2025-11-25,A6966000,3개월무위험금리 F 202606,0.0,0.0,0.0,0.0,0.0,97.82,0,0,202606,False,,2.180000000000007
2025-11-25,A6969000,3개월무위험금리 F 202609,0.0,0.0,0.0,0.0,0.0,97.755,0,0,202609,False,,2.2450000000000045
2025-11-26,169WC000,3개월무위험금리 F 202512,0.0,0.0,0.0,0.0,0.0,97.5,0,0,202512,False,,2.5
2025-11-26,469WC61S,3개월무위험금리 SP 2512-2601,0.0,0.0,0.0,0.0,0.0,0.0,0,0,,True,,100.0
2025-11-26,469WC62S,3개월무위험금리 SP 2512-2602,0.0,0.0,0.0,0.0,0.0,0.0,0,0,,True,,100.0
2025-11-26,469WC63S,3개월무위험금리 SP 2512-2603,0.0,0.0,0.0,0.0,0.0,0.0,0,0,,True,,100.0
2025-11-26,A6961000,3개월무위험금리 F 202601,0.0,0.0,0.0,0.0,0.0,97.585,0,0,202601,False,,2.4150000000000063
2025-11-26,A6962000,3개월무위험금리 F 202602,0.0,0.0,0.0,0.0,0.0,97.655,0,0,202602,False,,2.344999999999999
2025-11-26,A6963000,3개월무위험금리 F 202603,0.0,0.0,0.0,0.0,0.0,97.6,0,0,202603,False,,2.4000000000000057
2025-11-26,A6964000,3개월무위험금리 F 202604,0.0,0.0,0.0,0.0,0.0,97.72,0,0,202604,False,,2.280000000000001
2025-11-26,A6965000,3개월무위험금리 F 202605,0.0,0.0,0.0,0.0,0.0,97.775,0,0,202605,False,,2.2249999999999943
2025-11-26,A6966000,3개월무위험금리 F 202606,0.0,0.0,0.0,0.0,0.0,97.835,0,0,202606,False,,2.1650000000000063
2025-11-26,A6969000,3개월무위험금리 F 202609,0.0,0.0,0.0,0.0,0.0,97.765,0,0,202609,False,,2.2349999999999994
2025-11-27,169WC000,3개월무위험금리 F 202512,0.0,0.0,0.0,0.0,0.0,97.5,0,0,202512,False,,2.5
2025-11-27,469WC61S,3개월무위험금리 SP 2512-2601,0.0,0.0,0.0,0.0,0.0,0.0,0,0,,True,,100.0
2025-11-27,469WC62S,3개월무위험금리 SP 2512-2602,0.0,0.0,0.0,0.0,0.0,0.0,0,0,,True,,100.0
2025-11-27,469WC63S,3개월무위험금리 SP 2512-2603,0.0,0.0,0.0,0.0,0.0,0.0,0,0,,True,,100.0
2025-11-27,A6961000,3개월무위험금리 F 202601,0.0,0.0,0.0,0.0,0.0,97.56,0,0,202601,False,,2.4399999999999977
2025-11-27,A6962000,3개월무위험금리 F 202602,0.0,0.0,0.0,0.0,0.0,97.62,0,0,202602,False,,2.3799999999999955
2025-11-27,A6963000,3개월무위험금리 F 202603,0.0,0.0,0.0,0.0,0.0,97.64,0,0,202603,False,,2.3599999999999994
2025-11-27,A6964000,3개월무위험금리 F 202604,0.0,0.0,0.0,0.0,0.0,97.645,0,0,202604,False,,2.355000000000004
2025-11-27,A6965000,3개월무위험금리 F 202605,0.0,0.0,0.0,0.0,0.0,97.67,0,0,202605,False,,2.3299999999999983
2025-11-27,A6966000,3개월무위험금리 F 202606,0.0,0.0,0.0,0.0,0.0,97.725,0,0,202606,False,,2.2750000000000057
2025-11-27,A6969000,3개월무위험금리 F 202609,0.0,0.0,0.0,0.0,0.0,97.69,0,0,202609,False,,2.3100000000000023
2025-11-28,169WC000,3개월무위험금리 F 202512,0.0,0.0,0.0,0.0,0.0,97.49,0,0,202512,False,,2.510000000000005
2025-11-28,469WC61S,3개월무위험금리 SP 2512-2601,0.0,0.0,0.0,0.0,0.0,0.0,0,0,,True,,100.0
2025-11-28,469WC62S,3개월무위험금리 SP 2512-2602,0.0,0.0,0.0,0.0,0.0,0.0,0,0,,True,,100.0
2025-11-28,469WC63S,3개월무위험금리 SP 2512-2603,0.0,0.0,0.0,0.0,0.0,0.0,0,0,,True,,100.0
2025-11-28,A6961000,3개월무위험금리 F 202601,0.0,0.0,0.0,0.0,0.0,97.53,0,0,202601,False,,2.469999999999999
2025-11-28,A6962000,3개월무위험금리 F 202602,0.0,0.0,0.0,0.0,0.0,97.57,0,0,202602,False,,2.430000000000007
2025-11-28,A6963000,3개월무위험금리 F 202603,97.57,-0.07,97.57,97.57,97.57,97.57,20,4878500000,202603,False,2.430000000000007,2.430000000000007
2025-11-28,A6964000,3개월무위험금리 F 202604,0.0,0.0,0.0,0.0,0.0,97.535,0,0,202604,False,,2.4650000000000034
2025-11-28,A6965000,3개월무위험금리 F 202605,0.0,0.0,0.0,0.0,0.0,97.505,0,0,202605,False,,2.4950000000000045
2025-11-28,A6966000,3개월무위험금리 F 202606,0.0,0.0,0.0,0.0,0.0,97.545,0,0,202606,False,,2.4549999999999983
2025-11-28,A6969000,3개월무위험금리 F 202609,0.0,0.0,0.0,0.0,0.0,97.52,0,0,202609,False,,2.480000000000004
2025-12-01,169WC000,3개월무위험금리 F 202512,0.0,0.0,0.0,0.0,0.0,97.485,0,0,202512,False,,2.5150000000000006
2025-12-01,469WC61S,3개월무위험금리 SP 2512-2601,0.0,0.0,0.0,0.0,0.0,0.0,0,0,,True,,100.0
2025-12-01,469WC62S,3개월무위험금리 SP 2512-2602,0.0,0.0,0.0,0.0,0.0,0.0,0,0,,True,,100.0
2025-12-01,469WC63S,3개월무위험금리 SP 2512-2603,0.0,0.0,0.0,0.0,0.0,0.0,0,0,,True,,100.0
2025-12-01,A6961000,3개월무위험금리 F 202601,0.0,0.0,0.0,0.0,0.0,97.52,0,0,202601,False,,2.480000000000004
2025-12-01,A6962000,3개월무위험금리 F 202602,0.0,0.0,0.0,0.0,0.0,97.56,0,0,202602,False,,2.4399999999999977
2025-12-01,A6963000,3개월무위험금리 F 202603,0.0,0.0,0.0,0.0,0.0,97.515,0,0,202603,False,,2.4849999999999994
2025-12-01,A6964000,3개월무위험금리 F 202604,0.0,0.0,0.0,0.0,0.0,97.55,0,0,202604,False,,2.450000000000003
2025-12-01,A6965000,3개월무위험금리 F 202605,0.0,0.0,0.0,0.0,0.0,97.555,0,0,202605,False,,2.444999999999993
2025-12-01,A6966000,3개월무위험금리 F 202606,0.0,0.0,0.0,0.0,0.0,97.61,0,0,202606,False,,2.3900000000000006
2025-12-01,A6969000,3개월무위험금리 F 202609,0.0,0.0,0.0,0.0,0.0,97.555,0,0,202609,False,,2.444999999999993
2025-12-02,169WC000,3개월무위험금리 F 202512,0.0,0.0,0.0,0.0,0.0,97.48,0,0,202512,False,,2.519999999999996
2025-12-02,469WC61S,3개월무위험금리 SP 2512-2601,0.0,0.0,0.0,0.0,0.0,0.0,0,0,,True,,100.0
2025-12-02,469WC62S,3개월무위험금리 SP 2512-2602,0.0,0.0,0.0,0.0,0.0,0.0,0,0,,True,,100.0
2025-12-02,469WC63S,3개월무위험금리 SP 2512-2603,0.0,0.0,0.0,0.0,0.0,0.0,0,0,,True,,100.0
2025-12-02,A6961000,3개월무위험금리 F 202601,0.0,0.0,0.0,0.0,0.0,97.515,0,0,202601,False,,2.4849999999999994
2025-12-02,A6962000,3개월무위험금리 F 202602,0.0,0.0,0.0,0.0,0.0,97.545,0,0,202602,False,,2.4549999999999983
2025-12-02,A6963000,3개월무위험금리 F 202603,0.0,0.0,0.0,0.0,0.0,97.515,0,0,202603,False,,2.4849999999999994
2025-12-02,A6964000,3개월무위험금리 F 202604,0.0,0.0,0.0,0.0,0.0,97.51,0,0,202604,False,,2.489999999999995
2025-12-02,A6965000,3개월무위험금리 F 202605,0.0,0.0,0.0,0.0,0.0,97.52,0,0,202605,False,,2.480000000000004
2025-12-02,A6966000,3개월무위험금리 F 202606,0.0,0.0,0.0,0.0,0.0,97.58,0,0,202606,False,,2.4200000000000017
2025-12-02,A6969000,3개월무위험금리 F 202609,0.0,0.0,0.0,0.0,0.0,97.53,0,0,202609,False,,2.469999999999999
2025-12-03,169WC000,3개월무위험금리 F 202512,0.0,0.0,0.0,0.0,0.0,97.48,0,0,202512,False,,2.519999999999996
2025-12-03,469WC61S,3개월무위험금리 SP 2512-2601,0.0,0.0,0.0,0.0,0.0,0.0,0,0,,True,,100.0
2025-12-03,469WC62S,3개월무위험금리 SP 2512-2602,0.0,0.0,0.0,0.0,0.0,0.0,0,0,,True,,100.0
2025-12-03,469WC63S,3개월무위험금리 SP 2512-2603,0.0,0.0,0.0,0.0,0.0,0.0,0,0,,True,,100.0
2025-12-03,A6961000,3개월무위험금리 F 202601,0.0,0.0,0.0,0.0,0.0,97.525,0,0,202601,False,,2.4749999999999943
2025-12-03,A6962000,3개월무위험금리 F 202602,0.0,0.0,0.0,0.0,0.0,97.56,0,0,202602,False,,2.4399999999999977
2025-12-03,A6963000,3개월무위험금리 F 202603,0.0,0.0,0.0,0.0,0.0,97.515,0,0,202603,False,,2.4849999999999994
2025-12-03,A6964000,3개월무위험금리 F 202604,0.0,0.0,0.0,0.0,0.0,97.515,0,0,202604,False,,2.4849999999999994
2025-12-03,A6965000,3개월무위험금리 F 202605,0.0,0.0,0.0,0.0,0.0,97.525,0,0,202605,False,,2.4749999999999943
2025-12-03,A6966000,3개월무위험금리 F 202606,0.0,0.0,0.0,0.0,0.0,97.59,0,0,202606,False,,2.4099999999999966
2025-12-03,A6969000,3개월무위험금리 F 202609,0.0,0.0,0.0,0.0,0.0,97.54,0,0,202609,False,,2.4599999999999937
2025-12-04,169WC000,3개월무위험금리 F 202512,0.0,0.0,0.0,0.0,0.0,97.485,0,0,202512,False,,2.5150000000000006
2025-12-04,469WC61S,3개월무위험금리 SP 2512-2601,0.0,0.0,0.0,0.0,0.0,0.0,0,0,,True,,100.0
2025-12-04,469WC62S,3개월무위험금리 SP 2512-2602,0.0,0.0,0.0,0.0,0.0,0.0,0,0,,True,,100.0
2025-12-04,469WC63S,3개월무위험금리 SP 2512-2603,0.0,0.0,0.0,0.0,0.0,0.0,0,0,,True,,100.0
2025-12-04,A6961000,3개월무위험금리 F 202601,0.0,0.0,0.0,0.0,0.0,97.53,0,0,202601,False,,2.469999999999999
2025-12-04,A6962000,3개월무위험금리 F 202602,0.0,0.0,0.0,0.0,0.0,97.57,0,0,202602,False,,2.430000000000007
2025-12-04,A6963000,3개월무위험금리 F 202603,97.48,-0.035,97.48,97.48,97.48,97.48,10,2437000000,202603,False,2.519999999999996,2.519999999999996
2025-12-04,A6964000,3개월무위험금리 F 202604,0.0,0.0,0.0,0.0,0.0,97.565,0,0,202604,False,,2.4350000000000023
2025-12-04,A6965000,3개월무위험금리 F 202605,0.0,0.0,0.0,0.0,0.0,97.59,0,0,202605,False,,2.4099999999999966
2025-12-04,A6966000,3개월무위험금리 F 202606,0.0,0.0,0.0,0.0,0.0,97.66,0,0,202606,False,,2.3400000000000034
2025-12-04,A6969000,3개월무위험금리 F 202609,0.0,0.0,0.0,0.0,0.0,97.6,0,0,202609,False,,2.4000000000000057
2025-12-05,169WC000,3개월무위험금리 F 202512,0.0,0.0,0.0,0.0,0.0,97.485,0,0,202512,False,,2.5150000000000006
2025-12-05,469WC61S,3개월무위험금리 SP 2512-2601,0.0,0.0,0.0,0.0,0.0,0.0,0,0,,True,,100.0
2025-12-05,469WC62S,3개월무위험금리 SP 2512-2602,0.0,0.0,0.0,0.0,0.0,0.0,0,0,,True,,100.0
2025-12-05,469WC63S,3개월무위험금리 SP 2512-2603,0.0,0.0,0.0,0.0,0.0,0.0,0,0,,True,,100.0
2025-12-05,A6961000,3개월무위험금리 F 202601,0.0,0.0,0.0,0.0,0.0,97.54,0,0,202601,False,,2.4599999999999937
2025-12-05,A6962000,3개월무위험금리 F 202602,0.0,0.0,0.0,0.0,0.0,97.595,0,0,202602,False,,2.405000000000001
2025-12-05,A6963000,3개월무위험금리 F 202603,0.0,0.0,0.0,0.0,0.0,97.495,0,0,202603,False,,2.5049999999999955
2025-12-05,A6964000,3개월무위험금리 F 202604,0.0,0.0,0.0,0.0,0.0,97.6,0,0,202604,False,,2.4000000000000057
2025-12-05,A6965000,3개월무위험금리 F 202605,0.0,0.0,0.0,0.0,0.0,97.635,0,0,202605,False,,2.364999999999995
2025-12-05,A6966000,3개월무위험금리 F 202606,0.0,0.0,0.0,0.0,0.0,97.72,0,0,202606,False,,2.280000000000001
2025-12-05,A6969000,3개월무위험금리 F 202609,0.0,0.0,0.0,0.0,0.0,97.685,0,0,202609,False,,2.3149999999999977
2025-12-08,169WC000,3개월무위험금리 F 202512,0.0,0.0,0.0,0.0,0.0,97.49,0,0,202512,False,,2.510000000000005
2025-12-08,469WC61S,3개월무위험금리 SP 2512-2601,0.0,0.0,0.0,0.0,0.0,0.0,0,0,,True,,100.0
2025-12-08,469WC62S,3개월무위험금리 SP 2512-2602,0.0,0.0,0.0,0.0,0.0,0.0,0,0,,True,,100.0
2025-12-08,469WC63S,3개월무위험금리 SP 2512-2603,0.0,0.0,0.0,0.0,0.0,0.0,0,0,,True,,100.0
2025-12-08,A6961000,3개월무위험금리 F 202601,0.0,0.0,0.0,0.0,0.0,97.585,0,0,202601,False,,2.4150000000000063
2025-12-08,A6962000,3개월무위험금리 F 202602,0.0,0.0,0.0,0.0,0.0,97.67,0,0,202602,False,,2.3299999999999983
2025-12-08,A6963000,3개월무위험금리 F 202603,0.0,0.0,0.0,0.0,0.0,97.495,0,0,202603,False,,2.5049999999999955
2025-12-08,A6964000,3개월무위험금리 F 202604,0.0,0.0,0.0,0.0,0.0,97.675,0,0,202604,False,,2.325000000000003
2025-12-08,A6965000,3개월무위험금리 F 202605,0.0,0.0,0.0,0.0,0.0,97.72,0,0,202605,False,,2.280000000000001
2025-12-08,A6966000,3개월무위험금리 F 202606,0.0,0.0,0.0,0.0,0.0,97.825,0,0,202606,False,,2.174999999999997
2025-12-08,A6969000,3개월무위험금리 F 202609,0.0,0.0,0.0,0.0,0.0,97.775,0,0,202609,False,,2.2249999999999943
2025-12-09,169WC000,3개월무위험금리 F 202512,0.0,0.0,0.0,0.0,0.0,97.49,0,0,202512,False,,2.510000000000005
2025-12-09,469WC61S,3개월무위험금리 SP 2512-2601,0.0,0.0,0.0,0.0,0.0,0.0,0,0,,True,,100.0
2025-12-09,469WC62S,3개월무위험금리 SP 2512-2602,0.0,0.0,0.0,0.0,0.0,0.0,0,0,,True,,100.0
2025-12-09,469WC63S,3개월무위험금리 SP 2512-2603,0.0,0.0,0.0,0.0,0.0,0.0,0,0,,True,,100.0
2025-12-09,A6961000,3개월무위험금리 F 202601,0.0,0.0,0.0,0.0,0.0,97.59,0,0,202601,False,,2.4099999999999966
2025-12-09,A6962000,3개월무위험금리 F 202602,0.0,0.0,0.0,0.0,0.0,97.685,0,0,202602,False,,2.3149999999999977
2025-12-09,A6963000,3개월무위험금리 F 202603,0.0,0.0,0.0,0.0,0.0,97.765,0,0,202603,False,,2.2349999999999994
2025-12-09,A6964000,3개월무위험금리 F 202604,0.0,0.0,0.0,0.0,0.0,97.74,0,0,202604,False,,2.260000000000005
2025-12-09,A6965000,3개월무위험금리 F 202605,0.0,0.0,0.0,0.0,0.0,97.765,0,0,202605,False,,2.2349999999999994
2025-12-09,A6966000,3개월무위험금리 F 202606,0.0,0.0,0.0,0.0,0.0,97.86,0,0,202606,False,,2.1400000000000006
2025-12-09,A6969000,3개월무위험금리 F 202609,0.0,0.0,0.0,0.0,0.0,97.82,0,0,202609,False,,2.180000000000007
2025-12-10,169WC000,3개월무위험금리 F 202512,0.0,0.0,0.0,0.0,0.0,97.495,0,0,202512,False,,2.5049999999999955
2025-12-10,469WC61S,3개월무위험금리 SP 2512-2601,0.0,0.0,0.0,0.0,0.0,0.0,0,0,,True,,100.0
2025-12-10,469WC62S,3개월무위험금리 SP 2512-2602,0.0,0.0,0.0,0.0,0.0,0.0,0,0,,True,,100.0
2025-12-10,469WC63S,3개월무위험금리 SP 2512-2603,0.0,0.0,0.0,0.0,0.0,0.0,0,0,,True,,100.0
2025-12-10,A6961000,3개월무위험금리 F 202601,0.0,0.0,0.0,0.0,0.0,97.62,0,0,202601,False,,2.3799999999999955
2025-12-10,A6962000,3개월무위험금리 F 202602,0.0,0.0,0.0,0.0,0.0,97.735,0,0,202602,False,,2.2650000000000006
2025-12-10,A6963000,3개월무위험금리 F 202603,0.0,0.0,0.0,0.0,0.0,97.8,0,0,202603,False,,2.200000000000003
2025-12-10,A6964000,3개월무위험금리 F 202604,0.0,0.0,0.0,0.0,0.0,97.76,0,0,202604,False,,2.239999999999995
2025-12-10,A6965000,3개월무위험금리 F 202605,0.0,0.0,0.0,0.0,0.0,97.76,0,0,202605,False,,2.239999999999995
2025-12-10,A6966000,3개월무위험금리 F 202606,0.0,0.0,0.0,0.0,0.0,97.835,0,0,202606,False,,2.1650000000000063
2025-12-10,A6969000,3개월무위험금리 F 202609,0.0,0.0,0.0,0.0,0.0,97.8,0,0,202609,False,,2.200000000000003
2025-12-11,169WC000,3개월무위험금리 F 202512,0.0,0.0,0.0,0.0,0.0,97.49,0,0,202512,False,,2.510000000000005
2025-12-11,469WC61S,3개월무위험금리 SP 2512-2601,0.0,0.0,0.0,0.0,0.0,0.0,0,0,,True,,100.0
2025-12-11,469WC62S,3개월무위험금리 SP 2512-2602,0.0,0.0,0.0,0.0,0.0,0.0,0,0,,True,,100.0
2025-12-11,469WC63S,3개월무위험금리 SP 2512-2603,0.0,0.0,0.0,0.0,0.0,0.0,0,0,,True,,100.0
2025-12-11,A6961000,3개월무위험금리 F 202601,0.0,0.0,0.0,0.0,0.0,97.645,0,0,202601,False,,2.355000000000004
2025-12-11,A6962000,3개월무위험금리 F 202602,0.0,0.0,0.0,0.0,0.0,97.79,0,0,202602,False,,2.2099999999999937
2025-12-11,A6963000,3개월무위험금리 F 202603,0.0,0.0,0.0,0.0,0.0,97.495,0,0,202603,False,,2.5049999999999955
2025-12-11,A6964000,3개월무위험금리 F 202604,0.0,0.0,0.0,0.0,0.0,97.835,0,0,202604,False,,2.1650000000000063
2025-12-11,A6965000,3개월무위험금리 F 202605,0.0,0.0,0.0,0.0,0.0,97.865,0,0,202605,False,,2.135000000000005
2025-12-11,A6966000,3개월무위험금리 F 202606,0.0,0.0,0.0,0.0,0.0,97.965,0,0,202606,False,,2.0349999999999966
2025-12-11,A6969000,3개월무위험금리 F 202609,0.0,0.0,0.0,0.0,0.0,97.905,0,0,202609,False,,2.094999999999999
2025-12-12,169WC000,3개월무위험금리 F 202512,0.0,0.0,0.0,0.0,0.0,97.48,0,0,202512,False,,2.519999999999996
2025-12-12,469WC61S,3개월무위험금리 SP 2512-2601,0.0,0.0,0.0,0.0,0.0,0.0,0,0,,True,,100.0
2025-12-12,469WC62S,3개월무위험금리 SP 2512-2602,0.0,0.0,0.0,0.0,0.0,0.0,0,0,,True,,100.0
2025-12-12,469WC63S,3개월무위험금리 SP 2512-2603,0.0,0.0,0.0,0.0,0.0,0.0,0,0,,True,,100.0
2025-12-12,A6961000,3개월무위험금리 F 202601,0.0,0.0,0.0,0.0,0.0,97.575,0,0,202601,False,,2.424999999999997
2025-12-12,A6962000,3개월무위험금리 F 202602,0.0,0.0,0.0,0.0,0.0,97.665,0,0,202602,False,,2.3349999999999937
2025-12-12,A6963000,3개월무위험금리 F 202603,0.0,0.0,0.0,0.0,0.0,97.495,0,0,202603,False,,2.5049999999999955
2025-12-12,A6964000,3개월무위험금리 F 202604,0.0,0.0,0.0,0.0,0.0,97.795,0,0,202604,False,,2.2049999999999983
2025-12-12,A6965000,3개월무위험금리 F 202605,0.0,0.0,0.0,0.0,0.0,97.83,0,0,202605,False,,2.1700000000000017
2025-12-12,A6966000,3개월무위험금리 F 202606,0.0,0.0,0.0,0.0,0.0,97.935,0,0,202606,False,,2.0649999999999977
2025-12-12,A6969000,3개월무위험금리 F 202609,0.0,0.0,0.0,0.0,0.0,97.845,0,0,202609,False,,2.155000000000001
2025-12-15,169WC000,3개월무위험금리 F 202512,0.0,0.0,0.0,0.0,0.0,97.47,0,0,202512,False,,2.530000000000001
2025-12-15,469WC61S,3개월무위험금리 SP 2512-2601,0.0,0.0,0.0,0.0,0.0,0.0,0,0,,True,,100.0
2025-12-15,469WC62S,3개월무위험금리 SP 2512-2602,0.0,0.0,0.0,0.0,0.0,0.0,0,0,,True,,100.0
2025-12-15,469WC63S,3개월무위험금리 SP 2512-2603,0.0,0.0,0.0,0.0,0.0,0.0,0,0,,True,,100.0
2025-12-15,A6961000,3개월무위험금리 F 202601,0.0,0.0,0.0,0.0,0.0,97.595,0,0,202601,False,,2.405000000000001
2025-12-15,A6962000,3개월무위험금리 F 202602,0.0,0.0,0.0,0.0,0.0,97.705,0,0,202602,False,,2.2950000000000017
2025-12-15,A6963000,3개월무위험금리 F 202603,0.0,0.0,0.0,0.0,0.0,97.495,0,0,202603,False,,2.5049999999999955
2025-12-15,A6964000,3개월무위험금리 F 202604,0.0,0.0,0.0,0.0,0.0,97.7,0,0,202604,False,,2.299999999999997
2025-12-15,A6965000,3개월무위험금리 F 202605,0.0,0.0,0.0,0.0,0.0,97.745,0,0,202605,False,,2.2549999999999955
2025-12-15,A6966000,3개월무위험금리 F 202606,0.0,0.0,0.0,0.0,0.0,97.88,0,0,202606,False,,2.1200000000000045
2025-12-15,A6969000,3개월무위험금리 F 202609,0.0,0.0,0.0,0.0,0.0,97.785,0,0,202609,False,,2.2150000000000034
2025-12-16,169WC000,3개월무위험금리 F 202512,0.0,0.0,0.0,0.0,0.0,97.465,0,0,202512,False,,2.5349999999999966
2025-12-16,469WC61S,3개월무위험금리 SP 2512-2601,0.0,0.0,0.0,0.0,0.0,0.0,0,0,,True,,100.0
2025-12-16,469WC62S,3개월무위험금리 SP 2512-2602,0.0,0.0,0.0,0.0,0.0,0.0,0,0,,True,,100.0
2025-12-16,469WC63S,3개월무위험금리 SP 2512-2603,0.0,0.0,0.0,0.0,0.0,0.0,0,0,,True,,100.0
2025-12-16,A6961000,3개월무위험금리 F 202601,0.0,0.0,0.0,0.0,0.0,97.55,0,0,202601,False,,2.450000000000003
2025-12-16,A6962000,3개월무위험금리 F 202602,0.0,0.0,0.0,0.0,0.0,97.625,0,0,202602,False,,2.375
2025-12-16,A6963000,3개월무위험금리 F 202603,0.0,0.0,0.0,0.0,0.0,97.495,0,0,202603,False,,2.5049999999999955
2025-12-16,A6964000,3개월무위험금리 F 202604,0.0,0.0,0.0,0.0,0.0,97.75,0,0,202604,False,,2.25
2025-12-16,A6965000,3개월무위험금리 F 202605,0.0,0.0,0.0,0.0,0.0,97.785,0,0,202605,False,,2.2150000000000034
2025-12-16,A6966000,3개월무위험금리 F 202606,0.0,0.0,0.0,0.0,0.0,97.915,0,0,202606,False,,2.0849999999999937
2025-12-16,A6969000,3개월무위험금리 F 202609,0.0,0.0,0.0,0.0,0.0,97.88,0,0,202609,False,,2.1200000000000045
2025-12-17,A6961000,3개월무위험금리 F 202601,0.0,0.0,0.0,0.0,0.0,97.49,0,0,202601,False,,2.510000000000005
2025-12-17,A6962000,3개월무위험금리 F 202602,0.0,0.0,0.0,0.0,0.0,97.64,0,0,202602,False,,2.3599999999999994
2025-12-17,A6963000,3개월무위험금리 F 202603,0.0,0.0,0.0,0.0,0.0,97.695,0,0,202603,False,,2.305000000000007
2025-12-17,A6964000,3개월무위험금리 F 202604,0.0,0.0,0.0,0.0,0.0,97.495,0,0,202604,False,,2.5049999999999955
2025-12-17,A6965000,3개월무위험금리 F 202605,0.0,0.0,0.0,0.0,0.0,97.69,0,0,202605,False,,2.3100000000000023
2025-12-17,A6966000,3개월무위험금리 F 202606,0.0,0.0,0.0,0.0,0.0,97.82,0,0,202606,False,,2.180000000000007
2025-12-17,A6969000,3개월무위험금리 F 202609,0.0,0.0,0.0,0.0,0.0,97.805,0,0,202609,False,,2.194999999999993
2025-12-17,A696C000,3개월무위험금리 F 202612,0.0,0.0,0.0,0.0,0.0,97.655,0,0,202612,False,,2.344999999999999
2025-12-17,D696162S,3개월무위험금리 SP 2601-2602,0.0,0.0,0.0,0.0,0.0,0.0,0,0,,True,,100.0
2025-12-17,D696163S,3개월무위험금리 SP 2601-2603,0.0,0.0,0.0,0.0,0.0,0.0,0,0,,True,,100.0
2025-12-17,D696164S,3개월무위험금리 SP 2601-2604,0.0,0.0,0.0,0.0,0.0,0.0,0,0,,True,,100.0
2025-12-18,A6961000,3개월무위험금리 F 202601,0.0,0.0,0.0,0.0,0.0,97.55,0,0,202601,False,,2.450000000000003
2025-12-18,A6962000,3개월무위험금리 F 202602,0.0,0.0,0.0,0.0,0.0,97.635,0,0,202602,False,,2.364999999999995
2025-12-18,A6963000,3개월무위험금리 F 202603,0.0,0.0,0.0,0.0,0.0,97.715,0,0,202603,False,,2.2849999999999966
2025-12-18,A6964000,3개월무위험금리 F 202604,0.0,0.0,0.0,0.0,0.0,97.685,0,0,202604,False,,2.3149999999999977
2025-12-18,A6965000,3개월무위험금리 F 202605,0.0,0.0,0.0,0.0,0.0,97.72,0,0,202605,False,,2.280000000000001
2025-12-18,A6966000,3개월무위험금리 F 202606,0.0,0.0,0.0,0.0,0.0,97.855,0,0,202606,False,,2.144999999999996
2025-12-18,A6969000,3개월무위험금리 F 202609,0.0,0.0,0.0,0.0,0.0,97.835,0,0,202609,False,,2.1650000000000063
2025-12-18,A696C000,3개월무위험금리 F 202612,0.0,0.0,0.0,0.0,0.0,97.69,0,0,202612,False,,2.3100000000000023
2025-12-18,D696162S,3개월무위험금리 SP 2601-2602,0.0,0.0,0.0,0.0,0.0,0.0,0,0,,True,,100.0
2025-12-18,D696163S,3개월무위험금리 SP 2601-2603,0.0,0.0,0.0,0.0,0.0,0.0,0,0,,True,,100.0
2025-12-18,D696164S,3개월무위험금리 SP 2601-2604,0.0,0.0,0.0,0.0,0.0,0.0,0,0,,True,,100.0
2025-12-19,A6961000,3개월무위험금리 F 202601,0.0,0.0,0.0,0.0,0.0,97.49,0,0,202601,False,,2.510000000000005
2025-12-19,A6962000,3개월무위험금리 F 202602,0.0,0.0,0.0,0.0,0.0,97.645,0,0,202602,False,,2.355000000000004
2025-12-19,A6963000,3개월무위험금리 F 202603,0.0,0.0,0.0,0.0,0.0,97.73,0,0,202603,False,,2.269999999999996
2025-12-19,A6964000,3개월무위험금리 F 202604,0.0,0.0,0.0,0.0,0.0,97.495,0,0,202604,False,,2.5049999999999955
2025-12-19,A6965000,3개월무위험금리 F 202605,0.0,0.0,0.0,0.0,0.0,97.755,0,0,202605,False,,2.2450000000000045
2025-12-19,A6966000,3개월무위험금리 F 202606,0.0,0.0,0.0,0.0,0.0,97.895,0,0,202606,False,,2.105000000000004
2025-12-19,A6969000,3개월무위험금리 F 202609,0.0,0.0,0.0,0.0,0.0,97.86,0,0,202609,False,,2.1400000000000006
2025-12-19,A696C000,3개월무위험금리 F 202612,0.0,0.0,0.0,0.0,0.0,97.76,0,0,202612,False,,2.239999999999995
2025-12-19,D696162S,3개월무위험금리 SP 2601-2602,0.0,0.0,0.0,0.0,0.0,0.0,0,0,,True,,100.0
2025-12-19,D696163S,3개월무위험금리 SP 2601-2603,0.0,0.0,0.0,0.0,0.0,0.0,0,0,,True,,100.0
2025-12-19,D696164S,3개월무위험금리 SP 2601-2604,0.0,0.0,0.0,0.0,0.0,0.0,0,0,,True,,100.0
2025-12-22,A6961000,3개월무위험금리 F 202601,0.0,0.0,0.0,0.0,0.0,97.49,0,0,202601,False,,2.510000000000005
2025-12-22,A6962000,3개월무위험금리 F 202602,0.0,0.0,0.0,0.0,0.0,97.645,0,0,202602,False,,2.355000000000004
2025-12-22,A6963000,3개월무위험금리 F 202603,0.0,0.0,0.0,0.0,0.0,97.735,0,0,202603,False,,2.2650000000000006
2025-12-22,A6964000,3개월무위험금리 F 202604,0.0,0.0,0.0,0.0,0.0,97.495,0,0,202604,False,,2.5049999999999955
2025-12-22,A6965000,3개월무위험금리 F 202605,0.0,0.0,0.0,0.0,0.0,97.785,0,0,202605,False,,2.2150000000000034
2025-12-22,A6966000,3개월무위험금리 F 202606,0.0,0.0,0.0,0.0,0.0,97.92,0,0,202606,False,,2.0799999999999983
2025-12-22,A6969000,3개월무위험금리 F 202609,0.0,0.0,0.0,0.0,0.0,97.895,0,0,202609,False,,2.105000000000004
2025-12-22,A696C000,3개월무위험금리 F 202612,0.0,0.0,0.0,0.0,0.0,97.8,0,0,202612,False,,2.200000000000003
2025-12-22,D696162S,3개월무위험금리 SP 2601-2602,0.0,0.0,0.0,0.0,0.0,0.0,0,0,,True,,100.0
2025-12-22,D696163S,3개월무위험금리 SP 2601-2603,0.0,0.0,0.0,0.0,0.0,0.0,0,0,,True,,100.0
2025-12-22,D696164S,3개월무위험금리 SP 2601-2604,0.0,0.0,0.0,0.0,0.0,0.0,0,0,,True,,100.0
2025-12-23,A6961000,3개월무위험금리 F 202601,0.0,0.0,0.0,0.0,0.0,97.585,0,0,202601,False,,2.4150000000000063
2025-12-23,A6962000,3개월무위험금리 F 202602,0.0,0.0,0.0,0.0,0.0,97.715,0,0,202602,False,,2.2849999999999966
2025-12-23,A6963000,3개월무위험금리 F 202603,0.0,0.0,0.0,0.0,0.0,97.84,0,0,202603,False,,2.1599999999999966
2025-12-23,A6964000,3개월무위험금리 F 202604,0.0,0.0,0.0,0.0,0.0,97.78,0,0,202604,False,,2.219999999999999
2025-12-23,A6965000,3개월무위험금리 F 202605,0.0,0.0,0.0,0.0,0.0,97.81,0,0,202605,False,,2.1899999999999977
2025-12-23,A6966000,3개월무위험금리 F 202606,0.0,0.0,0.0,0.0,0.0,97.94,0,0,202606,False,,2.0600000000000023
2025-12-23,A6969000,3개월무위험금리 F 202609,0.0,0.0,0.0,0.0,0.0,97.945,0,0,202609,False,,2.055000000000007
2025-12-23,A696C000,3개월무위험금리 F 202612,0.0,0.0,0.0,0.0,0.0,97.835,0,0,202612,False,,2.1650000000000063
2025-12-23,D696162S,3개월무위험금리 SP 2601-2602,0.0,0.0,0.0,0.0,0.0,0.0,0,0,,True,,100.0
2025-12-23,D696163S,3개월무위험금리 SP 2601-2603,0.0,0.0,0.0,0.0,0.0,0.0,0,0,,True,,100.0
2025-12-23,D696164S,3개월무위험금리 SP 2601-2604,0.0,0.0,0.0,0.0,0.0,0.0,0,0,,True,,100.0
2025-12-24,A6961000,3개월무위험금리 F 202601,0.0,0.0,0.0,0.0,0.0,97.49,0,0,202601,False,,2.510000000000005
2025-12-24,A6962000,3개월무위험금리 F 202602,0.0,0.0,0.0,0.0,0.0,97.765,0,0,202602,False,,2.2349999999999994
2025-12-24,A6963000,3개월무위험금리 F 202603,0.0,0.0,0.0,0.0,0.0,97.92,0,0,202603,False,,2.0799999999999983
2025-12-24,A6964000,3개월무위험금리 F 202604,0.0,0.0,0.0,0.0,0.0,97.495,0,0,202604,False,,2.5049999999999955
2025-12-24,A6965000,3개월무위험금리 F 202605,0.0,0.0,0.0,0.0,0.0,97.88,0,0,202605,False,,2.1200000000000045
2025-12-24,A6966000,3개월무위험금리 F 202606,0.0,0.0,0.0,0.0,0.0,98.015,0,0,202606,False,,1.9849999999999994
2025-12-24,A6969000,3개월무위험금리 F 202609,0.0,0.0,0.0,0.0,0.0,98.02,0,0,202609,False,,1.980000000000004
2025-12-24,A696C000,3개월무위험금리 F 202612,0.0,0.0,0.0,0.0,0.0,97.915,0,0,202612,False,,2.0849999999999937
2025-12-24,D696162S,3개월무위험금리 SP 2601-2602,0.0,0.0,0.0,0.0,0.0,0.0,0,0,,True,,100.0
2025-12-24,D696163S,3개월무위험금리 SP 2601-2603,0.0,0.0,0.0,0.0,0.0,0.0,0,0,,True,,100.0
2025-12-24,D696164S,3개월무위험금리 SP 2601-2604,0.0,0.0,0.0,0.0,0.0,0.0,0,0,,True,,100.0
2025-12-26,A6961000,3개월무위험금리 F 202601,0.0,0.0,0.0,0.0,0.0,97.49,0,0,202601,False,,2.510000000000005
2025-12-26,A6962000,3개월무위험금리 F 202602,0.0,0.0,0.0,0.0,0.0,97.75,0,0,202602,False,,2.25
2025-12-26,A6963000,3개월무위험금리 F 202603,0.0,0.0,0.0,0.0,0.0,97.9,0,0,202603,False,,2.0999999999999943
2025-12-26,A6964000,3개월무위험금리 F 202604,0.0,0.0,0.0,0.0,0.0,97.495,0,0,202604,False,,2.5049999999999955
2025-12-26,A6965000,3개월무위험금리 F 202605,0.0,0.0,0.0,0.0,0.0,97.95,0,0,202605,False,,2.049999999999997
2025-12-26,A6966000,3개월무위험금리 F 202606,0.0,0.0,0.0,0.0,0.0,98.07,0,0,202606,False,,1.9300000000000068
2025-12-26,A6969000,3개월무위험금리 F 202609,0.0,0.0,0.0,0.0,0.0,98.1,0,0,202609,False,,1.9000000000000057
2025-12-26,A696C000,3개월무위험금리 F 202612,0.0,0.0,0.0,0.0,0.0,97.995,0,0,202612,False,,2.0049999999999955
2025-12-26,D696162S,3개월무위험금리 SP 2601-2602,0.0,0.0,0.0,0.0,0.0,0.0,0,0,,True,,100.0
2025-12-26,D696163S,3개월무위험금리 SP 2601-2603,0.0,0.0,0.0,0.0,0.0,0.0,0,0,,True,,100.0
2025-12-26,D696164S,3개월무위험금리 SP 2601-2604,0.0,0.0,0.0,0.0,0.0,0.0,0,0,,True,,100.0
2025-12-29,A6961000,3개월무위험금리 F 202601,0.0,0.0,0.0,0.0,0.0,97.49,0,0,202601,False,,2.510000000000005
2025-12-29,A6962000,3개월무위험금리 F 202602,0.0,0.0,0.0,0.0,0.0,97.715,0,0,202602,False,,2.2849999999999966
2025-12-29,A6963000,3개월무위험금리 F 202603,0.0,0.0,0.0,0.0,0.0,97.855,0,0,202603,False,,2.144999999999996
2025-12-29,A6964000,3개월무위험금리 F 202604,0.0,0.0,0.0,0.0,0.0,97.495,0,0,202604,False,,2.5049999999999955
2025-12-29,A6965000,3개월무위험금리 F 202605,0.0,0.0,0.0,0.0,0.0,97.94,0,0,202605,False,,2.0600000000000023
2025-12-29,A6966000,3개월무위험금리 F 202606,0.0,0.0,0.0,0.0,0.0,98.06,0,0,202606,False,,1.9399999999999977
2025-12-29,A6969000,3개월무위험금리 F 202609,0.0,0.0,0.0,0.0,0.0,98.115,0,0,202609,False,,1.8850000000000051
2025-12-29,A696C000,3개월무위험금리 F 202612,0.0,0.0,0.0,0.0,0.0,98.025,0,0,202612,False,,1.9749999999999943
2025-12-29,D696162S,3개월무위험금리 SP 2601-2602,0.0,0.0,0.0,0.0,0.0,0.0,0,0,,True,,100.0
2025-12-29,D696163S,3개월무위험금리 SP 2601-2603,0.0,0.0,0.0,0.0,0.0,0.0,0,0,,True,,100.0
2025-12-29,D696164S,3개월무위험금리 SP 2601-2604,0.0,0.0,0.0,0.0,0.0,0.0,0,0,,True,,100.0
2025-12-30,A6961000,3개월무위험금리 F 202601,0.0,0.0,0.0,0.0,0.0,97.49,0,0,202601,False,,2.510000000000005
2025-12-30,A6962000,3개월무위험금리 F 202602,0.0,0.0,0.0,0.0,0.0,97.66,0,0,202602,False,,2.3400000000000034
2025-12-30,A6963000,3개월무위험금리 F 202603,0.0,0.0,0.0,0.0,0.0,97.775,0,0,202603,False,,2.2249999999999943
2025-12-30,A6964000,3개월무위험금리 F 202604,0.0,0.0,0.0,0.0,0.0,97.495,0,0,202604,False,,2.5049999999999955
2025-12-30,A6965000,3개월무위험금리 F 202605,0.0,0.0,0.0,0.0,0.0,97.905,0,0,202605,False,,2.094999999999999
2025-12-30,A6966000,3개월무위험금리 F 202606,0.0,0.0,0.0,0.0,0.0,98.025,0,0,202606,False,,1.9749999999999943
2025-12-30,A6969000,3개월무위험금리 F 202609,0.0,0.0,0.0,0.0,0.0,98.095,0,0,202609,False,,1.9050000000000011
2025-12-30,A696C000,3개월무위험금리 F 202612,0.0,0.0,0.0,0.0,0.0,98.045,0,0,202612,False,,1.9549999999999983
2025-12-30,D696162S,3개월무위험금리 SP 2601-2602,0.0,0.0,0.0,0.0,0.0,0.0,0,0,,True,,100.0
2025-12-30,D696163S,3개월무위험금리 SP 2601-2603,0.0,0.0,0.0,0.0,0.0,0.0,0,0,,True,,100.0
2025-12-30,D696164S,3개월무위험금리 SP 2601-2604,0.0,0.0,0.0,0.0,0.0,0.0,0,0,,True,,100.0
2026-01-02,A6961000,3개월무위험금리 F 202601,0.0,0.0,0.0,0.0,0.0,97.49,0,0,202601,False,,2.510000000000005
2026-01-02,A6962000,3개월무위험금리 F 202602,0.0,0.0,0.0,0.0,0.0,97.64,0,0,202602,False,,2.3599999999999994
2026-01-02,A6963000,3개월무위험금리 F 202603,0.0,0.0,0.0,0.0,0.0,97.75,0,0,202603,False,,2.25
2026-01-02,A6964000,3개월무위험금리 F 202604,0.0,0.0,0.0,0.0,0.0,97.495,0,0,202604,False,,2.5049999999999955
2026-01-02,A6965000,3개월무위험금리 F 202605,0.0,0.0,0.0,0.0,0.0,97.805,0,0,202605,False,,2.194999999999993
2026-01-02,A6966000,3개월무위험금리 F 202606,0.0,0.0,0.0,0.0,0.0,97.895,0,0,202606,False,,2.105000000000004
2026-01-02,A6969000,3개월무위험금리 F 202609,0.0,0.0,0.0,0.0,0.0,97.935,0,0,202609,False,,2.0649999999999977
2026-01-02,A696C000,3개월무위험금리 F 202612,0.0,0.0,0.0,0.0,0.0,97.865,0,0,202612,False,,2.135000000000005
2026-01-02,D696162S,3개월무위험금리 SP 2601-2602,0.0,0.0,0.0,0.0,0.0,0.0,0,0,,True,,100.0
2026-01-02,D696163S,3개월무위험금리 SP 2601-2603,0.0,0.0,0.0,0.0,0.0,0.0,0,0,,True,,100.0
2026-01-02,D696164S,3개월무위험금리 SP 2601-2604,0.0,0.0,0.0,0.0,0.0,0.0,0,0,,True,,100.0
2026-01-05,A6961000,3개월무위험금리 F 202601,0.0,0.0,0.0,0.0,0.0,97.49,0,0,202601,False,,2.510000000000005
2026-01-05,A6962000,3개월무위험금리 F 202602,0.0,0.0,0.0,0.0,0.0,97.61,0,0,202602,False,,2.3900000000000006
2026-01-05,A6963000,3개월무위험금리 F 202603,0.0,0.0,0.0,0.0,0.0,97.71,0,0,202603,False,,2.2900000000000063
2026-01-05,A6964000,3개월무위험금리 F 202604,0.0,0.0,0.0,0.0,0.0,97.495,0,0,202604,False,,2.5049999999999955
2026-01-05,A6965000,3개월무위험금리 F 202605,0.0,0.0,0.0,0.0,0.0,97.785,0,0,202605,False,,2.2150000000000034
2026-01-05,A6966000,3개월무위험금리 F 202606,0.0,0.0,0.0,0.0,0.0,97.845,0,0,202606,False,,2.155000000000001
2026-01-05,A6969000,3개월무위험금리 F 202609,0.0,0.0,0.0,0.0,0.0,97.895,0,0,202609,False,,2.105000000000004
2026-01-05,A696C000,3개월무위험금리 F 202612,0.0,0.0,0.0,0.0,0.0,97.835,0,0,202612,False,,2.1650000000000063
2026-01-05,D696162S,3개월무위험금리 SP 2601-2602,0.0,0.0,0.0,0.0,0.0,0.0,0,0,,True,,100.0
2026-01-05,D696163S,3개월무위험금리 SP 2601-2603,0.0,0.0,0.0,0.0,0.0,0.0,0,0,,True,,100.0
2026-01-05,D696164S,3개월무위험금리 SP 2601-2604,0.0,0.0,0.0,0.0,0.0,0.0,0,0,,True,,100.0
2026-01-06,A6961000,3개월무위험금리 F 202601,0.0,0.0,0.0,0.0,0.0,97.49,0,0,202601,False,,2.510000000000005
2026-01-06,A6962000,3개월무위험금리 F 202602,0.0,0.0,0.0,0.0,0.0,97.595,0,0,202602,False,,2.405000000000001
2026-01-06,A6963000,3개월무위험금리 F 202603,0.0,0.0,0.0,0.0,0.0,97.69,0,0,202603,False,,2.3100000000000023
2026-01-06,A6964000,3개월무위험금리 F 202604,0.0,0.0,0.0,0.0,0.0,97.49,0,0,202604,False,,2.510000000000005
2026-01-06,A6965000,3개월무위험금리 F 202605,0.0,0.0,0.0,0.0,0.0,97.755,0,0,202605,False,,2.2450000000000045
2026-01-06,A6966000,3개월무위험금리 F 202606,0.0,0.0,0.0,0.0,0.0,97.815,0,0,202606,False,,2.1850000000000023
2026-01-06,A6969000,3개월무위험금리 F 202609,0.0,0.0,0.0,0.0,0.0,97.86,0,0,202609,False,,2.1400000000000006
2026-01-06,A696C000,3개월무위험금리 F 202612,0.0,0.0,0.0,0.0,0.0,97.795,0,0,202612,False,,2.2049999999999983
2026-01-06,D696162S,3개월무위험금리 SP 2601-2602,0.0,0.0,0.0,0.0,0.0,0.0,0,0,,True,,100.0
2026-01-06,D696163S,3개월무위험금리 SP 2601-2603,0.0,0.0,0.0,0.0,0.0,0.0,0,0,,True,,100.0
2026-01-06,D696164S,3개월무위험금리 SP 2601-2604,0.0,0.0,0.0,0.0,0.0,0.0,0,0,,True,,100.0
2026-01-07,A6961000,3개월무위험금리 F 202601,97.47,-0.035,97.47,97.47,97.47,97.47,40,9747000000,202601,False,2.530000000000001,2.530000000000001
2026-01-07,A6962000,3개월무위험금리 F 202602,0.0,0.0,0.0,0.0,0.0,97.59,0,0,202602,False,,2.4099999999999966
2026-01-07,A6963000,3개월무위험금리 F 202603,0.0,0.0,0.0,0.0,0.0,97.68,0,0,202603,False,,2.319999999999993
2026-01-07,A6964000,3개월무위험금리 F 202604,0.0,0.0,0.0,0.0,0.0,97.49,0,0,202604,False,,2.510000000000005
2026-01-07,A6965000,3개월무위험금리 F 202605,0.0,0.0,0.0,0.0,0.0,97.705,0,0,202605,False,,2.2950000000000017
2026-01-07,A6966000,3개월무위험금리 F 202606,0.0,0.0,0.0,0.0,0.0,97.75,0,0,202606,False,,2.25
2026-01-07,A6969000,3개월무위험금리 F 202609,0.0,0.0,0.0,0.0,0.0,97.79,0,0,202609,False,,2.2099999999999937
2026-01-07,A696C000,3개월무위험금리 F 202612,0.0,0.0,0.0,0.0,0.0,97.725,0,0,202612,False,,2.2750000000000057
2026-01-07,D696162S,3개월무위험금리 SP 2601-2602,0.0,0.0,0.0,0.0,0.0,0.0,0,0,,True,,100.0
2026-01-07,D696163S,3개월무위험금리 SP 2601-2603,0.0,0.0,0.0,0.0,0.0,0.0,0,0,,True,,100.0
2026-01-07,D696164S,3개월무위험금리 SP 2601-2604,0.0,0.0,0.0,0.0,0.0,0.0,0,0,,True,,100.0
2026-01-08,A6961000,3개월무위험금리 F 202601,0.0,0.0,0.0,0.0,0.0,97.49,0,0,202601,False,,2.510000000000005
2026-01-08,A6962000,3개월무위험금리 F 202602,0.0,0.0,0.0,0.0,0.0,97.57,0,0,202602,False,,2.430000000000007
2026-01-08,A6963000,3개월무위험금리 F 202603,0.0,0.0,0.0,0.0,0.0,97.65,0,0,202603,False,,2.3499999999999943
2026-01-08,A6964000,3개월무위험금리 F 202604,0.0,0.0,0.0,0.0,0.0,97.49,0,0,202604,False,,2.510000000000005
2026-01-08,A6965000,3개월무위험금리 F 202605,0.0,0.0,0.0,0.0,0.0,97.72,0,0,202605,False,,2.280000000000001
2026-01-08,A6966000,3개월무위험금리 F 202606,0.0,0.0,0.0,0.0,0.0,97.755,0,0,202606,False,,2.2450000000000045
2026-01-08,A6969000,3개월무위험금리 F 202609,0.0,0.0,0.0,0.0,0.0,97.77,0,0,202609,False,,2.230000000000004
2026-01-08,A696C000,3개월무위험금리 F 202612,0.0,0.0,0.0,0.0,0.0,97.7,0,0,202612,False,,2.299999999999997
2026-01-08,D696162S,3개월무위험금리 SP 2601-2602,0.0,0.0,0.0,0.0,0.0,0.0,0,0,,True,,100.0
2026-01-08,D696163S,3개월무위험금리 SP 2601-2603,0.0,0.0,0.0,0.0,0.0,0.0,0,0,,True,,100.0
2026-01-08,D696164S,3개월무위험금리 SP 2601-2604,0.0,0.0,0.0,0.0,0.0,0.0,0,0,,True,,100.0
2026-01-09,A6961000,3개월무위험금리 F 202601,0.0,0.0,0.0,0.0,0.0,97.485,0,0,202601,False,,2.5150000000000006
2026-01-09,A6962000,3개월무위험금리 F 202602,0.0,0.0,0.0,0.0,0.0,97.555,0,0,202602,False,,2.444999999999993
2026-01-09,A6963000,3개월무위험금리 F 202603,0.0,0.0,0.0,0.0,0.0,97.63,0,0,202603,False,,2.3700000000000045
2026-01-09,A6964000,3개월무위험금리 F 202604,0.0,0.0,0.0,0.0,0.0,97.49,0,0,202604,False,,2.510000000000005
2026-01-09,A6965000,3개월무위험금리 F 202605,0.0,0.0,0.0,0.0,0.0,97.67,0,0,202605,False,,2.3299999999999983
2026-01-09,A6966000,3개월무위험금리 F 202606,0.0,0.0,0.0,0.0,0.0,97.685,0,0,202606,False,,2.3149999999999977
2026-01-09,A6969000,3개월무위험금리 F 202609,0.0,0.0,0.0,0.0,0.0,97.675,0,0,202609,False,,2.325000000000003
2026-01-09,A696C000,3개월무위험금리 F 202612,0.0,0.0,0.0,0.0,0.0,97.605,0,0,202612,False,,2.394999999999996
2026-01-09,D696162S,3개월무위험금리 SP 2601-2602,0.0,0.0,0.0,0.0,0.0,0.0,0,0,,True,,100.0
2026-01-09,D696163S,3개월무위험금리 SP 2601-2603,0.0,0.0,0.0,0.0,0.0,0.0,0,0,,True,,100.0
2026-01-09,D696164S,3개월무위험금리 SP 2601-2604,0.0,0.0,0.0,0.0,0.0,0.0,0,0,,True,,100.0
2026-01-12,A6961000,3개월무위험금리 F 202601,0.0,0.0,0.0,0.0,0.0,97.475,0,0,202601,False,,2.5250000000000057
2026-01-12,A6962000,3개월무위험금리 F 202602,0.0,0.0,0.0,0.0,0.0,97.54,0,0,202602,False,,2.4599999999999937
2026-01-12,A6963000,3개월무위험금리 F 202603,0.0,0.0,0.0,0.0,0.0,97.605,0,0,202603,False,,2.394999999999996
2026-01-12,A6964000,3개월무위험금리 F 202604,0.0,0.0,0.0,0.0,0.0,97.695,0,0,202604,False,,2.305000000000007
2026-01-12,A6965000,3개월무위험금리 F 202605,0.0,0.0,0.0,0.0,0.0,97.66,0,0,202605,False,,2.3400000000000034
2026-01-12,A6966000,3개월무위험금리 F 202606,0.0,0.0,0.0,0.0,0.0,97.675,0,0,202606,False,,2.325000000000003
2026-01-12,A6969000,3개월무위험금리 F 202609,0.0,0.0,0.0,0.0,0.0,97.645,0,0,202609,False,,2.355000000000004
2026-01-12,A696C000,3개월무위험금리 F 202612,0.0,0.0,0.0,0.0,0.0,97.555,0,0,202612,False,,2.444999999999993
2026-01-12,D696162S,3개월무위험금리 SP 2601-2602,0.0,0.0,0.0,0.0,0.0,0.0,0,0,,True,,100.0
2026-01-12,D696163S,3개월무위험금리 SP 2601-2603,0.0,0.0,0.0,0.0,0.0,0.0,0,0,,True,,100.0
2026-01-12,D696164S,3개월무위험금리 SP 2601-2604,0.0,0.0,0.0,0.0,0.0,0.0,0,0,,True,,100.0
2026-01-13,A6961000,3개월무위험금리 F 202601,0.0,0.0,0.0,0.0,0.0,97.475,0,0,202601,False,,2.5250000000000057
2026-01-13,A6962000,3개월무위험금리 F 202602,0.0,0.0,0.0,0.0,0.0,97.535,0,0,202602,False,,2.4650000000000034
2026-01-13,A6963000,3개월무위험금리 F 202603,0.0,0.0,0.0,0.0,0.0,97.6,0,0,202603,False,,2.4000000000000057
2026-01-13,A6964000,3개월무위험금리 F 202604,0.0,0.0,0.0,0.0,0.0,97.49,0,0,202604,False,,2.510000000000005
2026-01-13,A6965000,3개월무위험금리 F 202605,0.0,0.0,0.0,0.0,0.0,97.63,0,0,202605,False,,2.3700000000000045
2026-01-13,A6966000,3개월무위험금리 F 202606,0.0,0.0,0.0,0.0,0.0,97.635,0,0,202606,False,,2.364999999999995
2026-01-13,A6969000,3개월무위험금리 F 202609,0.0,0.0,0.0,0.0,0.0,97.575,0,0,202609,False,,2.424999999999997
2026-01-13,A696C000,3개월무위험금리 F 202612,0.0,0.0,0.0,0.0,0.0,97.465,0,0,202612,False,,2.5349999999999966
2026-01-13,D696162S,3개월무위험금리 SP 2601-2602,0.0,0.0,0.0,0.0,0.0,0.0,0,0,,True,,100.0
2026-01-13,D696163S,3개월무위험금리 SP 2601-2603,0.0,0.0,0.0,0.0,0.0,0.0,0,0,,True,,100.0
2026-01-13,D696164S,3개월무위험금리 SP 2601-2604,0.0,0.0,0.0,0.0,0.0,0.0,0,0,,True,,100.0
2026-01-14,A6961000,3개월무위험금리 F 202601,0.0,0.0,0.0,0.0,0.0,97.47,0,0,202601,False,,2.530000000000001
2026-01-14,A6962000,3개월무위험금리 F 202602,0.0,0.0,0.0,0.0,0.0,97.525,0,0,202602,False,,2.4749999999999943
2026-01-14,A6963000,3개월무위험금리 F 202603,0.0,0.0,0.0,0.0,0.0,97.59,0,0,202603,False,,2.4099999999999966
2026-01-14,A6964000,3개월무위험금리 F 202604,0.0,0.0,0.0,0.0,0.0,97.485,0,0,202604,False,,2.5150000000000006
2026-01-14,A6965000,3개월무위험금리 F 202605,0.0,0.0,0.0,0.0,0.0,97.64,0,0,202605,False,,2.3599999999999994
2026-01-14,A6966000,3개월무위험금리 F 202606,0.0,0.0,0.0,0.0,0.0,97.645,0,0,202606,False,,2.355000000000004
2026-01-14,A6969000,3개월무위험금리 F 202609,0.0,0.0,0.0,0.0,0.0,97.575,0,0,202609,False,,2.424999999999997
2026-01-14,A696C000,3개월무위험금리 F 202612,0.0,0.0,0.0,0.0,0.0,97.46,0,0,202612,False,,2.5400000000000063
2026-01-14,D696162S,3개월무위험금리 SP 2601-2602,0.0,0.0,0.0,0.0,0.0,0.0,0,0,,True,,100.0
2026-01-14,D696163S,3개월무위험금리 SP 2601-2603,0.0,0.0,0.0,0.0,0.0,0.0,0,0,,True,,100.0
2026-01-14,D696164S,3개월무위험금리 SP 2601-2604,0.0,0.0,0.0,0.0,0.0,0.0,0,0,,True,,100.0
2026-01-15,A6961000,3개월무위험금리 F 202601,0.0,0.0,0.0,0.0,0.0,97.465,0,0,202601,False,,2.5349999999999966
2026-01-15,A6962000,3개월무위험금리 F 202602,0.0,0.0,0.0,0.0,0.0,97.515,0,0,202602,False,,2.4849999999999994
2026-01-15,A6963000,3개월무위험금리 F 202603,0.0,0.0,0.0,0.0,0.0,97.57,0,0,202603,False,,2.430000000000007
2026-01-15,A6964000,3개월무위험금리 F 202604,0.0,0.0,0.0,0.0,0.0,97.485,0,0,202604,False,,2.5150000000000006
2026-01-15,A6965000,3개월무위험금리 F 202605,0.0,0.0,0.0,0.0,0.0,97.615,0,0,202605,False,,2.385000000000005
2026-01-15,A6966000,3개월무위험금리 F 202606,0.0,0.0,0.0,0.0,0.0,97.6,0,0,202606,False,,2.4000000000000057
2026-01-15,A6969000,3개월무위험금리 F 202609,0.0,0.0,0.0,0.0,0.0,97.53,0,0,202609,False,,2.469999999999999
2026-01-15,A696C000,3개월무위험금리 F 202612,0.0,0.0,0.0,0.0,0.0,97.425,0,0,202612,False,,2.575000000000003
2026-01-15,D696162S,3개월무위험금리 SP 2601-2602,0.0,0.0,0.0,0.0,0.0,0.0,0,0,,True,,100.0
2026-01-15,D696163S,3개월무위험금리 SP 2601-2603,0.0,0.0,0.0,0.0,0.0,0.0,0,0,,True,,100.0
2026-01-15,D696164S,3개월무위험금리 SP 2601-2604,0.0,0.0,0.0,0.0,0.0,0.0,0,0,,True,,100.0
2026-01-16,A6961000,3개월무위험금리 F 202601,0.0,0.0,0.0,0.0,0.0,97.46,0,0,202601,False,,2.5400000000000063
2026-01-16,A6962000,3개월무위험금리 F 202602,0.0,0.0,0.0,0.0,0.0,97.495,0,0,202602,False,,2.5049999999999955
2026-01-16,A6963000,3개월무위험금리 F 202603,0.0,0.0,0.0,0.0,0.0,97.53,0,0,202603,False,,2.469999999999999
2026-01-16,A6964000,3개월무위험금리 F 202604,0.0,0.0,0.0,0.0,0.0,97.635,0,0,202604,False,,2.364999999999995
2026-01-16,A6965000,3개월무위험금리 F 202605,0.0,0.0,0.0,0.0,0.0,97.59,0,0,202605,False,,2.4099999999999966
2026-01-16,A6966000,3개월무위험금리 F 202606,0.0,0.0,0.0,0.0,0.0,97.575,0,0,202606,False,,2.424999999999997
2026-01-16,A6969000,3개월무위험금리 F 202609,0.0,0.0,0.0,0.0,0.0,97.47,0,0,202609,False,,2.530000000000001
2026-01-16,A696C000,3개월무위험금리 F 202612,0.0,0.0,0.0,0.0,0.0,97.305,0,0,202612,False,,2.694999999999993
2026-01-16,D696162S,3개월무위험금리 SP 2601-2602,0.0,0.0,0.0,0.0,0.0,0.0,0,0,,True,,100.0
2026-01-16,D696163S,3개월무위험금리 SP 2601-2603,0.0,0.0,0.0,0.0,0.0,0.0,0,0,,True,,100.0
2026-01-16,D696164S,3개월무위험금리 SP 2601-2604,0.0,0.0,0.0,0.0,0.0,0.0,0,0,,True,,100.0
2026-01-19,A6961000,3개월무위험금리 F 202601,0.0,0.0,0.0,0.0,0.0,97.455,0,0,202601,False,,2.5450000000000017
2026-01-19,A6962000,3개월무위험금리 F 202602,0.0,0.0,0.0,0.0,0.0,97.495,0,0,202602,False,,2.5049999999999955
2026-01-19,A6963000,3개월무위험금리 F 202603,0.0,0.0,0.0,0.0,0.0,97.54,0,0,202603,False,,2.4599999999999937
2026-01-19,A6964000,3개월무위험금리 F 202604,0.0,0.0,0.0,0.0,0.0,97.485,0,0,202604,False,,2.5150000000000006
2026-01-19,A6965000,3개월무위험금리 F 202605,0.0,0.0,0.0,0.0,0.0,97.545,0,0,202605,False,,2.4549999999999983
2026-01-19,A6966000,3개월무위험금리 F 202606,0.0,0.0,0.0,0.0,0.0,97.54,0,0,202606,False,,2.4599999999999937
2026-01-19,A6969000,3개월무위험금리 F 202609,0.0,0.0,0.0,0.0,0.0,97.46,0,0,202609,False,,2.5400000000000063
2026-01-19,A696C000,3개월무위험금리 F 202612,0.0,0.0,0.0,0.0,0.0,97.295,0,0,202612,False,,2.7049999999999983
2026-01-19,D696162S,3개월무위험금리 SP 2601-2602,0.0,0.0,0.0,0.0,0.0,0.0,0,0,,True,,100.0
2026-01-19,D696163S,3개월무위험금리 SP 2601-2603,0.0,0.0,0.0,0.0,0.0,0.0,0,0,,True,,100.0
2026-01-19,D696164S,3개월무위험금리 SP 2601-2604,0.0,0.0,0.0,0.0,0.0,0.0,0,0,,True,,100.0
2026-01-20,A6961000,3개월무위험금리 F 202601,0.0,0.0,0.0,0.0,0.0,97.455,0,0,202601,False,,2.5450000000000017
2026-01-20,A6962000,3개월무위험금리 F 202602,0.0,0.0,0.0,0.0,0.0,97.485,0,0,202602,False,,2.5150000000000006
2026-01-20,A6963000,3개월무위험금리 F 202603,0.0,0.0,0.0,0.0,0.0,97.52,0,0,202603,False,,2.480000000000004
2026-01-20,A6964000,3개월무위험금리 F 202604,0.0,0.0,0.0,0.0,0.0,97.48,0,0,202604,False,,2.519999999999996
2026-01-20,A6965000,3개월무위험금리 F 202605,0.0,0.0,0.0,0.0,0.0,97.56,0,0,202605,False,,2.4399999999999977
2026-01-20,A6966000,3개월무위험금리 F 202606,0.0,0.0,0.0,0.0,0.0,97.555,0,0,202606,False,,2.444999999999993
2026-01-20,A6969000,3개월무위험금리 F 202609,0.0,0.0,0.0,0.0,0.0,97.47,0,0,202609,False,,2.530000000000001
2026-01-20,A696C000,3개월무위험금리 F 202612,0.0,0.0,0.0,0.0,0.0,97.295,0,0,202612,False,,2.7049999999999983
2026-01-20,D696162S,3개월무위험금리 SP 2601-2602,0.0,0.0,0.0,0.0,0.0,0.0,0,0,,True,,100.0
2026-01-20,D696163S,3개월무위험금리 SP 2601-2603,0.0,0.0,0.0,0.0,0.0,0.0,0,0,,True,,100.0
2026-01-20,D696164S,3개월무위험금리 SP 2601-2604,0.0,0.0,0.0,0.0,0.0,0.0,0,0,,True,,100.0
2026-01-21,A6962000,3개월무위험금리 F 202602,0.0,0.0,0.0,0.0,0.0,97.48,0,0,202602,False,,2.519999999999996
2026-01-21,A6963000,3개월무위험금리 F 202603,0.0,0.0,0.0,0.0,0.0,97.52,0,0,202603,False,,2.480000000000004
2026-01-21,A6964000,3개월무위험금리 F 202604,0.0,0.0,0.0,0.0,0.0,97.585,0,0,202604,False,,2.4150000000000063
2026-01-21,A6965000,3개월무위험금리 F 202605,0.0,0.0,0.0,0.0,0.0,97.48,0,0,202605,False,,2.519999999999996
2026-01-21,A6966000,3개월무위험금리 F 202606,0.0,0.0,0.0,0.0,0.0,97.545,0,0,202606,False,,2.4549999999999983
2026-01-21,A6967000,3개월무위험금리 F 202607,0.0,0.0,0.0,0.0,0.0,97.545,0,0,202607,False,,2.4549999999999983
2026-01-21,A6969000,3개월무위험금리 F 202609,0.0,0.0,0.0,0.0,0.0,97.46,0,0,202609,False,,2.5400000000000063
2026-01-21,A696C000,3개월무위험금리 F 202612,0.0,0.0,0.0,0.0,0.0,97.295,0,0,202612,False,,2.7049999999999983
2026-01-21,D696263S,3개월무위험금리 SP 2602-2603,0.0,0.0,0.0,0.0,0.0,0.0,0,0,,True,,100.0
2026-01-21,D696264S,3개월무위험금리 SP 2602-2604,0.0,0.0,0.0,0.0,0.0,0.0,0,0,,True,,100.0
2026-01-21,D696265S,3개월무위험금리 SP 2602-2605,0.0,0.0,0.0,0.0,0.0,0.0,0,0,,True,,100.0
2026-01-22,A6962000,3개월무위험금리 F 202602,97.445,-0.035,97.445,97.445,97.445,97.445,20,4872250000,202602,False,2.555000000000007,2.555000000000007
2026-01-22,A6963000,3개월무위험금리 F 202603,0.0,0.0,0.0,0.0,0.0,97.52,0,0,202603,False,,2.480000000000004
2026-01-22,A6964000,3개월무위험금리 F 202604,0.0,0.0,0.0,0.0,0.0,97.575,0,0,202604,False,,2.424999999999997
2026-01-22,A6965000,3개월무위험금리 F 202605,0.0,0.0,0.0,0.0,0.0,97.475,0,0,202605,False,,2.5250000000000057
2026-01-22,A6966000,3개월무위험금리 F 202606,0.0,0.0,0.0,0.0,0.0,97.515,0,0,202606,False,,2.4849999999999994
2026-01-22,A6967000,3개월무위험금리 F 202607,0.0,0.0,0.0,0.0,0.0,97.505,0,0,202607,False,,2.4950000000000045
2026-01-22,A6969000,3개월무위험금리 F 202609,0.0,0.0,0.0,0.0,0.0,97.46,0,0,202609,False,,2.5400000000000063
2026-01-22,A696C000,3개월무위험금리 F 202612,0.0,0.0,0.0,0.0,0.0,97.345,0,0,202612,False,,2.655000000000001
2026-01-22,D696263S,3개월무위험금리 SP 2602-2603,0.0,0.0,0.0,0.0,0.0,0.0,0,0,,True,,100.0
2026-01-22,D696264S,3개월무위험금리 SP 2602-2604,0.0,0.0,0.0,0.0,0.0,0.0,0,0,,True,,100.0
2026-01-22,D696265S,3개월무위험금리 SP 2602-2605,0.0,0.0,0.0,0.0,0.0,0.0,0,0,,True,,100.0
2026-01-23,A6962000,3개월무위험금리 F 202602,0.0,0.0,0.0,0.0,0.0,97.445,0,0,202602,False,,2.555000000000007
2026-01-23,A6963000,3개월무위험금리 F 202603,0.0,0.0,0.0,0.0,0.0,97.53,0,0,202603,False,,2.469999999999999
2026-01-23,A6964000,3개월무위험금리 F 202604,0.0,0.0,0.0,0.0,0.0,97.595,0,0,202604,False,,2.405000000000001
2026-01-23,A6965000,3개월무위험금리 F 202605,0.0,0.0,0.0,0.0,0.0,97.54,0,0,202605,False,,2.4599999999999937
2026-01-23,A6966000,3개월무위험금리 F 202606,0.0,0.0,0.0,0.0,0.0,97.52,0,0,202606,False,,2.480000000000004
2026-01-23,A6967000,3개월무위험금리 F 202607,0.0,0.0,0.0,0.0,0.0,97.495,0,0,202607,False,,2.5049999999999955
2026-01-23,A6969000,3개월무위험금리 F 202609,0.0,0.0,0.0,0.0,0.0,97.425,0,0,202609,False,,2.575000000000003
2026-01-23,A696C000,3개월무위험금리 F 202612,0.0,0.0,0.0,0.0,0.0,97.295,0,0,202612,False,,2.7049999999999983
2026-01-23,D696263S,3개월무위험금리 SP 2602-2603,0.0,0.0,0.0,0.0,0.0,0.0,0,0,,True,,100.0
2026-01-23,D696264S,3개월무위험금리 SP 2602-2604,0.0,0.0,0.0,0.0,0.0,0.0,0,0,,True,,100.0
2026-01-23,D696265S,3개월무위험금리 SP 2602-2605,0.0,0.0,0.0,0.0,0.0,0.0,0,0,,True,,100.0
2026-01-26,A6962000,3개월무위험금리 F 202602,0.0,0.0,0.0,0.0,0.0,97.445,0,0,202602,False,,2.555000000000007
2026-01-26,A6963000,3개월무위험금리 F 202603,0.0,0.0,0.0,0.0,0.0,97.525,0,0,202603,False,,2.4749999999999943
2026-01-26,A6964000,3개월무위험금리 F 202604,0.0,0.0,0.0,0.0,0.0,97.59,0,0,202604,False,,2.4099999999999966
2026-01-26,A6965000,3개월무위험금리 F 202605,0.0,0.0,0.0,0.0,0.0,97.45,0,0,202605,False,,2.549999999999997
2026-01-26,A6966000,3개월무위험금리 F 202606,0.0,0.0,0.0,0.0,0.0,97.56,0,0,202606,False,,2.4399999999999977
2026-01-26,A6967000,3개월무위험금리 F 202607,0.0,0.0,0.0,0.0,0.0,97.54,0,0,202607,False,,2.4599999999999937
2026-01-26,A6969000,3개월무위험금리 F 202609,0.0,0.0,0.0,0.0,0.0,97.485,0,0,202609,False,,2.5150000000000006
2026-01-26,A696C000,3개월무위험금리 F 202612,0.0,0.0,0.0,0.0,0.0,97.37,0,0,202612,False,,2.6299999999999955
2026-01-26,D696263S,3개월무위험금리 SP 2602-2603,0.0,0.0,0.0,0.0,0.0,0.0,0,0,,True,,100.0
2026-01-26,D696264S,3개월무위험금리 SP 2602-2604,0.0,0.0,0.0,0.0,0.0,0.0,0,0,,True,,100.0
2026-01-26,D696265S,3개월무위험금리 SP 2602-2605,0.0,0.0,0.0,0.0,0.0,0.0,0,0,,True,,100.0
2026-01-27,A6962000,3개월무위험금리 F 202602,0.0,0.0,0.0,0.0,0.0,97.445,0,0,202602,False,,2.555000000000007
2026-01-27,A6963000,3개월무위험금리 F 202603,0.0,0.0,0.0,0.0,0.0,97.52,0,0,202603,False,,2.480000000000004
2026-01-27,A6964000,3개월무위험금리 F 202604,0.0,0.0,0.0,0.0,0.0,97.585,0,0,202604,False,,2.4150000000000063
2026-01-27,A6965000,3개월무위험금리 F 202605,0.0,0.0,0.0,0.0,0.0,97.45,0,0,202605,False,,2.549999999999997
2026-01-27,A6966000,3개월무위험금리 F 202606,0.0,0.0,0.0,0.0,0.0,97.55,0,0,202606,False,,2.450000000000003
2026-01-27,A6967000,3개월무위험금리 F 202607,0.0,0.0,0.0,0.0,0.0,97.53,0,0,202607,False,,2.469999999999999
2026-01-27,A6969000,3개월무위험금리 F 202609,0.0,0.0,0.0,0.0,0.0,97.475,0,0,202609,False,,2.5250000000000057
2026-01-27,A696C000,3개월무위험금리 F 202612,0.0,0.0,0.0,0.0,0.0,97.365,0,0,202612,False,,2.635000000000005
2026-01-27,D696263S,3개월무위험금리 SP 2602-2603,0.0,0.0,0.0,0.0,0.0,0.0,0,0,,True,,100.0
2026-01-27,D696264S,3개월무위험금리 SP 2602-2604,0.0,0.0,0.0,0.0,0.0,0.0,0,0,,True,,100.0
2026-01-27,D696265S,3개월무위험금리 SP 2602-2605,0.0,0.0,0.0,0.0,0.0,0.0,0,0,,True,,100.0
2026-01-28,A6962000,3개월무위험금리 F 202602,0.0,0.0,0.0,0.0,0.0,97.445,0,0,202602,False,,2.555000000000007
2026-01-28,A6963000,3개월무위험금리 F 202603,0.0,0.0,0.0,0.0,0.0,97.51,0,0,202603,False,,2.489999999999995
2026-01-28,A6964000,3개월무위험금리 F 202604,0.0,0.0,0.0,0.0,0.0,97.57,0,0,202604,False,,2.430000000000007
2026-01-28,A6965000,3개월무위험금리 F 202605,0.0,0.0,0.0,0.0,0.0,97.45,0,0,202605,False,,2.549999999999997
2026-01-28,A6966000,3개월무위험금리 F 202606,0.0,0.0,0.0,0.0,0.0,97.54,0,0,202606,False,,2.4599999999999937
2026-01-28,A6967000,3개월무위험금리 F 202607,0.0,0.0,0.0,0.0,0.0,97.545,0,0,202607,False,,2.4549999999999983
2026-01-28,A6969000,3개월무위험금리 F 202609,0.0,0.0,0.0,0.0,0.0,97.505,0,0,202609,False,,2.4950000000000045
2026-01-28,A696C000,3개월무위험금리 F 202612,0.0,0.0,0.0,0.0,0.0,97.37,0,0,202612,False,,2.6299999999999955
2026-01-28,D696263S,3개월무위험금리 SP 2602-2603,0.0,0.0,0.0,0.0,0.0,0.0,0,0,,True,,100.0
2026-01-28,D696264S,3개월무위험금리 SP 2602-2604,0.0,0.0,0.0,0.0,0.0,0.0,0,0,,True,,100.0
2026-01-28,D696265S,3개월무위험금리 SP 2602-2605,0.0,0.0,0.0,0.0,0.0,0.0,0,0,,True,,100.0
2026-01-29,A6962000,3개월무위험금리 F 202602,0.0,0.0,0.0,0.0,0.0,97.445,0,0,202602,False,,2.555000000000007
2026-01-29,A6963000,3개월무위험금리 F 202603,0.0,0.0,0.0,0.0,0.0,97.505,0,0,202603,False,,2.4950000000000045
2026-01-29,A6964000,3개월무위험금리 F 202604,0.0,0.0,0.0,0.0,0.0,97.56,0,0,202604,False,,2.4399999999999977
2026-01-29,A6965000,3개월무위험금리 F 202605,0.0,0.0,0.0,0.0,0.0,97.45,0,0,202605,False,,2.549999999999997
2026-01-29,A6966000,3개월무위험금리 F 202606,0.0,0.0,0.0,0.0,0.0,97.515,0,0,202606,False,,2.4849999999999994
2026-01-29,A6967000,3개월무위험금리 F 202607,0.0,0.0,0.0,0.0,0.0,97.505,0,0,202607,False,,2.4950000000000045
2026-01-29,A6969000,3개월무위험금리 F 202609,0.0,0.0,0.0,0.0,0.0,97.46,0,0,202609,False,,2.5400000000000063
2026-01-29,A696C000,3개월무위험금리 F 202612,0.0,0.0,0.0,0.0,0.0,97.335,0,0,202612,False,,2.6650000000000063
2026-01-29,D696263S,3개월무위험금리 SP 2602-2603,0.0,0.0,0.0,0.0,0.0,0.0,0,0,,True,,100.0
2026-01-29,D696264S,3개월무위험금리 SP 2602-2604,0.0,0.0,0.0,0.0,0.0,0.0,0,0,,True,,100.0
2026-01-29,D696265S,3개월무위험금리 SP 2602-2605,0.0,0.0,0.0,0.0,0.0,0.0,0,0,,True,,100.0
2026-01-30,A6962000,3개월무위험금리 F 202602,0.0,0.0,0.0,0.0,0.0,97.445,0,0,202602,False,,2.555000000000007
2026-01-30,A6963000,3개월무위험금리 F 202603,0.0,0.0,0.0,0.0,0.0,97.505,0,0,202603,False,,2.4950000000000045
2026-01-30,A6964000,3개월무위험금리 F 202604,0.0,0.0,0.0,0.0,0.0,97.56,0,0,202604,False,,2.4399999999999977
2026-01-30,A6965000,3개월무위험금리 F 202605,0.0,0.0,0.0,0.0,0.0,97.45,0,0,202605,False,,2.549999999999997
2026-01-30,A6966000,3개월무위험금리 F 202606,0.0,0.0,0.0,0.0,0.0,97.52,0,0,202606,False,,2.480000000000004
2026-01-30,A6967000,3개월무위험금리 F 202607,0.0,0.0,0.0,0.0,0.0,97.515,0,0,202607,False,,2.4849999999999994
2026-01-30,A6969000,3개월무위험금리 F 202609,0.0,0.0,0.0,0.0,0.0,97.475,0,0,202609,False,,2.5250000000000057
2026-01-30,A696C000,3개월무위험금리 F 202612,0.0,0.0,0.0,0.0,0.0,97.34,0,0,202612,False,,2.6599999999999966
2026-01-30,D696263S,3개월무위험금리 SP 2602-2603,0.0,0.0,0.0,0.0,0.0,0.0,0,0,,True,,100.0
2026-01-30,D696264S,3개월무위험금리 SP 2602-2604,0.0,0.0,0.0,0.0,0.0,0.0,0,0,,True,,100.0
2026-01-30,D696265S,3개월무위험금리 SP 2602-2605,0.0,0.0,0.0,0.0,0.0,0.0,0,0,,True,,100.0
2026-02-02,A6962000,3개월무위험금리 F 202602,0.0,0.0,0.0,0.0,0.0,97.445,0,0,202602,False,,2.555000000000007
2026-02-02,A6963000,3개월무위험금리 F 202603,0.0,0.0,0.0,0.0,0.0,97.5,0,0,202603,False,,2.5
2026-02-02,A6964000,3개월무위험금리 F 202604,0.0,0.0,0.0,0.0,0.0,97.555,0,0,202604,False,,2.444999999999993
2026-02-02,A6965000,3개월무위험금리 F 202605,0.0,0.0,0.0,0.0,0.0,97.45,0,0,202605,False,,2.549999999999997
2026-02-02,A6966000,3개월무위험금리 F 202606,0.0,0.0,0.0,0.0,0.0,97.53,0,0,202606,False,,2.469999999999999
2026-02-02,A6967000,3개월무위험금리 F 202607,0.0,0.0,0.0,0.0,0.0,97.515,0,0,202607,False,,2.4849999999999994
2026-02-02,A6969000,3개월무위험금리 F 202609,0.0,0.0,0.0,0.0,0.0,97.47,0,0,202609,False,,2.530000000000001
2026-02-02,A696C000,3개월무위험금리 F 202612,0.0,0.0,0.0,0.0,0.0,97.31,0,0,202612,False,,2.6899999999999977
2026-02-02,D696263S,3개월무위험금리 SP 2602-2603,0.0,0.0,0.0,0.0,0.0,0.0,0,0,,True,,100.0
2026-02-02,D696264S,3개월무위험금리 SP 2602-2604,0.0,0.0,0.0,0.0,0.0,0.0,0,0,,True,,100.0
2026-02-02,D696265S,3개월무위험금리 SP 2602-2605,0.0,0.0,0.0,0.0,0.0,0.0,0,0,,True,,100.0
2026-02-03,A6962000,3개월무위험금리 F 202602,0.0,0.0,0.0,0.0,0.0,97.445,0,0,202602,False,,2.555000000000007
2026-02-03,A6963000,3개월무위험금리 F 202603,0.0,0.0,0.0,0.0,0.0,97.505,0,0,202603,False,,2.4950000000000045
2026-02-03,A6964000,3개월무위험금리 F 202604,0.0,0.0,0.0,0.0,0.0,97.565,0,0,202604,False,,2.4350000000000023
2026-02-03,A6965000,3개월무위험금리 F 202605,0.0,0.0,0.0,0.0,0.0,97.45,0,0,202605,False,,2.549999999999997
2026-02-03,A6966000,3개월무위험금리 F 202606,0.0,0.0,0.0,0.0,0.0,97.515,0,0,202606,False,,2.4849999999999994
2026-02-03,A6967000,3개월무위험금리 F 202607,0.0,0.0,0.0,0.0,0.0,97.505,0,0,202607,False,,2.4950000000000045
2026-02-03,A6969000,3개월무위험금리 F 202609,0.0,0.0,0.0,0.0,0.0,97.465,0,0,202609,False,,2.5349999999999966
2026-02-03,A696C000,3개월무위험금리 F 202612,0.0,0.0,0.0,0.0,0.0,97.32,0,0,202612,False,,2.680000000000007
2026-02-03,D696263S,3개월무위험금리 SP 2602-2603,0.0,0.0,0.0,0.0,0.0,0.0,0,0,,True,,100.0
2026-02-03,D696264S,3개월무위험금리 SP 2602-2604,0.0,0.0,0.0,0.0,0.0,0.0,0,0,,True,,100.0
2026-02-03,D696265S,3개월무위험금리 SP 2602-2605,0.0,0.0,0.0,0.0,0.0,0.0,0,0,,True,,100.0
2026-02-04,A6962000,3개월무위험금리 F 202602,0.0,0.0,0.0,0.0,0.0,97.445,0,0,202602,False,,2.555000000000007
2026-02-04,A6963000,3개월무위험금리 F 202603,0.0,0.0,0.0,0.0,0.0,97.5,0,0,202603,False,,2.5
2026-02-04,A6964000,3개월무위험금리 F 202604,0.0,0.0,0.0,0.0,0.0,97.555,0,0,202604,False,,2.444999999999993
2026-02-04,A6965000,3개월무위험금리 F 202605,0.0,0.0,0.0,0.0,0.0,97.45,0,0,202605,False,,2.549999999999997
2026-02-04,A6966000,3개월무위험금리 F 202606,0.0,0.0,0.0,0.0,0.0,97.54,0,0,202606,False,,2.4599999999999937
2026-02-04,A6967000,3개월무위험금리 F 202607,0.0,0.0,0.0,0.0,0.0,97.535,0,0,202607,False,,2.4650000000000034
2026-02-04,A6969000,3개월무위험금리 F 202609,0.0,0.0,0.0,0.0,0.0,97.495,0,0,202609,False,,2.5049999999999955
2026-02-04,A696C000,3개월무위험금리 F 202612,0.0,0.0,0.0,0.0,0.0,97.34,0,0,202612,False,,2.6599999999999966
2026-02-04,D696263S,3개월무위험금리 SP 2602-2603,0.0,0.0,0.0,0.0,0.0,0.0,0,0,,True,,100.0
2026-02-04,D696264S,3개월무위험금리 SP 2602-2604,0.0,0.0,0.0,0.0,0.0,0.0,0,0,,True,,100.0
2026-02-04,D696265S,3개월무위험금리 SP 2602-2605,0.0,0.0,0.0,0.0,0.0,0.0,0,0,,True,,100.0
2026-02-05,A6962000,3개월무위험금리 F 202602,0.0,0.0,0.0,0.0,0.0,97.445,0,0,202602,False,,2.555000000000007
2026-02-05,A6963000,3개월무위험금리 F 202603,0.0,0.0,0.0,0.0,0.0,97.49,0,0,202603,False,,2.510000000000005
2026-02-05,A6964000,3개월무위험금리 F 202604,0.0,0.0,0.0,0.0,0.0,97.54,0,0,202604,False,,2.4599999999999937
2026-02-05,A6965000,3개월무위험금리 F 202605,0.0,0.0,0.0,0.0,0.0,97.45,0,0,202605,False,,2.549999999999997
2026-02-05,A6966000,3개월무위험금리 F 202606,0.0,0.0,0.0,0.0,0.0,97.525,0,0,202606,False,,2.4749999999999943
2026-02-05,A6967000,3개월무위험금리 F 202607,0.0,0.0,0.0,0.0,0.0,97.52,0,0,202607,False,,2.480000000000004
2026-02-05,A6969000,3개월무위험금리 F 202609,0.0,0.0,0.0,0.0,0.0,97.485,0,0,202609,False,,2.5150000000000006
2026-02-05,A696C000,3개월무위험금리 F 202612,0.0,0.0,0.0,0.0,0.0,97.33,0,0,202612,False,,2.6700000000000017
2026-02-05,D696263S,3개월무위험금리 SP 2602-2603,0.0,0.0,0.0,0.0,0.0,0.0,0,0,,True,,100.0
2026-02-05,D696264S,3개월무위험금리 SP 2602-2604,0.0,0.0,0.0,0.0,0.0,0.0,0,0,,True,,100.0
2026-02-05,D696265S,3개월무위험금리 SP 2602-2605,0.0,0.0,0.0,0.0,0.0,0.0,0,0,,True,,100.0
2026-02-06,A6962000,3개월무위험금리 F 202602,0.0,0.0,0.0,0.0,0.0,97.445,0,0,202602,False,,2.555000000000007
2026-02-06,A6963000,3개월무위험금리 F 202603,0.0,0.0,0.0,0.0,0.0,97.49,0,0,202603,False,,2.510000000000005
2026-02-06,A6964000,3개월무위험금리 F 202604,0.0,0.0,0.0,0.0,0.0,97.54,0,0,202604,False,,2.4599999999999937
2026-02-06,A6965000,3개월무위험금리 F 202605,0.0,0.0,0.0,0.0,0.0,97.45,0,0,202605,False,,2.549999999999997
2026-02-06,A6966000,3개월무위험금리 F 202606,0.0,0.0,0.0,0.0,0.0,97.495,0,0,202606,False,,2.5049999999999955
2026-02-06,A6967000,3개월무위험금리 F 202607,0.0,0.0,0.0,0.0,0.0,97.47,0,0,202607,False,,2.530000000000001
2026-02-06,A6969000,3개월무위험금리 F 202609,0.0,0.0,0.0,0.0,0.0,97.425,0,0,202609,False,,2.575000000000003
2026-02-06,A696C000,3개월무위험금리 F 202612,0.0,0.0,0.0,0.0,0.0,97.29,0,0,202612,False,,2.7099999999999937
2026-02-06,D696263S,3개월무위험금리 SP 2602-2603,0.0,0.0,0.0,0.0,0.0,0.0,0,0,,True,,100.0
2026-02-06,D696264S,3개월무위험금리 SP 2602-2604,0.0,0.0,0.0,0.0,0.0,0.0,0,0,,True,,100.0
2026-02-06,D696265S,3개월무위험금리 SP 2602-2605,0.0,0.0,0.0,0.0,0.0,0.0,0,0,,True,,100.0
2026-02-09,A6962000,3개월무위험금리 F 202602,0.0,0.0,0.0,0.0,0.0,97.445,0,0,202602,False,,2.555000000000007
2026-02-09,A6963000,3개월무위험금리 F 202603,0.0,0.0,0.0,0.0,0.0,97.485,0,0,202603,False,,2.5150000000000006
2026-02-09,A6964000,3개월무위험금리 F 202604,0.0,0.0,0.0,0.0,0.0,97.53,0,0,202604,False,,2.469999999999999
2026-02-09,A6965000,3개월무위험금리 F 202605,0.0,0.0,0.0,0.0,0.0,97.45,0,0,202605,False,,2.549999999999997
2026-02-09,A6966000,3개월무위험금리 F 202606,0.0,0.0,0.0,0.0,0.0,97.505,0,0,202606,False,,2.4950000000000045
2026-02-09,A6967000,3개월무위험금리 F 202607,0.0,0.0,0.0,0.0,0.0,97.49,0,0,202607,False,,2.510000000000005
2026-02-09,A6969000,3개월무위험금리 F 202609,0.0,0.0,0.0,0.0,0.0,97.46,0,0,202609,False,,2.5400000000000063
2026-02-09,A696C000,3개월무위험금리 F 202612,0.0,0.0,0.0,0.0,0.0,97.305,0,0,202612,False,,2.694999999999993
2026-02-09,D696263S,3개월무위험금리 SP 2602-2603,0.0,0.0,0.0,0.0,0.0,0.0,0,0,,True,,100.0
2026-02-09,D696264S,3개월무위험금리 SP 2602-2604,0.0,0.0,0.0,0.0,0.0,0.0,0,0,,True,,100.0
2026-02-09,D696265S,3개월무위험금리 SP 2602-2605,0.0,0.0,0.0,0.0,0.0,0.0,0,0,,True,,100.0
2026-02-10,A6962000,3개월무위험금리 F 202602,0.0,0.0,0.0,0.0,0.0,97.445,0,0,202602,False,,2.555000000000007
2026-02-10,A6963000,3개월무위험금리 F 202603,0.0,0.0,0.0,0.0,0.0,97.475,0,0,202603,False,,2.5250000000000057
2026-02-10,A6964000,3개월무위험금리 F 202604,0.0,0.0,0.0,0.0,0.0,97.52,0,0,202604,False,,2.480000000000004
2026-02-10,A6965000,3개월무위험금리 F 202605,0.0,0.0,0.0,0.0,0.0,97.45,0,0,202605,False,,2.549999999999997
2026-02-10,A6966000,3개월무위험금리 F 202606,0.0,0.0,0.0,0.0,0.0,97.505,0,0,202606,False,,2.4950000000000045
2026-02-10,A6967000,3개월무위험금리 F 202607,0.0,0.0,0.0,0.0,0.0,97.5,0,0,202607,False,,2.5
2026-02-10,A6969000,3개월무위험금리 F 202609,0.0,0.0,0.0,0.0,0.0,97.48,0,0,202609,False,,2.519999999999996
2026-02-10,A696C000,3개월무위험금리 F 202612,0.0,0.0,0.0,0.0,0.0,97.315,0,0,202612,False,,2.6850000000000023
2026-02-10,D696263S,3개월무위험금리 SP 2602-2603,0.0,0.0,0.0,0.0,0.0,0.0,0,0,,True,,100.0
2026-02-10,D696264S,3개월무위험금리 SP 2602-2604,0.0,0.0,0.0,0.0,0.0,0.0,0,0,,True,,100.0
2026-02-10,D696265S,3개월무위험금리 SP 2602-2605,0.0,0.0,0.0,0.0,0.0,0.0,0,0,,True,,100.0
2026-02-11,A6962000,3개월무위험금리 F 202602,0.0,0.0,0.0,0.0,0.0,97.445,0,0,202602,False,,2.555000000000007
2026-02-11,A6963000,3개월무위험금리 F 202603,0.0,0.0,0.0,0.0,0.0,97.475,0,0,202603,False,,2.5250000000000057
2026-02-11,A6964000,3개월무위험금리 F 202604,0.0,0.0,0.0,0.0,0.0,97.52,0,0,202604,False,,2.480000000000004
2026-02-11,A6965000,3개월무위험금리 F 202605,0.0,0.0,0.0,0.0,0.0,97.45,0,0,202605,False,,2.549999999999997
2026-02-11,A6966000,3개월무위험금리 F 202606,0.0,0.0,0.0,0.0,0.0,97.505,0,0,202606,False,,2.4950000000000045
2026-02-11,A6967000,3개월무위험금리 F 202607,0.0,0.0,0.0,0.0,0.0,97.51,0,0,202607,False,,2.489999999999995
2026-02-11,A6969000,3개월무위험금리 F 202609,0.0,0.0,0.0,0.0,0.0,97.5,0,0,202609,False,,2.5
2026-02-11,A696C000,3개월무위험금리 F 202612,0.0,0.0,0.0,0.0,0.0,97.335,0,0,202612,False,,2.6650000000000063
2026-02-11,D696263S,3개월무위험금리 SP 2602-2603,0.0,0.0,0.0,0.0,0.0,0.0,0,0,,True,,100.0
2026-02-11,D696264S,3개월무위험금리 SP 2602-2604,0.0,0.0,0.0,0.0,0.0,0.0,0,0,,True,,100.0
2026-02-11,D696265S,3개월무위험금리 SP 2602-2605,0.0,0.0,0.0,0.0,0.0,0.0,0,0,,True,,100.0
2026-02-12,A6962000,3개월무위험금리 F 202602,0.0,0.0,0.0,0.0,0.0,97.445,0,0,202602,False,,2.555000000000007
2026-02-12,A6963000,3개월무위험금리 F 202603,0.0,0.0,0.0,0.0,0.0,97.475,0,0,202603,False,,2.5250000000000057
2026-02-12,A6964000,3개월무위험금리 F 202604,0.0,0.0,0.0,0.0,0.0,97.515,0,0,202604,False,,2.4849999999999994
2026-02-12,A6965000,3개월무위험금리 F 202605,0.0,0.0,0.0,0.0,0.0,97.45,0,0,202605,False,,2.549999999999997
2026-02-12,A6966000,3개월무위험금리 F 202606,0.0,0.0,0.0,0.0,0.0,97.51,0,0,202606,False,,2.489999999999995
2026-02-12,A6967000,3개월무위험금리 F 202607,0.0,0.0,0.0,0.0,0.0,97.515,0,0,202607,False,,2.4849999999999994
2026-02-12,A6969000,3개월무위험금리 F 202609,0.0,0.0,0.0,0.0,0.0,97.515,0,0,202609,False,,2.4849999999999994
2026-02-12,A696C000,3개월무위험금리 F 202612,0.0,0.0,0.0,0.0,0.0,97.36,0,0,202612,False,,2.6400000000000006
2026-02-12,D696263S,3개월무위험금리 SP 2602-2603,0.0,0.0,0.0,0.0,0.0,0.0,0,0,,True,,100.0
2026-02-12,D696264S,3개월무위험금리 SP 2602-2604,0.0,0.0,0.0,0.0,0.0,0.0,0,0,,True,,100.0
2026-02-12,D696265S,3개월무위험금리 SP 2602-2605,0.0,0.0,0.0,0.0,0.0,0.0,0,0,,True,,100.0
2026-02-13,A6962000,3개월무위험금리 F 202602,0.0,0.0,0.0,0.0,0.0,97.445,0,0,202602,False,,2.555000000000007
2026-02-13,A6963000,3개월무위험금리 F 202603,0.0,0.0,0.0,0.0,0.0,97.47,0,0,202603,False,,2.530000000000001
2026-02-13,A6964000,3개월무위험금리 F 202604,0.0,0.0,0.0,0.0,0.0,97.515,0,0,202604,False,,2.4849999999999994
2026-02-13,A6965000,3개월무위험금리 F 202605,0.0,0.0,0.0,0.0,0.0,97.45,0,0,202605,False,,2.549999999999997
2026-02-13,A6966000,3개월무위험금리 F 202606,0.0,0.0,0.0,0.0,0.0,97.505,0,0,202606,False,,2.4950000000000045
2026-02-13,A6967000,3개월무위험금리 F 202607,0.0,0.0,0.0,0.0,0.0,97.505,0,0,202607,False,,2.4950000000000045
2026-02-13,A6969000,3개월무위험금리 F 202609,0.0,0.0,0.0,0.0,0.0,97.5,0,0,202609,False,,2.5
2026-02-13,A696C000,3개월무위험금리 F 202612,0.0,0.0,0.0,0.0,0.0,97.365,0,0,202612,False,,2.635000000000005
2026-02-13,D696263S,3개월무위험금리 SP 2602-2603,0.0,0.0,0.0,0.0,0.0,0.0,0,0,,True,,100.0
2026-02-13,D696264S,3개월무위험금리 SP 2602-2604,0.0,0.0,0.0,0.0,0.0,0.0,0,0,,True,,100.0
2026-02-13,D696265S,3개월무위험금리 SP 2602-2605,0.0,0.0,0.0,0.0,0.0,0.0,0,0,,True,,100.0
2026-02-19,A6963000,3개월무위험금리 F 202603,0.0,0.0,0.0,0.0,0.0,97.46,0,0,202603,False,,2.5400000000000063
2026-02-19,A6964000,3개월무위험금리 F 202604,0.0,0.0,0.0,0.0,0.0,97.495,0,0,202604,False,,2.5049999999999955
2026-02-19,A6965000,3개월무위험금리 F 202605,0.0,0.0,0.0,0.0,0.0,97.525,0,0,202605,False,,2.4749999999999943
2026-02-19,A6966000,3개월무위험금리 F 202606,0.0,0.0,0.0,0.0,0.0,97.46,0,0,202606,False,,2.5400000000000063
2026-02-19,A6967000,3개월무위험금리 F 202607,0.0,0.0,0.0,0.0,0.0,97.48,0,0,202607,False,,2.519999999999996
2026-02-19,A6968000,3개월무위험금리 F 202608,0.0,0.0,0.0,0.0,0.0,97.515,0,0,202608,False,,2.4849999999999994
2026-02-19,A6969000,3개월무위험금리 F 202609,0.0,0.0,0.0,0.0,0.0,97.49,0,0,202609,False,,2.510000000000005
2026-02-19,A696C000,3개월무위험금리 F 202612,0.0,0.0,0.0,0.0,0.0,97.365,0,0,202612,False,,2.635000000000005
2026-02-19,D696364S,3개월무위험금리 SP 2603-2604,0.0,0.0,0.0,0.0,0.0,0.0,0,0,,True,,100.0
2026-02-19,D696365S,3개월무위험금리 SP 2603-2605,0.0,0.0,0.0,0.0,0.0,0.0,0,0,,True,,100.0
2026-02-19,D696366S,3개월무위험금리 SP 2603-2606,0.0,0.0,0.0,0.0,0.0,0.0,0,0,,True,,100.0
2026-02-20,A6963000,3개월무위험금리 F 202603,0.0,0.0,0.0,0.0,0.0,97.46,0,0,202603,False,,2.5400000000000063
2026-02-20,A6964000,3개월무위험금리 F 202604,0.0,0.0,0.0,0.0,0.0,97.515,0,0,202604,False,,2.4849999999999994
2026-02-20,A6965000,3개월무위험금리 F 202605,0.0,0.0,0.0,0.0,0.0,97.555,0,0,202605,False,,2.444999999999993
2026-02-20,A6966000,3개월무위험금리 F 202606,0.0,0.0,0.0,0.0,0.0,97.46,0,0,202606,False,,2.5400000000000063
2026-02-20,A6967000,3개월무위험금리 F 202607,0.0,0.0,0.0,0.0,0.0,97.475,0,0,202607,False,,2.5250000000000057
2026-02-20,A6968000,3개월무위험금리 F 202608,0.0,0.0,0.0,0.0,0.0,97.525,0,0,202608,False,,2.4749999999999943
2026-02-20,A6969000,3개월무위험금리 F 202609,0.0,0.0,0.0,0.0,0.0,97.5,0,0,202609,False,,2.5
2026-02-20,A696C000,3개월무위험금리 F 202612,0.0,0.0,0.0,0.0,0.0,97.375,0,0,202612,False,,2.625
2026-02-20,D696364S,3개월무위험금리 SP 2603-2604,0.0,0.0,0.0,0.0,0.0,0.0,0,0,,True,,100.0
2026-02-20,D696365S,3개월무위험금리 SP 2603-2605,0.0,0.0,0.0,0.0,0.0,0.0,0,0,,True,,100.0
2026-02-20,D696366S,3개월무위험금리 SP 2603-2606,0.0,0.0,0.0,0.0,0.0,0.0,0,0,,True,,100.0
2026-02-23,A6963000,3개월무위험금리 F 202603,97.45,-0.01,97.45,97.45,97.45,97.45,40,9745000000,202603,False,2.549999999999997,2.549999999999997
2026-02-23,A6964000,3개월무위험금리 F 202604,0.0,0.0,0.0,0.0,0.0,97.5,0,0,202604,False,,2.5
2026-02-23,A6965000,3개월무위험금리 F 202605,0.0,0.0,0.0,0.0,0.0,97.53,0,0,202605,False,,2.469999999999999
2026-02-23,A6966000,3개월무위험금리 F 202606,0.0,0.0,0.0,0.0,0.0,97.46,0,0,202606,False,,2.5400000000000063
2026-02-23,A6967000,3개월무위험금리 F 202607,0.0,0.0,0.0,0.0,0.0,97.52,0,0,202607,False,,2.480000000000004
2026-02-23,A6968000,3개월무위험금리 F 202608,0.0,0.0,0.0,0.0,0.0,97.565,0,0,202608,False,,2.4350000000000023
2026-02-23,A6969000,3개월무위험금리 F 202609,0.0,0.0,0.0,0.0,0.0,97.555,0,0,202609,False,,2.444999999999993
2026-02-23,A696C000,3개월무위험금리 F 202612,0.0,0.0,0.0,0.0,0.0,97.415,0,0,202612,False,,2.5849999999999937
2026-02-23,D696364S,3개월무위험금리 SP 2603-2604,0.0,0.0,0.0,0.0,0.0,0.0,0,0,,True,,100.0
2026-02-23,D696365S,3개월무위험금리 SP 2603-2605,0.0,0.0,0.0,0.0,0.0,0.0,0,0,,True,,100.0
2026-02-23,D696366S,3개월무위험금리 SP 2603-2606,0.0,0.0,0.0,0.0,0.0,0.0,0,0,,True,,100.0
2026-02-24,A6963000,3개월무위험금리 F 202603,0.0,0.0,0.0,0.0,0.0,97.45,0,0,202603,False,,2.549999999999997
2026-02-24,A6964000,3개월무위험금리 F 202604,0.0,0.0,0.0,0.0,0.0,97.48,0,0,202604,False,,2.519999999999996
2026-02-24,A6965000,3개월무위험금리 F 202605,0.0,0.0,0.0,0.0,0.0,97.505,0,0,202605,False,,2.4950000000000045
2026-02-24,A6966000,3개월무위험금리 F 202606,0.0,0.0,0.0,0.0,0.0,97.49,0,0,202606,False,,2.510000000000005
2026-02-24,A6967000,3개월무위험금리 F 202607,0.0,0.0,0.0,0.0,0.0,97.48,0,0,202607,False,,2.519999999999996
2026-02-24,A6968000,3개월무위험금리 F 202608,0.0,0.0,0.0,0.0,0.0,97.525,0,0,202608,False,,2.4749999999999943
2026-02-24,A6969000,3개월무위험금리 F 202609,0.0,0.0,0.0,0.0,0.0,97.515,0,0,202609,False,,2.4849999999999994
2026-02-24,A696C000,3개월무위험금리 F 202612,0.0,0.0,0.0,0.0,0.0,97.39,0,0,202612,False,,2.6099999999999994
2026-02-24,D696364S,3개월무위험금리 SP 2603-2604,0.0,0.0,0.0,0.0,0.0,0.0,0,0,,True,,100.0
2026-02-24,D696365S,3개월무위험금리 SP 2603-2605,0.0,0.0,0.0,0.0,0.0,0.0,0,0,,True,,100.0
2026-02-24,D696366S,3개월무위험금리 SP 2603-2606,0.0,0.0,0.0,0.0,0.0,0.0,0,0,,True,,100.0
2026-02-25,A6963000,3개월무위험금리 F 202603,0.0,0.0,0.0,0.0,0.0,97.43,0,0,202603,False,,2.569999999999993
2026-02-25,A6964000,3개월무위험금리 F 202604,0.0,0.0,0.0,0.0,0.0,97.42,0,0,202604,False,,2.5799999999999983
2026-02-25,A6965000,3개월무위험금리 F 202605,0.0,0.0,0.0,0.0,0.0,97.405,0,0,202605,False,,2.594999999999999
2026-02-25,A6966000,3개월무위험금리 F 202606,0.0,0.0,0.0,0.0,0.0,97.425,0,0,202606,False,,2.575000000000003
2026-02-25,A6967000,3개월무위험금리 F 202607,0.0,0.0,0.0,0.0,0.0,97.395,0,0,202607,False,,2.605000000000004
2026-02-25,A6968000,3개월무위험금리 F 202608,0.0,0.0,0.0,0.0,0.0,97.43,0,0,202608,False,,2.569999999999993
2026-02-25,A6969000,3개월무위험금리 F 202609,0.0,0.0,0.0,0.0,0.0,97.415,0,0,202609,False,,2.5849999999999937
2026-02-25,A696C000,3개월무위험금리 F 202612,0.0,0.0,0.0,0.0,0.0,97.27,0,0,202612,False,,2.730000000000004
2026-02-25,D696364S,3개월무위험금리 SP 2603-2604,0.0,0.0,0.0,0.0,0.0,0.0,0,0,,True,,100.0
2026-02-25,D696365S,3개월무위험금리 SP 2603-2605,0.0,0.0,0.0,0.0,0.0,0.0,0,0,,True,,100.0
2026-02-25,D696366S,3개월무위험금리 SP 2603-2606,0.0,0.0,0.0,0.0,0.0,0.0,0,0,,True,,100.0
2026-02-26,A6963000,3개월무위험금리 F 202603,0.0,0.0,0.0,0.0,0.0,97.43,0,0,202603,False,,2.569999999999993
2026-02-26,A6964000,3개월무위험금리 F 202604,0.0,0.0,0.0,0.0,0.0,97.42,0,0,202604,False,,2.5799999999999983
2026-02-26,A6965000,3개월무위험금리 F 202605,0.0,0.0,0.0,0.0,0.0,97.405,0,0,202605,False,,2.594999999999999
2026-02-26,A6966000,3개월무위험금리 F 202606,0.0,0.0,0.0,0.0,0.0,97.365,0,0,202606,False,,2.635000000000005
2026-02-26,A6967000,3개월무위험금리 F 202607,0.0,0.0,0.0,0.0,0.0,97.355,0,0,202607,False,,2.644999999999996
2026-02-26,A6968000,3개월무위험금리 F 202608,0.0,0.0,0.0,0.0,0.0,97.405,0,0,202608,False,,2.594999999999999
2026-02-26,A6969000,3개월무위험금리 F 202609,0.0,0.0,0.0,0.0,0.0,97.405,0,0,202609,False,,2.594999999999999
2026-02-26,A696C000,3개월무위험금리 F 202612,0.0,0.0,0.0,0.0,0.0,97.285,0,0,202612,False,,2.7150000000000034
2026-02-26,D696364S,3개월무위험금리 SP 2603-2604,0.0,0.0,0.0,0.0,0.0,0.0,0,0,,True,,100.0
2026-02-26,D696365S,3개월무위험금리 SP 2603-2605,0.0,0.0,0.0,0.0,0.0,0.0,0,0,,True,,100.0
2026-02-26,D696366S,3개월무위험금리 SP 2603-2606,0.0,0.0,0.0,0.0,0.0,0.0,0,0,,True,,100.0
2026-02-27,A6963000,3개월무위험금리 F 202603,0.0,0.0,0.0,0.0,0.0,97.42,0,0,202603,False,,2.5799999999999983
2026-02-27,A6964000,3개월무위험금리 F 202604,0.0,0.0,0.0,0.0,0.0,97.4,0,0,202604,False,,2.5999999999999943
2026-02-27,A6965000,3개월무위험금리 F 202605,0.0,0.0,0.0,0.0,0.0,97.38,0,0,202605,False,,2.6200000000000045
2026-02-27,A6966000,3개월무위험금리 F 202606,0.0,0.0,0.0,0.0,0.0,97.36,0,0,202606,False,,2.6400000000000006
2026-02-27,A6967000,3개월무위험금리 F 202607,0.0,0.0,0.0,0.0,0.0,97.355,0,0,202607,False,,2.644999999999996
2026-02-27,A6968000,3개월무위험금리 F 202608,0.0,0.0,0.0,0.0,0.0,97.405,0,0,202608,False,,2.594999999999999
2026-02-27,A6969000,3개월무위험금리 F 202609,0.0,0.0,0.0,0.0,0.0,97.42,0,0,202609,False,,2.5799999999999983
2026-02-27,A696C000,3개월무위험금리 F 202612,0.0,0.0,0.0,0.0,0.0,97.305,0,0,202612,False,,2.694999999999993
2026-02-27,D696364S,3개월무위험금리 SP 2603-2604,0.0,0.0,0.0,0.0,0.0,0.0,0,0,,True,,100.0
2026-02-27,D696365S,3개월무위험금리 SP 2603-2605,0.0,0.0,0.0,0.0,0.0,0.0,0,0,,True,,100.0
2026-02-27,D696366S,3개월무위험금리 SP 2603-2606,0.0,0.0,0.0,0.0,0.0,0.0,0,0,,True,,100.0
2026-03-03,A6963000,3개월무위험금리 F 202603,0.0,0.0,0.0,0.0,0.0,97.425,0,0,202603,False,,2.575000000000003
2026-03-03,A6964000,3개월무위험금리 F 202604,0.0,0.0,0.0,0.0,0.0,97.4,0,0,202604,False,,2.5999999999999943
2026-03-03,A6965000,3개월무위험금리 F 202605,0.0,0.0,0.0,0.0,0.0,97.375,0,0,202605,False,,2.625
2026-03-03,A6966000,3개월무위험금리 F 202606,0.0,0.0,0.0,0.0,0.0,97.335,0,0,202606,False,,2.6650000000000063
2026-03-03,A6967000,3개월무위험금리 F 202607,0.0,0.0,0.0,0.0,0.0,97.305,0,0,202607,False,,2.694999999999993
2026-03-03,A6968000,3개월무위험금리 F 202608,0.0,0.0,0.0,0.0,0.0,97.32,0,0,202608,False,,2.680000000000007
2026-03-03,A6969000,3개월무위험금리 F 202609,0.0,0.0,0.0,0.0,0.0,97.335,0,0,202609,False,,2.6650000000000063
2026-03-03,A696C000,3개월무위험금리 F 202612,0.0,0.0,0.0,0.0,0.0,97.205,0,0,202612,False,,2.7950000000000017
2026-03-03,D696364S,3개월무위험금리 SP 2603-2604,0.0,0.0,0.0,0.0,0.0,0.0,0,0,,True,,100.0
2026-03-03,D696365S,3개월무위험금리 SP 2603-2605,0.0,0.0,0.0,0.0,0.0,0.0,0,0,,True,,100.0
2026-03-03,D696366S,3개월무위험금리 SP 2603-2606,0.0,0.0,0.0,0.0,0.0,0.0,0,0,,True,,100.0
2026-03-04,A6963000,3개월무위험금리 F 202603,0.0,0.0,0.0,0.0,0.0,97.425,0,0,202603,False,,2.575000000000003
2026-03-04,A6964000,3개월무위험금리 F 202604,0.0,0.0,0.0,0.0,0.0,97.405,0,0,202604,False,,2.594999999999999
2026-03-04,A6965000,3개월무위험금리 F 202605,0.0,0.0,0.0,0.0,0.0,97.385,0,0,202605,False,,2.614999999999995
2026-03-04,A6966000,3개월무위험금리 F 202606,0.0,0.0,0.0,0.0,0.0,97.425,0,0,202606,False,,2.575000000000003
2026-03-04,A6967000,3개월무위험금리 F 202607,0.0,0.0,0.0,0.0,0.0,97.29,0,0,202607,False,,2.7099999999999937
2026-03-04,A6968000,3개월무위험금리 F 202608,0.0,0.0,0.0,0.0,0.0,97.295,0,0,202608,False,,2.7049999999999983
2026-03-04,A6969000,3개월무위험금리 F 202609,0.0,0.0,0.0,0.0,0.0,97.305,0,0,202609,False,,2.694999999999993
2026-03-04,A696C000,3개월무위험금리 F 202612,0.0,0.0,0.0,0.0,0.0,97.14,0,0,202612,False,,2.8599999999999994
2026-03-04,D696364S,3개월무위험금리 SP 2603-2604,0.0,0.0,0.0,0.0,0.0,0.0,0,0,,True,,100.0
2026-03-04,D696365S,3개월무위험금리 SP 2603-2605,0.0,0.0,0.0,0.0,0.0,0.0,0,0,,True,,100.0
2026-03-04,D696366S,3개월무위험금리 SP 2603-2606,0.0,0.0,0.0,0.0,0.0,0.0,0,0,,True,,100.0
2026-03-05,A6963000,3개월무위험금리 F 202603,0.0,0.0,0.0,0.0,0.0,97.43,0,0,202603,False,,2.569999999999993
2026-03-05,A6964000,3개월무위험금리 F 202604,0.0,0.0,0.0,0.0,0.0,97.415,0,0,202604,False,,2.5849999999999937
2026-03-05,A6965000,3개월무위험금리 F 202605,0.0,0.0,0.0,0.0,0.0,97.395,0,0,202605,False,,2.605000000000004
2026-03-05,A6966000,3개월무위험금리 F 202606,0.0,0.0,0.0,0.0,0.0,97.425,0,0,202606,False,,2.575000000000003
2026-03-05,A6967000,3개월무위험금리 F 202607,0.0,0.0,0.0,0.0,0.0,97.31,0,0,202607,False,,2.6899999999999977
2026-03-05,A6968000,3개월무위험금리 F 202608,0.0,0.0,0.0,0.0,0.0,97.325,0,0,202608,False,,2.674999999999997
2026-03-05,A6969000,3개월무위험금리 F 202609,0.0,0.0,0.0,0.0,0.0,97.34,0,0,202609,False,,2.6599999999999966
2026-03-05,A696C000,3개월무위험금리 F 202612,0.0,0.0,0.0,0.0,0.0,97.175,0,0,202612,False,,2.825000000000003
2026-03-05,D696364S,3개월무위험금리 SP 2603-2604,0.0,0.0,0.0,0.0,0.0,0.0,0,0,,True,,100.0
2026-03-05,D696365S,3개월무위험금리 SP 2603-2605,0.0,0.0,0.0,0.0,0.0,0.0,0,0,,True,,100.0
2026-03-05,D696366S,3개월무위험금리 SP 2603-2606,0.0,0.0,0.0,0.0,0.0,0.0,0,0,,True,,100.0
2026-03-06,A6963000,3개월무위험금리 F 202603,0.0,0.0,0.0,0.0,0.0,97.43,0,0,202603,False,,2.569999999999993
2026-03-06,A6964000,3개월무위험금리 F 202604,0.0,0.0,0.0,0.0,0.0,97.42,0,0,202604,False,,2.5799999999999983
2026-03-06,A6965000,3개월무위험금리 F 202605,0.0,0.0,0.0,0.0,0.0,97.41,0,0,202605,False,,2.5900000000000034
2026-03-06,A6966000,3개월무위험금리 F 202606,0.0,0.0,0.0,0.0,0.0,97.385,0,0,202606,False,,2.614999999999995
2026-03-06,A6967000,3개월무위험금리 F 202607,0.0,0.0,0.0,0.0,0.0,97.345,0,0,202607,False,,2.655000000000001
2026-03-06,A6968000,3개월무위험금리 F 202608,0.0,0.0,0.0,0.0,0.0,97.35,0,0,202608,False,,2.6500000000000057
2026-03-06,A6969000,3개월무위험금리 F 202609,0.0,0.0,0.0,0.0,0.0,97.37,0,0,202609,False,,2.6299999999999955
2026-03-06,A696C000,3개월무위험금리 F 202612,0.0,0.0,0.0,0.0,0.0,97.225,0,0,202612,False,,2.7750000000000057
2026-03-06,D696364S,3개월무위험금리 SP 2603-2604,0.0,0.0,0.0,0.0,0.0,0.0,0,0,,True,,100.0
2026-03-06,D696365S,3개월무위험금리 SP 2603-2605,0.0,0.0,0.0,0.0,0.0,0.0,0,0,,True,,100.0
2026-03-06,D696366S,3개월무위험금리 SP 2603-2606,0.0,0.0,0.0,0.0,0.0,0.0,0,0,,True,,100.0
2026-03-09,A6963000,3개월무위험금리 F 202603,0.0,0.0,0.0,0.0,0.0,97.435,0,0,202603,False,,2.5649999999999977
2026-03-09,A6964000,3개월무위험금리 F 202604,0.0,0.0,0.0,0.0,0.0,97.415,0,0,202604,False,,2.5849999999999937
2026-03-09,A6965000,3개월무위험금리 F 202605,0.0,0.0,0.0,0.0,0.0,97.395,0,0,202605,False,,2.605000000000004
2026-03-09,A6966000,3개월무위험금리 F 202606,0.0,0.0,0.0,0.0,0.0,97.415,0,0,202606,False,,2.5849999999999937
2026-03-09,A6967000,3개월무위험금리 F 202607,0.0,0.0,0.0,0.0,0.0,97.32,0,0,202607,False,,2.680000000000007
2026-03-09,A6968000,3개월무위험금리 F 202608,0.0,0.0,0.0,0.0,0.0,97.245,0,0,202608,False,,2.7549999999999955
2026-03-09,A6969000,3개월무위험금리 F 202609,0.0,0.0,0.0,0.0,0.0,97.205,0,0,202609,False,,2.7950000000000017
2026-03-09,A696C000,3개월무위험금리 F 202612,0.0,0.0,0.0,0.0,0.0,97.08,0,0,202612,False,,2.9200000000000017
2026-03-09,D696364S,3개월무위험금리 SP 2603-2604,0.0,0.0,0.0,0.0,0.0,0.0,0,0,,True,,100.0
2026-03-09,D696365S,3개월무위험금리 SP 2603-2605,0.0,0.0,0.0,0.0,0.0,0.0,0,0,,True,,100.0
2026-03-09,D696366S,3개월무위험금리 SP 2603-2606,0.0,0.0,0.0,0.0,0.0,0.0,0,0,,True,,100.0
2026-03-10,A6963000,3개월무위험금리 F 202603,0.0,0.0,0.0,0.0,0.0,97.435,0,0,202603,False,,2.5649999999999977
2026-03-10,A6964000,3개월무위험금리 F 202604,0.0,0.0,0.0,0.0,0.0,97.42,0,0,202604,False,,2.5799999999999983
2026-03-10,A6965000,3개월무위험금리 F 202605,0.0,0.0,0.0,0.0,0.0,97.4,0,0,202605,False,,2.5999999999999943
2026-03-10,A6966000,3개월무위험금리 F 202606,0.0,0.0,0.0,0.0,0.0,97.415,0,0,202606,False,,2.5849999999999937
2026-03-10,A6967000,3개월무위험금리 F 202607,0.0,0.0,0.0,0.0,0.0,97.32,0,0,202607,False,,2.680000000000007
2026-03-10,A6968000,3개월무위험금리 F 202608,0.0,0.0,0.0,0.0,0.0,97.34,0,0,202608,False,,2.6599999999999966
2026-03-10,A6969000,3개월무위험금리 F 202609,0.0,0.0,0.0,0.0,0.0,97.38,0,0,202609,False,,2.6200000000000045
2026-03-10,A696C000,3개월무위험금리 F 202612,0.0,0.0,0.0,0.0,0.0,97.18,0,0,202612,False,,2.819999999999993
2026-03-10,D696364S,3개월무위험금리 SP 2603-2604,0.0,0.0,0.0,0.0,0.0,0.0,0,0,,True,,100.0
2026-03-10,D696365S,3개월무위험금리 SP 2603-2605,0.0,0.0,0.0,0.0,0.0,0.0,0,0,,True,,100.0
2026-03-10,D696366S,3개월무위험금리 SP 2603-2606,0.0,0.0,0.0,0.0,0.0,0.0,0,0,,True,,100.0
2026-03-11,A6963000,3개월무위험금리 F 202603,97.445,0.01,97.445,97.445,97.445,97.445,80,19489000000,202603,False,2.555000000000007,2.555000000000007
2026-03-11,A6964000,3개월무위험금리 F 202604,0.0,0.0,0.0,0.0,0.0,97.445,0,0,202604,False,,2.555000000000007
2026-03-11,A6965000,3개월무위험금리 F 202605,0.0,0.0,0.0,0.0,0.0,97.445,0,0,202605,False,,2.555000000000007
2026-03-11,A6966000,3개월무위험금리 F 202606,0.0,0.0,0.0,0.0,0.0,97.42,0,0,202606,False,,2.5799999999999983
2026-03-11,A6967000,3개월무위험금리 F 202607,0.0,0.0,0.0,0.0,0.0,97.375,0,0,202607,False,,2.625
2026-03-11,A6968000,3개월무위험금리 F 202608,0.0,0.0,0.0,0.0,0.0,97.39,0,0,202608,False,,2.6099999999999994
2026-03-11,A6969000,3개월무위험금리 F 202609,0.0,0.0,0.0,0.0,0.0,97.425,0,0,202609,False,,2.575000000000003
2026-03-11,A696C000,3개월무위험금리 F 202612,0.0,0.0,0.0,0.0,0.0,97.265,0,0,202612,False,,2.7349999999999994
2026-03-11,D696364S,3개월무위험금리 SP 2603-2604,0.0,0.0,0.0,0.0,0.0,0.0,0,0,,True,,100.0
2026-03-11,D696365S,3개월무위험금리 SP 2603-2605,0.0,0.0,0.0,0.0,0.0,0.0,0,0,,True,,100.0
2026-03-11,D696366S,3개월무위험금리 SP 2603-2606,0.0,0.0,0.0,0.0,0.0,0.0,0,0,,True,,100.0
2026-03-12,A6963000,3개월무위험금리 F 202603,0.0,0.0,0.0,0.0,0.0,97.44,0,0,202603,False,,2.5600000000000023
2026-03-12,A6964000,3개월무위험금리 F 202604,0.0,0.0,0.0,0.0,0.0,97.44,0,0,202604,False,,2.5600000000000023
2026-03-12,A6965000,3개월무위험금리 F 202605,0.0,0.0,0.0,0.0,0.0,97.435,0,0,202605,False,,2.5649999999999977
2026-03-12,A6966000,3개월무위험금리 F 202606,0.0,0.0,0.0,0.0,0.0,97.435,0,0,202606,False,,2.5649999999999977
2026-03-12,A6967000,3개월무위험금리 F 202607,0.0,0.0,0.0,0.0,0.0,97.39,0,0,202607,False,,2.6099999999999994
2026-03-12,A6968000,3개월무위험금리 F 202608,0.0,0.0,0.0,0.0,0.0,97.375,0,0,202608,False,,2.625
2026-03-12,A6969000,3개월무위험금리 F 202609,0.0,0.0,0.0,0.0,0.0,97.39,0,0,202609,False,,2.6099999999999994
2026-03-12,A696C000,3개월무위험금리 F 202612,0.0,0.0,0.0,0.0,0.0,97.265,0,0,202612,False,,2.7349999999999994
2026-03-12,D696364S,3개월무위험금리 SP 2603-2604,0.0,0.0,0.0,0.0,0.0,0.0,0,0,,True,,100.0
2026-03-12,D696365S,3개월무위험금리 SP 2603-2605,0.0,0.0,0.0,0.0,0.0,0.0,0,0,,True,,100.0
2026-03-12,D696366S,3개월무위험금리 SP 2603-2606,0.0,0.0,0.0,0.0,0.0,0.0,0,0,,True,,100.0
2026-03-13,A6963000,3개월무위험금리 F 202603,0.0,0.0,0.0,0.0,0.0,97.44,0,0,202603,False,,2.5600000000000023
2026-03-13,A6964000,3개월무위험금리 F 202604,0.0,0.0,0.0,0.0,0.0,97.44,0,0,202604,False,,2.5600000000000023
2026-03-13,A6965000,3개월무위험금리 F 202605,0.0,0.0,0.0,0.0,0.0,97.435,0,0,202605,False,,2.5649999999999977
2026-03-13,A6966000,3개월무위험금리 F 202606,0.0,0.0,0.0,0.0,0.0,97.43,0,0,202606,False,,2.569999999999993
2026-03-13,A6967000,3개월무위험금리 F 202607,0.0,0.0,0.0,0.0,0.0,97.37,0,0,202607,False,,2.6299999999999955
2026-03-13,A6968000,3개월무위험금리 F 202608,0.0,0.0,0.0,0.0,0.0,97.345,0,0,202608,False,,2.655000000000001
2026-03-13,A6969000,3개월무위험금리 F 202609,0.0,0.0,0.0,0.0,0.0,97.36,0,0,202609,False,,2.6400000000000006
2026-03-13,A696C000,3개월무위험금리 F 202612,0.0,0.0,0.0,0.0,0.0,97.21,0,0,202612,False,,2.7900000000000063
2026-03-13,D696364S,3개월무위험금리 SP 2603-2604,0.0,0.0,0.0,0.0,0.0,0.0,0,0,,True,,100.0
2026-03-13,D696365S,3개월무위험금리 SP 2603-2605,0.0,0.0,0.0,0.0,0.0,0.0,0,0,,True,,100.0
2026-03-13,D696366S,3개월무위험금리 SP 2603-2606,0.0,0.0,0.0,0.0,0.0,0.0,0,0,,True,,100.0
2026-03-16,A6963000,3개월무위험금리 F 202603,97.445,0.005,97.445,97.445,97.445,97.445,80,19489000000,202603,False,2.555000000000007,2.555000000000007
2026-03-16,A6964000,3개월무위험금리 F 202604,0.0,0.0,0.0,0.0,0.0,97.435,0,0,202604,False,,2.5649999999999977
2026-03-16,A6965000,3개월무위험금리 F 202605,0.0,0.0,0.0,0.0,0.0,97.42,0,0,202605,False,,2.5799999999999983
2026-03-16,A6966000,3개월무위험금리 F 202606,0.0,0.0,0.0,0.0,0.0,97.425,0,0,202606,False,,2.575000000000003
2026-03-16,A6967000,3개월무위험금리 F 202607,0.0,0.0,0.0,0.0,0.0,97.37,0,0,202607,False,,2.6299999999999955
2026-03-16,A6968000,3개월무위험금리 F 202608,0.0,0.0,0.0,0.0,0.0,97.36,0,0,202608,False,,2.6400000000000006
2026-03-16,A6969000,3개월무위험금리 F 202609,0.0,0.0,0.0,0.0,0.0,97.395,0,0,202609,False,,2.605000000000004
2026-03-16,A696C000,3개월무위험금리 F 202612,0.0,0.0,0.0,0.0,0.0,97.155,0,0,202612,False,,2.844999999999999
2026-03-16,D696364S,3개월무위험금리 SP 2603-2604,0.0,0.0,0.0,0.0,0.0,0.0,0,0,,True,,100.0
2026-03-16,D696365S,3개월무위험금리 SP 2603-2605,0.0,0.0,0.0,0.0,0.0,0.0,0,0,,True,,100.0
2026-03-16,D696366S,3개월무위험금리 SP 2603-2606,0.0,0.0,0.0,0.0,0.0,0.0,0,0,,True,,100.0
2026-03-17,A6963000,3개월무위험금리 F 202603,97.445,0.0,97.445,97.445,97.445,97.445,80,19489000000,202603,False,2.555000000000007,2.555000000000007
2026-03-17,A6964000,3개월무위험금리 F 202604,0.0,0.0,0.0,0.0,0.0,97.435,0,0,202604,False,,2.5649999999999977
2026-03-17,A6965000,3개월무위험금리 F 202605,0.0,0.0,0.0,0.0,0.0,97.425,0,0,202605,False,,2.575000000000003
2026-03-17,A6966000,3개월무위험금리 F 202606,0.0,0.0,0.0,0.0,0.0,97.415,0,0,202606,False,,2.5849999999999937
2026-03-17,A6967000,3개월무위험금리 F 202607,0.0,0.0,0.0,0.0,0.0,97.34,0,0,202607,False,,2.6599999999999966
2026-03-17,A6968000,3개월무위험금리 F 202608,0.0,0.0,0.0,0.0,0.0,97.32,0,0,202608,False,,2.680000000000007
2026-03-17,A6969000,3개월무위험금리 F 202609,0.0,0.0,0.0,0.0,0.0,97.345,0,0,202609,False,,2.655000000000001
2026-03-17,A696C000,3개월무위험금리 F 202612,0.0,0.0,0.0,0.0,0.0,97.13,0,0,202612,False,,2.8700000000000045
2026-03-17,D696364S,3개월무위험금리 SP 2603-2604,0.0,0.0,0.0,0.0,0.0,0.0,0,0,,True,,100.0
2026-03-17,D696365S,3개월무위험금리 SP 2603-2605,0.0,0.0,0.0,0.0,0.0,0.0,0,0,,True,,100.0
2026-03-17,D696366S,3개월무위험금리 SP 2603-2606,0.0,0.0,0.0,0.0,0.0,0.0,0,0,,True,,100.0
2026-03-18,A6964000,3개월무위험금리 F 202604,0.0,0.0,0.0,0.0,0.0,97.435,0,0,202604,False,,2.5649999999999977
2026-03-18,A6965000,3개월무위험금리 F 202605,0.0,0.0,0.0,0.0,0.0,97.425,0,0,202605,False,,2.575000000000003
2026-03-18,A6966000,3개월무위험금리 F 202606,0.0,0.0,0.0,0.0,0.0,97.42,0,0,202606,False,,2.5799999999999983
2026-03-18,A6967000,3개월무위험금리 F 202607,0.0,0.0,0.0,0.0,0.0,97.355,0,0,202607,False,,2.644999999999996
2026-03-18,A6968000,3개월무위험금리 F 202608,0.0,0.0,0.0,0.0,0.0,97.335,0,0,202608,False,,2.6650000000000063
2026-03-18,A6969000,3개월무위험금리 F 202609,0.0,0.0,0.0,0.0,0.0,97.375,0,0,202609,False,,2.625
2026-03-18,A696C000,3개월무위험금리 F 202612,0.0,0.0,0.0,0.0,0.0,97.13,0,0,202612,False,,2.8700000000000045
2026-03-18,A6973000,3개월무위험금리 F 202703,0.0,0.0,0.0,0.0,0.0,96.865,0,0,202703,False,,3.135000000000005
2026-03-18,D696465S,3개월무위험금리 SP 2604-2605,0.0,0.0,0.0,0.0,0.0,0.0,0,0,,True,,100.0
2026-03-18,D696466S,3개월무위험금리 SP 2604-2606,0.0,0.0,0.0,0.0,0.0,0.0,0,0,,True,,100.0
2026-03-18,D696467S,3개월무위험금리 SP 2604-2607,0.0,0.0,0.0,0.0,0.0,0.0,0,0,,True,,100.0
2026-03-19,A6964000,3개월무위험금리 F 202604,0.0,0.0,0.0,0.0,0.0,97.415,0,0,202604,False,,2.5849999999999937
2026-03-19,A6965000,3개월무위험금리 F 202605,0.0,0.0,0.0,0.0,0.0,97.38,0,0,202605,False,,2.6200000000000045
2026-03-19,A6966000,3개월무위험금리 F 202606,0.0,0.0,0.0,0.0,0.0,97.35,0,0,202606,False,,2.6500000000000057
2026-03-19,A6967000,3개월무위험금리 F 202607,0.0,0.0,0.0,0.0,0.0,97.315,0,0,202607,False,,2.6850000000000023
2026-03-19,A6968000,3개월무위험금리 F 202608,0.0,0.0,0.0,0.0,0.0,97.255,0,0,202608,False,,2.7450000000000045
2026-03-19,A6969000,3개월무위험금리 F 202609,0.0,0.0,0.0,0.0,0.0,97.24,0,0,202609,False,,2.760000000000005
2026-03-19,A696C000,3개월무위험금리 F 202612,0.0,0.0,0.0,0.0,0.0,97.055,0,0,202612,False,,2.944999999999993
2026-03-19,A6973000,3개월무위험금리 F 202703,0.0,0.0,0.0,0.0,0.0,96.77,0,0,202703,False,,3.230000000000004
2026-03-19,D696465S,3개월무위험금리 SP 2604-2605,0.0,0.0,0.0,0.0,0.0,0.0,0,0,,True,,100.0
2026-03-19,D696466S,3개월무위험금리 SP 2604-2606,0.0,0.0,0.0,0.0,0.0,0.0,0,0,,True,,100.0
2026-03-19,D696467S,3개월무위험금리 SP 2604-2607,0.0,0.0,0.0,0.0,0.0,0.0,0,0,,True,,100.0
2026-03-20,A6964000,3개월무위험금리 F 202604,0.0,0.0,0.0,0.0,0.0,97.43,0,0,202604,False,,2.569999999999993
2026-03-20,A6965000,3개월무위험금리 F 202605,0.0,0.0,0.0,0.0,0.0,97.415,0,0,202605,False,,2.5849999999999937
2026-03-20,A6966000,3개월무위험금리 F 202606,0.0,0.0,0.0,0.0,0.0,97.395,0,0,202606,False,,2.605000000000004
2026-03-20,A6967000,3개월무위험금리 F 202607,0.0,0.0,0.0,0.0,0.0,97.255,0,0,202607,False,,2.7450000000000045
2026-03-20,A6968000,3개월무위험금리 F 202608,0.0,0.0,0.0,0.0,0.0,97.165,0,0,202608,False,,2.8349999999999937
2026-03-20,A6969000,3개월무위험금리 F 202609,0.0,0.0,0.0,0.0,0.0,97.13,0,0,202609,False,,2.8700000000000045
2026-03-20,A696C000,3개월무위험금리 F 202612,0.0,0.0,0.0,0.0,0.0,96.93,0,0,202612,False,,3.069999999999993
2026-03-20,A6973000,3개월무위험금리 F 202703,0.0,0.0,0.0,0.0,0.0,96.595,0,0,202703,False,,3.405000000000001
2026-03-20,D696465S,3개월무위험금리 SP 2604-2605,0.0,0.0,0.0,0.0,0.0,0.0,0,0,,True,,100.0
2026-03-20,D696466S,3개월무위험금리 SP 2604-2606,0.0,0.0,0.0,0.0,0.0,0.0,0,0,,True,,100.0
2026-03-20,D696467S,3개월무위험금리 SP 2604-2607,0.0,0.0,0.0,0.0,0.0,0.0,0,0,,True,,100.0
2026-03-23,A6964000,3개월무위험금리 F 202604,0.0,0.0,0.0,0.0,0.0,97.42,0,0,202604,False,,2.5799999999999983
2026-03-23,A6965000,3개월무위험금리 F 202605,0.0,0.0,0.0,0.0,0.0,97.39,0,0,202605,False,,2.6099999999999994
2026-03-23,A6966000,3개월무위험금리 F 202606,0.0,0.0,0.0,0.0,0.0,97.36,0,0,202606,False,,2.6400000000000006
2026-03-23,A6967000,3개월무위험금리 F 202607,0.0,0.0,0.0,0.0,0.0,97.41,0,0,202607,False,,2.5900000000000034
2026-03-23,A6968000,3개월무위험금리 F 202608,0.0,0.0,0.0,0.0,0.0,97.165,0,0,202608,False,,2.8349999999999937
2026-03-23,A6969000,3개월무위험금리 F 202609,0.0,0.0,0.0,0.0,0.0,97.09,0,0,202609,False,,2.9099999999999966
2026-03-23,A696C000,3개월무위험금리 F 202612,0.0,0.0,0.0,0.0,0.0,96.755,0,0,202612,False,,3.2450000000000045
2026-03-23,A6973000,3개월무위험금리 F 202703,0.0,0.0,0.0,0.0,0.0,96.33,0,0,202703,False,,3.6700000000000017
2026-03-23,D696465S,3개월무위험금리 SP 2604-2605,0.0,0.0,0.0,0.0,0.0,0.0,0,0,,True,,100.0
2026-03-23,D696466S,3개월무위험금리 SP 2604-2606,0.0,0.0,0.0,0.0,0.0,0.0,0,0,,True,,100.0
2026-03-23,D696467S,3개월무위험금리 SP 2604-2607,0.0,0.0,0.0,0.0,0.0,0.0,0,0,,True,,100.0
2026-03-24,A6964000,3개월무위험금리 F 202604,0.0,0.0,0.0,0.0,0.0,97.43,0,0,202604,False,,2.569999999999993
2026-03-24,A6965000,3개월무위험금리 F 202605,0.0,0.0,0.0,0.0,0.0,97.405,0,0,202605,False,,2.594999999999999
2026-03-24,A6966000,3개월무위험금리 F 202606,0.0,0.0,0.0,0.0,0.0,97.38,0,0,202606,False,,2.6200000000000045
2026-03-24,A6967000,3개월무위험금리 F 202607,0.0,0.0,0.0,0.0,0.0,97.41,0,0,202607,False,,2.5900000000000034
2026-03-24,A6968000,3개월무위험금리 F 202608,0.0,0.0,0.0,0.0,0.0,97.19,0,0,202608,False,,2.8100000000000023
2026-03-24,A6969000,3개월무위험금리 F 202609,0.0,0.0,0.0,0.0,0.0,97.13,0,0,202609,False,,2.8700000000000045
2026-03-24,A696C000,3개월무위험금리 F 202612,0.0,0.0,0.0,0.0,0.0,96.69,0,0,202612,False,,3.3100000000000023
2026-03-24,A6973000,3개월무위험금리 F 202703,0.0,0.0,0.0,0.0,0.0,96.255,0,0,202703,False,,3.7450000000000045
2026-03-24,D696465S,3개월무위험금리 SP 2604-2605,0.0,0.0,0.0,0.0,0.0,0.0,0,0,,True,,100.0
2026-03-24,D696466S,3개월무위험금리 SP 2604-2606,0.0,0.0,0.0,0.0,0.0,0.0,0,0,,True,,100.0
2026-03-24,D696467S,3개월무위험금리 SP 2604-2607,0.0,0.0,0.0,0.0,0.0,0.0,0,0,,True,,100.0
2026-03-25,A6964000,3개월무위험금리 F 202604,0.0,0.0,0.0,0.0,0.0,97.43,0,0,202604,False,,2.569999999999993
2026-03-25,A6965000,3개월무위험금리 F 202605,0.0,0.0,0.0,0.0,0.0,97.4,0,0,202605,False,,2.5999999999999943
2026-03-25,A6966000,3개월무위험금리 F 202606,0.0,0.0,0.0,0.0,0.0,97.37,0,0,202606,False,,2.6299999999999955
2026-03-25,A6967000,3개월무위험금리 F 202607,0.0,0.0,0.0,0.0,0.0,97.32,0,0,202607,False,,2.680000000000007
2026-03-25,A6968000,3개월무위험금리 F 202608,0.0,0.0,0.0,0.0,0.0,97.265,0,0,202608,False,,2.7349999999999994
2026-03-25,A6969000,3개월무위험금리 F 202609,0.0,0.0,0.0,0.0,0.0,97.255,0,0,202609,False,,2.7450000000000045
2026-03-25,A696C000,3개월무위험금리 F 202612,0.0,0.0,0.0,0.0,0.0,96.94,0,0,202612,False,,3.0600000000000023
2026-03-25,A6973000,3개월무위험금리 F 202703,0.0,0.0,0.0,0.0,0.0,96.525,0,0,202703,False,,3.4749999999999943
2026-03-25,D696465S,3개월무위험금리 SP 2604-2605,0.0,0.0,0.0,0.0,0.0,0.0,0,0,,True,,100.0
2026-03-25,D696466S,3개월무위험금리 SP 2604-2606,0.0,0.0,0.0,0.0,0.0,0.0,0,0,,True,,100.0
2026-03-25,D696467S,3개월무위험금리 SP 2604-2607,0.0,0.0,0.0,0.0,0.0,0.0,0,0,,True,,100.0
2026-03-26,A6964000,3개월무위험금리 F 202604,0.0,0.0,0.0,0.0,0.0,97.43,0,0,202604,False,,2.569999999999993
2026-03-26,A6965000,3개월무위험금리 F 202605,0.0,0.0,0.0,0.0,0.0,97.405,0,0,202605,False,,2.594999999999999
2026-03-26,A6966000,3개월무위험금리 F 202606,0.0,0.0,0.0,0.0,0.0,97.38,0,0,202606,False,,2.6200000000000045
2026-03-26,A6967000,3개월무위험금리 F 202607,0.0,0.0,0.0,0.0,0.0,97.41,0,0,202607,False,,2.5900000000000034
2026-03-26,A6968000,3개월무위험금리 F 202608,0.0,0.0,0.0,0.0,0.0,97.245,0,0,202608,False,,2.7549999999999955
2026-03-26,A6969000,3개월무위험금리 F 202609,0.0,0.0,0.0,0.0,0.0,97.23,0,0,202609,False,,2.769999999999996
2026-03-26,A696C000,3개월무위험금리 F 202612,0.0,0.0,0.0,0.0,0.0,96.88,0,0,202612,False,,3.1200000000000045
2026-03-26,A6973000,3개월무위험금리 F 202703,0.0,0.0,0.0,0.0,0.0,96.42,0,0,202703,False,,3.5799999999999983
2026-03-26,D696465S,3개월무위험금리 SP 2604-2605,0.0,0.0,0.0,0.0,0.0,0.0,0,0,,True,,100.0
2026-03-26,D696466S,3개월무위험금리 SP 2604-2606,0.0,0.0,0.0,0.0,0.0,0.0,0,0,,True,,100.0
2026-03-26,D696467S,3개월무위험금리 SP 2604-2607,0.0,0.0,0.0,0.0,0.0,0.0,0,0,,True,,100.0
2026-03-27,A6964000,3개월무위험금리 F 202604,0.0,0.0,0.0,0.0,0.0,97.43,0,0,202604,False,,2.569999999999993
2026-03-27,A6965000,3개월무위험금리 F 202605,0.0,0.0,0.0,0.0,0.0,97.4,0,0,202605,False,,2.5999999999999943
2026-03-27,A6966000,3개월무위험금리 F 202606,0.0,0.0,0.0,0.0,0.0,97.375,0,0,202606,False,,2.625
2026-03-27,A6967000,3개월무위험금리 F 202607,0.0,0.0,0.0,0.0,0.0,97.315,0,0,202607,False,,2.6850000000000023
2026-03-27,A6968000,3개월무위험금리 F 202608,0.0,0.0,0.0,0.0,0.0,97.205,0,0,202608,False,,2.7950000000000017
2026-03-27,A6969000,3개월무위험금리 F 202609,0.0,0.0,0.0,0.0,0.0,97.135,0,0,202609,False,,2.864999999999995
2026-03-27,A696C000,3개월무위험금리 F 202612,0.0,0.0,0.0,0.0,0.0,96.85,0,0,202612,False,,3.1500000000000057
2026-03-27,A6973000,3개월무위험금리 F 202703,0.0,0.0,0.0,0.0,0.0,96.445,0,0,202703,False,,3.555000000000007
2026-03-27,D696465S,3개월무위험금리 SP 2604-2605,0.0,0.0,0.0,0.0,0.0,0.0,0,0,,True,,100.0
2026-03-27,D696466S,3개월무위험금리 SP 2604-2606,0.0,0.0,0.0,0.0,0.0,0.0,0,0,,True,,100.0
2026-03-27,D696467S,3개월무위험금리 SP 2604-2607,0.0,0.0,0.0,0.0,0.0,0.0,0,0,,True,,100.0
2026-03-30,A6964000,3개월무위험금리 F 202604,0.0,0.0,0.0,0.0,0.0,97.44,0,0,202604,False,,2.5600000000000023
2026-03-30,A6965000,3개월무위험금리 F 202605,0.0,0.0,0.0,0.0,0.0,97.415,0,0,202605,False,,2.5849999999999937
2026-03-30,A6966000,3개월무위험금리 F 202606,0.0,0.0,0.0,0.0,0.0,97.4,0,0,202606,False,,2.5999999999999943
2026-03-30,A6967000,3개월무위험금리 F 202607,0.0,0.0,0.0,0.0,0.0,97.41,0,0,202607,False,,2.5900000000000034
2026-03-30,A6968000,3개월무위험금리 F 202608,0.0,0.0,0.0,0.0,0.0,97.2,0,0,202608,False,,2.799999999999997
2026-03-30,A6969000,3개월무위험금리 F 202609,0.0,0.0,0.0,0.0,0.0,97.13,0,0,202609,False,,2.8700000000000045
2026-03-30,A696C000,3개월무위험금리 F 202612,0.0,0.0,0.0,0.0,0.0,96.84,0,0,202612,False,,3.1599999999999966
2026-03-30,A6973000,3개월무위험금리 F 202703,0.0,0.0,0.0,0.0,0.0,96.405,0,0,202703,False,,3.594999999999999
2026-03-30,D696465S,3개월무위험금리 SP 2604-2605,0.0,0.0,0.0,0.0,0.0,0.0,0,0,,True,,100.0
2026-03-30,D696466S,3개월무위험금리 SP 2604-2606,0.0,0.0,0.0,0.0,0.0,0.0,0,0,,True,,100.0
2026-03-30,D696467S,3개월무위험금리 SP 2604-2607,0.0,0.0,0.0,0.0,0.0,0.0,0,0,,True,,100.0
2026-03-31,A6964000,3개월무위험금리 F 202604,0.0,0.0,0.0,0.0,0.0,97.44,0,0,202604,False,,2.5600000000000023
2026-03-31,A6965000,3개월무위험금리 F 202605,0.0,0.0,0.0,0.0,0.0,97.42,0,0,202605,False,,2.5799999999999983
2026-03-31,A6966000,3개월무위험금리 F 202606,0.0,0.0,0.0,0.0,0.0,97.4,0,0,202606,False,,2.5999999999999943
2026-03-31,A6967000,3개월무위험금리 F 202607,0.0,0.0,0.0,0.0,0.0,97.41,0,0,202607,False,,2.5900000000000034
2026-03-31,A6968000,3개월무위험금리 F 202608,0.0,0.0,0.0,0.0,0.0,97.255,0,0,202608,False,,2.7450000000000045
2026-03-31,A6969000,3개월무위험금리 F 202609,0.0,0.0,0.0,0.0,0.0,97.205,0,0,202609,False,,2.7950000000000017
2026-03-31,A696C000,3개월무위험금리 F 202612,0.0,0.0,0.0,0.0,0.0,96.91,0,0,202612,False,,3.0900000000000034
2026-03-31,A6973000,3개월무위험금리 F 202703,0.0,0.0,0.0,0.0,0.0,96.49,0,0,202703,False,,3.510000000000005
2026-03-31,D696465S,3개월무위험금리 SP 2604-2605,0.0,0.0,0.0,0.0,0.0,0.0,0,0,,True,,100.0
2026-03-31,D696466S,3개월무위험금리 SP 2604-2606,0.0,0.0,0.0,0.0,0.0,0.0,0,0,,True,,100.0
2026-03-31,D696467S,3개월무위험금리 SP 2604-2607,0.0,0.0,0.0,0.0,0.0,0.0,0,0,,True,,100.0
2026-04-01,A6964000,3개월무위험금리 F 202604,97.44,0.0,97.44,97.44,97.44,97.44,120,29232000000,202604,False,2.5600000000000023,2.5600000000000023
2026-04-01,A6965000,3개월무위험금리 F 202605,0.0,0.0,0.0,0.0,0.0,97.41,0,0,202605,False,,2.5900000000000034
2026-04-01,A6966000,3개월무위험금리 F 202606,0.0,0.0,0.0,0.0,0.0,97.385,0,0,202606,False,,2.614999999999995
2026-04-01,A6967000,3개월무위험금리 F 202607,0.0,0.0,0.0,0.0,0.0,97.41,0,0,202607,False,,2.5900000000000034
2026-04-01,A6968000,3개월무위험금리 F 202608,0.0,0.0,0.0,0.0,0.0,97.265,0,0,202608,False,,2.7349999999999994
2026-04-01,A6969000,3개월무위험금리 F 202609,0.0,0.0,0.0,0.0,0.0,97.235,0,0,202609,False,,2.7650000000000006
2026-04-01,A696C000,3개월무위험금리 F 202612,0.0,0.0,0.0,0.0,0.0,96.98,0,0,202612,False,,3.019999999999996
2026-04-01,A6973000,3개월무위험금리 F 202703,0.0,0.0,0.0,0.0,0.0,96.575,0,0,202703,False,,3.424999999999997
2026-04-01,D696465S,3개월무위험금리 SP 2604-2605,0.0,0.0,0.0,0.0,0.0,0.0,0,0,,True,,100.0
2026-04-01,D696466S,3개월무위험금리 SP 2604-2606,0.0,0.0,0.0,0.0,0.0,0.0,0,0,,True,,100.0
2026-04-01,D696467S,3개월무위험금리 SP 2604-2607,0.0,0.0,0.0,0.0,0.0,0.0,0,0,,True,,100.0
2026-04-02,A6964000,3개월무위험금리 F 202604,0.0,0.0,0.0,0.0,0.0,97.44,0,0,202604,False,,2.5600000000000023
2026-04-02,A6965000,3개월무위험금리 F 202605,0.0,0.0,0.0,0.0,0.0,97.42,0,0,202605,False,,2.5799999999999983
2026-04-02,A6966000,3개월무위험금리 F 202606,0.0,0.0,0.0,0.0,0.0,97.4,0,0,202606,False,,2.5999999999999943
2026-04-02,A6967000,3개월무위험금리 F 202607,0.0,0.0,0.0,0.0,0.0,97.33,0,0,202607,False,,2.6700000000000017
2026-04-02,A6968000,3개월무위험금리 F 202608,0.0,0.0,0.0,0.0,0.0,97.225,0,0,202608,False,,2.7750000000000057
2026-04-02,A6969000,3개월무위험금리 F 202609,0.0,0.0,0.0,0.0,0.0,97.17,0,0,202609,False,,2.8299999999999983
2026-04-02,A696C000,3개월무위험금리 F 202612,0.0,0.0,0.0,0.0,0.0,96.97,0,0,202612,False,,3.030000000000001
2026-04-02,A6973000,3개월무위험금리 F 202703,0.0,0.0,0.0,0.0,0.0,96.635,0,0,202703,False,,3.364999999999995
2026-04-02,D696465S,3개월무위험금리 SP 2604-2605,0.0,0.0,0.0,0.0,0.0,0.0,0,0,,True,,100.0
2026-04-02,D696466S,3개월무위험금리 SP 2604-2606,0.0,0.0,0.0,0.0,0.0,0.0,0,0,,True,,100.0
2026-04-02,D696467S,3개월무위험금리 SP 2604-2607,0.0,0.0,0.0,0.0,0.0,0.0,0,0,,True,,100.0
2026-04-03,A6964000,3개월무위험금리 F 202604,97.44,0.0,97.44,97.44,97.44,97.44,40,9744000000,202604,False,2.5600000000000023,2.5600000000000023
2026-04-03,A6965000,3개월무위험금리 F 202605,0.0,0.0,0.0,0.0,0.0,97.415,0,0,202605,False,,2.5849999999999937
2026-04-03,A6966000,3개월무위험금리 F 202606,0.0,0.0,0.0,0.0,0.0,97.395,0,0,202606,False,,2.605000000000004
2026-04-03,A6967000,3개월무위험금리 F 202607,0.0,0.0,0.0,0.0,0.0,97.41,0,0,202607,False,,2.5900000000000034
2026-04-03,A6968000,3개월무위험금리 F 202608,0.0,0.0,0.0,0.0,0.0,97.27,0,0,202608,False,,2.730000000000004
2026-04-03,A6969000,3개월무위험금리 F 202609,0.0,0.0,0.0,0.0,0.0,97.25,0,0,202609,False,,2.75
2026-04-03,A696C000,3개월무위험금리 F 202612,0.0,0.0,0.0,0.0,0.0,97.025,0,0,202612,False,,2.9749999999999943
2026-04-03,A6973000,3개월무위험금리 F 202703,0.0,0.0,0.0,0.0,0.0,96.69,0,0,202703,False,,3.3100000000000023
2026-04-03,D696465S,3개월무위험금리 SP 2604-2605,0.0,0.0,0.0,0.0,0.0,0.0,0,0,,True,,100.0
2026-04-03,D696466S,3개월무위험금리 SP 2604-2606,0.0,0.0,0.0,0.0,0.0,0.0,0,0,,True,,100.0
2026-04-03,D696467S,3개월무위험금리 SP 2604-2607,0.0,0.0,0.0,0.0,0.0,0.0,0,0,,True,,100.0
2026-04-06,A6964000,3개월무위험금리 F 202604,0.0,0.0,0.0,0.0,0.0,97.445,0,0,202604,False,,2.555000000000007
2026-04-06,A6965000,3개월무위험금리 F 202605,0.0,0.0,0.0,0.0,0.0,97.42,0,0,202605,False,,2.5799999999999983
2026-04-06,A6966000,3개월무위험금리 F 202606,0.0,0.0,0.0,0.0,0.0,97.4,0,0,202606,False,,2.5999999999999943
2026-04-06,A6967000,3개월무위험금리 F 202607,0.0,0.0,0.0,0.0,0.0,97.35,0,0,202607,False,,2.6500000000000057
2026-04-06,A6968000,3개월무위험금리 F 202608,0.0,0.0,0.0,0.0,0.0,97.27,0,0,202608,False,,2.730000000000004
2026-04-06,A6969000,3개월무위험금리 F 202609,0.0,0.0,0.0,0.0,0.0,97.245,0,0,202609,False,,2.7549999999999955
2026-04-06,A696C000,3개월무위험금리 F 202612,0.0,0.0,0.0,0.0,0.0,97.035,0,0,202612,False,,2.9650000000000034
2026-04-06,A6973000,3개월무위험금리 F 202703,0.0,0.0,0.0,0.0,0.0,96.7,0,0,202703,False,,3.299999999999997
2026-04-06,D696465S,3개월무위험금리 SP 2604-2605,0.0,0.0,0.0,0.0,0.0,0.0,0,0,,True,,100.0
2026-04-06,D696466S,3개월무위험금리 SP 2604-2606,0.0,0.0,0.0,0.0,0.0,0.0,0,0,,True,,100.0
2026-04-06,D696467S,3개월무위험금리 SP 2604-2607,0.0,0.0,0.0,0.0,0.0,0.0,0,0,,True,,100.0
2026-04-07,A6964000,3개월무위험금리 F 202604,0.0,0.0,0.0,0.0,0.0,97.445,0,0,202604,False,,2.555000000000007
2026-04-07,A6965000,3개월무위험금리 F 202605,0.0,0.0,0.0,0.0,0.0,97.415,0,0,202605,False,,2.5849999999999937
2026-04-07,A6966000,3개월무위험금리 F 202606,0.0,0.0,0.0,0.0,0.0,97.39,0,0,202606,False,,2.6099999999999994
2026-04-07,A6967000,3개월무위험금리 F 202607,0.0,0.0,0.0,0.0,0.0,97.355,0,0,202607,False,,2.644999999999996
2026-04-07,A6968000,3개월무위험금리 F 202608,0.0,0.0,0.0,0.0,0.0,97.265,0,0,202608,False,,2.7349999999999994
2026-04-07,A6969000,3개월무위험금리 F 202609,0.0,0.0,0.0,0.0,0.0,97.225,0,0,202609,False,,2.7750000000000057
2026-04-07,A696C000,3개월무위험금리 F 202612,0.0,0.0,0.0,0.0,0.0,97.02,0,0,202612,False,,2.980000000000004
2026-04-07,A6973000,3개월무위험금리 F 202703,0.0,0.0,0.0,0.0,0.0,96.695,0,0,202703,False,,3.305000000000007
2026-04-07,D696465S,3개월무위험금리 SP 2604-2605,0.0,0.0,0.0,0.0,0.0,0.0,0,0,,True,,100.0
2026-04-07,D696466S,3개월무위험금리 SP 2604-2606,0.0,0.0,0.0,0.0,0.0,0.0,0,0,,True,,100.0
2026-04-07,D696467S,3개월무위험금리 SP 2604-2607,0.0,0.0,0.0,0.0,0.0,0.0,0,0,,True,,100.0
2026-04-08,A6964000,3개월무위험금리 F 202604,0.0,0.0,0.0,0.0,0.0,97.45,0,0,202604,False,,2.549999999999997
2026-04-08,A6965000,3개월무위험금리 F 202605,0.0,0.0,0.0,0.0,0.0,97.435,0,0,202605,False,,2.5649999999999977
2026-04-08,A6966000,3개월무위험금리 F 202606,0.0,0.0,0.0,0.0,0.0,97.42,0,0,202606,False,,2.5799999999999983
2026-04-08,A6967000,3개월무위험금리 F 202607,0.0,0.0,0.0,0.0,0.0,97.41,0,0,202607,False,,2.5900000000000034
2026-04-08,A6968000,3개월무위험금리 F 202608,0.0,0.0,0.0,0.0,0.0,97.28,0,0,202608,False,,2.719999999999999
2026-04-08,A6969000,3개월무위험금리 F 202609,0.0,0.0,0.0,0.0,0.0,97.28,0,0,202609,False,,2.719999999999999
2026-04-08,A696C000,3개월무위험금리 F 202612,0.0,0.0,0.0,0.0,0.0,97.105,0,0,202612,False,,2.894999999999996
2026-04-08,A6973000,3개월무위험금리 F 202703,0.0,0.0,0.0,0.0,0.0,96.795,0,0,202703,False,,3.2049999999999983
2026-04-08,D696465S,3개월무위험금리 SP 2604-2605,0.0,0.0,0.0,0.0,0.0,0.0,0,0,,True,,100.0
2026-04-08,D696466S,3개월무위험금리 SP 2604-2606,0.0,0.0,0.0,0.0,0.0,0.0,0,0,,True,,100.0
2026-04-08,D696467S,3개월무위험금리 SP 2604-2607,0.0,0.0,0.0,0.0,0.0,0.0,0,0,,True,,100.0
2026-04-09,A6964000,3개월무위험금리 F 202604,0.0,0.0,0.0,0.0,0.0,97.45,0,0,202604,False,,2.549999999999997
2026-04-09,A6965000,3개월무위험금리 F 202605,0.0,0.0,0.0,0.0,0.0,97.42,0,0,202605,False,,2.5799999999999983
2026-04-09,A6966000,3개월무위험금리 F 202606,0.0,0.0,0.0,0.0,0.0,97.4,0,0,202606,False,,2.5999999999999943
2026-04-09,A6967000,3개월무위험금리 F 202607,0.0,0.0,0.0,0.0,0.0,97.385,0,0,202607,False,,2.614999999999995
2026-04-09,A6968000,3개월무위험금리 F 202608,0.0,0.0,0.0,0.0,0.0,97.31,0,0,202608,False,,2.6899999999999977
2026-04-09,A6969000,3개월무위험금리 F 202609,0.0,0.0,0.0,0.0,0.0,97.295,0,0,202609,False,,2.7049999999999983
2026-04-09,A696C000,3개월무위험금리 F 202612,0.0,0.0,0.0,0.0,0.0,97.115,0,0,202612,False,,2.885000000000005
2026-04-09,A6973000,3개월무위험금리 F 202703,0.0,0.0,0.0,0.0,0.0,96.785,0,0,202703,False,,3.2150000000000034
2026-04-09,D696465S,3개월무위험금리 SP 2604-2605,0.0,0.0,0.0,0.0,0.0,0.0,0,0,,True,,100.0
2026-04-09,D696466S,3개월무위험금리 SP 2604-2606,0.0,0.0,0.0,0.0,0.0,0.0,0,0,,True,,100.0
2026-04-09,D696467S,3개월무위험금리 SP 2604-2607,0.0,0.0,0.0,0.0,0.0,0.0,0,0,,True,,100.0
2026-04-10,A6964000,3개월무위험금리 F 202604,0.0,0.0,0.0,0.0,0.0,97.45,0,0,202604,False,,2.549999999999997
2026-04-10,A6965000,3개월무위험금리 F 202605,0.0,0.0,0.0,0.0,0.0,97.415,0,0,202605,False,,2.5849999999999937
2026-04-10,A6966000,3개월무위험금리 F 202606,0.0,0.0,0.0,0.0,0.0,97.385,0,0,202606,False,,2.614999999999995
2026-04-10,A6967000,3개월무위험금리 F 202607,0.0,0.0,0.0,0.0,0.0,97.41,0,0,202607,False,,2.5900000000000034
2026-04-10,A6968000,3개월무위험금리 F 202608,0.0,0.0,0.0,0.0,0.0,97.295,0,0,202608,False,,2.7049999999999983
2026-04-10,A6969000,3개월무위험금리 F 202609,0.0,0.0,0.0,0.0,0.0,97.28,0,0,202609,False,,2.719999999999999
2026-04-10,A696C000,3개월무위험금리 F 202612,0.0,0.0,0.0,0.0,0.0,97.105,0,0,202612,False,,2.894999999999996
2026-04-10,A6973000,3개월무위험금리 F 202703,0.0,0.0,0.0,0.0,0.0,96.765,0,0,202703,False,,3.2349999999999994
2026-04-10,D696465S,3개월무위험금리 SP 2604-2605,0.0,0.0,0.0,0.0,0.0,0.0,0,0,,True,,100.0
2026-04-10,D696466S,3개월무위험금리 SP 2604-2606,0.0,0.0,0.0,0.0,0.0,0.0,0,0,,True,,100.0
2026-04-10,D696467S,3개월무위험금리 SP 2604-2607,0.0,0.0,0.0,0.0,0.0,0.0,0,0,,True,,100.0
2026-04-13,A6964000,3개월무위험금리 F 202604,97.465,0.015,97.45,97.465,97.45,97.465,50,12181875000,202604,False,2.5349999999999966,2.5349999999999966
2026-04-13,A6965000,3개월무위험금리 F 202605,0.0,0.0,0.0,0.0,0.0,97.42,0,0,202605,False,,2.5799999999999983
2026-04-13,A6966000,3개월무위험금리 F 202606,0.0,0.0,0.0,0.0,0.0,97.395,0,0,202606,False,,2.605000000000004
2026-04-13,A6967000,3개월무위험금리 F 202607,0.0,0.0,0.0,0.0,0.0,97.36,0,0,202607,False,,2.6400000000000006
2026-04-13,A6968000,3개월무위험금리 F 202608,0.0,0.0,0.0,0.0,0.0,97.27,0,0,202608,False,,2.730000000000004
2026-04-13,A6969000,3개월무위험금리 F 202609,0.0,0.0,0.0,0.0,0.0,97.23,0,0,202609,False,,2.769999999999996
2026-04-13,A696C000,3개월무위험금리 F 202612,0.0,0.0,0.0,0.0,0.0,97.02,0,0,202612,False,,2.980000000000004
2026-04-13,A6973000,3개월무위험금리 F 202703,0.0,0.0,0.0,0.0,0.0,96.67,0,0,202703,False,,3.3299999999999983
2026-04-13,D696465S,3개월무위험금리 SP 2604-2605,0.0,0.0,0.0,0.0,0.0,0.0,0,0,,True,,100.0
2026-04-13,D696466S,3개월무위험금리 SP 2604-2606,0.0,0.0,0.0,0.0,0.0,0.0,0,0,,True,,100.0
2026-04-13,D696467S,3개월무위험금리 SP 2604-2607,0.0,0.0,0.0,0.0,0.0,0.0,0,0,,True,,100.0
2026-04-14,A6964000,3개월무위험금리 F 202604,0.0,0.0,0.0,0.0,0.0,97.455,0,0,202604,False,,2.5450000000000017
2026-04-14,A6965000,3개월무위험금리 F 202605,0.0,0.0,0.0,0.0,0.0,97.43,0,0,202605,False,,2.569999999999993
2026-04-14,A6966000,3개월무위험금리 F 202606,0.0,0.0,0.0,0.0,0.0,97.405,0,0,202606,False,,2.594999999999999
2026-04-14,A6967000,3개월무위험금리 F 202607,0.0,0.0,0.0,0.0,0.0,97.365,0,0,202607,False,,2.635000000000005
2026-04-14,A6968000,3개월무위험금리 F 202608,0.0,0.0,0.0,0.0,0.0,97.28,0,0,202608,False,,2.719999999999999
2026-04-14,A6969000,3개월무위험금리 F 202609,0.0,0.0,0.0,0.0,0.0,97.255,0,0,202609,False,,2.7450000000000045
2026-04-14,A696C000,3개월무위험금리 F 202612,0.0,0.0,0.0,0.0,0.0,97.065,0,0,202612,False,,2.9350000000000023
2026-04-14,A6973000,3개월무위험금리 F 202703,0.0,0.0,0.0,0.0,0.0,96.72,0,0,202703,False,,3.280000000000001
2026-04-14,D696465S,3개월무위험금리 SP 2604-2605,0.0,0.0,0.0,0.0,0.0,0.0,0,0,,True,,100.0
2026-04-14,D696466S,3개월무위험금리 SP 2604-2606,0.0,0.0,0.0,0.0,0.0,0.0,0,0,,True,,100.0
2026-04-14,D696467S,3개월무위험금리 SP 2604-2607,0.0,0.0,0.0,0.0,0.0,0.0,0,0,,True,,100.0
2026-04-15,A6965000,3개월무위험금리 F 202605,0.0,0.0,0.0,0.0,0.0,97.435,0,0,202605,False,,2.5649999999999977
2026-04-15,A6966000,3개월무위험금리 F 202606,0.0,0.0,0.0,0.0,0.0,97.42,0,0,202606,False,,2.5799999999999983
2026-04-15,A6967000,3개월무위험금리 F 202607,0.0,0.0,0.0,0.0,0.0,97.385,0,0,202607,False,,2.614999999999995
2026-04-15,A6968000,3개월무위험금리 F 202608,0.0,0.0,0.0,0.0,0.0,97.295,0,0,202608,False,,2.7049999999999983
2026-04-15,A6969000,3개월무위험금리 F 202609,0.0,0.0,0.0,0.0,0.0,97.27,0,0,202609,False,,2.730000000000004
2026-04-15,A696A000,3개월무위험금리 F 202610,0.0,0.0,0.0,0.0,0.0,97.27,0,0,202610,False,,2.730000000000004
2026-04-15,A696C000,3개월무위험금리 F 202612,0.0,0.0,0.0,0.0,0.0,97.085,0,0,202612,False,,2.9150000000000063
2026-04-15,A6973000,3개월무위험금리 F 202703,0.0,0.0,0.0,0.0,0.0,96.745,0,0,202703,False,,3.2549999999999955
2026-04-15,D696566S,3개월무위험금리 SP 2605-2606,0.0,0.0,0.0,0.0,0.0,0.0,0,0,,True,,100.0
2026-04-15,D696567S,3개월무위험금리 SP 2605-2607,0.0,0.0,0.0,0.0,0.0,0.0,0,0,,True,,100.0
2026-04-15,D696568S,3개월무위험금리 SP 2605-2608,0.0,0.0,0.0,0.0,0.0,0.0,0,0,,True,,100.0
2026-04-16,A6965000,3개월무위험금리 F 202605,97.46,0.025,97.46,97.46,97.46,97.46,30,7309500000,202605,False,2.5400000000000063,2.5400000000000063
2026-04-16,A6966000,3개월무위험금리 F 202606,0.0,0.0,0.0,0.0,0.0,97.42,0,0,202606,False,,2.5799999999999983
2026-04-16,A6967000,3개월무위험금리 F 202607,0.0,0.0,0.0,0.0,0.0,97.4,0,0,202607,False,,2.5999999999999943
2026-04-16,A6968000,3개월무위험금리 F 202608,0.0,0.0,0.0,0.0,0.0,97.365,0,0,202608,False,,2.635000000000005
2026-04-16,A6969000,3개월무위험금리 F 202609,0.0,0.0,0.0,0.0,0.0,97.24,0,0,202609,False,,2.760000000000005
2026-04-16,A696A000,3개월무위험금리 F 202610,0.0,0.0,0.0,0.0,0.0,97.205,0,0,202610,False,,2.7950000000000017
2026-04-16,A696C000,3개월무위험금리 F 202612,0.0,0.0,0.0,0.0,0.0,97.08,0,0,202612,False,,2.9200000000000017
2026-04-16,A6973000,3개월무위험금리 F 202703,0.0,0.0,0.0,0.0,0.0,96.805,0,0,202703,False,,3.194999999999993
2026-04-16,D696566S,3개월무위험금리 SP 2605-2606,0.0,0.0,0.0,0.0,0.0,0.0,0,0,,True,,100.0
2026-04-16,D696567S,3개월무위험금리 SP 2605-2607,0.0,0.0,0.0,0.0,0.0,0.0,0,0,,True,,100.0
2026-04-16,D696568S,3개월무위험금리 SP 2605-2608,0.0,0.0,0.0,0.0,0.0,0.0,0,0,,True,,100.0
2026-04-17,A6965000,3개월무위험금리 F 202605,0.0,0.0,0.0,0.0,0.0,97.455,0,0,202605,False,,2.5450000000000017
2026-04-17,A6966000,3개월무위험금리 F 202606,0.0,0.0,0.0,0.0,0.0,97.41,0,0,202606,False,,2.5900000000000034
2026-04-17,A6967000,3개월무위험금리 F 202607,0.0,0.0,0.0,0.0,0.0,97.385,0,0,202607,False,,2.614999999999995
2026-04-17,A6968000,3개월무위험금리 F 202608,97.365,0.07,97.365,97.365,97.365,97.365,1,243412500,202608,False,2.635000000000005,2.635000000000005
2026-04-17,A6969000,3개월무위험금리 F 202609,0.0,0.0,0.0,0.0,0.0,97.235,0,0,202609,False,,2.7650000000000006
2026-04-17,A696A000,3개월무위험금리 F 202610,0.0,0.0,0.0,0.0,0.0,97.2,0,0,202610,False,,2.799999999999997
2026-04-17,A696C000,3개월무위험금리 F 202612,0.0,0.0,0.0,0.0,0.0,97.07,0,0,202612,False,,2.930000000000007
2026-04-17,A6973000,3개월무위험금리 F 202703,0.0,0.0,0.0,0.0,0.0,96.805,0,0,202703,False,,3.194999999999993
2026-04-17,D696566S,3개월무위험금리 SP 2605-2606,0.0,0.0,0.0,0.0,0.0,0.0,0,0,,True,,100.0
2026-04-17,D696567S,3개월무위험금리 SP 2605-2607,0.0,0.0,0.0,0.0,0.0,0.0,0,0,,True,,100.0
2026-04-17,D696568S,3개월무위험금리 SP 2605-2608,0.0,0.0,0.0,0.0,0.0,0.0,0,0,,True,,100.0
2026-04-20,A6965000,3개월무위험금리 F 202605,97.43,-0.025,97.46,97.46,97.425,97.43,100,24359500000,202605,False,2.569999999999993,2.569999999999993
2026-04-20,A6966000,3개월무위험금리 F 202606,0.0,0.0,0.0,0.0,0.0,97.49,0,0,202606,False,,2.510000000000005
2026-04-20,A6967000,3개월무위험금리 F 202607,0.0,0.0,0.0,0.0,0.0,97.495,0,0,202607,False,,2.5049999999999955
2026-04-20,A6968000,3개월무위험금리 F 202608,97.335,-0.03,97.365,97.365,97.335,97.335,100,24338000000,202608,False,2.6650000000000063,2.6650000000000063
2026-04-20,A6969000,3개월무위험금리 F 202609,0.0,0.0,0.0,0.0,0.0,97.235,0,0,202609,False,,2.7650000000000006
2026-04-20,A696A000,3개월무위험금리 F 202610,0.0,0.0,0.0,0.0,0.0,97.21,0,0,202610,False,,2.7900000000000063
2026-04-20,A696C000,3개월무위험금리 F 202612,0.0,0.0,0.0,0.0,0.0,97.09,0,0,202612,False,,2.9099999999999966
2026-04-20,A6973000,3개월무위험금리 F 202703,0.0,0.0,0.0,0.0,0.0,96.825,0,0,202703,False,,3.174999999999997
2026-04-20,D696566S,3개월무위험금리 SP 2605-2606,0.0,0.0,0.0,0.0,0.0,0.0,0,0,,True,,100.0
2026-04-20,D696567S,3개월무위험금리 SP 2605-2607,0.0,0.0,0.0,0.0,0.0,0.0,0,0,,True,,100.0
2026-04-20,D696568S,3개월무위험금리 SP 2605-2608,0.0,0.0,0.0,0.0,0.0,0.0,0,0,,True,,100.0
2026-04-21,A6965000,3개월무위험금리 F 202605,97.435,0.005,97.425,97.435,97.425,97.435,40,9742875000,202605,False,2.5649999999999977,2.5649999999999977
2026-04-21,A6966000,3개월무위험금리 F 202606,0.0,0.0,0.0,0.0,0.0,97.435,0,0,202606,False,,2.5649999999999977
2026-04-21,A6967000,3개월무위험금리 F 202607,0.0,0.0,0.0,0.0,0.0,97.415,0,0,202607,False,,2.5849999999999937
2026-04-21,A6968000,3개월무위험금리 F 202608,0.0,0.0,0.0,0.0,0.0,97.355,0,0,202608,False,,2.644999999999996
2026-04-21,A6969000,3개월무위험금리 F 202609,0.0,0.0,0.0,0.0,0.0,97.29,0,0,202609,False,,2.7099999999999937
2026-04-21,A696A000,3개월무위험금리 F 202610,0.0,0.0,0.0,0.0,0.0,97.25,0,0,202610,False,,2.75
2026-04-21,A696C000,3개월무위험금리 F 202612,0.0,0.0,0.0,0.0,0.0,97.145,0,0,202612,False,,2.855000000000004
2026-04-21,A6973000,3개월무위험금리 F 202703,0.0,0.0,0.0,0.0,0.0,96.885,0,0,202703,False,,3.114999999999995
2026-04-21,D696566S,3개월무위험금리 SP 2605-2606,0.0,0.0,0.0,0.0,0.0,0.0,0,0,,True,,100.0
2026-04-21,D696567S,3개월무위험금리 SP 2605-2607,0.0,0.0,0.0,0.0,0.0,0.0,0,0,,True,,100.0
2026-04-21,D696568S,3개월무위험금리 SP 2605-2608,0.0,0.0,0.0,0.0,0.0,0.0,0,0,,True,,100.0
2026-04-22,A6965000,3개월무위험금리 F 202605,97.44,0.005,97.44,97.44,97.44,97.44,10,2436000000,202605,False,2.5600000000000023,2.5600000000000023
2026-04-22,A6966000,3개월무위험금리 F 202606,0.0,0.0,0.0,0.0,0.0,97.42,0,0,202606,False,,2.5799999999999983
2026-04-22,A6967000,3개월무위험금리 F 202607,0.0,0.0,0.0,0.0,0.0,97.395,0,0,202607,False,,2.605000000000004
2026-04-22,A6968000,3개월무위험금리 F 202608,97.31,-0.045,97.325,97.325,97.31,97.31,61,14841150000,202608,False,2.6899999999999977,2.6899999999999977
2026-04-22,A6969000,3개월무위험금리 F 202609,0.0,0.0,0.0,0.0,0.0,97.245,0,0,202609,False,,2.7549999999999955
2026-04-22,A696A000,3개월무위험금리 F 202610,0.0,0.0,0.0,0.0,0.0,97.205,0,0,202610,False,,2.7950000000000017
2026-04-22,A696C000,3개월무위험금리 F 202612,0.0,0.0,0.0,0.0,0.0,97.06,0,0,202612,False,,2.9399999999999977
2026-04-22,A6973000,3개월무위험금리 F 202703,0.0,0.0,0.0,0.0,0.0,96.79,0,0,202703,False,,3.2099999999999937
2026-04-22,D696566S,3개월무위험금리 SP 2605-2606,0.0,0.0,0.0,0.0,0.0,0.0,0,0,,True,,100.0
2026-04-22,D696567S,3개월무위험금리 SP 2605-2607,0.0,0.0,0.0,0.0,0.0,0.0,0,0,,True,,100.0
2026-04-22,D696568S,3개월무위험금리 SP 2605-2608,0.0,0.0,0.0,0.0,0.0,0.0,0,0,,True,,100.0
2026-04-23,A6965000,3개월무위험금리 F 202605,97.44,0.0,97.44,97.46,97.44,97.44,107,26067325000,202605,False,2.5600000000000023,2.5600000000000023
2026-04-23,A6966000,3개월무위험금리 F 202606,0.0,0.0,0.0,0.0,0.0,97.41,0,0,202606,False,,2.5900000000000034
2026-04-23,A6967000,3개월무위험금리 F 202607,0.0,0.0,0.0,0.0,0.0,97.38,0,0,202607,False,,2.6200000000000045
2026-04-23,A6968000,3개월무위험금리 F 202608,0.0,0.0,0.0,0.0,0.0,97.275,0,0,202608,False,,2.7249999999999943
2026-04-23,A6969000,3개월무위험금리 F 202609,0.0,0.0,0.0,0.0,0.0,97.19,0,0,202609,False,,2.8100000000000023
2026-04-23,A696A000,3개월무위험금리 F 202610,0.0,0.0,0.0,0.0,0.0,97.12,0,0,202610,False,,2.8799999999999955
2026-04-23,A696C000,3개월무위험금리 F 202612,0.0,0.0,0.0,0.0,0.0,96.975,0,0,202612,False,,3.0250000000000057
2026-04-23,A6973000,3개월무위험금리 F 202703,0.0,0.0,0.0,0.0,0.0,96.69,0,0,202703,False,,3.3100000000000023
2026-04-23,D696566S,3개월무위험금리 SP 2605-2606,0.0,0.0,0.0,0.0,0.0,0.0,0,0,,True,,100.0
2026-04-23,D696567S,3개월무위험금리 SP 2605-2607,0.0,0.0,0.0,0.0,0.0,0.0,0,0,,True,,100.0
2026-04-23,D696568S,3개월무위험금리 SP 2605-2608,0.0,0.0,0.0,0.0,0.0,0.0,0,0,,True,,100.0
2026-04-24,A6965000,3개월무위험금리 F 202605,97.445,0.005,97.435,97.445,97.43,97.445,50,12179500000,202605,False,2.555000000000007,2.555000000000007
2026-04-24,A6966000,3개월무위험금리 F 202606,0.0,0.0,0.0,0.0,0.0,97.44,0,0,202606,False,,2.5600000000000023
2026-04-24,A6967000,3개월무위험금리 F 202607,0.0,0.0,0.0,0.0,0.0,97.42,0,0,202607,False,,2.5799999999999983
2026-04-24,A6968000,3개월무위험금리 F 202608,97.28,0.005,97.31,97.31,97.28,97.28,23,5594650000,202608,False,2.719999999999999,2.719999999999999
2026-04-24,A6969000,3개월무위험금리 F 202609,0.0,0.0,0.0,0.0,0.0,97.19,0,0,202609,False,,2.8100000000000023
2026-04-24,A696A000,3개월무위험금리 F 202610,0.0,0.0,0.0,0.0,0.0,97.12,0,0,202610,False,,2.8799999999999955
2026-04-24,A696C000,3개월무위험금리 F 202612,0.0,0.0,0.0,0.0,0.0,96.95,0,0,202612,False,,3.049999999999997
2026-04-24,A6973000,3개월무위험금리 F 202703,0.0,0.0,0.0,0.0,0.0,96.66,0,0,202703,False,,3.3400000000000034
2026-04-24,D696566S,3개월무위험금리 SP 2605-2606,0.0,0.0,0.0,0.0,0.0,0.0,0,0,,True,,100.0
2026-04-24,D696567S,3개월무위험금리 SP 2605-2607,0.0,0.0,0.0,0.0,0.0,0.0,0,0,,True,,100.0
2026-04-24,D696568S,3개월무위험금리 SP 2605-2608,0.0,0.0,0.0,0.0,0.0,0.0,0,0,,True,,100.0
2026-04-27,A6965000,3개월무위험금리 F 202605,97.43,-0.015,97.44,97.44,97.43,97.43,30,7307500000,202605,False,2.569999999999993,2.569999999999993
2026-04-27,A6966000,3개월무위험금리 F 202606,0.0,0.0,0.0,0.0,0.0,97.43,0,0,202606,False,,2.569999999999993
2026-04-27,A6967000,3개월무위험금리 F 202607,0.0,0.0,0.0,0.0,0.0,97.405,0,0,202607,False,,2.594999999999999
2026-04-27,A6968000,3개월무위험금리 F 202608,97.285,0.005,97.3,97.3,97.285,97.285,71,17269212500,202608,False,2.7150000000000034,2.7150000000000034
2026-04-27,A6969000,3개월무위험금리 F 202609,0.0,0.0,0.0,0.0,0.0,97.24,0,0,202609,False,,2.760000000000005
2026-04-27,A696A000,3개월무위험금리 F 202610,0.0,0.0,0.0,0.0,0.0,97.16,0,0,202610,False,,2.8400000000000034
2026-04-27,A696C000,3개월무위험금리 F 202612,0.0,0.0,0.0,0.0,0.0,96.995,0,0,202612,False,,3.0049999999999955
2026-04-27,A6973000,3개월무위험금리 F 202703,0.0,0.0,0.0,0.0,0.0,96.7,0,0,202703,False,,3.299999999999997
2026-04-27,D696566S,3개월무위험금리 SP 2605-2606,0.0,0.0,0.0,0.0,0.0,0.0,0,0,,True,,100.0
2026-04-27,D696567S,3개월무위험금리 SP 2605-2607,0.0,0.0,0.0,0.0,0.0,0.0,0,0,,True,,100.0
2026-04-27,D696568S,3개월무위험금리 SP 2605-2608,0.0,0.0,0.0,0.0,0.0,0.0,0,0,,True,,100.0
2026-04-28,A6965000,3개월무위험금리 F 202605,97.43,0.0,97.43,97.445,97.43,97.43,141,34348575000,202605,False,2.569999999999993,2.569999999999993
2026-04-28,A6966000,3개월무위험금리 F 202606,0.0,0.0,0.0,0.0,0.0,97.43,0,0,202606,False,,2.569999999999993
2026-04-28,A6967000,3개월무위험금리 F 202607,0.0,0.0,0.0,0.0,0.0,97.41,0,0,202607,False,,2.5900000000000034
2026-04-28,A6968000,3개월무위험금리 F 202608,97.275,-0.01,97.285,97.285,97.275,97.275,29,7052787500,202608,False,2.7249999999999943,2.7249999999999943
2026-04-28,A6969000,3개월무위험금리 F 202609,0.0,0.0,0.0,0.0,0.0,97.23,0,0,202609,False,,2.769999999999996
2026-04-28,A696A000,3개월무위험금리 F 202610,0.0,0.0,0.0,0.0,0.0,97.16,0,0,202610,False,,2.8400000000000034
2026-04-28,A696C000,3개월무위험금리 F 202612,0.0,0.0,0.0,0.0,0.0,96.985,0,0,202612,False,,3.0150000000000006
2026-04-28,A6973000,3개월무위험금리 F 202703,0.0,0.0,0.0,0.0,0.0,96.665,0,0,202703,False,,3.3349999999999937
2026-04-28,D696566S,3개월무위험금리 SP 2605-2606,0.0,0.0,0.0,0.0,0.0,0.0,0,0,,True,,100.0
2026-04-28,D696567S,3개월무위험금리 SP 2605-2607,0.0,0.0,0.0,0.0,0.0,0.0,0,0,,True,,100.0
2026-04-28,D696568S,3개월무위험금리 SP 2605-2608,0.0,0.0,0.0,0.0,0.0,0.0,0,0,,True,,100.0
2026-04-29,A6965000,3개월무위험금리 F 202605,97.43,0.0,97.43,97.43,97.43,97.43,9,2192175000,202605,False,2.569999999999993,2.569999999999993
2026-04-29,A6966000,3개월무위험금리 F 202606,0.0,0.0,0.0,0.0,0.0,97.4,0,0,202606,False,,2.5999999999999943
2026-04-29,A6967000,3개월무위험금리 F 202607,0.0,0.0,0.0,0.0,0.0,97.355,0,0,202607,False,,2.644999999999996
2026-04-29,A6968000,3개월무위험금리 F 202608,97.275,0.0,97.275,97.275,97.275,97.275,10,2431875000,202608,False,2.7249999999999943,2.7249999999999943
2026-04-29,A6969000,3개월무위험금리 F 202609,0.0,0.0,0.0,0.0,0.0,97.23,0,0,202609,False,,2.769999999999996
2026-04-29,A696A000,3개월무위험금리 F 202610,0.0,0.0,0.0,0.0,0.0,97.155,0,0,202610,False,,2.844999999999999
2026-04-29,A696C000,3개월무위험금리 F 202612,0.0,0.0,0.0,0.0,0.0,96.975,0,0,202612,False,,3.0250000000000057
2026-04-29,A6973000,3개월무위험금리 F 202703,0.0,0.0,0.0,0.0,0.0,96.645,0,0,202703,False,,3.355000000000004
2026-04-29,D696566S,3개월무위험금리 SP 2605-2606,0.0,0.0,0.0,0.0,0.0,0.0,0,0,,True,,100.0
2026-04-29,D696567S,3개월무위험금리 SP 2605-2607,0.0,0.0,0.0,0.0,0.0,0.0,0,0,,True,,100.0
2026-04-29,D696568S,3개월무위험금리 SP 2605-2608,0.0,0.0,0.0,0.0,0.0,0.0,0,0,,True,,100.0
2026-04-30,A6965000,3개월무위험금리 F 202605,97.45,0.02,97.45,97.45,97.45,97.45,21,5116125000,202605,False,2.549999999999997,2.549999999999997
2026-04-30,A6966000,3개월무위험금리 F 202606,0.0,0.0,0.0,0.0,0.0,96.94,0,0,202606,False,,3.0600000000000023
2026-04-30,A6967000,3개월무위험금리 F 202607,0.0,0.0,0.0,0.0,0.0,96.63,0,0,202607,False,,3.3700000000000045
2026-04-30,A6968000,3개월무위험금리 F 202608,0.0,0.0,0.0,0.0,0.0,97.285,0,0,202608,False,,2.7150000000000034
2026-04-30,A6969000,3개월무위험금리 F 202609,0.0,0.0,0.0,0.0,0.0,97.19,0,0,202609,False,,2.8100000000000023
2026-04-30,A696A000,3개월무위험금리 F 202610,0.0,0.0,0.0,0.0,0.0,97.11,0,0,202610,False,,2.8900000000000006
2026-04-30,A696C000,3개월무위험금리 F 202612,0.0,0.0,0.0,0.0,0.0,96.92,0,0,202612,False,,3.0799999999999983
2026-04-30,A6973000,3개월무위험금리 F 202703,0.0,0.0,0.0,0.0,0.0,96.59,0,0,202703,False,,3.4099999999999966
2026-04-30,D696566S,3개월무위험금리 SP 2605-2606,0.0,0.0,0.0,0.0,0.0,0.0,0,0,,True,,100.0
2026-04-30,D696567S,3개월무위험금리 SP 2605-2607,0.0,0.0,0.0,0.0,0.0,0.0,0,0,,True,,100.0
2026-04-30,D696568S,3개월무위험금리 SP 2605-2608,0.0,0.0,0.0,0.0,0.0,0.0,0,0,,True,,100.0
2026-05-04,A6965000,3개월무위험금리 F 202605,0.0,0.0,0.0,0.0,0.0,97.455,0,0,202605,False,,2.5450000000000017
2026-05-04,A6966000,3개월무위험금리 F 202606,0.0,0.0,0.0,0.0,0.0,97.435,0,0,202606,False,,2.5649999999999977
2026-05-04,A6967000,3개월무위험금리 F 202607,0.0,0.0,0.0,0.0,0.0,97.415,0,0,202607,False,,2.5849999999999937
2026-05-04,A6968000,3개월무위험금리 F 202608,97.28,-0.005,97.28,97.28,97.28,97.28,20,4864000000,202608,False,2.719999999999999,2.719999999999999
2026-05-04,A6969000,3개월무위험금리 F 202609,0.0,0.0,0.0,0.0,0.0,96.88,0,0,202609,False,,3.1200000000000045
2026-05-04,A696A000,3개월무위험금리 F 202610,0.0,0.0,0.0,0.0,0.0,96.785,0,0,202610,False,,3.2150000000000034
2026-05-04,A696C000,3개월무위험금리 F 202612,0.0,0.0,0.0,0.0,0.0,96.59,0,0,202612,False,,3.4099999999999966
2026-05-04,A6973000,3개월무위험금리 F 202703,0.0,0.0,0.0,0.0,0.0,96.23,0,0,202703,False,,3.769999999999996
2026-05-04,D696566S,3개월무위험금리 SP 2605-2606,0.0,0.0,0.0,0.0,0.0,0.0,0,0,,True,,100.0
2026-05-04,D696567S,3개월무위험금리 SP 2605-2607,0.0,0.0,0.0,0.0,0.0,0.0,0,0,,True,,100.0
2026-05-04,D696568S,3개월무위험금리 SP 2605-2608,0.0,0.0,0.0,0.0,0.0,0.0,0,0,,True,,100.0
2026-05-06,A6965000,3개월무위험금리 F 202605,0.0,0.0,0.0,0.0,0.0,97.455,0,0,202605,False,,2.5450000000000017
2026-05-06,A6966000,3개월무위험금리 F 202606,0.0,0.0,0.0,0.0,0.0,97.435,0,0,202606,False,,2.5649999999999977
2026-05-06,A6967000,3개월무위험금리 F 202607,0.0,0.0,0.0,0.0,0.0,97.415,0,0,202607,False,,2.5849999999999937
2026-05-06,A6968000,3개월무위험금리 F 202608,0.0,0.0,0.0,0.0,0.0,97.35,0,0,202608,False,,2.6500000000000057
2026-05-06,A6969000,3개월무위험금리 F 202609,0.0,0.0,0.0,0.0,0.0,97.245,0,0,202609,False,,2.7549999999999955
2026-05-06,A696A000,3개월무위험금리 F 202610,0.0,0.0,0.0,0.0,0.0,97.155,0,0,202610,False,,2.844999999999999
2026-05-06,A696C000,3개월무위험금리 F 202612,0.0,0.0,0.0,0.0,0.0,96.965,0,0,202612,False,,3.0349999999999966
2026-05-06,A6973000,3개월무위험금리 F 202703,0.0,0.0,0.0,0.0,0.0,96.58,0,0,202703,False,,3.4200000000000017
2026-05-06,D696566S,3개월무위험금리 SP 2605-2606,0.0,0.0,0.0,0.0,0.0,0.0,0,0,,True,,100.0
2026-05-06,D696567S,3개월무위험금리 SP 2605-2607,0.0,0.0,0.0,0.0,0.0,0.0,0,0,,True,,100.0
2026-05-06,D696568S,3개월무위험금리 SP 2605-2608,0.0,0.0,0.0,0.0,0.0,0.0,0,0,,True,,100.0
2026-05-07,A6965000,3개월무위험금리 F 202605,0.0,0.0,0.0,0.0,0.0,97.445,0,0,202605,False,,2.555000000000007
2026-05-07,A6966000,3개월무위험금리 F 202606,0.0,0.0,0.0,0.0,0.0,97.395,0,0,202606,False,,2.605000000000004
2026-05-07,A6967000,3개월무위험금리 F 202607,0.0,0.0,0.0,0.0,0.0,97.34,0,0,202607,False,,2.6599999999999966
2026-05-07,A6968000,3개월무위험금리 F 202608,97.32,-0.03,97.335,97.335,97.32,97.32,49,11923075000,202608,False,2.680000000000007,2.680000000000007
2026-05-07,A6969000,3개월무위험금리 F 202609,0.0,0.0,0.0,0.0,0.0,97.275,0,0,202609,False,,2.7249999999999943
2026-05-07,A696A000,3개월무위험금리 F 202610,0.0,0.0,0.0,0.0,0.0,97.22,0,0,202610,False,,2.780000000000001
2026-05-07,A696C000,3개월무위험금리 F 202612,0.0,0.0,0.0,0.0,0.0,97.08,0,0,202612,False,,2.9200000000000017
2026-05-07,A6973000,3개월무위험금리 F 202703,0.0,0.0,0.0,0.0,0.0,96.745,0,0,202703,False,,3.2549999999999955
2026-05-07,D696566S,3개월무위험금리 SP 2605-2606,0.0,0.0,0.0,0.0,0.0,0.0,0,0,,True,,100.0
2026-05-07,D696567S,3개월무위험금리 SP 2605-2607,0.0,0.0,0.0,0.0,0.0,0.0,0,0,,True,,100.0
2026-05-07,D696568S,3개월무위험금리 SP 2605-2608,0.0,0.0,0.0,0.0,0.0,0.0,0,0,,True,,100.0
2026-05-08,A6965000,3개월무위험금리 F 202605,0.0,0.0,0.0,0.0,0.0,97.445,0,0,202605,False,,2.555000000000007
2026-05-08,A6966000,3개월무위험금리 F 202606,0.0,0.0,0.0,0.0,0.0,97.38,0,0,202606,False,,2.6200000000000045
2026-05-08,A6967000,3개월무위험금리 F 202607,0.0,0.0,0.0,0.0,0.0,97.32,0,0,202607,False,,2.680000000000007
2026-05-08,A6968000,3개월무위험금리 F 202608,0.0,0.0,0.0,0.0,0.0,97.355,0,0,202608,False,,2.644999999999996
2026-05-08,A6969000,3개월무위험금리 F 202609,0.0,0.0,0.0,0.0,0.0,97.285,0,0,202609,False,,2.7150000000000034
2026-05-08,A696A000,3개월무위험금리 F 202610,0.0,0.0,0.0,0.0,0.0,97.21,0,0,202610,False,,2.7900000000000063
2026-05-08,A696C000,3개월무위험금리 F 202612,0.0,0.0,0.0,0.0,0.0,97.055,0,0,202612,False,,2.944999999999993
2026-05-08,A6973000,3개월무위험금리 F 202703,0.0,0.0,0.0,0.0,0.0,96.745,0,0,202703,False,,3.2549999999999955
2026-05-08,D696566S,3개월무위험금리 SP 2605-2606,0.0,0.0,0.0,0.0,0.0,0.0,0,0,,True,,100.0
2026-05-08,D696567S,3개월무위험금리 SP 2605-2607,0.0,0.0,0.0,0.0,0.0,0.0,0,0,,True,,100.0
2026-05-08,D696568S,3개월무위험금리 SP 2605-2608,0.0,0.0,0.0,0.0,0.0,0.0,0,0,,True,,100.0
2026-05-11,A6965000,3개월무위험금리 F 202605,0.0,0.0,0.0,0.0,0.0,97.46,0,0,202605,False,,2.5400000000000063
2026-05-11,A6966000,3개월무위험금리 F 202606,0.0,0.0,0.0,0.0,0.0,97.435,0,0,202606,False,,2.5649999999999977
2026-05-11,A6967000,3개월무위험금리 F 202607,0.0,0.0,0.0,0.0,0.0,97.41,0,0,202607,False,,2.5900000000000034
2026-05-11,A6968000,3개월무위험금리 F 202608,97.32,-0.035,97.33,97.33,97.32,97.32,40,9732500000,202608,False,2.680000000000007,2.680000000000007
2026-05-11,A6969000,3개월무위험금리 F 202609,0.0,0.0,0.0,0.0,0.0,97.27,0,0,202609,False,,2.730000000000004
2026-05-11,A696A000,3개월무위험금리 F 202610,0.0,0.0,0.0,0.0,0.0,97.19,0,0,202610,False,,2.8100000000000023
2026-05-11,A696C000,3개월무위험금리 F 202612,0.0,0.0,0.0,0.0,0.0,97.03,0,0,202612,False,,2.969999999999999
2026-05-11,A6973000,3개월무위험금리 F 202703,0.0,0.0,0.0,0.0,0.0,96.72,0,0,202703,False,,3.280000000000001
2026-05-11,D696566S,3개월무위험금리 SP 2605-2606,0.0,0.0,0.0,0.0,0.0,0.0,0,0,,True,,100.0
2026-05-11,D696567S,3개월무위험금리 SP 2605-2607,0.0,0.0,0.0,0.0,0.0,0.0,0,0,,True,,100.0
2026-05-11,D696568S,3개월무위험금리 SP 2605-2608,0.0,0.0,0.0,0.0,0.0,0.0,0,0,,True,,100.0
2026-05-12,A6965000,3개월무위험금리 F 202605,0.0,0.0,0.0,0.0,0.0,97.455,0,0,202605,False,,2.5450000000000017
2026-05-12,A6966000,3개월무위험금리 F 202606,0.0,0.0,0.0,0.0,0.0,97.425,0,0,202606,False,,2.575000000000003
2026-05-12,A6967000,3개월무위험금리 F 202607,0.0,0.0,0.0,0.0,0.0,97.39,0,0,202607,False,,2.6099999999999994
2026-05-12,A6968000,3개월무위험금리 F 202608,0.0,0.0,0.0,0.0,0.0,97.345,0,0,202608,False,,2.655000000000001
2026-05-12,A6969000,3개월무위험금리 F 202609,0.0,0.0,0.0,0.0,0.0,97.275,0,0,202609,False,,2.7249999999999943
2026-05-12,A696A000,3개월무위험금리 F 202610,0.0,0.0,0.0,0.0,0.0,97.18,0,0,202610,False,,2.819999999999993
2026-05-12,A696C000,3개월무위험금리 F 202612,0.0,0.0,0.0,0.0,0.0,96.975,0,0,202612,False,,3.0250000000000057
2026-05-12,A6973000,3개월무위험금리 F 202703,0.0,0.0,0.0,0.0,0.0,96.615,0,0,202703,False,,3.385000000000005
2026-05-12,D696566S,3개월무위험금리 SP 2605-2606,0.0,0.0,0.0,0.0,0.0,0.0,0,0,,True,,100.0
2026-05-12,D696567S,3개월무위험금리 SP 2605-2607,0.0,0.0,0.0,0.0,0.0,0.0,0,0,,True,,100.0
2026-05-12,D696568S,3개월무위험금리 SP 2605-2608,0.0,0.0,0.0,0.0,0.0,0.0,0,0,,True,,100.0
2026-05-13,A6965000,3개월무위험금리 F 202605,0.0,0.0,0.0,0.0,0.0,97.45,0,0,202605,False,,2.549999999999997
2026-05-13,A6966000,3개월무위험금리 F 202606,0.0,0.0,0.0,0.0,0.0,97.185,0,0,202606,False,,2.8149999999999977
2026-05-13,A6967000,3개월무위험금리 F 202607,0.0,0.0,0.0,0.0,0.0,96.955,0,0,202607,False,,3.0450000000000017
2026-05-13,A6968000,3개월무위험금리 F 202608,0.0,0.0,0.0,0.0,0.0,97.335,0,0,202608,False,,2.6650000000000063
2026-05-13,A6969000,3개월무위험금리 F 202609,0.0,0.0,0.0,0.0,0.0,97.235,0,0,202609,False,,2.7650000000000006
2026-05-13,A696A000,3개월무위험금리 F 202610,0.0,0.0,0.0,0.0,0.0,97.15,0,0,202610,False,,2.8499999999999943
2026-05-13,A696C000,3개월무위험금리 F 202612,0.0,0.0,0.0,0.0,0.0,96.965,0,0,202612,False,,3.0349999999999966
2026-05-13,A6973000,3개월무위험금리 F 202703,0.0,0.0,0.0,0.0,0.0,96.575,0,0,202703,False,,3.424999999999997
2026-05-13,D696566S,3개월무위험금리 SP 2605-2606,0.0,0.0,0.0,0.0,0.0,0.0,0,0,,True,,100.0
2026-05-13,D696567S,3개월무위험금리 SP 2605-2607,0.0,0.0,0.0,0.0,0.0,0.0,0,0,,True,,100.0
2026-05-13,D696568S,3개월무위험금리 SP 2605-2608,0.0,0.0,0.0,0.0,0.0,0.0,0,0,,True,,100.0
2026-05-14,A6965000,3개월무위험금리 F 202605,0.0,0.0,0.0,0.0,0.0,97.46,0,0,202605,False,,2.5400000000000063
2026-05-14,A6966000,3개월무위험금리 F 202606,0.0,0.0,0.0,0.0,0.0,97.43,0,0,202606,False,,2.569999999999993
2026-05-14,A6967000,3개월무위험금리 F 202607,0.0,0.0,0.0,0.0,0.0,97.395,0,0,202607,False,,2.605000000000004
2026-05-14,A6968000,3개월무위험금리 F 202608,97.325,-0.01,97.34,97.345,97.32,97.325,32,7787237500,202608,False,2.674999999999997,2.674999999999997
2026-05-14,A6969000,3개월무위험금리 F 202609,0.0,0.0,0.0,0.0,0.0,97.255,0,0,202609,False,,2.7450000000000045
2026-05-14,A696A000,3개월무위험금리 F 202610,0.0,0.0,0.0,0.0,0.0,97.17,0,0,202610,False,,2.8299999999999983
2026-05-14,A696C000,3개월무위험금리 F 202612,0.0,0.0,0.0,0.0,0.0,97.01,0,0,202612,False,,2.989999999999995
2026-05-14,A6973000,3개월무위험금리 F 202703,0.0,0.0,0.0,0.0,0.0,96.635,0,0,202703,False,,3.364999999999995
2026-05-14,D696566S,3개월무위험금리 SP 2605-2606,0.0,0.0,0.0,0.0,0.0,0.0,0,0,,True,,100.0
2026-05-14,D696567S,3개월무위험금리 SP 2605-2607,0.0,0.0,0.0,0.0,0.0,0.0,0,0,,True,,100.0
2026-05-14,D696568S,3개월무위험금리 SP 2605-2608,0.0,0.0,0.0,0.0,0.0,0.0,0,0,,True,,100.0
2026-05-15,A6965000,3개월무위험금리 F 202605,0.0,0.0,0.0,0.0,0.0,97.46,0,0,202605,False,,2.5400000000000063
2026-05-15,A6966000,3개월무위험금리 F 202606,0.0,0.0,0.0,0.0,0.0,97.435,0,0,202606,False,,2.5649999999999977
2026-05-15,A6967000,3개월무위험금리 F 202607,0.0,0.0,0.0,0.0,0.0,97.4,0,0,202607,False,,2.5999999999999943
2026-05-15,A6968000,3개월무위험금리 F 202608,0.0,0.0,0.0,0.0,0.0,97.335,0,0,202608,False,,2.6650000000000063
2026-05-15,A6969000,3개월무위험금리 F 202609,0.0,0.0,0.0,0.0,0.0,97.22,0,0,202609,False,,2.780000000000001
2026-05-15,A696A000,3개월무위험금리 F 202610,0.0,0.0,0.0,0.0,0.0,97.105,0,0,202610,False,,2.894999999999996
2026-05-15,A696C000,3개월무위험금리 F 202612,0.0,0.0,0.0,0.0,0.0,96.9,0,0,202612,False,,3.0999999999999943
2026-05-15,A6973000,3개월무위험금리 F 202703,0.0,0.0,0.0,0.0,0.0,96.54,0,0,202703,False,,3.4599999999999937
2026-05-15,D696566S,3개월무위험금리 SP 2605-2606,0.0,0.0,0.0,0.0,0.0,0.0,0,0,,True,,100.0
2026-05-15,D696567S,3개월무위험금리 SP 2605-2607,0.0,0.0,0.0,0.0,0.0,0.0,0,0,,True,,100.0
2026-05-15,D696568S,3개월무위험금리 SP 2605-2608,0.0,0.0,0.0,0.0,0.0,0.0,0,0,,True,,100.0
2026-05-18,A6965000,3개월무위험금리 F 202605,97.465,0.005,97.465,97.465,97.465,97.465,10,2436625000,202605,False,2.5349999999999966,2.5349999999999966
2026-05-18,A6966000,3개월무위험금리 F 202606,0.0,0.0,0.0,0.0,0.0,97.425,0,0,202606,False,,2.575000000000003
2026-05-18,A6967000,3개월무위험금리 F 202607,0.0,0.0,0.0,0.0,0.0,97.385,0,0,202607,False,,2.614999999999995
2026-05-18,A6968000,3개월무위험금리 F 202608,0.0,0.0,0.0,0.0,0.0,97.35,0,0,202608,False,,2.6500000000000057
2026-05-18,A6969000,3개월무위험금리 F 202609,0.0,0.0,0.0,0.0,0.0,97.235,0,0,202609,False,,2.7650000000000006
2026-05-18,A696A000,3개월무위험금리 F 202610,0.0,0.0,0.0,0.0,0.0,97.12,0,0,202610,False,,2.8799999999999955
2026-05-18,A696C000,3개월무위험금리 F 202612,0.0,0.0,0.0,0.0,0.0,96.91,0,0,202612,False,,3.0900000000000034
2026-05-18,A6973000,3개월무위험금리 F 202703,0.0,0.0,0.0,0.0,0.0,96.51,0,0,202703,False,,3.489999999999995
2026-05-18,D696566S,3개월무위험금리 SP 2605-2606,0.0,0.0,0.0,0.0,0.0,0.0,0,0,,True,,100.0
2026-05-18,D696567S,3개월무위험금리 SP 2605-2607,0.0,0.0,0.0,0.0,0.0,0.0,0,0,,True,,100.0
2026-05-18,D696568S,3개월무위험금리 SP 2605-2608,0.0,0.0,0.0,0.0,0.0,0.0,0,0,,True,,100.0
2026-05-19,A6965000,3개월무위험금리 F 202605,97.465,0.0,97.47,97.47,97.465,97.465,20,4873375000,202605,False,2.5349999999999966,2.5349999999999966
2026-05-19,A6966000,3개월무위험금리 F 202606,0.0,0.0,0.0,0.0,0.0,97.425,0,0,202606,False,,2.575000000000003
2026-05-19,A6967000,3개월무위험금리 F 202607,0.0,0.0,0.0,0.0,0.0,97.385,0,0,202607,False,,2.614999999999995
2026-05-19,A6968000,3개월무위험금리 F 202608,0.0,0.0,0.0,0.0,0.0,97.335,0,0,202608,False,,2.6650000000000063
2026-05-19,A6969000,3개월무위험금리 F 202609,0.0,0.0,0.0,0.0,0.0,97.225,0,0,202609,False,,2.7750000000000057
2026-05-19,A696A000,3개월무위험금리 F 202610,0.0,0.0,0.0,0.0,0.0,97.115,0,0,202610,False,,2.885000000000005
2026-05-19,A696C000,3개월무위험금리 F 202612,0.0,0.0,0.0,0.0,0.0,96.925,0,0,202612,False,,3.075000000000003
2026-05-19,A6973000,3개월무위험금리 F 202703,0.0,0.0,0.0,0.0,0.0,96.53,0,0,202703,False,,3.469999999999999
2026-05-19,D696566S,3개월무위험금리 SP 2605-2606,0.0,0.0,0.0,0.0,0.0,0.0,0,0,,True,,100.0
2026-05-19,D696567S,3개월무위험금리 SP 2605-2607,0.0,0.0,0.0,0.0,0.0,0.0,0,0,,True,,100.0
2026-05-19,D696568S,3개월무위험금리 SP 2605-2608,0.0,0.0,0.0,0.0,0.0,0.0,0,0,,True,,100.0
2026-05-20,A6966000,3개월무위험금리 F 202606,0.0,0.0,0.0,0.0,0.0,97.435,0,0,202606,False,,2.5649999999999977
2026-05-20,A6967000,3개월무위험금리 F 202607,0.0,0.0,0.0,0.0,0.0,97.395,0,0,202607,False,,2.605000000000004
2026-05-20,A6968000,3개월무위험금리 F 202608,0.0,0.0,0.0,0.0,0.0,97.355,0,0,202608,False,,2.644999999999996
2026-05-20,A6969000,3개월무위험금리 F 202609,0.0,0.0,0.0,0.0,0.0,97.24,0,0,202609,False,,2.760000000000005
2026-05-20,A696A000,3개월무위험금리 F 202610,0.0,0.0,0.0,0.0,0.0,97.125,0,0,202610,False,,2.875
2026-05-20,A696B000,3개월무위험금리 F 202611,0.0,0.0,0.0,0.0,0.0,97.035,0,0,202611,False,,2.9650000000000034
2026-05-20,A696C000,3개월무위험금리 F 202612,0.0,0.0,0.0,0.0,0.0,96.93,0,0,202612,False,,3.069999999999993
2026-05-20,A6973000,3개월무위험금리 F 202703,0.0,0.0,0.0,0.0,0.0,96.545,0,0,202703,False,,3.4549999999999983
2026-05-20,D696667S,3개월무위험금리 SP 2606-2607,0.0,0.0,0.0,0.0,0.0,0.0,0,0,,True,,100.0
2026-05-20,D696668S,3개월무위험금리 SP 2606-2608,0.0,0.0,0.0,0.0,0.0,0.0,0,0,,True,,100.0
2026-05-20,D696669S,3개월무위험금리 SP 2606-2609,0.0,0.0,0.0,0.0,0.0,0.0,0,0,,True,,100.0
2026-05-21,A6966000,3개월무위험금리 F 202606,0.0,0.0,0.0,0.0,0.0,97.435,0,0,202606,False,,2.5649999999999977
2026-05-21,A6967000,3개월무위험금리 F 202607,0.0,0.0,0.0,0.0,0.0,97.405,0,0,202607,False,,2.594999999999999
2026-05-21,A6968000,3개월무위험금리 F 202608,0.0,0.0,0.0,0.0,0.0,97.365,0,0,202608,False,,2.635000000000005
2026-05-21,A6969000,3개월무위험금리 F 202609,0.0,0.0,0.0,0.0,0.0,97.255,0,0,202609,False,,2.7450000000000045
2026-05-21,A696A000,3개월무위험금리 F 202610,0.0,0.0,0.0,0.0,0.0,97.155,0,0,202610,False,,2.844999999999999
2026-05-21,A696B000,3개월무위험금리 F 202611,0.0,0.0,0.0,0.0,0.0,97.08,0,0,202611,False,,2.9200000000000017
2026-05-21,A696C000,3개월무위험금리 F 202612,0.0,0.0,0.0,0.0,0.0,96.98,0,0,202612,False,,3.019999999999996
2026-05-21,A6973000,3개월무위험금리 F 202703,0.0,0.0,0.0,0.0,0.0,96.59,0,0,202703,False,,3.4099999999999966
2026-05-21,D696667S,3개월무위험금리 SP 2606-2607,0.0,0.0,0.0,0.0,0.0,0.0,0,0,,True,,100.0
2026-05-21,D696668S,3개월무위험금리 SP 2606-2608,0.0,0.0,0.0,0.0,0.0,0.0,0,0,,True,,100.0
2026-05-21,D696669S,3개월무위험금리 SP 2606-2609,0.0,0.0,0.0,0.0,0.0,0.0,0,0,,True,,100.0
2026-05-22,A6966000,3개월무위험금리 F 202606,0.0,0.0,0.0,0.0,0.0,97.435,0,0,202606,False,,2.5649999999999977
2026-05-22,A6967000,3개월무위험금리 F 202607,0.0,0.0,0.0,0.0,0.0,97.395,0,0,202607,False,,2.605000000000004
2026-05-22,A6968000,3개월무위험금리 F 202608,0.0,0.0,0.0,0.0,0.0,97.355,0,0,202608,False,,2.644999999999996
2026-05-22,A6969000,3개월무위험금리 F 202609,0.0,0.0,0.0,0.0,0.0,97.265,0,0,202609,False,,2.7349999999999994
2026-05-22,A696A000,3개월무위험금리 F 202610,0.0,0.0,0.0,0.0,0.0,97.15,0,0,202610,False,,2.8499999999999943
2026-05-22,A696B000,3개월무위험금리 F 202611,0.0,0.0,0.0,0.0,0.0,97.055,0,0,202611,False,,2.944999999999993
2026-05-22,A696C000,3개월무위험금리 F 202612,0.0,0.0,0.0,0.0,0.0,96.955,0,0,202612,False,,3.0450000000000017
2026-05-22,A6973000,3개월무위험금리 F 202703,0.0,0.0,0.0,0.0,0.0,96.595,0,0,202703,False,,3.405000000000001
2026-05-22,D696667S,3개월무위험금리 SP 2606-2607,0.0,0.0,0.0,0.0,0.0,0.0,0,0,,True,,100.0
2026-05-22,D696668S,3개월무위험금리 SP 2606-2608,0.0,0.0,0.0,0.0,0.0,0.0,0,0,,True,,100.0
2026-05-22,D696669S,3개월무위험금리 SP 2606-2609,0.0,0.0,0.0,0.0,0.0,0.0,0,0,,True,,100.0
2026-05-26,A6966000,3개월무위험금리 F 202606,0.0,0.0,0.0,0.0,0.0,97.445,0,0,202606,False,,2.555000000000007
2026-05-26,A6967000,3개월무위험금리 F 202607,0.0,0.0,0.0,0.0,0.0,97.415,0,0,202607,False,,2.5849999999999937
2026-05-26,A6968000,3개월무위험금리 F 202608,0.0,0.0,0.0,0.0,0.0,97.38,0,0,202608,False,,2.6200000000000045
2026-05-26,A6969000,3개월무위험금리 F 202609,0.0,0.0,0.0,0.0,0.0,97.25,0,0,202609,False,,2.75
2026-05-26,A696A000,3개월무위험금리 F 202610,0.0,0.0,0.0,0.0,0.0,97.145,0,0,202610,False,,2.855000000000004
2026-05-26,A696B000,3개월무위험금리 F 202611,0.0,0.0,0.0,0.0,0.0,97.055,0,0,202611,False,,2.944999999999993
2026-05-26,A696C000,3개월무위험금리 F 202612,0.0,0.0,0.0,0.0,0.0,96.96,0,0,202612,False,,3.0400000000000063
2026-05-26,A6973000,3개월무위험금리 F 202703,0.0,0.0,0.0,0.0,0.0,96.62,0,0,202703,False,,3.3799999999999955
2026-05-26,D696667S,3개월무위험금리 SP 2606-2607,0.0,0.0,0.0,0.0,0.0,0.0,0,0,,True,,100.0
2026-05-26,D696668S,3개월무위험금리 SP 2606-2608,0.0,0.0,0.0,0.0,0.0,0.0,0,0,,True,,100.0
2026-05-26,D696669S,3개월무위험금리 SP 2606-2609,0.0,0.0,0.0,0.0,0.0,0.0,0,0,,True,,100.0
2026-05-27,A6966000,3개월무위험금리 F 202606,97.44,-0.005,97.44,97.44,97.44,97.44,10,2436000000,202606,False,2.5600000000000023,2.5600000000000023
2026-05-27,A6967000,3개월무위험금리 F 202607,0.0,0.0,0.0,0.0,0.0,97.41,0,0,202607,False,,2.5900000000000034
2026-05-27,A6968000,3개월무위험금리 F 202608,0.0,0.0,0.0,0.0,0.0,97.375,0,0,202608,False,,2.625
2026-05-27,A6969000,3개월무위험금리 F 202609,97.225,-0.025,97.285,97.285,97.225,97.225,280,68074875000,202609,False,2.7750000000000057,2.7750000000000057
2026-05-27,A696A000,3개월무위험금리 F 202610,0.0,0.0,0.0,0.0,0.0,97.185,0,0,202610,False,,2.8149999999999977
2026-05-27,A696B000,3개월무위험금리 F 202611,0.0,0.0,0.0,0.0,0.0,97.095,0,0,202611,False,,2.905000000000001
2026-05-27,A696C000,3개월무위험금리 F 202612,0.0,0.0,0.0,0.0,0.0,97.005,0,0,202612,False,,2.9950000000000045
2026-05-27,A6973000,3개월무위험금리 F 202703,0.0,0.0,0.0,0.0,0.0,96.675,0,0,202703,False,,3.325000000000003
2026-05-27,D696667S,3개월무위험금리 SP 2606-2607,0.0,0.0,0.0,0.0,0.0,0.0,0,0,,True,,100.0
2026-05-27,D696668S,3개월무위험금리 SP 2606-2608,0.0,0.0,0.0,0.0,0.0,0.0,0,0,,True,,100.0
2026-05-27,D696669S,3개월무위험금리 SP 2606-2609,0.0,0.0,0.0,0.0,0.0,0.0,0,0,,True,,100.0
2026-05-28,A6966000,3개월무위험금리 F 202606,0.0,0.0,0.0,0.0,0.0,97.445,0,0,202606,False,,2.555000000000007
2026-05-28,A6967000,3개월무위험금리 F 202607,0.0,0.0,0.0,0.0,0.0,97.41,0,0,202607,False,,2.5900000000000034
2026-05-28,A6968000,3개월무위험금리 F 202608,0.0,0.0,0.0,0.0,0.0,97.37,0,0,202608,False,,2.6299999999999955
2026-05-28,A6969000,3개월무위험금리 F 202609,0.0,0.0,0.0,0.0,0.0,97.28,0,0,202609,False,,2.719999999999999
2026-05-28,A696A000,3개월무위험금리 F 202610,0.0,0.0,0.0,0.0,0.0,97.145,0,0,202610,False,,2.855000000000004
2026-05-28,A696B000,3개월무위험금리 F 202611,0.0,0.0,0.0,0.0,0.0,97.025,0,0,202611,False,,2.9749999999999943
2026-05-28,A696C000,3개월무위험금리 F 202612,0.0,0.0,0.0,0.0,0.0,96.92,0,0,202612,False,,3.0799999999999983
2026-05-28,A6973000,3개월무위험금리 F 202703,0.0,0.0,0.0,0.0,0.0,96.565,0,0,202703,False,,3.4350000000000023
2026-05-28,D696667S,3개월무위험금리 SP 2606-2607,0.0,0.0,0.0,0.0,0.0,0.0,0,0,,True,,100.0
2026-05-28,D696668S,3개월무위험금리 SP 2606-2608,0.0,0.0,0.0,0.0,0.0,0.0,0,0,,True,,100.0
2026-05-28,D696669S,3개월무위험금리 SP 2606-2609,0.0,0.0,0.0,0.0,0.0,0.0,0,0,,True,,100.0
2026-05-29,A6966000,3개월무위험금리 F 202606,0.0,0.0,0.0,0.0,0.0,97.445,0,0,202606,False,,2.555000000000007
2026-05-29,A6967000,3개월무위험금리 F 202607,0.0,0.0,0.0,0.0,0.0,97.405,0,0,202607,False,,2.594999999999999
2026-05-29,A6968000,3개월무위험금리 F 202608,0.0,0.0,0.0,0.0,0.0,97.36,0,0,202608,False,,2.6400000000000006
2026-05-29,A6969000,3개월무위험금리 F 202609,0.0,0.0,0.0,0.0,0.0,97.27,0,0,202609,False,,2.730000000000004
2026-05-29,A696A000,3개월무위험금리 F 202610,0.0,0.0,0.0,0.0,0.0,97.125,0,0,202610,False,,2.875
2026-05-29,A696B000,3개월무위험금리 F 202611,0.0,0.0,0.0,0.0,0.0,96.985,0,0,202611,False,,3.0150000000000006
2026-05-29,A696C000,3개월무위험금리 F 202612,0.0,0.0,0.0,0.0,0.0,96.87,0,0,202612,False,,3.1299999999999955
2026-05-29,A6973000,3개월무위험금리 F 202703,0.0,0.0,0.0,0.0,0.0,96.535,0,0,202703,False,,3.4650000000000034
2026-05-29,D696667S,3개월무위험금리 SP 2606-2607,0.0,0.0,0.0,0.0,0.0,0.0,0,0,,True,,100.0
2026-05-29,D696668S,3개월무위험금리 SP 2606-2608,0.0,0.0,0.0,0.0,0.0,0.0,0,0,,True,,100.0
2026-05-29,D696669S,3개월무위험금리 SP 2606-2609,0.0,0.0,0.0,0.0,0.0,0.0,0,0,,True,,100.0
2026-06-01,A6966000,3개월무위험금리 F 202606,0.0,0.0,0.0,0.0,0.0,97.445,0,0,202606,False,,2.555000000000007
2026-06-01,A6967000,3개월무위험금리 F 202607,0.0,0.0,0.0,0.0,0.0,97.4,0,0,202607,False,,2.5999999999999943
2026-06-01,A6968000,3개월무위험금리 F 202608,0.0,0.0,0.0,0.0,0.0,97.35,0,0,202608,False,,2.6500000000000057
2026-06-01,A6969000,3개월무위험금리 F 202609,0.0,0.0,0.0,0.0,0.0,97.26,0,0,202609,False,,2.739999999999995
2026-06-01,A696A000,3개월무위험금리 F 202610,0.0,0.0,0.0,0.0,0.0,97.085,0,0,202610,False,,2.9150000000000063
2026-06-01,A696B000,3개월무위험금리 F 202611,0.0,0.0,0.0,0.0,0.0,96.91,0,0,202611,False,,3.0900000000000034
2026-06-01,A696C000,3개월무위험금리 F 202612,0.0,0.0,0.0,0.0,0.0,96.78,0,0,202612,False,,3.219999999999999
2026-06-01,A6973000,3개월무위험금리 F 202703,0.0,0.0,0.0,0.0,0.0,96.49,0,0,202703,False,,3.510000000000005
2026-06-01,D696667S,3개월무위험금리 SP 2606-2607,0.0,0.0,0.0,0.0,0.0,0.0,0,0,,True,,100.0
2026-06-01,D696668S,3개월무위험금리 SP 2606-2608,0.0,0.0,0.0,0.0,0.0,0.0,0,0,,True,,100.0
2026-06-01,D696669S,3개월무위험금리 SP 2606-2609,0.0,0.0,0.0,0.0,0.0,0.0,0,0,,True,,100.0
2026-06-02,A6966000,3개월무위험금리 F 202606,0.0,0.0,0.0,0.0,0.0,97.45,0,0,202606,False,,2.549999999999997
2026-06-02,A6967000,3개월무위험금리 F 202607,0.0,0.0,0.0,0.0,0.0,97.405,0,0,202607,False,,2.594999999999999
2026-06-02,A6968000,3개월무위험금리 F 202608,0.0,0.0,0.0,0.0,0.0,97.355,0,0,202608,False,,2.644999999999996
2026-06-02,A6969000,3개월무위험금리 F 202609,97.27,0.01,97.27,97.27,97.27,97.27,40,9727000000,202609,False,2.730000000000004,2.730000000000004
2026-06-02,A696A000,3개월무위험금리 F 202610,0.0,0.0,0.0,0.0,0.0,97.08,0,0,202610,False,,2.9200000000000017
2026-06-02,A696B000,3개월무위험금리 F 202611,0.0,0.0,0.0,0.0,0.0,96.905,0,0,202611,False,,3.094999999999999
2026-06-02,A696C000,3개월무위험금리 F 202612,0.0,0.0,0.0,0.0,0.0,96.765,0,0,202612,False,,3.2349999999999994
2026-06-02,A6973000,3개월무위험금리 F 202703,0.0,0.0,0.0,0.0,0.0,96.38,0,0,202703,False,,3.6200000000000045
2026-06-02,D696667S,3개월무위험금리 SP 2606-2607,0.0,0.0,0.0,0.0,0.0,0.0,0,0,,True,,100.0
2026-06-02,D696668S,3개월무위험금리 SP 2606-2608,0.0,0.0,0.0,0.0,0.0,0.0,0,0,,True,,100.0
2026-06-02,D696669S,3개월무위험금리 SP 2606-2609,0.0,0.0,0.0,0.0,0.0,0.0,0,0,,True,,100.0
2026-06-04,A6966000,3개월무위험금리 F 202606,0.0,0.0,0.0,0.0,0.0,97.445,0,0,202606,False,,2.555000000000007
2026-06-04,A6967000,3개월무위험금리 F 202607,0.0,0.0,0.0,0.0,0.0,97.395,0,0,202607,False,,2.605000000000004
2026-06-04,A6968000,3개월무위험금리 F 202608,0.0,0.0,0.0,0.0,0.0,97.34,0,0,202608,False,,2.6599999999999966
2026-06-04,A6969000,3개월무위험금리 F 202609,0.0,0.0,0.0,0.0,0.0,97.27,0,0,202609,False,,2.730000000000004
2026-06-04,A696A000,3개월무위험금리 F 202610,0.0,0.0,0.0,0.0,0.0,97.09,0,0,202610,False,,2.9099999999999966
2026-06-04,A696B000,3개월무위험금리 F 202611,0.0,0.0,0.0,0.0,0.0,96.915,0,0,202611,False,,3.0849999999999937
2026-06-04,A696C000,3개월무위험금리 F 202612,0.0,0.0,0.0,0.0,0.0,96.765,0,0,202612,False,,3.2349999999999994
2026-06-04,A6973000,3개월무위험금리 F 202703,0.0,0.0,0.0,0.0,0.0,96.29,0,0,202703,False,,3.7099999999999937
2026-06-04,D696667S,3개월무위험금리 SP 2606-2607,0.0,0.0,0.0,0.0,0.0,0.0,0,0,,True,,100.0
2026-06-04,D696668S,3개월무위험금리 SP 2606-2608,0.0,0.0,0.0,0.0,0.0,0.0,0,0,,True,,100.0
2026-06-04,D696669S,3개월무위험금리 SP 2606-2609,0.0,0.0,0.0,0.0,0.0,0.0,0,0,,True,,100.0
2026-06-05,A6966000,3개월무위험금리 F 202606,0.0,0.0,0.0,0.0,0.0,97.445,0,0,202606,False,,2.555000000000007
2026-06-05,A6967000,3개월무위험금리 F 202607,0.0,0.0,0.0,0.0,0.0,97.39,0,0,202607,False,,2.6099999999999994
2026-06-05,A6968000,3개월무위험금리 F 202608,0.0,0.0,0.0,0.0,0.0,97.33,0,0,202608,False,,2.6700000000000017
2026-06-05,A6969000,3개월무위험금리 F 202609,0.0,0.0,0.0,0.0,0.0,97.255,0,0,202609,False,,2.7450000000000045
2026-06-05,A696A000,3개월무위험금리 F 202610,0.0,0.0,0.0,0.0,0.0,97.06,0,0,202610,False,,2.9399999999999977
2026-06-05,A696B000,3개월무위험금리 F 202611,0.0,0.0,0.0,0.0,0.0,96.885,0,0,202611,False,,3.114999999999995
2026-06-05,A696C000,3개월무위험금리 F 202612,0.0,0.0,0.0,0.0,0.0,96.725,0,0,202612,False,,3.2750000000000057
2026-06-05,A6973000,3개월무위험금리 F 202703,0.0,0.0,0.0,0.0,0.0,96.215,0,0,202703,False,,3.7849999999999966
2026-06-05,D696667S,3개월무위험금리 SP 2606-2607,0.0,0.0,0.0,0.0,0.0,0.0,0,0,,True,,100.0
2026-06-05,D696668S,3개월무위험금리 SP 2606-2608,0.0,0.0,0.0,0.0,0.0,0.0,0,0,,True,,100.0
2026-06-05,D696669S,3개월무위험금리 SP 2606-2609,0.0,0.0,0.0,0.0,0.0,0.0,0,0,,True,,100.0
2026-06-08,A6966000,3개월무위험금리 F 202606,0.0,0.0,0.0,0.0,0.0,97.45,0,0,202606,False,,2.549999999999997
2026-06-08,A6967000,3개월무위험금리 F 202607,0.0,0.0,0.0,0.0,0.0,97.395,0,0,202607,False,,2.605000000000004
2026-06-08,A6968000,3개월무위험금리 F 202608,0.0,0.0,0.0,0.0,0.0,97.335,0,0,202608,False,,2.6650000000000063
2026-06-08,A6969000,3개월무위험금리 F 202609,0.0,0.0,0.0,0.0,0.0,97.255,0,0,202609,False,,2.7450000000000045
2026-06-08,A696A000,3개월무위험금리 F 202610,0.0,0.0,0.0,0.0,0.0,97.06,0,0,202610,False,,2.9399999999999977
2026-06-08,A696B000,3개월무위험금리 F 202611,0.0,0.0,0.0,0.0,0.0,96.87,0,0,202611,False,,3.1299999999999955
2026-06-08,A696C000,3개월무위험금리 F 202612,0.0,0.0,0.0,0.0,0.0,96.71,0,0,202612,False,,3.2900000000000063
2026-06-08,A6973000,3개월무위험금리 F 202703,0.0,0.0,0.0,0.0,0.0,96.215,0,0,202703,False,,3.7849999999999966
2026-06-08,D696667S,3개월무위험금리 SP 2606-2607,0.0,0.0,0.0,0.0,0.0,0.0,0,0,,True,,100.0
2026-06-08,D696668S,3개월무위험금리 SP 2606-2608,0.0,0.0,0.0,0.0,0.0,0.0,0,0,,True,,100.0
2026-06-08,D696669S,3개월무위험금리 SP 2606-2609,0.0,0.0,0.0,0.0,0.0,0.0,0,0,,True,,100.0
2026-06-09,A6966000,3개월무위험금리 F 202606,0.0,0.0,0.0,0.0,0.0,97.45,0,0,202606,False,,2.549999999999997
2026-06-09,A6967000,3개월무위험금리 F 202607,0.0,0.0,0.0,0.0,0.0,97.39,0,0,202607,False,,2.6099999999999994
2026-06-09,A6968000,3개월무위험금리 F 202608,0.0,0.0,0.0,0.0,0.0,97.315,0,0,202608,False,,2.6850000000000023
2026-06-09,A6969000,3개월무위험금리 F 202609,0.0,0.0,0.0,0.0,0.0,97.26,0,0,202609,False,,2.739999999999995
2026-06-09,A696A000,3개월무위험금리 F 202610,0.0,0.0,0.0,0.0,0.0,97.085,0,0,202610,False,,2.9150000000000063
2026-06-09,A696B000,3개월무위험금리 F 202611,0.0,0.0,0.0,0.0,0.0,96.935,0,0,202611,False,,3.0649999999999977
2026-06-09,A696C000,3개월무위험금리 F 202612,0.0,0.0,0.0,0.0,0.0,96.815,0,0,202612,False,,3.1850000000000023
2026-06-09,A6973000,3개월무위험금리 F 202703,0.0,0.0,0.0,0.0,0.0,96.315,0,0,202703,False,,3.6850000000000023
2026-06-09,D696667S,3개월무위험금리 SP 2606-2607,0.0,0.0,0.0,0.0,0.0,0.0,0,0,,True,,100.0
2026-06-09,D696668S,3개월무위험금리 SP 2606-2608,0.0,0.0,0.0,0.0,0.0,0.0,0,0,,True,,100.0
2026-06-09,D696669S,3개월무위험금리 SP 2606-2609,0.0,0.0,0.0,0.0,0.0,0.0,0,0,,True,,100.0
2026-06-10,A6966000,3개월무위험금리 F 202606,0.0,0.0,0.0,0.0,0.0,97.455,0,0,202606,False,,2.5450000000000017
2026-06-10,A6967000,3개월무위험금리 F 202607,0.0,0.0,0.0,0.0,0.0,97.395,0,0,202607,False,,2.605000000000004
2026-06-10,A6968000,3개월무위험금리 F 202608,0.0,0.0,0.0,0.0,0.0,97.335,0,0,202608,False,,2.6650000000000063
2026-06-10,A6969000,3개월무위험금리 F 202609,97.275,0.015,97.275,97.275,97.275,97.275,10,2431875000,202609,False,2.7249999999999943,2.7249999999999943
2026-06-10,A696A000,3개월무위험금리 F 202610,0.0,0.0,0.0,0.0,0.0,97.05,0,0,202610,False,,2.950000000000003
2026-06-10,A696B000,3개월무위험금리 F 202611,0.0,0.0,0.0,0.0,0.0,96.895,0,0,202611,False,,3.105000000000004
2026-06-10,A696C000,3개월무위험금리 F 202612,0.0,0.0,0.0,0.0,0.0,96.765,0,0,202612,False,,3.2349999999999994
2026-06-10,A6973000,3개월무위험금리 F 202703,0.0,0.0,0.0,0.0,0.0,96.305,0,0,202703,False,,3.694999999999993
2026-06-10,D696667S,3개월무위험금리 SP 2606-2607,0.0,0.0,0.0,0.0,0.0,0.0,0,0,,True,,100.0
2026-06-10,D696668S,3개월무위험금리 SP 2606-2608,0.0,0.0,0.0,0.0,0.0,0.0,0,0,,True,,100.0
2026-06-10,D696669S,3개월무위험금리 SP 2606-2609,0.0,0.0,0.0,0.0,0.0,0.0,0,0,,True,,100.0
2026-06-11,A6966000,3개월무위험금리 F 202606,0.0,0.0,0.0,0.0,0.0,97.455,0,0,202606,False,,2.5450000000000017
2026-06-11,A6967000,3개월무위험금리 F 202607,0.0,0.0,0.0,0.0,0.0,97.405,0,0,202607,False,,2.594999999999999
2026-06-11,A6968000,3개월무위험금리 F 202608,0.0,0.0,0.0,0.0,0.0,97.35,0,0,202608,False,,2.6500000000000057
2026-06-11,A6969000,3개월무위험금리 F 202609,0.0,0.0,0.0,0.0,0.0,97.28,0,0,202609,False,,2.719999999999999
2026-06-11,A696A000,3개월무위험금리 F 202610,0.0,0.0,0.0,0.0,0.0,97.105,0,0,202610,False,,2.894999999999996
2026-06-11,A696B000,3개월무위험금리 F 202611,0.0,0.0,0.0,0.0,0.0,96.945,0,0,202611,False,,3.055000000000007
2026-06-11,A696C000,3개월무위험금리 F 202612,0.0,0.0,0.0,0.0,0.0,96.815,0,0,202612,False,,3.1850000000000023
2026-06-11,A6973000,3개월무위험금리 F 202703,0.0,0.0,0.0,0.0,0.0,96.41,0,0,202703,False,,3.5900000000000034
2026-06-11,D696667S,3개월무위험금리 SP 2606-2607,0.0,0.0,0.0,0.0,0.0,0.0,0,0,,True,,100.0
2026-06-11,D696668S,3개월무위험금리 SP 2606-2608,0.0,0.0,0.0,0.0,0.0,0.0,0,0,,True,,100.0
2026-06-11,D696669S,3개월무위험금리 SP 2606-2609,0.0,0.0,0.0,0.0,0.0,0.0,0,0,,True,,100.0
2026-06-12,A6966000,3개월무위험금리 F 202606,0.0,0.0,0.0,0.0,0.0,97.455,0,0,202606,False,,2.5450000000000017
2026-06-12,A6967000,3개월무위험금리 F 202607,0.0,0.0,0.0,0.0,0.0,97.395,0,0,202607,False,,2.605000000000004
2026-06-12,A6968000,3개월무위험금리 F 202608,0.0,0.0,0.0,0.0,0.0,97.33,0,0,202608,False,,2.6700000000000017
2026-06-12,A6969000,3개월무위험금리 F 202609,0.0,0.0,0.0,0.0,0.0,97.29,0,0,202609,False,,2.7099999999999937
2026-06-12,A696A000,3개월무위험금리 F 202610,0.0,0.0,0.0,0.0,0.0,97.12,0,0,202610,False,,2.8799999999999955
2026-06-12,A696B000,3개월무위험금리 F 202611,0.0,0.0,0.0,0.0,0.0,96.965,0,0,202611,False,,3.0349999999999966
2026-06-12,A696C000,3개월무위험금리 F 202612,0.0,0.0,0.0,0.0,0.0,96.845,0,0,202612,False,,3.155000000000001
2026-06-12,A6973000,3개월무위험금리 F 202703,0.0,0.0,0.0,0.0,0.0,96.43,0,0,202703,False,,3.569999999999993
2026-06-12,D696667S,3개월무위험금리 SP 2606-2607,0.0,0.0,0.0,0.0,0.0,0.0,0,0,,True,,100.0
2026-06-12,D696668S,3개월무위험금리 SP 2606-2608,0.0,0.0,0.0,0.0,0.0,0.0,0,0,,True,,100.0
2026-06-12,D696669S,3개월무위험금리 SP 2606-2609,0.0,0.0,0.0,0.0,0.0,0.0,0,0,,True,,100.0
2026-06-15,A6966000,3개월무위험금리 F 202606,0.0,0.0,0.0,0.0,0.0,97.46,0,0,202606,False,,2.5400000000000063
2026-06-15,A6967000,3개월무위험금리 F 202607,0.0,0.0,0.0,0.0,0.0,97.4,0,0,202607,False,,2.5999999999999943
2026-06-15,A6968000,3개월무위험금리 F 202608,0.0,0.0,0.0,0.0,0.0,97.33,0,0,202608,False,,2.6700000000000017
2026-06-15,A6969000,3개월무위험금리 F 202609,0.0,0.0,0.0,0.0,0.0,97.28,0,0,202609,False,,2.719999999999999
2026-06-15,A696A000,3개월무위험금리 F 202610,0.0,0.0,0.0,0.0,0.0,97.095,0,0,202610,False,,2.905000000000001
2026-06-15,A696B000,3개월무위험금리 F 202611,0.0,0.0,0.0,0.0,0.0,96.93,0,0,202611,False,,3.069999999999993
2026-06-15,A696C000,3개월무위험금리 F 202612,0.0,0.0,0.0,0.0,0.0,96.81,0,0,202612,False,,3.1899999999999977
2026-06-15,A6973000,3개월무위험금리 F 202703,0.0,0.0,0.0,0.0,0.0,96.49,0,0,202703,False,,3.510000000000005
2026-06-15,D696667S,3개월무위험금리 SP 2606-2607,0.0,0.0,0.0,0.0,0.0,0.0,0,0,,True,,100.0
2026-06-15,D696668S,3개월무위험금리 SP 2606-2608,0.0,0.0,0.0,0.0,0.0,0.0,0,0,,True,,100.0
2026-06-15,D696669S,3개월무위험금리 SP 2606-2609,0.0,0.0,0.0,0.0,0.0,0.0,0,0,,True,,100.0
2026-06-16,A6966000,3개월무위험금리 F 202606,0.0,0.0,0.0,0.0,0.0,97.465,0,0,202606,False,,2.5349999999999966
2026-06-16,A6967000,3개월무위험금리 F 202607,0.0,0.0,0.0,0.0,0.0,97.405,0,0,202607,False,,2.594999999999999
2026-06-16,A6968000,3개월무위험금리 F 202608,0.0,0.0,0.0,0.0,0.0,97.345,0,0,202608,False,,2.655000000000001
2026-06-16,A6969000,3개월무위험금리 F 202609,0.0,0.0,0.0,0.0,0.0,97.28,0,0,202609,False,,2.719999999999999
2026-06-16,A696A000,3개월무위험금리 F 202610,0.0,0.0,0.0,0.0,0.0,97.11,0,0,202610,False,,2.8900000000000006
2026-06-16,A696B000,3개월무위험금리 F 202611,0.0,0.0,0.0,0.0,0.0,96.955,0,0,202611,False,,3.0450000000000017
2026-06-16,A696C000,3개월무위험금리 F 202612,0.0,0.0,0.0,0.0,0.0,96.845,0,0,202612,False,,3.155000000000001
2026-06-16,A6973000,3개월무위험금리 F 202703,0.0,0.0,0.0,0.0,0.0,96.51,0,0,202703,False,,3.489999999999995
2026-06-16,D696667S,3개월무위험금리 SP 2606-2607,0.0,0.0,0.0,0.0,0.0,0.0,0,0,,True,,100.0
2026-06-16,D696668S,3개월무위험금리 SP 2606-2608,0.0,0.0,0.0,0.0,0.0,0.0,0,0,,True,,100.0
2026-06-16,D696669S,3개월무위험금리 SP 2606-2609,0.0,0.0,0.0,0.0,0.0,0.0,0,0,,True,,100.0
2026-06-17,A6967000,3개월무위험금리 F 202607,0.0,0.0,0.0,0.0,0.0,97.405,0,0,202607,False,,2.594999999999999
2026-06-17,A6968000,3개월무위험금리 F 202608,0.0,0.0,0.0,0.0,0.0,97.335,0,0,202608,False,,2.6650000000000063
2026-06-17,A6969000,3개월무위험금리 F 202609,0.0,0.0,0.0,0.0,0.0,97.3,0,0,202609,False,,2.700000000000003
2026-06-17,A696A000,3개월무위험금리 F 202610,0.0,0.0,0.0,0.0,0.0,97.13,0,0,202610,False,,2.8700000000000045
2026-06-17,A696B000,3개월무위험금리 F 202611,0.0,0.0,0.0,0.0,0.0,96.98,0,0,202611,False,,3.019999999999996
2026-06-17,A696C000,3개월무위험금리 F 202612,0.0,0.0,0.0,0.0,0.0,96.87,0,0,202612,False,,3.1299999999999955
2026-06-17,A6973000,3개월무위험금리 F 202703,0.0,0.0,0.0,0.0,0.0,96.565,0,0,202703,False,,3.4350000000000023
2026-06-17,A6976000,3개월무위험금리 F 202706,0.0,0.0,0.0,0.0,0.0,96.395,0,0,202706,False,,3.605000000000004
2026-06-17,D696768S,3개월무위험금리 SP 2607-2608,0.0,0.0,0.0,0.0,0.0,0.0,0,0,,True,,100.0
2026-06-17,D696769S,3개월무위험금리 SP 2607-2609,0.0,0.0,0.0,0.0,0.0,0.0,0,0,,True,,100.0
2026-06-17,D69676AS,3개월무위험금리 SP 2607-2610,0.0,0.0,0.0,0.0,0.0,0.0,0,0,,True,,100.0
2026-06-18,A6967000,3개월무위험금리 F 202607,0.0,0.0,0.0,0.0,0.0,97.4,0,0,202607,False,,2.5999999999999943
2026-06-18,A6968000,3개월무위험금리 F 202608,0.0,0.0,0.0,0.0,0.0,97.325,0,0,202608,False,,2.674999999999997
2026-06-18,A6969000,3개월무위험금리 F 202609,0.0,0.0,0.0,0.0,0.0,97.27,0,0,202609,False,,2.730000000000004
2026-06-18,A696A000,3개월무위험금리 F 202610,0.0,0.0,0.0,0.0,0.0,97.1,0,0,202610,False,,2.9000000000000057
2026-06-18,A696B000,3개월무위험금리 F 202611,0.0,0.0,0.0,0.0,0.0,96.92,0,0,202611,False,,3.0799999999999983
2026-06-18,A696C000,3개월무위험금리 F 202612,0.0,0.0,0.0,0.0,0.0,96.79,0,0,202612,False,,3.2099999999999937
2026-06-18,A6973000,3개월무위험금리 F 202703,0.0,0.0,0.0,0.0,0.0,96.48,0,0,202703,False,,3.519999999999996
2026-06-18,A6976000,3개월무위험금리 F 202706,0.0,0.0,0.0,0.0,0.0,96.32,0,0,202706,False,,3.680000000000007
2026-06-18,D696768S,3개월무위험금리 SP 2607-2608,0.0,0.0,0.0,0.0,0.0,0.0,0,0,,True,,100.0
2026-06-18,D696769S,3개월무위험금리 SP 2607-2609,0.0,0.0,0.0,0.0,0.0,0.0,0,0,,True,,100.0
2026-06-18,D69676AS,3개월무위험금리 SP 2607-2610,0.0,0.0,0.0,0.0,0.0,0.0,0,0,,True,,100.0
2026-06-19,A6967000,3개월무위험금리 F 202607,0.0,0.0,0.0,0.0,0.0,97.4,0,0,202607,False,,2.5999999999999943
2026-06-19,A6968000,3개월무위험금리 F 202608,0.0,0.0,0.0,0.0,0.0,97.32,0,0,202608,False,,2.680000000000007
2026-06-19,A6969000,3개월무위험금리 F 202609,0.0,0.0,0.0,0.0,0.0,97.26,0,0,202609,False,,2.739999999999995
2026-06-19,A696A000,3개월무위험금리 F 202610,0.0,0.0,0.0,0.0,0.0,97.09,0,0,202610,False,,2.9099999999999966
2026-06-19,A696B000,3개월무위험금리 F 202611,0.0,0.0,0.0,0.0,0.0,96.9,0,0,202611,False,,3.0999999999999943
2026-06-19,A696C000,3개월무위험금리 F 202612,0.0,0.0,0.0,0.0,0.0,96.745,0,0,202612,False,,3.2549999999999955
2026-06-19,A6973000,3개월무위험금리 F 202703,0.0,0.0,0.0,0.0,0.0,96.34,0,0,202703,False,,3.6599999999999966
2026-06-19,A6976000,3개월무위험금리 F 202706,0.0,0.0,0.0,0.0,0.0,96.215,0,0,202706,False,,3.7849999999999966
2026-06-19,D696768S,3개월무위험금리 SP 2607-2608,0.0,0.0,0.0,0.0,0.0,0.0,0,0,,True,,100.0
2026-06-19,D696769S,3개월무위험금리 SP 2607-2609,0.0,0.0,0.0,0.0,0.0,0.0,0,0,,True,,100.0
2026-06-19,D69676AS,3개월무위험금리 SP 2607-2610,0.0,0.0,0.0,0.0,0.0,0.0,0,0,,True,,100.0
2026-06-22,A6967000,3개월무위험금리 F 202607,0.0,0.0,0.0,0.0,0.0,97.405,0,0,202607,False,,2.594999999999999
2026-06-22,A6968000,3개월무위험금리 F 202608,0.0,0.0,0.0,0.0,0.0,97.315,0,0,202608,False,,2.6850000000000023
2026-06-22,A6969000,3개월무위험금리 F 202609,0.0,0.0,0.0,0.0,0.0,97.25,0,0,202609,False,,2.75
2026-06-22,A696A000,3개월무위험금리 F 202610,0.0,0.0,0.0,0.0,0.0,97.095,0,0,202610,False,,2.905000000000001
2026-06-22,A696B000,3개월무위험금리 F 202611,0.0,0.0,0.0,0.0,0.0,96.905,0,0,202611,False,,3.094999999999999
2026-06-22,A696C000,3개월무위험금리 F 202612,0.0,0.0,0.0,0.0,0.0,96.74,0,0,202612,False,,3.260000000000005
2026-06-22,A6973000,3개월무위험금리 F 202703,0.0,0.0,0.0,0.0,0.0,96.395,0,0,202703,False,,3.605000000000004
2026-06-22,A6976000,3개월무위험금리 F 202706,0.0,0.0,0.0,0.0,0.0,96.175,0,0,202706,False,,3.825000000000003
2026-06-22,D696768S,3개월무위험금리 SP 2607-2608,0.0,0.0,0.0,0.0,0.0,0.0,0,0,,True,,100.0
2026-06-22,D696769S,3개월무위험금리 SP 2607-2609,0.0,0.0,0.0,0.0,0.0,0.0,0,0,,True,,100.0
2026-06-22,D69676AS,3개월무위험금리 SP 2607-2610,0.0,0.0,0.0,0.0,0.0,0.0,0,0,,True,,100.0
2026-06-23,A6967000,3개월무위험금리 F 202607,0.0,0.0,0.0,0.0,0.0,97.405,0,0,202607,False,,2.594999999999999
2026-06-23,A6968000,3개월무위험금리 F 202608,0.0,0.0,0.0,0.0,0.0,97.315,0,0,202608,False,,2.6850000000000023
2026-06-23,A6969000,3개월무위험금리 F 202609,0.0,0.0,0.0,0.0,0.0,97.25,0,0,202609,False,,2.75
2026-06-23,A696A000,3개월무위험금리 F 202610,0.0,0.0,0.0,0.0,0.0,97.075,0,0,202610,False,,2.924999999999997
2026-06-23,A696B000,3개월무위험금리 F 202611,0.0,0.0,0.0,0.0,0.0,96.885,0,0,202611,False,,3.114999999999995
2026-06-23,A696C000,3개월무위험금리 F 202612,0.0,0.0,0.0,0.0,0.0,96.725,0,0,202612,False,,3.2750000000000057
2026-06-23,A6973000,3개월무위험금리 F 202703,0.0,0.0,0.0,0.0,0.0,96.355,0,0,202703,False,,3.644999999999996
2026-06-23,A6976000,3개월무위험금리 F 202706,0.0,0.0,0.0,0.0,0.0,96.11,0,0,202706,False,,3.8900000000000006
2026-06-23,D696768S,3개월무위험금리 SP 2607-2608,0.0,0.0,0.0,0.0,0.0,0.0,0,0,,True,,100.0
2026-06-23,D696769S,3개월무위험금리 SP 2607-2609,0.0,0.0,0.0,0.0,0.0,0.0,0,0,,True,,100.0
2026-06-23,D69676AS,3개월무위험금리 SP 2607-2610,0.0,0.0,0.0,0.0,0.0,0.0,0,0,,True,,100.0
2026-06-24,A6967000,3개월무위험금리 F 202607,0.0,0.0,0.0,0.0,0.0,97.405,0,0,202607,False,,2.594999999999999
2026-06-24,A6968000,3개월무위험금리 F 202608,0.0,0.0,0.0,0.0,0.0,97.315,0,0,202608,False,,2.6850000000000023
2026-06-24,A6969000,3개월무위험금리 F 202609,97.26,0.01,97.26,97.26,97.26,97.26,50,12157500000,202609,False,2.739999999999995,2.739999999999995
2026-06-24,A696A000,3개월무위험금리 F 202610,0.0,0.0,0.0,0.0,0.0,97.105,0,0,202610,False,,2.894999999999996
2026-06-24,A696B000,3개월무위험금리 F 202611,0.0,0.0,0.0,0.0,0.0,96.91,0,0,202611,False,,3.0900000000000034
2026-06-24,A696C000,3개월무위험금리 F 202612,0.0,0.0,0.0,0.0,0.0,96.74,0,0,202612,False,,3.260000000000005
2026-06-24,A6973000,3개월무위험금리 F 202703,0.0,0.0,0.0,0.0,0.0,96.37,0,0,202703,False,,3.6299999999999955
2026-06-24,A6976000,3개월무위험금리 F 202706,0.0,0.0,0.0,0.0,0.0,96.14,0,0,202706,False,,3.8599999999999994
2026-06-24,D696768S,3개월무위험금리 SP 2607-2608,0.0,0.0,0.0,0.0,0.0,0.0,0,0,,True,,100.0
2026-06-24,D696769S,3개월무위험금리 SP 2607-2609,0.0,0.0,0.0,0.0,0.0,0.0,0,0,,True,,100.0
2026-06-24,D69676AS,3개월무위험금리 SP 2607-2610,0.0,0.0,0.0,0.0,0.0,0.0,0,0,,True,,100.0
2026-06-25,A6967000,3개월무위험금리 F 202607,0.0,0.0,0.0,0.0,0.0,97.405,0,0,202607,False,,2.594999999999999
2026-06-25,A6968000,3개월무위험금리 F 202608,0.0,0.0,0.0,0.0,0.0,97.315,0,0,202608,False,,2.6850000000000023
2026-06-25,A6969000,3개월무위험금리 F 202609,0.0,0.0,0.0,0.0,0.0,97.245,0,0,202609,False,,2.7549999999999955
2026-06-25,A696A000,3개월무위험금리 F 202610,0.0,0.0,0.0,0.0,0.0,97.105,0,0,202610,False,,2.894999999999996
2026-06-25,A696B000,3개월무위험금리 F 202611,0.0,0.0,0.0,0.0,0.0,96.935,0,0,202611,False,,3.0649999999999977
2026-06-25,A696C000,3개월무위험금리 F 202612,0.0,0.0,0.0,0.0,0.0,96.795,0,0,202612,False,,3.2049999999999983
2026-06-25,A6973000,3개월무위험금리 F 202703,0.0,0.0,0.0,0.0,0.0,96.425,0,0,202703,False,,3.575000000000003
2026-06-25,A6976000,3개월무위험금리 F 202706,0.0,0.0,0.0,0.0,0.0,96.27,0,0,202706,False,,3.730000000000004
2026-06-25,D696768S,3개월무위험금리 SP 2607-2608,0.0,0.0,0.0,0.0,0.0,0.0,0,0,,True,,100.0
2026-06-25,D696769S,3개월무위험금리 SP 2607-2609,0.0,0.0,0.0,0.0,0.0,0.0,0,0,,True,,100.0
2026-06-25,D69676AS,3개월무위험금리 SP 2607-2610,0.0,0.0,0.0,0.0,0.0,0.0,0,0,,True,,100.0
2026-06-26,A6967000,3개월무위험금리 F 202607,0.0,0.0,0.0,0.0,0.0,97.405,0,0,202607,False,,2.594999999999999
2026-06-26,A6968000,3개월무위험금리 F 202608,0.0,0.0,0.0,0.0,0.0,97.31,0,0,202608,False,,2.6899999999999977
2026-06-26,A6969000,3개월무위험금리 F 202609,0.0,0.0,0.0,0.0,0.0,97.235,0,0,202609,False,,2.7650000000000006
2026-06-26,A696A000,3개월무위험금리 F 202610,0.0,0.0,0.0,0.0,0.0,97.11,0,0,202610,False,,2.8900000000000006
2026-06-26,A696B000,3개월무위험금리 F 202611,0.0,0.0,0.0,0.0,0.0,96.94,0,0,202611,False,,3.0600000000000023
2026-06-26,A696C000,3개월무위험금리 F 202612,0.0,0.0,0.0,0.0,0.0,96.805,0,0,202612,False,,3.194999999999993
2026-06-26,A6973000,3개월무위험금리 F 202703,0.0,0.0,0.0,0.0,0.0,96.43,0,0,202703,False,,3.569999999999993
2026-06-26,A6976000,3개월무위험금리 F 202706,0.0,0.0,0.0,0.0,0.0,96.295,0,0,202706,False,,3.7049999999999983
2026-06-26,D696768S,3개월무위험금리 SP 2607-2608,0.0,0.0,0.0,0.0,0.0,0.0,0,0,,True,,100.0
2026-06-26,D696769S,3개월무위험금리 SP 2607-2609,0.0,0.0,0.0,0.0,0.0,0.0,0,0,,True,,100.0
2026-06-26,D69676AS,3개월무위험금리 SP 2607-2610,0.0,0.0,0.0,0.0,0.0,0.0,0,0,,True,,100.0
2026-06-29,A6967000,3개월무위험금리 F 202607,0.0,0.0,0.0,0.0,0.0,97.41,0,0,202607,False,,2.5900000000000034
2026-06-29,A6968000,3개월무위험금리 F 202608,0.0,0.0,0.0,0.0,0.0,97.305,0,0,202608,False,,2.694999999999993
2026-06-29,A6969000,3개월무위험금리 F 202609,0.0,0.0,0.0,0.0,0.0,97.225,0,0,202609,False,,2.7750000000000057
2026-06-29,A696A000,3개월무위험금리 F 202610,0.0,0.0,0.0,0.0,0.0,97.11,0,0,202610,False,,2.8900000000000006
2026-06-29,A696B000,3개월무위험금리 F 202611,0.0,0.0,0.0,0.0,0.0,96.955,0,0,202611,False,,3.0450000000000017
2026-06-29,A696C000,3개월무위험금리 F 202612,0.0,0.0,0.0,0.0,0.0,96.83,0,0,202612,False,,3.1700000000000017
2026-06-29,A6973000,3개월무위험금리 F 202703,0.0,0.0,0.0,0.0,0.0,96.455,0,0,202703,False,,3.5450000000000017
2026-06-29,A6976000,3개월무위험금리 F 202706,0.0,0.0,0.0,0.0,0.0,96.28,0,0,202706,False,,3.719999999999999
2026-06-29,D696768S,3개월무위험금리 SP 2607-2608,0.0,0.0,0.0,0.0,0.0,0.0,0,0,,True,,100.0
2026-06-29,D696769S,3개월무위험금리 SP 2607-2609,0.0,0.0,0.0,0.0,0.0,0.0,0,0,,True,,100.0
2026-06-29,D69676AS,3개월무위험금리 SP 2607-2610,0.0,0.0,0.0,0.0,0.0,0.0,0,0,,True,,100.0
2026-06-30,A6967000,3개월무위험금리 F 202607,0.0,0.0,0.0,0.0,0.0,97.41,0,0,202607,False,,2.5900000000000034
2026-06-30,A6968000,3개월무위험금리 F 202608,0.0,0.0,0.0,0.0,0.0,97.3,0,0,202608,False,,2.700000000000003
2026-06-30,A6969000,3개월무위험금리 F 202609,0.0,0.0,0.0,0.0,0.0,97.22,0,0,202609,False,,2.780000000000001
2026-06-30,A696A000,3개월무위험금리 F 202610,0.0,0.0,0.0,0.0,0.0,97.11,0,0,202610,False,,2.8900000000000006
2026-06-30,A696B000,3개월무위험금리 F 202611,0.0,0.0,0.0,0.0,0.0,96.97,0,0,202611,False,,3.030000000000001
2026-06-30,A696C000,3개월무위험금리 F 202612,0.0,0.0,0.0,0.0,0.0,96.84,0,0,202612,False,,3.1599999999999966
2026-06-30,A6973000,3개월무위험금리 F 202703,0.0,0.0,0.0,0.0,0.0,96.46,0,0,202703,False,,3.5400000000000063
2026-06-30,A6976000,3개월무위험금리 F 202706,0.0,0.0,0.0,0.0,0.0,96.3,0,0,202706,False,,3.700000000000003
2026-06-30,D696768S,3개월무위험금리 SP 2607-2608,0.0,0.0,0.0,0.0,0.0,0.0,0,0,,True,,100.0
2026-06-30,D696769S,3개월무위험금리 SP 2607-2609,0.0,0.0,0.0,0.0,0.0,0.0,0,0,,True,,100.0
2026-06-30,D69676AS,3개월무위험금리 SP 2607-2610,0.0,0.0,0.0,0.0,0.0,0.0,0,0,,True,,100.0
2026-07-01,A6967000,3개월무위험금리 F 202607,0.0,0.0,0.0,0.0,0.0,97.415,0,0,202607,False,,2.5849999999999937
2026-07-01,A6968000,3개월무위험금리 F 202608,0.0,0.0,0.0,0.0,0.0,97.305,0,0,202608,False,,2.694999999999993
2026-07-01,A6969000,3개월무위험금리 F 202609,0.0,0.0,0.0,0.0,0.0,97.225,0,0,202609,False,,2.7750000000000057
2026-07-01,A696A000,3개월무위험금리 F 202610,0.0,0.0,0.0,0.0,0.0,97.085,0,0,202610,False,,2.9150000000000063
2026-07-01,A696B000,3개월무위험금리 F 202611,0.0,0.0,0.0,0.0,0.0,96.925,0,0,202611,False,,3.075000000000003
2026-07-01,A696C000,3개월무위험금리 F 202612,0.0,0.0,0.0,0.0,0.0,96.8,0,0,202612,False,,3.200000000000003
2026-07-01,A6973000,3개월무위험금리 F 202703,0.0,0.0,0.0,0.0,0.0,96.395,0,0,202703,False,,3.605000000000004
2026-07-01,A6976000,3개월무위험금리 F 202706,0.0,0.0,0.0,0.0,0.0,96.205,0,0,202706,False,,3.7950000000000017
2026-07-01,D696768S,3개월무위험금리 SP 2607-2608,0.0,0.0,0.0,0.0,0.0,0.0,0,0,,True,,100.0
2026-07-01,D696769S,3개월무위험금리 SP 2607-2609,0.0,0.0,0.0,0.0,0.0,0.0,0,0,,True,,100.0
2026-07-01,D69676AS,3개월무위험금리 SP 2607-2610,0.0,0.0,0.0,0.0,0.0,0.0,0,0,,True,,100.0
2026-07-02,A6967000,3개월무위험금리 F 202607,0.0,0.0,0.0,0.0,0.0,97.42,0,0,202607,False,,2.5799999999999983
2026-07-02,A6968000,3개월무위험금리 F 202608,0.0,0.0,0.0,0.0,0.0,97.32,0,0,202608,False,,2.680000000000007
2026-07-02,A6969000,3개월무위험금리 F 202609,0.0,0.0,0.0,0.0,0.0,97.25,0,0,202609,False,,2.75
2026-07-02,A696A000,3개월무위험금리 F 202610,0.0,0.0,0.0,0.0,0.0,97.1,0,0,202610,False,,2.9000000000000057
2026-07-02,A696B000,3개월무위험금리 F 202611,0.0,0.0,0.0,0.0,0.0,96.935,0,0,202611,False,,3.0649999999999977
2026-07-02,A696C000,3개월무위험금리 F 202612,0.0,0.0,0.0,0.0,0.0,96.815,0,0,202612,False,,3.1850000000000023
2026-07-02,A6973000,3개월무위험금리 F 202703,0.0,0.0,0.0,0.0,0.0,96.43,0,0,202703,False,,3.569999999999993
2026-07-02,A6976000,3개월무위험금리 F 202706,0.0,0.0,0.0,0.0,0.0,96.2,0,0,202706,False,,3.799999999999997
2026-07-02,D696768S,3개월무위험금리 SP 2607-2608,0.0,0.0,0.0,0.0,0.0,0.0,0,0,,True,,100.0
2026-07-02,D696769S,3개월무위험금리 SP 2607-2609,0.0,0.0,0.0,0.0,0.0,0.0,0,0,,True,,100.0
2026-07-02,D69676AS,3개월무위험금리 SP 2607-2610,0.0,0.0,0.0,0.0,0.0,0.0,0,0,,True,,100.0
2026-07-03,A6967000,3개월무위험금리 F 202607,0.0,0.0,0.0,0.0,0.0,97.45,0,0,202607,False,,2.549999999999997
2026-07-03,A6968000,3개월무위험금리 F 202608,0.0,0.0,0.0,0.0,0.0,97.325,0,0,202608,False,,2.674999999999997
2026-07-03,A6969000,3개월무위험금리 F 202609,0.0,0.0,0.0,0.0,0.0,97.25,0,0,202609,False,,2.75
2026-07-03,A696A000,3개월무위험금리 F 202610,97.135,0.035,97.135,97.135,97.135,97.135,10,2428375000,202610,False,2.864999999999995,2.864999999999995
2026-07-03,A696B000,3개월무위험금리 F 202611,0.0,0.0,0.0,0.0,0.0,96.955,0,0,202611,False,,3.0450000000000017
2026-07-03,A696C000,3개월무위험금리 F 202612,0.0,0.0,0.0,0.0,0.0,96.835,0,0,202612,False,,3.1650000000000063
2026-07-03,A6973000,3개월무위험금리 F 202703,0.0,0.0,0.0,0.0,0.0,96.48,0,0,202703,False,,3.519999999999996
2026-07-03,A6976000,3개월무위험금리 F 202706,0.0,0.0,0.0,0.0,0.0,96.215,0,0,202706,False,,3.7849999999999966
2026-07-03,D696768S,3개월무위험금리 SP 2607-2608,0.0,0.0,0.0,0.0,0.0,0.0,0,0,,True,,100.0
2026-07-03,D696769S,3개월무위험금리 SP 2607-2609,0.0,0.0,0.0,0.0,0.0,0.0,0,0,,True,,100.0
2026-07-03,D69676AS,3개월무위험금리 SP 2607-2610,0.0,0.0,0.0,0.0,0.0,0.0,0,0,,True,,100.0
2026-07-06,A6967000,3개월무위험금리 F 202607,0.0,0.0,0.0,0.0,0.0,97.435,0,0,202607,False,,2.5649999999999977
2026-07-06,A6968000,3개월무위험금리 F 202608,0.0,0.0,0.0,0.0,0.0,97.335,0,0,202608,False,,2.6650000000000063
2026-07-06,A6969000,3개월무위험금리 F 202609,0.0,0.0,0.0,0.0,0.0,97.255,0,0,202609,False,,2.7450000000000045
2026-07-06,A696A000,3개월무위험금리 F 202610,97.165,0.03,97.165,97.165,97.165,97.165,20,4858250000,202610,False,2.8349999999999937,2.8349999999999937
2026-07-06,A696B000,3개월무위험금리 F 202611,0.0,0.0,0.0,0.0,0.0,96.965,0,0,202611,False,,3.0349999999999966
2026-07-06,A696C000,3개월무위험금리 F 202612,0.0,0.0,0.0,0.0,0.0,96.835,0,0,202612,False,,3.1650000000000063
2026-07-06,A6973000,3개월무위험금리 F 202703,0.0,0.0,0.0,0.0,0.0,96.475,0,0,202703,False,,3.5250000000000057
2026-07-06,A6976000,3개월무위험금리 F 202706,0.0,0.0,0.0,0.0,0.0,96.195,0,0,202706,False,,3.805000000000007
2026-07-06,D696768S,3개월무위험금리 SP 2607-2608,0.0,0.0,0.0,0.0,0.0,0.0,0,0,,True,,100.0
2026-07-06,D696769S,3개월무위험금리 SP 2607-2609,0.0,0.0,0.0,0.0,0.0,0.0,0,0,,True,,100.0
2026-07-06,D69676AS,3개월무위험금리 SP 2607-2610,0.0,0.0,0.0,0.0,0.0,0.0,0,0,,True,,100.0
2026-07-07,A6967000,3개월무위험금리 F 202607,0.0,0.0,0.0,0.0,0.0,97.44,0,0,202607,False,,2.5600000000000023
2026-07-07,A6968000,3개월무위험금리 F 202608,0.0,0.0,0.0,0.0,0.0,97.34,0,0,202608,False,,2.6599999999999966
2026-07-07,A6969000,3개월무위험금리 F 202609,0.0,0.0,0.0,0.0,0.0,97.27,0,0,202609,False,,2.730000000000004
2026-07-07,A696A000,3개월무위험금리 F 202610,0.0,0.0,0.0,0.0,0.0,97.145,0,0,202610,False,,2.855000000000004
2026-07-07,A696B000,3개월무위험금리 F 202611,0.0,0.0,0.0,0.0,0.0,96.975,0,0,202611,False,,3.0250000000000057
2026-07-07,A696C000,3개월무위험금리 F 202612,0.0,0.0,0.0,0.0,0.0,96.86,0,0,202612,False,,3.1400000000000006
2026-07-07,A6973000,3개월무위험금리 F 202703,0.0,0.0,0.0,0.0,0.0,96.51,0,0,202703,False,,3.489999999999995
2026-07-07,A6976000,3개월무위험금리 F 202706,0.0,0.0,0.0,0.0,0.0,96.225,0,0,202706,False,,3.7750000000000057
2026-07-07,D696768S,3개월무위험금리 SP 2607-2608,0.0,0.0,0.0,0.0,0.0,0.0,0,0,,True,,100.0
2026-07-07,D696769S,3개월무위험금리 SP 2607-2609,0.0,0.0,0.0,0.0,0.0,0.0,0,0,,True,,100.0
2026-07-07,D69676AS,3개월무위험금리 SP 2607-2610,0.0,0.0,0.0,0.0,0.0,0.0,0,0,,True,,100.0
2026-07-08,A6967000,3개월무위험금리 F 202607,0.0,0.0,0.0,0.0,0.0,97.44,0,0,202607,False,,2.5600000000000023
2026-07-08,A6968000,3개월무위험금리 F 202608,0.0,0.0,0.0,0.0,0.0,97.33,0,0,202608,False,,2.6700000000000017
2026-07-08,A6969000,3개월무위험금리 F 202609,0.0,0.0,0.0,0.0,0.0,97.25,0,0,202609,False,,2.75
2026-07-08,A696A000,3개월무위험금리 F 202610,97.195,0.05,97.195,97.195,97.195,97.195,10,2429875000,202610,False,2.805000000000007,2.805000000000007
2026-07-08,A696B000,3개월무위험금리 F 202611,0.0,0.0,0.0,0.0,0.0,96.97,0,0,202611,False,,3.030000000000001
2026-07-08,A696C000,3개월무위험금리 F 202612,0.0,0.0,0.0,0.0,0.0,96.835,0,0,202612,False,,3.1650000000000063
2026-07-08,A6973000,3개월무위험금리 F 202703,0.0,0.0,0.0,0.0,0.0,96.485,0,0,202703,False,,3.5150000000000006
2026-07-08,A6976000,3개월무위험금리 F 202706,0.0,0.0,0.0,0.0,0.0,96.205,0,0,202706,False,,3.7950000000000017
2026-07-08,D696768S,3개월무위험금리 SP 2607-2608,0.0,0.0,0.0,0.0,0.0,0.0,0,0,,True,,100.0
2026-07-08,D696769S,3개월무위험금리 SP 2607-2609,0.0,0.0,0.0,0.0,0.0,0.0,0,0,,True,,100.0
2026-07-08,D69676AS,3개월무위험금리 SP 2607-2610,0.0,0.0,0.0,0.0,0.0,0.0,0,0,,True,,100.0
2026-07-09,A6967000,3개월무위험금리 F 202607,0.0,0.0,0.0,0.0,0.0,97.445,0,0,202607,False,,2.555000000000007
2026-07-09,A6968000,3개월무위험금리 F 202608,0.0,0.0,0.0,0.0,0.0,97.34,0,0,202608,False,,2.6599999999999966
2026-07-09,A6969000,3개월무위험금리 F 202609,0.0,0.0,0.0,0.0,0.0,97.255,0,0,202609,False,,2.7450000000000045
2026-07-09,A696A000,3개월무위험금리 F 202610,0.0,0.0,0.0,0.0,0.0,97.18,0,0,202610,False,,2.819999999999993
2026-07-09,A696B000,3개월무위험금리 F 202611,0.0,0.0,0.0,0.0,0.0,96.975,0,0,202611,False,,3.0250000000000057
2026-07-09,A696C000,3개월무위험금리 F 202612,0.0,0.0,0.0,0.0,0.0,96.845,0,0,202612,False,,3.155000000000001
2026-07-09,A6973000,3개월무위험금리 F 202703,0.0,0.0,0.0,0.0,0.0,96.51,0,0,202703,False,,3.489999999999995
2026-07-09,A6976000,3개월무위험금리 F 202706,0.0,0.0,0.0,0.0,0.0,96.24,0,0,202706,False,,3.760000000000005
2026-07-09,D696768S,3개월무위험금리 SP 2607-2608,0.0,0.0,0.0,0.0,0.0,0.0,0,0,,True,,100.0
2026-07-09,D696769S,3개월무위험금리 SP 2607-2609,0.0,0.0,0.0,0.0,0.0,0.0,0,0,,True,,100.0
2026-07-09,D69676AS,3개월무위험금리 SP 2607-2610,0.0,0.0,0.0,0.0,0.0,0.0,0,0,,True,,100.0
2026-07-10,A6967000,3개월무위험금리 F 202607,0.0,0.0,0.0,0.0,0.0,97.45,0,0,202607,False,,2.549999999999997
2026-07-10,A6968000,3개월무위험금리 F 202608,0.0,0.0,0.0,0.0,0.0,97.34,0,0,202608,False,,2.6599999999999966
2026-07-10,A6969000,3개월무위험금리 F 202609,0.0,0.0,0.0,0.0,0.0,97.26,0,0,202609,False,,2.739999999999995
2026-07-10,A696A000,3개월무위험금리 F 202610,0.0,0.0,0.0,0.0,0.0,97.18,0,0,202610,False,,2.819999999999993
2026-07-10,A696B000,3개월무위험금리 F 202611,0.0,0.0,0.0,0.0,0.0,97.005,0,0,202611,False,,2.9950000000000045
2026-07-10,A696C000,3개월무위험금리 F 202612,0.0,0.0,0.0,0.0,0.0,96.9,0,0,202612,False,,3.0999999999999943
2026-07-10,A6973000,3개월무위험금리 F 202703,0.0,0.0,0.0,0.0,0.0,96.58,0,0,202703,False,,3.4200000000000017
2026-07-10,A6976000,3개월무위험금리 F 202706,0.0,0.0,0.0,0.0,0.0,96.285,0,0,202706,False,,3.7150000000000034
2026-07-10,D696768S,3개월무위험금리 SP 2607-2608,0.0,0.0,0.0,0.0,0.0,0.0,0,0,,True,,100.0
2026-07-10,D696769S,3개월무위험금리 SP 2607-2609,0.0,0.0,0.0,0.0,0.0,0.0,0,0,,True,,100.0
2026-07-10,D69676AS,3개월무위험금리 SP 2607-2610,0.0,0.0,0.0,0.0,0.0,0.0,0,0,,True,,100.0
2026-07-13,A6967000,3개월무위험금리 F 202607,0.0,0.0,0.0,0.0,0.0,97.455,0,0,202607,False,,2.5450000000000017
2026-07-13,A6968000,3개월무위험금리 F 202608,0.0,0.0,0.0,0.0,0.0,97.345,0,0,202608,False,,2.655000000000001
2026-07-13,A6969000,3개월무위험금리 F 202609,0.0,0.0,0.0,0.0,0.0,97.26,0,0,202609,False,,2.739999999999995
2026-07-13,A696A000,3개월무위험금리 F 202610,97.18,0.0,97.18,97.18,97.18,97.18,20,4859000000,202610,False,2.819999999999993,2.819999999999993
2026-07-13,A696B000,3개월무위험금리 F 202611,0.0,0.0,0.0,0.0,0.0,97.01,0,0,202611,False,,2.989999999999995
2026-07-13,A696C000,3개월무위험금리 F 202612,0.0,0.0,0.0,0.0,0.0,96.89,0,0,202612,False,,3.1099999999999994
2026-07-13,A6973000,3개월무위험금리 F 202703,0.0,0.0,0.0,0.0,0.0,96.56,0,0,202703,False,,3.4399999999999977
2026-07-13,A6976000,3개월무위험금리 F 202706,0.0,0.0,0.0,0.0,0.0,96.28,0,0,202706,False,,3.719999999999999
2026-07-13,D696768S,3개월무위험금리 SP 2607-2608,0.0,0.0,0.0,0.0,0.0,0.0,0,0,,True,,100.0
2026-07-13,D696769S,3개월무위험금리 SP 2607-2609,0.0,0.0,0.0,0.0,0.0,0.0,0,0,,True,,100.0
2026-07-13,D69676AS,3개월무위험금리 SP 2607-2610,0.0,0.0,0.0,0.0,0.0,0.0,0,0,,True,,100.0
2026-07-14,A6967000,3개월무위험금리 F 202607,0.0,0.0,0.0,0.0,0.0,97.46,0,0,202607,False,,2.5400000000000063
2026-07-14,A6968000,3개월무위험금리 F 202608,0.0,0.0,0.0,0.0,0.0,97.35,0,0,202608,False,,2.6500000000000057
2026-07-14,A6969000,3개월무위험금리 F 202609,0.0,0.0,0.0,0.0,0.0,97.27,0,0,202609,False,,2.730000000000004
2026-07-14,A696A000,3개월무위험금리 F 202610,0.0,0.0,0.0,0.0,0.0,97.16,0,0,202610,False,,2.8400000000000034
2026-07-14,A696B000,3개월무위험금리 F 202611,0.0,0.0,0.0,0.0,0.0,96.99,0,0,202611,False,,3.010000000000005
2026-07-14,A696C000,3개월무위험금리 F 202612,0.0,0.0,0.0,0.0,0.0,96.85,0,0,202612,False,,3.1500000000000057
2026-07-14,A6973000,3개월무위험금리 F 202703,0.0,0.0,0.0,0.0,0.0,96.51,0,0,202703,False,,3.489999999999995
2026-07-14,A6976000,3개월무위험금리 F 202706,0.0,0.0,0.0,0.0,0.0,96.245,0,0,202706,False,,3.7549999999999955
2026-07-14,D696768S,3개월무위험금리 SP 2607-2608,0.0,0.0,0.0,0.0,0.0,0.0,0,0,,True,,100.0
2026-07-14,D696769S,3개월무위험금리 SP 2607-2609,0.0,0.0,0.0,0.0,0.0,0.0,0,0,,True,,100.0
2026-07-14,D69676AS,3개월무위험금리 SP 2607-2610,0.0,0.0,0.0,0.0,0.0,0.0,0,0,,True,,100.0
2026-07-15,A6968000,3개월무위험금리 F 202608,0.0,0.0,0.0,0.0,0.0,97.355,0,0,202608,False,,2.644999999999996
2026-07-15,A6969000,3개월무위험금리 F 202609,0.0,0.0,0.0,0.0,0.0,97.27,0,0,202609,False,,2.730000000000004
2026-07-15,A696A000,3개월무위험금리 F 202610,0.0,0.0,0.0,0.0,0.0,97.18,0,0,202610,False,,2.819999999999993
2026-07-15,A696B000,3개월무위험금리 F 202611,0.0,0.0,0.0,0.0,0.0,97.02,0,0,202611,False,,2.980000000000004
2026-07-15,A696C000,3개월무위험금리 F 202612,0.0,0.0,0.0,0.0,0.0,96.89,0,0,202612,False,,3.1099999999999994
2026-07-15,A6971000,3개월무위험금리 F 202701,0.0,0.0,0.0,0.0,0.0,96.74,0,0,202701,False,,3.260000000000005
2026-07-15,A6973000,3개월무위험금리 F 202703,0.0,0.0,0.0,0.0,0.0,96.525,0,0,202703,False,,3.4749999999999943
2026-07-15,A6976000,3개월무위험금리 F 202706,0.0,0.0,0.0,0.0,0.0,96.23,0,0,202706,False,,3.769999999999996
2026-07-15,D696869S,3개월무위험금리 SP 2608-2609,0.0,0.0,0.0,0.0,0.0,0.0,0,0,,True,,100.0
2026-07-15,D69686AS,3개월무위험금리 SP 2608-2610,0.0,0.0,0.0,0.0,0.0,0.0,0,0,,True,,100.0
2026-07-15,D69686BS,3개월무위험금리 SP 2608-2611,0.0,0.0,0.0,0.0,0.0,0.0,0,0,,True,,100.0
2026-07-16,A6968000,3개월무위험금리 F 202608,0.0,0.0,0.0,0.0,0.0,97.35,0,0,202608,False,,2.6500000000000057
2026-07-16,A6969000,3개월무위험금리 F 202609,0.0,0.0,0.0,0.0,0.0,97.26,0,0,202609,False,,2.739999999999995
2026-07-16,A696A000,3개월무위험금리 F 202610,0.0,0.0,0.0,0.0,0.0,97.17,0,0,202610,False,,2.8299999999999983
2026-07-16,A696B000,3개월무위험금리 F 202611,0.0,0.0,0.0,0.0,0.0,97.075,0,0,202611,False,,2.924999999999997
2026-07-16,A696C000,3개월무위험금리 F 202612,0.0,0.0,0.0,0.0,0.0,96.955,0,0,202612,False,,3.0450000000000017
2026-07-16,A6971000,3개월무위험금리 F 202701,0.0,0.0,0.0,0.0,0.0,96.78,0,0,202701,False,,3.219999999999999
2026-07-16,A6973000,3개월무위험금리 F 202703,0.0,0.0,0.0,0.0,0.0,96.53,0,0,202703,False,,3.469999999999999
2026-07-16,A6976000,3개월무위험금리 F 202706,0.0,0.0,0.0,0.0,0.0,96.215,0,0,202706,False,,3.7849999999999966
2026-07-16,D696869S,3개월무위험금리 SP 2608-2609,0.0,0.0,0.0,0.0,0.0,0.0,0,0,,True,,100.0
2026-07-16,D69686AS,3개월무위험금리 SP 2608-2610,0.0,0.0,0.0,0.0,0.0,0.0,0,0,,True,,100.0
2026-07-16,D69686BS,3개월무위험금리 SP 2608-2611,0.0,0.0,0.0,0.0,0.0,0.0,0,0,,True,,100.0
2026-07-20,A6968000,3개월무위험금리 F 202608,97.37,0.02,97.385,97.385,97.36,97.37,110,26777750000,202608,False,2.6299999999999955,2.6299999999999955
2026-07-20,A6969000,3개월무위험금리 F 202609,0.0,0.0,0.0,0.0,0.0,97.25,0,0,202609,False,,2.75
2026-07-20,A696A000,3개월무위험금리 F 202610,0.0,0.0,0.0,0.0,0.0,97.15,0,0,202610,False,,2.8499999999999943
2026-07-20,A696B000,3개월무위험금리 F 202611,0.0,0.0,0.0,0.0,0.0,97.07,0,0,202611,False,,2.930000000000007
2026-07-20,A696C000,3개월무위험금리 F 202612,0.0,0.0,0.0,0.0,0.0,96.96,0,0,202612,False,,3.0400000000000063
2026-07-20,A6971000,3개월무위험금리 F 202701,0.0,0.0,0.0,0.0,0.0,96.8,0,0,202701,False,,3.200000000000003
2026-07-20,A6973000,3개월무위험금리 F 202703,0.0,0.0,0.0,0.0,0.0,96.55,0,0,202703,False,,3.450000000000003
2026-07-20,A6976000,3개월무위험금리 F 202706,0.0,0.0,0.0,0.0,0.0,96.22,0,0,202706,False,,3.780000000000001
2026-07-20,D696869S,3개월무위험금리 SP 2608-2609,0.0,0.0,0.0,0.0,0.0,0.0,0,0,,True,,100.0
2026-07-20,D69686AS,3개월무위험금리 SP 2608-2610,0.0,0.0,0.0,0.0,0.0,0.0,0,0,,True,,100.0
2026-07-20,D69686BS,3개월무위험금리 SP 2608-2611,0.0,0.0,0.0,0.0,0.0,0.0,0,0,,True,,100.0
2026-07-21,A6968000,3개월무위험금리 F 202608,0.0,0.0,0.0,0.0,0.0,97.36,0,0,202608,False,,2.6400000000000006
2026-07-21,A6969000,3개월무위험금리 F 202609,0.0,0.0,0.0,0.0,0.0,97.245,0,0,202609,False,,2.7549999999999955
2026-07-21,A696A000,3개월무위험금리 F 202610,0.0,0.0,0.0,0.0,0.0,97.145,0,0,202610,False,,2.855000000000004
2026-07-21,A696B000,3개월무위험금리 F 202611,0.0,0.0,0.0,0.0,0.0,97.055,0,0,202611,False,,2.944999999999993
2026-07-21,A696C000,3개월무위험금리 F 202612,0.0,0.0,0.0,0.0,0.0,96.95,0,0,202612,False,,3.049999999999997
2026-07-21,A6971000,3개월무위험금리 F 202701,0.0,0.0,0.0,0.0,0.0,96.795,0,0,202701,False,,3.2049999999999983
2026-07-21,A6973000,3개월무위험금리 F 202703,0.0,0.0,0.0,0.0,0.0,96.55,0,0,202703,False,,3.450000000000003
2026-07-21,A6976000,3개월무위험금리 F 202706,0.0,0.0,0.0,0.0,0.0,96.225,0,0,202706,False,,3.7750000000000057
2026-07-21,D696869S,3개월무위험금리 SP 2608-2609,0.0,0.0,0.0,0.0,0.0,0.0,0,0,,True,,100.0
2026-07-21,D69686AS,3개월무위험금리 SP 2608-2610,0.0,0.0,0.0,0.0,0.0,0.0,0,0,,True,,100.0
2026-07-21,D69686BS,3개월무위험금리 SP 2608-2611,0.0,0.0,0.0,0.0,0.0,0.0,0,0,,True,,100.0
2026-07-22,A6968000,3개월무위험금리 F 202608,0.0,0.0,0.0,0.0,0.0,97.36,0,0,202608,False,,2.6400000000000006
2026-07-22,A6969000,3개월무위험금리 F 202609,0.0,0.0,0.0,0.0,0.0,97.25,0,0,202609,False,,2.75
2026-07-22,A696A000,3개월무위험금리 F 202610,0.0,0.0,0.0,0.0,0.0,97.15,0,0,202610,False,,2.8499999999999943
2026-07-22,A696B000,3개월무위험금리 F 202611,0.0,0.0,0.0,0.0,0.0,97.05,0,0,202611,False,,2.950000000000003
2026-07-22,A696C000,3개월무위험금리 F 202612,0.0,0.0,0.0,0.0,0.0,96.91,0,0,202612,False,,3.0900000000000034
2026-07-22,A6971000,3개월무위험금리 F 202701,0.0,0.0,0.0,0.0,0.0,96.725,0,0,202701,False,,3.2750000000000057
2026-07-22,A6973000,3개월무위험금리 F 202703,0.0,0.0,0.0,0.0,0.0,96.485,0,0,202703,False,,3.5150000000000006
2026-07-22,A6976000,3개월무위험금리 F 202706,0.0,0.0,0.0,0.0,0.0,96.195,0,0,202706,False,,3.805000000000007
2026-07-22,D696869S,3개월무위험금리 SP 2608-2609,0.0,0.0,0.0,0.0,0.0,0.0,0,0,,True,,100.0
2026-07-22,D69686AS,3개월무위험금리 SP 2608-2610,0.0,0.0,0.0,0.0,0.0,0.0,0,0,,True,,100.0
2026-07-22,D69686BS,3개월무위험금리 SP 2608-2611,0.0,0.0,0.0,0.0,0.0,0.0,0,0,,True,,100.0
2026-07-23,A6968000,3개월무위험금리 F 202608,97.395,0.035,97.395,97.395,97.395,97.395,30,7304625000,202608,False,2.605000000000004,2.605000000000004
2026-07-23,A6969000,3개월무위험금리 F 202609,0.0,0.0,0.0,0.0,0.0,97.245,0,0,202609,False,,2.7549999999999955
2026-07-23,A696A000,3개월무위험금리 F 202610,0.0,0.0,0.0,0.0,0.0,97.145,0,0,202610,False,,2.855000000000004
2026-07-23,A696B000,3개월무위험금리 F 202611,97.1,0.065,97.07,97.1,97.07,97.1,20,4854250000,202611,False,2.9000000000000057,2.9000000000000057
2026-07-23,A696C000,3개월무위험금리 F 202612,0.0,0.0,0.0,0.0,0.0,96.92,0,0,202612,False,,3.0799999999999983
2026-07-23,A6971000,3개월무위험금리 F 202701,0.0,0.0,0.0,0.0,0.0,96.735,0,0,202701,False,,3.2650000000000006
2026-07-23,A6973000,3개월무위험금리 F 202703,0.0,0.0,0.0,0.0,0.0,96.49,0,0,202703,False,,3.510000000000005
2026-07-23,A6976000,3개월무위험금리 F 202706,0.0,0.0,0.0,0.0,0.0,96.195,0,0,202706,False,,3.805000000000007
2026-07-23,D696869S,3개월무위험금리 SP 2608-2609,0.0,0.0,0.0,0.0,0.0,0.0,0,0,,True,,100.0
2026-07-23,D69686AS,3개월무위험금리 SP 2608-2610,0.0,0.0,0.0,0.0,0.0,0.0,0,0,,True,,100.0
2026-07-23,D69686BS,3개월무위험금리 SP 2608-2611,0.0,0.0,0.0,0.0,0.0,0.0,0,0,,True,,100.0
2026-07-24,A6968000,3개월무위험금리 F 202608,0.0,0.0,0.0,0.0,0.0,97.38,0,0,202608,False,,2.6200000000000045
2026-07-24,A6969000,3개월무위험금리 F 202609,0.0,0.0,0.0,0.0,0.0,97.245,0,0,202609,False,,2.7549999999999955
2026-07-24,A696A000,3개월무위험금리 F 202610,0.0,0.0,0.0,0.0,0.0,97.14,0,0,202610,False,,2.8599999999999994
2026-07-24,A696B000,3개월무위험금리 F 202611,0.0,0.0,0.0,0.0,0.0,97.095,0,0,202611,False,,2.905000000000001
2026-07-24,A696C000,3개월무위험금리 F 202612,0.0,0.0,0.0,0.0,0.0,96.86,0,0,202612,False,,3.1400000000000006
2026-07-24,A6971000,3개월무위험금리 F 202701,0.0,0.0,0.0,0.0,0.0,96.62,0,0,202701,False,,3.3799999999999955
2026-07-24,A6973000,3개월무위험금리 F 202703,0.0,0.0,0.0,0.0,0.0,96.405,0,0,202703,False,,3.594999999999999
2026-07-24,A6976000,3개월무위험금리 F 202706,0.0,0.0,0.0,0.0,0.0,96.155,0,0,202706,False,,3.844999999999999
2026-07-24,D696869S,3개월무위험금리 SP 2608-2609,0.0,0.0,0.0,0.0,0.0,0.0,0,0,,True,,100.0
2026-07-24,D69686AS,3개월무위험금리 SP 2608-2610,0.0,0.0,0.0,0.0,0.0,0.0,0,0,,True,,100.0
2026-07-24,D69686BS,3개월무위험금리 SP 2608-2611,0.0,0.0,0.0,0.0,0.0,0.0,0,0,,True,,100.0
2026-07-27,A6968000,3개월무위험금리 F 202608,0.0,0.0,0.0,0.0,0.0,97.385,0,0,202608,False,,2.614999999999995
2026-07-27,A6969000,3개월무위험금리 F 202609,0.0,0.0,0.0,0.0,0.0,97.245,0,0,202609,False,,2.7549999999999955
2026-07-27,A696A000,3개월무위험금리 F 202610,0.0,0.0,0.0,0.0,0.0,97.14,0,0,202610,False,,2.8599999999999994
2026-07-27,A696B000,3개월무위험금리 F 202611,97.13,0.035,97.13,97.13,97.13,97.13,20,4856500000,202611,False,2.8700000000000045,2.8700000000000045
2026-07-27,A696C000,3개월무위험금리 F 202612,0.0,0.0,0.0,0.0,0.0,96.92,0,0,202612,False,,3.0799999999999983
2026-07-27,A6971000,3개월무위험금리 F 202701,0.0,0.0,0.0,0.0,0.0,96.73,0,0,202701,False,,3.269999999999996
2026-07-27,A6973000,3개월무위험금리 F 202703,0.0,0.0,0.0,0.0,0.0,96.505,0,0,202703,False,,3.4950000000000045
2026-07-27,A6976000,3개월무위험금리 F 202706,0.0,0.0,0.0,0.0,0.0,96.215,0,0,202706,False,,3.7849999999999966
2026-07-27,D696869S,3개월무위험금리 SP 2608-2609,0.0,0.0,0.0,0.0,0.0,0.0,0,0,,True,,100.0
2026-07-27,D69686AS,3개월무위험금리 SP 2608-2610,0.0,0.0,0.0,0.0,0.0,0.0,0,0,,True,,100.0
2026-07-27,D69686BS,3개월무위험금리 SP 2608-2611,0.0,0.0,0.0,0.0,0.0,0.0,0,0,,True,,100.0
