indicator,release_date,target_date,published_value,revised_value,change
ADP_monthly_change_thousands,2022-10-05,2022-08-01,132.0,185.0,53.0
ADP_monthly_change_thousands,2022-11-02,2022-08-01,185.0,132.0,-53.0
ADP_monthly_change_thousands,2022-11-02,2022-09-01,208.0,192.0,-16.0
ADP_monthly_change_thousands,2023-01-05,2022-11-01,127.0,182.0,55.0
ADP_monthly_change_thousands,2023-02-01,2020-01-01,1662.0,-167.0,-1829.0
ADP_monthly_change_thousands,2023-02-01,2020-02-01,153.0,-122.0,-275.0
ADP_monthly_change_thousands,2023-02-01,2020-03-01,-436.0,-74.0,362.0
ADP_monthly_change_thousands,2023-02-01,2020-04-01,-6657.0,-6845.0,-188.0
ADP_monthly_change_thousands,2023-02-01,2020-05-01,-196.0,-716.0,-520.0
ADP_monthly_change_thousands,2023-02-01,2020-06-01,-39.0,2.0,41.0
ADP_monthly_change_thousands,2023-02-01,2020-07-01,-283.0,-250.0,33.0
ADP_monthly_change_thousands,2023-02-01,2020-08-01,229.0,-75.0,-304.0
ADP_monthly_change_thousands,2023-02-01,2020-09-01,142.0,299.0,157.0
ADP_monthly_change_thousands,2023-02-01,2020-10-01,234.0,357.0,123.0
ADP_monthly_change_thousands,2023-02-01,2020-11-01,129.0,180.0,51.0
ADP_monthly_change_thousands,2023-02-01,2020-12-01,-58.0,227.0,285.0
ADP_monthly_change_thousands,2023-02-01,2021-01-01,-109.0,-69.0,40.0
ADP_monthly_change_thousands,2023-02-01,2021-02-01,341.0,114.0,-227.0
ADP_monthly_change_thousands,2023-02-01,2021-03-01,297.0,229.0,-68.0
ADP_monthly_change_thousands,2023-02-01,2021-04-01,218.0,301.0,83.0
ADP_monthly_change_thousands,2023-02-01,2021-05-01,488.0,320.0,-168.0
ADP_monthly_change_thousands,2023-02-01,2021-06-01,292.0,656.0,364.0
ADP_monthly_change_thousands,2023-02-01,2021-07-01,618.0,938.0,320.0
ADP_monthly_change_thousands,2023-02-01,2021-08-01,633.0,607.0,-26.0
ADP_monthly_change_thousands,2023-02-01,2021-09-01,336.0,912.0,576.0
ADP_monthly_change_thousands,2023-02-01,2021-10-01,306.0,694.0,388.0
ADP_monthly_change_thousands,2023-02-01,2021-11-01,500.0,690.0,190.0
ADP_monthly_change_thousands,2023-02-01,2021-12-01,366.0,827.0,461.0
ADP_monthly_change_thousands,2023-02-01,2022-01-01,372.0,353.0,-19.0
ADP_monthly_change_thousands,2023-02-01,2022-02-01,375.0,551.0,176.0
ADP_monthly_change_thousands,2023-02-01,2022-03-01,425.0,287.0,-138.0
ADP_monthly_change_thousands,2023-02-01,2022-04-01,457.0,198.0,-259.0
ADP_monthly_change_thousands,2023-02-01,2022-05-01,358.0,188.0,-170.0
ADP_monthly_change_thousands,2023-02-01,2022-06-01,380.0,465.0,85.0
ADP_monthly_change_thousands,2023-02-01,2022-07-01,268.0,458.0,190.0
ADP_monthly_change_thousands,2023-02-01,2022-08-01,132.0,266.0,134.0
ADP_monthly_change_thousands,2023-02-01,2022-09-01,192.0,262.0,70.0
ADP_monthly_change_thousands,2023-02-01,2022-10-01,239.0,183.0,-56.0
ADP_monthly_change_thousands,2023-02-01,2022-11-01,182.0,212.0,30.0
ADP_monthly_change_thousands,2023-02-01,2022-12-01,235.0,253.0,18.0
ADP_monthly_change_thousands,2023-03-08,2023-01-01,106.0,119.0,13.0
ADP_monthly_change_thousands,2023-04-05,2023-02-01,242.0,261.0,19.0
ADP_monthly_change_thousands,2023-05-03,2023-03-01,145.0,142.0,-3.0
ADP_monthly_change_thousands,2023-06-01,2023-04-01,296.0,291.0,-5.0
ADP_monthly_change_thousands,2023-07-06,2023-05-01,278.0,267.0,-11.0
ADP_monthly_change_thousands,2023-08-02,2023-06-01,497.0,455.0,-42.0
ADP_monthly_change_thousands,2023-08-30,2023-07-01,324.0,312.0,-12.0
ADP_monthly_change_thousands,2023-10-04,2023-08-01,177.0,180.0,3.0
ADP_monthly_change_thousands,2023-12-06,2023-10-01,113.0,106.0,-7.0
ADP_monthly_change_thousands,2024-01-04,2023-11-01,103.0,101.0,-2.0
ADP_monthly_change_thousands,2024-01-31,2020-01-01,-167.0,-84.0,83.0
ADP_monthly_change_thousands,2024-01-31,2020-02-01,-122.0,-56.0,66.0
ADP_monthly_change_thousands,2024-01-31,2020-03-01,-74.0,-54.0,20.0
ADP_monthly_change_thousands,2024-01-31,2020-04-01,-6845.0,-6759.0,86.0
ADP_monthly_change_thousands,2024-01-31,2020-05-01,-716.0,-619.0,97.0
ADP_monthly_change_thousands,2024-01-31,2020-06-01,2.0,102.0,100.0
ADP_monthly_change_thousands,2024-01-31,2020-07-01,-250.0,-131.0,119.0
ADP_monthly_change_thousands,2024-01-31,2020-08-01,-75.0,25.0,100.0
ADP_monthly_change_thousands,2024-01-31,2020-09-01,299.0,395.0,96.0
ADP_monthly_change_thousands,2024-01-31,2020-10-01,357.0,487.0,130.0
ADP_monthly_change_thousands,2024-01-31,2020-11-01,180.0,281.0,101.0
ADP_monthly_change_thousands,2024-01-31,2020-12-01,227.0,377.0,150.0
ADP_monthly_change_thousands,2024-01-31,2021-01-01,-69.0,9.0,78.0
ADP_monthly_change_thousands,2024-01-31,2021-02-01,114.0,213.0,99.0
ADP_monthly_change_thousands,2024-01-31,2021-03-01,229.0,174.0,-55.0
ADP_monthly_change_thousands,2024-01-31,2021-04-01,301.0,255.0,-46.0
ADP_monthly_change_thousands,2024-01-31,2021-05-01,320.0,285.0,-35.0
ADP_monthly_change_thousands,2024-01-31,2021-06-01,656.0,453.0,-203.0
ADP_monthly_change_thousands,2024-01-31,2021-07-01,938.0,1081.0,143.0
ADP_monthly_change_thousands,2024-01-31,2021-08-01,607.0,575.0,-32.0
ADP_monthly_change_thousands,2024-01-31,2021-09-01,912.0,877.0,-35.0
ADP_monthly_change_thousands,2024-01-31,2021-10-01,694.0,667.0,-27.0
ADP_monthly_change_thousands,2024-01-31,2021-11-01,690.0,662.0,-28.0
ADP_monthly_change_thousands,2024-01-31,2021-12-01,827.0,790.0,-37.0
ADP_monthly_change_thousands,2024-01-31,2022-01-01,353.0,328.0,-25.0
ADP_monthly_change_thousands,2024-01-31,2022-02-01,551.0,449.0,-102.0
ADP_monthly_change_thousands,2024-01-31,2022-03-01,287.0,380.0,93.0
ADP_monthly_change_thousands,2024-01-31,2022-04-01,198.0,284.0,86.0
ADP_monthly_change_thousands,2024-01-31,2022-05-01,188.0,204.0,16.0
ADP_monthly_change_thousands,2024-01-31,2022-06-01,465.0,485.0,20.0
ADP_monthly_change_thousands,2024-01-31,2022-07-01,458.0,478.0,20.0
ADP_monthly_change_thousands,2024-01-31,2022-08-01,266.0,282.0,16.0
ADP_monthly_change_thousands,2024-01-31,2022-09-01,262.0,277.0,15.0
ADP_monthly_change_thousands,2024-01-31,2022-10-01,183.0,200.0,17.0
ADP_monthly_change_thousands,2024-01-31,2022-11-01,212.0,195.0,-17.0
ADP_monthly_change_thousands,2024-01-31,2022-12-01,253.0,306.0,53.0
ADP_monthly_change_thousands,2024-01-31,2023-01-01,119.0,131.0,12.0
ADP_monthly_change_thousands,2024-01-31,2023-02-01,261.0,275.0,14.0
ADP_monthly_change_thousands,2024-01-31,2023-03-01,142.0,103.0,-39.0
ADP_monthly_change_thousands,2024-01-31,2023-04-01,291.0,293.0,2.0
ADP_monthly_change_thousands,2024-01-31,2023-05-01,267.0,206.0,-61.0
ADP_monthly_change_thousands,2024-01-31,2023-06-01,455.0,543.0,88.0
ADP_monthly_change_thousands,2024-01-31,2023-07-01,312.0,307.0,-5.0
ADP_monthly_change_thousands,2024-01-31,2023-08-01,180.0,135.0,-45.0
ADP_monthly_change_thousands,2024-01-31,2023-09-01,89.0,137.0,48.0
ADP_monthly_change_thousands,2024-01-31,2023-10-01,106.0,111.0,5.0
ADP_monthly_change_thousands,2024-01-31,2023-11-01,101.0,104.0,3.0
ADP_monthly_change_thousands,2024-01-31,2023-12-01,164.0,158.0,-6.0
ADP_monthly_change_thousands,2024-03-06,2024-01-01,107.0,111.0,4.0
ADP_monthly_change_thousands,2024-04-03,2024-02-01,140.0,155.0,15.0
ADP_monthly_change_thousands,2024-05-01,2024-02-01,155.0,176.0,21.0
ADP_monthly_change_thousands,2024-05-01,2024-03-01,184.0,208.0,24.0
ADP_monthly_change_thousands,2024-06-05,2024-02-01,176.0,175.0,-1.0
ADP_monthly_change_thousands,2024-06-05,2024-03-01,208.0,211.0,3.0
ADP_monthly_change_thousands,2024-06-05,2024-04-01,192.0,188.0,-4.0
ADP_monthly_change_thousands,2024-07-03,2024-05-01,152.0,157.0,5.0
ADP_monthly_change_thousands,2024-07-31,2024-06-01,150.0,155.0,5.0
ADP_monthly_change_thousands,2024-09-05,2024-07-01,122.0,111.0,-11.0
ADP_monthly_change_thousands,2024-10-02,2024-08-01,99.0,103.0,4.0
ADP_monthly_change_thousands,2024-10-30,2024-09-01,143.0,159.0,16.0
ADP_monthly_change_thousands,2024-12-04,2024-10-01,233.0,184.0,-49.0
ADP_monthly_change_thousands,2025-02-05,2020-01-01,-84.0,-284.0,-200.0
ADP_monthly_change_thousands,2025-02-05,2020-02-01,-56.0,107.0,163.0
ADP_monthly_change_thousands,2025-02-05,2020-03-01,-54.0,-102.0,-48.0
ADP_monthly_change_thousands,2025-02-05,2020-04-01,-6759.0,-6094.0,665.0
ADP_monthly_change_thousands,2025-02-05,2020-05-01,-619.0,-3227.0,-2608.0
ADP_monthly_change_thousands,2025-02-05,2020-06-01,102.0,-108.0,-210.0
ADP_monthly_change_thousands,2025-02-05,2020-07-01,-131.0,-18.0,113.0
ADP_monthly_change_thousands,2025-02-05,2020-08-01,25.0,110.0,85.0
ADP_monthly_change_thousands,2025-02-05,2020-09-01,395.0,926.0,531.0
ADP_monthly_change_thousands,2025-02-05,2020-10-01,487.0,640.0,153.0
ADP_monthly_change_thousands,2025-02-05,2020-11-01,281.0,568.0,287.0
ADP_monthly_change_thousands,2025-02-05,2020-12-01,377.0,713.0,336.0
ADP_monthly_change_thousands,2025-02-05,2021-01-01,9.0,450.0,441.0
ADP_monthly_change_thousands,2025-02-05,2021-02-01,213.0,191.0,-22.0
ADP_monthly_change_thousands,2025-02-05,2021-03-01,174.0,403.0,229.0
ADP_monthly_change_thousands,2025-02-05,2021-04-01,255.0,54.0,-201.0
ADP_monthly_change_thousands,2025-02-05,2021-05-01,285.0,124.0,-161.0
ADP_monthly_change_thousands,2025-02-05,2021-06-01,453.0,352.0,-101.0
ADP_monthly_change_thousands,2025-02-05,2021-07-01,1081.0,1014.0,-67.0
ADP_monthly_change_thousands,2025-02-05,2021-08-01,575.0,1247.0,672.0
ADP_monthly_change_thousands,2025-02-05,2021-09-01,877.0,895.0,18.0
ADP_monthly_change_thousands,2025-02-05,2021-10-01,667.0,795.0,128.0
ADP_monthly_change_thousands,2025-02-05,2021-11-01,662.0,598.0,-64.0
ADP_monthly_change_thousands,2025-02-05,2021-12-01,790.0,698.0,-92.0
ADP_monthly_change_thousands,2025-02-05,2022-01-01,328.0,217.0,-111.0
ADP_monthly_change_thousands,2025-02-05,2022-02-01,449.0,531.0,82.0
ADP_monthly_change_thousands,2025-02-05,2022-03-01,380.0,277.0,-103.0
ADP_monthly_change_thousands,2025-02-05,2022-04-01,284.0,324.0,40.0
ADP_monthly_change_thousands,2025-02-05,2022-05-01,204.0,245.0,41.0
ADP_monthly_change_thousands,2025-02-05,2022-06-01,485.0,495.0,10.0
ADP_monthly_change_thousands,2025-02-05,2022-07-01,478.0,505.0,27.0
ADP_monthly_change_thousands,2025-02-05,2022-08-01,282.0,323.0,41.0
ADP_monthly_change_thousands,2025-02-05,2022-09-01,277.0,444.0,167.0
ADP_monthly_change_thousands,2025-02-05,2022-10-01,200.0,218.0,18.0
ADP_monthly_change_thousands,2025-02-05,2022-11-01,195.0,221.0,26.0
ADP_monthly_change_thousands,2025-02-05,2022-12-01,306.0,122.0,-184.0
ADP_monthly_change_thousands,2025-02-05,2023-01-01,131.0,247.0,116.0
ADP_monthly_change_thousands,2025-02-05,2023-02-01,275.0,157.0,-118.0
ADP_monthly_change_thousands,2025-02-05,2023-03-01,103.0,-53.0,-156.0
ADP_monthly_change_thousands,2025-02-05,2023-04-01,293.0,132.0,-161.0
ADP_monthly_change_thousands,2025-02-05,2023-05-01,206.0,52.0,-154.0
ADP_monthly_change_thousands,2025-02-05,2023-06-01,543.0,146.0,-397.0
ADP_monthly_change_thousands,2025-02-05,2023-07-01,307.0,138.0,-169.0
ADP_monthly_change_thousands,2025-02-05,2023-08-01,135.0,119.0,-16.0
ADP_monthly_change_thousands,2025-02-05,2023-09-01,137.0,95.0,-42.0
ADP_monthly_change_thousands,2025-02-05,2023-10-01,111.0,130.0,19.0
ADP_monthly_change_thousands,2025-02-05,2023-11-01,104.0,100.0,-4.0
ADP_monthly_change_thousands,2025-02-05,2023-12-01,158.0,95.0,-63.0
ADP_monthly_change_thousands,2025-02-05,2024-01-01,111.0,129.0,18.0
ADP_monthly_change_thousands,2025-02-05,2024-02-01,175.0,91.0,-84.0
ADP_monthly_change_thousands,2025-02-05,2024-03-01,211.0,82.0,-129.0
ADP_monthly_change_thousands,2025-02-05,2024-04-01,188.0,113.0,-75.0
ADP_monthly_change_thousands,2025-02-05,2024-05-01,157.0,164.0,7.0
ADP_monthly_change_thousands,2025-02-05,2024-06-01,155.0,136.0,-19.0
ADP_monthly_change_thousands,2025-02-05,2024-07-01,111.0,42.0,-69.0
ADP_monthly_change_thousands,2025-02-05,2024-08-01,103.0,180.0,77.0
ADP_monthly_change_thousands,2025-02-05,2024-09-01,159.0,194.0,35.0
ADP_monthly_change_thousands,2025-02-05,2024-10-01,184.0,221.0,37.0
ADP_monthly_change_thousands,2025-02-05,2024-11-01,146.0,204.0,58.0
ADP_monthly_change_thousands,2025-02-05,2024-12-01,122.0,176.0,54.0
ADP_monthly_change_thousands,2025-03-05,2020-01-01,-284.0,-243.0,41.0
ADP_monthly_change_thousands,2025-03-05,2020-02-01,107.0,128.0,21.0
ADP_monthly_change_thousands,2025-03-05,2020-03-01,-102.0,-116.0,-14.0
ADP_monthly_change_thousands,2025-03-05,2020-04-01,-6094.0,-6022.0,72.0
ADP_monthly_change_thousands,2025-03-05,2020-05-01,-3227.0,-3193.0,34.0
ADP_monthly_change_thousands,2025-03-05,2020-06-01,-108.0,-54.0,54.0
ADP_monthly_change_thousands,2025-03-05,2020-07-01,-18.0,-89.0,-71.0
ADP_monthly_change_thousands,2025-03-05,2020-08-01,110.0,-37.0,-147.0
ADP_monthly_change_thousands,2025-03-05,2020-09-01,926.0,1126.0,200.0
ADP_monthly_change_thousands,2025-03-05,2020-10-01,640.0,577.0,-63.0
ADP_monthly_change_thousands,2025-03-05,2020-11-01,568.0,520.0,-48.0
ADP_monthly_change_thousands,2025-03-05,2020-12-01,713.0,632.0,-81.0
ADP_monthly_change_thousands,2025-03-05,2021-01-01,450.0,456.0,6.0
ADP_monthly_change_thousands,2025-03-05,2021-02-01,191.0,215.0,24.0
ADP_monthly_change_thousands,2025-03-05,2021-03-01,403.0,423.0,20.0
ADP_monthly_change_thousands,2025-03-05,2021-04-01,54.0,151.0,97.0
ADP_monthly_change_thousands,2025-03-05,2021-05-01,124.0,245.0,121.0
ADP_monthly_change_thousands,2025-03-05,2021-06-01,352.0,447.0,95.0
ADP_monthly_change_thousands,2025-03-05,2021-07-01,1014.0,917.0,-97.0
ADP_monthly_change_thousands,2025-03-05,2021-08-01,1247.0,1031.0,-216.0
ADP_monthly_change_thousands,2025-03-05,2021-09-01,895.0,983.0,88.0
ADP_monthly_change_thousands,2025-03-05,2021-10-01,795.0,778.0,-17.0
ADP_monthly_change_thousands,2025-03-05,2021-11-01,598.0,553.0,-45.0
ADP_monthly_change_thousands,2025-03-05,2021-12-01,698.0,625.0,-73.0
ADP_monthly_change_thousands,2025-03-05,2022-01-01,217.0,207.0,-10.0
ADP_monthly_change_thousands,2025-03-05,2022-02-01,531.0,541.0,10.0
ADP_monthly_change_thousands,2025-03-05,2022-03-01,277.0,325.0,48.0
ADP_monthly_change_thousands,2025-03-05,2022-04-01,324.0,420.0,96.0
ADP_monthly_change_thousands,2025-03-05,2022-05-01,245.0,339.0,94.0
ADP_monthly_change_thousands,2025-03-05,2022-06-01,495.0,575.0,80.0
ADP_monthly_change_thousands,2025-03-05,2022-07-01,505.0,471.0,-34.0
ADP_monthly_change_thousands,2025-03-05,2022-08-01,323.0,195.0,-128.0
ADP_monthly_change_thousands,2025-03-05,2022-09-01,444.0,417.0,-27.0
ADP_monthly_change_thousands,2025-03-05,2022-10-01,218.0,198.0,-20.0
ADP_monthly_change_thousands,2025-03-05,2022-11-01,221.0,194.0,-27.0
ADP_monthly_change_thousands,2025-03-05,2022-12-01,122.0,73.0,-49.0
ADP_monthly_change_thousands,2025-03-05,2023-01-01,247.0,209.0,-38.0
ADP_monthly_change_thousands,2025-03-05,2023-02-01,157.0,168.0,11.0
ADP_monthly_change_thousands,2025-03-05,2023-03-01,-53.0,-4.0,49.0
ADP_monthly_change_thousands,2025-03-05,2023-04-01,132.0,176.0,44.0
ADP_monthly_change_thousands,2025-03-05,2023-05-01,52.0,107.0,55.0
ADP_monthly_change_thousands,2025-03-05,2023-06-01,146.0,177.0,31.0
ADP_monthly_change_thousands,2025-03-05,2023-08-01,119.0,88.0,-31.0
ADP_monthly_change_thousands,2025-03-05,2023-09-01,95.0,36.0,-59.0
ADP_monthly_change_thousands,2025-03-05,2023-10-01,130.0,103.0,-27.0
ADP_monthly_change_thousands,2025-03-05,2023-11-01,100.0,78.0,-22.0
ADP_monthly_change_thousands,2025-03-05,2023-12-01,95.0,66.0,-29.0
ADP_monthly_change_thousands,2025-03-05,2024-01-01,129.0,97.0,-32.0
ADP_monthly_change_thousands,2025-03-05,2024-02-01,91.0,118.0,27.0
ADP_monthly_change_thousands,2025-03-05,2024-03-01,82.0,117.0,35.0
ADP_monthly_change_thousands,2025-03-05,2024-04-01,113.0,146.0,33.0
ADP_monthly_change_thousands,2025-03-05,2024-05-01,164.0,200.0,36.0
ADP_monthly_change_thousands,2025-03-05,2024-06-01,136.0,134.0,-2.0
ADP_monthly_change_thousands,2025-03-05,2024-07-01,42.0,36.0,-6.0
ADP_monthly_change_thousands,2025-03-05,2024-08-01,180.0,153.0,-27.0
ADP_monthly_change_thousands,2025-03-05,2024-09-01,194.0,137.0,-57.0
ADP_monthly_change_thousands,2025-03-05,2024-10-01,221.0,193.0,-28.0
ADP_monthly_change_thousands,2025-03-05,2024-11-01,204.0,169.0,-35.0
ADP_monthly_change_thousands,2025-03-05,2024-12-01,176.0,161.0,-15.0
ADP_monthly_change_thousands,2025-03-05,2025-01-01,183.0,186.0,3.0
ADP_monthly_change_thousands,2025-04-02,2020-01-01,-243.0,-284.0,-41.0
ADP_monthly_change_thousands,2025-04-02,2020-02-01,128.0,107.0,-21.0
ADP_monthly_change_thousands,2025-04-02,2020-03-01,-116.0,-102.0,14.0
ADP_monthly_change_thousands,2025-04-02,2020-04-01,-6022.0,-6094.0,-72.0
ADP_monthly_change_thousands,2025-04-02,2020-05-01,-3193.0,-3227.0,-34.0
ADP_monthly_change_thousands,2025-04-02,2020-06-01,-54.0,-108.0,-54.0
ADP_monthly_change_thousands,2025-04-02,2020-07-01,-89.0,-18.0,71.0
ADP_monthly_change_thousands,2025-04-02,2020-08-01,-37.0,110.0,147.0
ADP_monthly_change_thousands,2025-04-02,2020-09-01,1126.0,926.0,-200.0
ADP_monthly_change_thousands,2025-04-02,2020-10-01,577.0,640.0,63.0
ADP_monthly_change_thousands,2025-04-02,2020-11-01,520.0,568.0,48.0
ADP_monthly_change_thousands,2025-04-02,2020-12-01,632.0,713.0,81.0
ADP_monthly_change_thousands,2025-04-02,2021-01-01,456.0,450.0,-6.0
ADP_monthly_change_thousands,2025-04-02,2021-02-01,215.0,191.0,-24.0
ADP_monthly_change_thousands,2025-04-02,2021-03-01,423.0,403.0,-20.0
ADP_monthly_change_thousands,2025-04-02,2021-04-01,151.0,54.0,-97.0
ADP_monthly_change_thousands,2025-04-02,2021-05-01,245.0,124.0,-121.0
ADP_monthly_change_thousands,2025-04-02,2021-06-01,447.0,352.0,-95.0
ADP_monthly_change_thousands,2025-04-02,2021-07-01,917.0,1014.0,97.0
ADP_monthly_change_thousands,2025-04-02,2021-08-01,1031.0,1247.0,216.0
ADP_monthly_change_thousands,2025-04-02,2021-09-01,983.0,895.0,-88.0
ADP_monthly_change_thousands,2025-04-02,2021-10-01,778.0,795.0,17.0
ADP_monthly_change_thousands,2025-04-02,2021-11-01,553.0,598.0,45.0
ADP_monthly_change_thousands,2025-04-02,2021-12-01,625.0,698.0,73.0
ADP_monthly_change_thousands,2025-04-02,2022-01-01,207.0,217.0,10.0
ADP_monthly_change_thousands,2025-04-02,2022-02-01,541.0,531.0,-10.0
ADP_monthly_change_thousands,2025-04-02,2022-03-01,325.0,277.0,-48.0
ADP_monthly_change_thousands,2025-04-02,2022-04-01,420.0,324.0,-96.0
ADP_monthly_change_thousands,2025-04-02,2022-05-01,339.0,245.0,-94.0
ADP_monthly_change_thousands,2025-04-02,2022-06-01,575.0,495.0,-80.0
ADP_monthly_change_thousands,2025-04-02,2022-07-01,471.0,505.0,34.0
ADP_monthly_change_thousands,2025-04-02,2022-08-01,195.0,323.0,128.0
ADP_monthly_change_thousands,2025-04-02,2022-09-01,417.0,444.0,27.0
ADP_monthly_change_thousands,2025-04-02,2022-10-01,198.0,218.0,20.0
ADP_monthly_change_thousands,2025-04-02,2022-11-01,194.0,221.0,27.0
ADP_monthly_change_thousands,2025-04-02,2022-12-01,73.0,122.0,49.0
ADP_monthly_change_thousands,2025-04-02,2023-01-01,209.0,247.0,38.0
ADP_monthly_change_thousands,2025-04-02,2023-02-01,168.0,157.0,-11.0
ADP_monthly_change_thousands,2025-04-02,2023-03-01,-4.0,-53.0,-49.0
ADP_monthly_change_thousands,2025-04-02,2023-04-01,176.0,132.0,-44.0
ADP_monthly_change_thousands,2025-04-02,2023-05-01,107.0,52.0,-55.0
ADP_monthly_change_thousands,2025-04-02,2023-06-01,177.0,146.0,-31.0
ADP_monthly_change_thousands,2025-04-02,2023-08-01,88.0,119.0,31.0
ADP_monthly_change_thousands,2025-04-02,2023-09-01,36.0,95.0,59.0
ADP_monthly_change_thousands,2025-04-02,2023-10-01,103.0,130.0,27.0
ADP_monthly_change_thousands,2025-04-02,2023-11-01,78.0,100.0,22.0
ADP_monthly_change_thousands,2025-04-02,2023-12-01,66.0,95.0,29.0
ADP_monthly_change_thousands,2025-04-02,2024-01-01,97.0,129.0,32.0
ADP_monthly_change_thousands,2025-04-02,2024-02-01,118.0,91.0,-27.0
ADP_monthly_change_thousands,2025-04-02,2024-03-01,117.0,82.0,-35.0
ADP_monthly_change_thousands,2025-04-02,2024-04-01,146.0,113.0,-33.0
ADP_monthly_change_thousands,2025-04-02,2024-05-01,200.0,164.0,-36.0
ADP_monthly_change_thousands,2025-04-02,2024-06-01,134.0,136.0,2.0
ADP_monthly_change_thousands,2025-04-02,2024-07-01,36.0,42.0,6.0
ADP_monthly_change_thousands,2025-04-02,2024-08-01,153.0,180.0,27.0
ADP_monthly_change_thousands,2025-04-02,2024-09-01,137.0,194.0,57.0
ADP_monthly_change_thousands,2025-04-02,2024-10-01,193.0,221.0,28.0
ADP_monthly_change_thousands,2025-04-02,2024-11-01,169.0,204.0,35.0
ADP_monthly_change_thousands,2025-04-02,2024-12-01,161.0,176.0,15.0
ADP_monthly_change_thousands,2025-04-02,2025-02-01,77.0,84.0,7.0
ADP_monthly_change_thousands,2025-04-30,2025-03-01,155.0,147.0,-8.0
ADP_monthly_change_thousands,2025-06-04,2025-04-01,62.0,60.0,-2.0
ADP_monthly_change_thousands,2025-07-02,2025-05-01,37.0,29.0,-8.0
ADP_monthly_change_thousands,2025-07-30,2025-06-01,-33.0,-23.0,10.0
ADP_monthly_change_thousands,2025-09-04,2025-07-01,104.0,106.0,2.0
ADP_monthly_change_thousands,2025-10-01,2025-07-01,106.0,104.0,-2.0
ADP_monthly_change_thousands,2025-10-01,2025-08-01,54.0,-3.0,-57.0
ADP_monthly_change_thousands,2025-11-05,2025-09-01,-32.0,-29.0,3.0
ADP_monthly_change_thousands,2025-12-03,2025-10-01,42.0,47.0,5.0
ADP_monthly_change_thousands,2026-01-07,2025-11-01,-32.0,-29.0,3.0
ADP_monthly_change_thousands,2026-02-04,2020-01-01,-284.0,-65.0,219.0
ADP_monthly_change_thousands,2026-02-04,2020-02-01,107.0,-129.0,-236.0
ADP_monthly_change_thousands,2026-02-04,2020-03-01,-102.0,-187.0,-85.0
ADP_monthly_change_thousands,2026-02-04,2020-04-01,-6094.0,-1455.0,4639.0
ADP_monthly_change_thousands,2026-02-04,2020-05-01,-3227.0,-1828.0,1399.0
ADP_monthly_change_thousands,2026-02-04,2020-06-01,-108.0,-1542.0,-1434.0
ADP_monthly_change_thousands,2026-02-04,2020-07-01,-18.0,-842.0,-824.0
ADP_monthly_change_thousands,2026-02-04,2020-08-01,110.0,-357.0,-467.0
ADP_monthly_change_thousands,2026-02-04,2020-09-01,926.0,220.0,-706.0
ADP_monthly_change_thousands,2026-02-04,2020-10-01,640.0,219.0,-421.0
ADP_monthly_change_thousands,2026-02-04,2020-11-01,568.0,227.0,-341.0
ADP_monthly_change_thousands,2026-02-04,2020-12-01,713.0,188.0,-525.0
ADP_monthly_change_thousands,2026-02-04,2021-01-01,450.0,-83.0,-533.0
ADP_monthly_change_thousands,2026-02-04,2021-02-01,191.0,-199.0,-390.0
ADP_monthly_change_thousands,2026-02-04,2021-03-01,403.0,-68.0,-471.0
ADP_monthly_change_thousands,2026-02-04,2021-04-01,54.0,46.0,-8.0
ADP_monthly_change_thousands,2026-02-04,2021-05-01,124.0,72.0,-52.0
ADP_monthly_change_thousands,2026-02-04,2021-06-01,352.0,212.0,-140.0
ADP_monthly_change_thousands,2026-02-04,2021-07-01,1014.0,573.0,-441.0
ADP_monthly_change_thousands,2026-02-04,2021-08-01,1247.0,597.0,-650.0
ADP_monthly_change_thousands,2026-02-04,2021-09-01,895.0,714.0,-181.0
ADP_monthly_change_thousands,2026-02-04,2021-10-01,795.0,679.0,-116.0
ADP_monthly_change_thousands,2026-02-04,2021-11-01,598.0,858.0,260.0
ADP_monthly_change_thousands,2026-02-04,2021-12-01,698.0,947.0,249.0
ADP_monthly_change_thousands,2026-02-04,2022-01-01,217.0,471.0,254.0
ADP_monthly_change_thousands,2026-02-04,2022-02-01,531.0,584.0,53.0
ADP_monthly_change_thousands,2026-02-04,2022-03-01,277.0,598.0,321.0
ADP_monthly_change_thousands,2026-02-04,2022-04-01,324.0,685.0,361.0
ADP_monthly_change_thousands,2026-02-04,2022-05-01,245.0,303.0,58.0
ADP_monthly_change_thousands,2026-02-04,2022-06-01,495.0,538.0,43.0
ADP_monthly_change_thousands,2026-02-04,2022-07-01,505.0,409.0,-96.0
ADP_monthly_change_thousands,2026-02-04,2022-08-01,323.0,365.0,42.0
ADP_monthly_change_thousands,2026-02-04,2022-09-01,444.0,339.0,-105.0
ADP_monthly_change_thousands,2026-02-04,2022-10-01,218.0,251.0,33.0
ADP_monthly_change_thousands,2026-02-04,2022-11-01,221.0,269.0,48.0
ADP_monthly_change_thousands,2026-02-04,2022-12-01,122.0,191.0,69.0
ADP_monthly_change_thousands,2026-02-04,2023-01-01,247.0,187.0,-60.0
ADP_monthly_change_thousands,2026-02-04,2023-02-01,157.0,150.0,-7.0
ADP_monthly_change_thousands,2026-02-04,2023-03-01,-53.0,76.0,129.0
ADP_monthly_change_thousands,2026-02-04,2023-04-01,132.0,91.0,-41.0
ADP_monthly_change_thousands,2026-02-04,2023-05-01,52.0,360.0,308.0
ADP_monthly_change_thousands,2026-02-04,2023-06-01,146.0,483.0,337.0
ADP_monthly_change_thousands,2026-02-04,2023-07-01,138.0,269.0,131.0
ADP_monthly_change_thousands,2026-02-04,2023-08-01,119.0,116.0,-3.0
ADP_monthly_change_thousands,2026-02-04,2023-09-01,95.0,37.0,-58.0
ADP_monthly_change_thousands,2026-02-04,2023-10-01,130.0,-29.0,-159.0
ADP_monthly_change_thousands,2026-02-04,2023-11-01,100.0,105.0,5.0
ADP_monthly_change_thousands,2026-02-04,2023-12-01,95.0,282.0,187.0
ADP_monthly_change_thousands,2026-02-04,2024-01-01,129.0,240.0,111.0
ADP_monthly_change_thousands,2026-02-04,2024-02-01,91.0,-107.0,-198.0
ADP_monthly_change_thousands,2026-02-04,2024-03-01,82.0,-103.0,-185.0
ADP_monthly_change_thousands,2026-02-04,2024-04-01,113.0,44.0,-69.0
ADP_monthly_change_thousands,2026-02-04,2024-05-01,164.0,201.0,37.0
ADP_monthly_change_thousands,2026-02-04,2024-06-01,136.0,104.0,-32.0
ADP_monthly_change_thousands,2026-02-04,2024-07-01,42.0,120.0,78.0
ADP_monthly_change_thousands,2026-02-04,2024-08-01,180.0,46.0,-134.0
ADP_monthly_change_thousands,2026-02-04,2024-09-01,194.0,-21.0,-215.0
ADP_monthly_change_thousands,2026-02-04,2024-10-01,221.0,-12.0,-233.0
ADP_monthly_change_thousands,2026-02-04,2024-11-01,204.0,102.0,-102.0
ADP_monthly_change_thousands,2026-02-04,2024-12-01,176.0,157.0,-19.0
ADP_monthly_change_thousands,2026-02-04,2025-01-01,186.0,140.0,-46.0
ADP_monthly_change_thousands,2026-02-04,2025-02-01,84.0,14.0,-70.0
ADP_monthly_change_thousands,2026-02-04,2025-03-01,147.0,-53.0,-200.0
ADP_monthly_change_thousands,2026-02-04,2025-04-01,60.0,-23.0,-83.0
ADP_monthly_change_thousands,2026-02-04,2025-05-01,29.0,-24.0,-53.0
ADP_monthly_change_thousands,2026-02-04,2025-06-01,-23.0,-1.0,22.0
ADP_monthly_change_thousands,2026-02-04,2025-07-01,104.0,77.0,-27.0
ADP_monthly_change_thousands,2026-02-04,2025-08-01,-3.0,49.0,52.0
ADP_monthly_change_thousands,2026-02-04,2025-09-01,-29.0,88.0,117.0
ADP_monthly_change_thousands,2026-02-04,2025-10-01,47.0,20.0,-27.0
ADP_monthly_change_thousands,2026-02-04,2025-11-01,-29.0,74.0,103.0
ADP_monthly_change_thousands,2026-02-04,2025-12-01,41.0,37.0,-4.0
ADP_monthly_change_thousands,2026-03-04,2026-01-01,22.0,11.0,-11.0
ADP_monthly_change_thousands,2026-04-01,2026-02-01,63.0,66.0,3.0
ADP_monthly_change_thousands,2026-05-06,2026-03-01,62.0,61.0,-1.0
ADP_monthly_change_thousands,2026-06-03,2026-04-01,109.0,105.0,-4.0
ADP_monthly_change_thousands,2026-08-05,2026-06-01,98.0,95.0,-3.0
ICSA_weekly_level_count,2020-01-23,2020-01-11,204000.0,205000.0,1000.0
ICSA_weekly_level_count,2020-01-30,2020-01-18,211000.0,223000.0,12000.0
ICSA_weekly_level_count,2020-02-06,2020-01-25,216000.0,217000.0,1000.0
ICSA_weekly_level_count,2020-02-13,2020-02-01,202000.0,203000.0,1000.0
ICSA_weekly_level_count,2020-02-20,2020-02-08,205000.0,206000.0,1000.0
ICSA_weekly_level_count,2020-02-27,2020-02-15,210000.0,211000.0,1000.0
ICSA_weekly_level_count,2020-03-12,2020-02-29,216000.0,215000.0,-1000.0
ICSA_weekly_level_count,2020-03-19,2020-01-04,214000.0,212000.0,-2000.0
ICSA_weekly_level_count,2020-03-19,2020-01-11,205000.0,207000.0,2000.0
ICSA_weekly_level_count,2020-03-19,2020-01-18,223000.0,220000.0,-3000.0
ICSA_weekly_level_count,2020-03-19,2020-01-25,217000.0,212000.0,-5000.0
ICSA_weekly_level_count,2020-03-19,2020-02-01,203000.0,201000.0,-2000.0
ICSA_weekly_level_count,2020-03-19,2020-02-08,206000.0,204000.0,-2000.0
ICSA_weekly_level_count,2020-03-19,2020-02-15,211000.0,215000.0,4000.0
ICSA_weekly_level_count,2020-03-19,2020-02-22,219000.0,220000.0,1000.0
ICSA_weekly_level_count,2020-03-19,2020-02-29,215000.0,217000.0,2000.0
ICSA_weekly_level_count,2020-03-26,2020-03-14,281000.0,282000.0,1000.0
ICSA_weekly_level_count,2020-04-02,2020-03-21,3283000.0,3307000.0,24000.0
ICSA_weekly_level_count,2020-04-09,2020-03-28,6648000.0,6867000.0,219000.0
ICSA_weekly_level_count,2020-04-16,2020-04-04,6606000.0,6615000.0,9000.0
ICSA_weekly_level_count,2020-04-23,2020-04-11,5245000.0,5237000.0,-8000.0
ICSA_weekly_level_count,2020-04-30,2020-04-18,4427000.0,4442000.0,15000.0
ICSA_weekly_level_count,2020-05-07,2020-04-25,3839000.0,3846000.0,7000.0
ICSA_weekly_level_count,2020-05-14,2020-04-25,3846000.0,3867000.0,21000.0
ICSA_weekly_level_count,2020-05-14,2020-05-02,3169000.0,3176000.0,7000.0
ICSA_weekly_level_count,2020-05-21,2020-05-09,2981000.0,2687000.0,-294000.0
ICSA_weekly_level_count,2020-05-28,2020-05-16,2438000.0,2446000.0,8000.0
ICSA_weekly_level_count,2020-06-04,2020-05-23,2123000.0,2126000.0,3000.0
ICSA_weekly_level_count,2020-06-11,2020-05-23,2126000.0,2123000.0,-3000.0
ICSA_weekly_level_count,2020-06-11,2020-05-30,1877000.0,1897000.0,20000.0
ICSA_weekly_level_count,2020-06-18,2020-06-06,1542000.0,1566000.0,24000.0
ICSA_weekly_level_count,2020-06-25,2020-06-13,1508000.0,1540000.0,32000.0
ICSA_weekly_level_count,2020-07-02,2020-06-20,1480000.0,1482000.0,2000.0
ICSA_weekly_level_count,2020-07-09,2020-06-27,1427000.0,1413000.0,-14000.0
ICSA_weekly_level_count,2020-07-16,2020-06-27,1413000.0,1408000.0,-5000.0
ICSA_weekly_level_count,2020-07-16,2020-07-04,1314000.0,1310000.0,-4000.0
ICSA_weekly_level_count,2020-07-23,2020-07-11,1300000.0,1307000.0,7000.0
ICSA_weekly_level_count,2020-07-30,2020-07-11,1307000.0,1308000.0,1000.0
ICSA_weekly_level_count,2020-07-30,2020-07-18,1416000.0,1422000.0,6000.0
ICSA_weekly_level_count,2020-08-06,2020-07-25,1434000.0,1435000.0,1000.0
ICSA_weekly_level_count,2020-08-13,2020-08-01,1186000.0,1191000.0,5000.0
ICSA_weekly_level_count,2020-08-20,2020-08-08,963000.0,971000.0,8000.0
ICSA_weekly_level_count,2020-08-27,2020-08-15,1106000.0,1104000.0,-2000.0
ICSA_weekly_level_count,2020-09-03,2020-08-22,1006000.0,1011000.0,5000.0
ICSA_weekly_level_count,2020-09-10,2020-08-29,881000.0,884000.0,3000.0
ICSA_weekly_level_count,2020-09-17,2020-09-05,884000.0,893000.0,9000.0
ICSA_weekly_level_count,2020-09-24,2020-09-12,860000.0,866000.0,6000.0
ICSA_weekly_level_count,2020-10-01,2020-09-19,870000.0,873000.0,3000.0
ICSA_weekly_level_count,2020-10-08,2020-09-26,837000.0,849000.0,12000.0
ICSA_weekly_level_count,2020-10-15,2020-10-03,840000.0,845000.0,5000.0
ICSA_weekly_level_count,2020-10-22,2020-10-03,845000.0,767000.0,-78000.0
ICSA_weekly_level_count,2020-10-22,2020-10-10,898000.0,842000.0,-56000.0
ICSA_weekly_level_count,2020-10-29,2020-10-17,787000.0,791000.0,4000.0
ICSA_weekly_level_count,2020-11-05,2020-10-17,791000.0,797000.0,6000.0
ICSA_weekly_level_count,2020-11-05,2020-10-24,751000.0,758000.0,7000.0
ICSA_weekly_level_count,2020-11-12,2020-10-31,751000.0,757000.0,6000.0
ICSA_weekly_level_count,2020-11-19,2020-11-07,709000.0,711000.0,2000.0
ICSA_weekly_level_count,2020-11-25,2020-11-14,742000.0,748000.0,6000.0
ICSA_weekly_level_count,2020-12-03,2020-11-21,778000.0,787000.0,9000.0
ICSA_weekly_level_count,2020-12-10,2020-11-28,712000.0,716000.0,4000.0
ICSA_weekly_level_count,2020-12-17,2020-12-05,853000.0,862000.0,9000.0
ICSA_weekly_level_count,2020-12-23,2020-12-12,885000.0,892000.0,7000.0
ICSA_weekly_level_count,2020-12-31,2020-12-19,803000.0,806000.0,3000.0
ICSA_weekly_level_count,2021-01-07,2020-12-26,787000.0,790000.0,3000.0
ICSA_weekly_level_count,2021-01-14,2020-12-26,790000.0,782000.0,-8000.0
ICSA_weekly_level_count,2021-01-14,2021-01-02,787000.0,784000.0,-3000.0
ICSA_weekly_level_count,2021-01-21,2021-01-09,965000.0,926000.0,-39000.0
ICSA_weekly_level_count,2021-01-28,2021-01-09,926000.0,927000.0,1000.0
ICSA_weekly_level_count,2021-01-28,2021-01-16,900000.0,914000.0,14000.0
ICSA_weekly_level_count,2021-02-04,2021-01-16,914000.0,875000.0,-39000.0
ICSA_weekly_level_count,2021-02-04,2021-01-23,847000.0,812000.0,-35000.0
ICSA_weekly_level_count,2021-02-11,2021-01-30,779000.0,812000.0,33000.0
ICSA_weekly_level_count,2021-02-18,2021-02-06,793000.0,848000.0,55000.0
ICSA_weekly_level_count,2021-02-25,2021-02-13,861000.0,841000.0,-20000.0
ICSA_weekly_level_count,2021-03-04,2021-02-13,841000.0,834000.0,-7000.0
ICSA_weekly_level_count,2021-03-04,2021-02-20,730000.0,736000.0,6000.0
ICSA_weekly_level_count,2021-03-11,2021-02-27,745000.0,754000.0,9000.0
ICSA_weekly_level_count,2021-03-18,2021-03-06,712000.0,725000.0,13000.0
ICSA_weekly_level_count,2021-03-25,2021-03-13,770000.0,781000.0,11000.0
ICSA_weekly_level_count,2021-04-01,2020-01-04,212000.0,210000.0,-2000.0
ICSA_weekly_level_count,2021-04-01,2020-01-11,207000.0,206000.0,-1000.0
ICSA_weekly_level_count,2021-04-01,2020-01-18,220000.0,219000.0,-1000.0
ICSA_weekly_level_count,2021-04-01,2020-01-25,212000.0,210000.0,-2000.0
ICSA_weekly_level_count,2021-04-01,2020-02-01,201000.0,205000.0,4000.0
ICSA_weekly_level_count,2021-04-01,2020-02-08,204000.0,207000.0,3000.0
ICSA_weekly_level_count,2021-04-01,2020-02-22,220000.0,218000.0,-2000.0
ICSA_weekly_level_count,2021-04-01,2020-02-29,217000.0,216000.0,-1000.0
ICSA_weekly_level_count,2021-04-01,2020-03-07,211000.0,212000.0,1000.0
ICSA_weekly_level_count,2021-04-01,2020-03-14,282000.0,256000.0,-26000.0
ICSA_weekly_level_count,2021-04-01,2020-03-21,3307000.0,2923000.0,-384000.0
ICSA_weekly_level_count,2021-04-01,2020-03-28,6867000.0,5985000.0,-882000.0
ICSA_weekly_level_count,2021-04-01,2020-04-04,6615000.0,6149000.0,-466000.0
ICSA_weekly_level_count,2021-04-01,2020-04-11,5237000.0,4869000.0,-368000.0
ICSA_weekly_level_count,2021-04-01,2020-04-18,4442000.0,4202000.0,-240000.0
ICSA_weekly_level_count,2021-04-01,2020-04-25,3867000.0,3451000.0,-416000.0
ICSA_weekly_level_count,2021-04-01,2020-05-02,3176000.0,2784000.0,-392000.0
ICSA_weekly_level_count,2021-04-01,2020-05-09,2687000.0,2315000.0,-372000.0
ICSA_weekly_level_count,2021-04-01,2020-05-16,2446000.0,2149000.0,-297000.0
ICSA_weekly_level_count,2021-04-01,2020-05-23,2123000.0,1887000.0,-236000.0
ICSA_weekly_level_count,2021-04-01,2020-05-30,1897000.0,1605000.0,-292000.0
ICSA_weekly_level_count,2021-04-01,2020-06-06,1566000.0,1537000.0,-29000.0
ICSA_weekly_level_count,2021-04-01,2020-06-13,1540000.0,1472000.0,-68000.0
ICSA_weekly_level_count,2021-04-01,2020-06-20,1482000.0,1460000.0,-22000.0
ICSA_weekly_level_count,2021-04-01,2020-06-27,1408000.0,1436000.0,28000.0
ICSA_weekly_level_count,2021-04-01,2020-07-04,1310000.0,1398000.0,88000.0
ICSA_weekly_level_count,2021-04-01,2020-07-11,1308000.0,1479000.0,171000.0
ICSA_weekly_level_count,2021-04-01,2020-07-18,1422000.0,1398000.0,-24000.0
ICSA_weekly_level_count,2021-04-01,2020-07-25,1435000.0,1262000.0,-173000.0
ICSA_weekly_level_count,2021-04-01,2020-08-01,1191000.0,1043000.0,-148000.0
ICSA_weekly_level_count,2021-04-01,2020-08-08,971000.0,883000.0,-88000.0
ICSA_weekly_level_count,2021-04-01,2020-08-15,1104000.0,920000.0,-184000.0
ICSA_weekly_level_count,2021-04-01,2020-08-22,1011000.0,872000.0,-139000.0
ICSA_weekly_level_count,2021-04-01,2020-08-29,884000.0,875000.0,-9000.0
ICSA_weekly_level_count,2021-04-01,2020-09-05,893000.0,881000.0,-12000.0
ICSA_weekly_level_count,2021-04-01,2020-09-12,866000.0,860000.0,-6000.0
ICSA_weekly_level_count,2021-04-01,2020-09-19,873000.0,860000.0,-13000.0
ICSA_weekly_level_count,2021-04-01,2020-09-26,849000.0,803000.0,-46000.0
ICSA_weekly_level_count,2021-04-01,2020-10-03,767000.0,782000.0,15000.0
ICSA_weekly_level_count,2021-04-01,2020-10-10,842000.0,833000.0,-9000.0
ICSA_weekly_level_count,2021-04-01,2020-10-17,797000.0,798000.0,1000.0
ICSA_weekly_level_count,2021-04-01,2020-10-24,758000.0,768000.0,10000.0
ICSA_weekly_level_count,2021-04-01,2020-10-31,757000.0,765000.0,8000.0
ICSA_weekly_level_count,2021-04-01,2020-11-07,711000.0,728000.0,17000.0
ICSA_weekly_level_count,2021-04-01,2020-11-14,748000.0,732000.0,-16000.0
ICSA_weekly_level_count,2021-04-01,2020-11-21,787000.0,762000.0,-25000.0
ICSA_weekly_level_count,2021-04-01,2020-11-28,716000.0,719000.0,3000.0
ICSA_weekly_level_count,2021-04-01,2020-12-05,862000.0,853000.0,-9000.0
ICSA_weekly_level_count,2021-04-01,2020-12-12,892000.0,873000.0,-19000.0
ICSA_weekly_level_count,2021-04-01,2020-12-19,806000.0,803000.0,-3000.0
ICSA_weekly_level_count,2021-04-01,2020-12-26,782000.0,763000.0,-19000.0
ICSA_weekly_level_count,2021-04-01,2021-01-02,784000.0,781000.0,-3000.0
ICSA_weekly_level_count,2021-04-01,2021-01-09,927000.0,904000.0,-23000.0
ICSA_weekly_level_count,2021-04-01,2021-01-16,875000.0,886000.0,11000.0
ICSA_weekly_level_count,2021-04-01,2021-01-23,812000.0,836000.0,24000.0
ICSA_weekly_level_count,2021-04-01,2021-01-30,812000.0,837000.0,25000.0
ICSA_weekly_level_count,2021-04-01,2021-02-06,848000.0,863000.0,15000.0
ICSA_weekly_level_count,2021-04-01,2021-02-13,834000.0,847000.0,13000.0
ICSA_weekly_level_count,2021-04-01,2021-02-20,736000.0,747000.0,11000.0
ICSA_weekly_level_count,2021-04-01,2021-02-27,754000.0,761000.0,7000.0
ICSA_weekly_level_count,2021-04-01,2021-03-06,725000.0,734000.0,9000.0
ICSA_weekly_level_count,2021-04-01,2021-03-13,781000.0,765000.0,-16000.0
ICSA_weekly_level_count,2021-04-01,2021-03-20,684000.0,658000.0,-26000.0
ICSA_weekly_level_count,2021-04-08,2021-03-27,719000.0,728000.0,9000.0
ICSA_weekly_level_count,2021-04-15,2021-03-27,728000.0,729000.0,1000.0
ICSA_weekly_level_count,2021-04-15,2021-04-03,744000.0,769000.0,25000.0
ICSA_weekly_level_count,2021-04-22,2021-04-03,769000.0,742000.0,-27000.0
ICSA_weekly_level_count,2021-04-22,2021-04-10,576000.0,586000.0,10000.0
ICSA_weekly_level_count,2021-04-29,2021-04-17,547000.0,566000.0,19000.0
ICSA_weekly_level_count,2021-05-06,2021-04-24,553000.0,590000.0,37000.0
ICSA_weekly_level_count,2021-05-13,2021-05-01,498000.0,507000.0,9000.0
ICSA_weekly_level_count,2021-05-20,2021-05-08,473000.0,478000.0,5000.0
ICSA_weekly_level_count,2021-06-03,2021-05-22,406000.0,405000.0,-1000.0
ICSA_weekly_level_count,2021-06-17,2021-05-29,385000.0,388000.0,3000.0
ICSA_weekly_level_count,2021-06-17,2021-06-05,376000.0,375000.0,-1000.0
ICSA_weekly_level_count,2021-06-24,2021-06-05,375000.0,374000.0,-1000.0
ICSA_weekly_level_count,2021-06-24,2021-06-12,412000.0,418000.0,6000.0
ICSA_weekly_level_count,2021-07-01,2021-06-19,411000.0,415000.0,4000.0
ICSA_weekly_level_count,2021-07-08,2021-06-19,415000.0,416000.0,1000.0
ICSA_weekly_level_count,2021-07-08,2021-06-26,364000.0,371000.0,7000.0
ICSA_weekly_level_count,2021-07-15,2021-06-26,371000.0,368000.0,-3000.0
ICSA_weekly_level_count,2021-07-15,2021-07-03,373000.0,386000.0,13000.0
ICSA_weekly_level_count,2021-07-22,2021-07-10,360000.0,368000.0,8000.0
ICSA_weekly_level_count,2021-07-29,2021-07-17,419000.0,424000.0,5000.0
ICSA_weekly_level_count,2021-08-05,2021-07-24,400000.0,399000.0,-1000.0
ICSA_weekly_level_count,2021-08-12,2021-07-31,385000.0,387000.0,2000.0
ICSA_weekly_level_count,2021-08-19,2021-08-07,375000.0,377000.0,2000.0
ICSA_weekly_level_count,2021-08-26,2021-08-14,348000.0,349000.0,1000.0
ICSA_weekly_level_count,2021-09-02,2021-08-21,353000.0,354000.0,1000.0
ICSA_weekly_level_count,2021-09-09,2021-08-28,340000.0,345000.0,5000.0
ICSA_weekly_level_count,2021-09-16,2021-09-04,310000.0,312000.0,2000.0
ICSA_weekly_level_count,2021-09-23,2021-09-11,332000.0,335000.0,3000.0
ICSA_weekly_level_count,2021-10-07,2021-09-25,362000.0,364000.0,2000.0
ICSA_weekly_level_count,2021-10-14,2021-10-02,326000.0,329000.0,3000.0
ICSA_weekly_level_count,2021-10-21,2021-10-09,293000.0,296000.0,3000.0
ICSA_weekly_level_count,2021-10-28,2021-10-16,290000.0,291000.0,1000.0
ICSA_weekly_level_count,2021-11-04,2021-10-23,281000.0,283000.0,2000.0
ICSA_weekly_level_count,2021-11-10,2021-10-30,269000.0,271000.0,2000.0
ICSA_weekly_level_count,2021-11-18,2021-11-06,267000.0,269000.0,2000.0
ICSA_weekly_level_count,2021-11-24,2021-11-13,268000.0,270000.0,2000.0
ICSA_weekly_level_count,2021-12-02,2021-11-20,199000.0,194000.0,-5000.0
ICSA_weekly_level_count,2021-12-09,2021-11-27,222000.0,227000.0,5000.0
ICSA_weekly_level_count,2021-12-16,2021-12-04,184000.0,188000.0,4000.0
ICSA_weekly_level_count,2021-12-23,2021-12-11,206000.0,205000.0,-1000.0
ICSA_weekly_level_count,2021-12-30,2021-12-18,205000.0,206000.0,1000.0
ICSA_weekly_level_count,2022-01-06,2021-12-25,198000.0,200000.0,2000.0
ICSA_weekly_level_count,2022-01-20,2022-01-08,230000.0,231000.0,1000.0
ICSA_weekly_level_count,2022-01-27,2022-01-15,286000.0,290000.0,4000.0
ICSA_weekly_level_count,2022-02-03,2022-01-22,260000.0,261000.0,1000.0
ICSA_weekly_level_count,2022-02-10,2022-01-29,238000.0,239000.0,1000.0
ICSA_weekly_level_count,2022-02-17,2022-02-05,223000.0,225000.0,2000.0
ICSA_weekly_level_count,2022-02-24,2022-02-12,248000.0,249000.0,1000.0
ICSA_weekly_level_count,2022-03-03,2022-02-19,232000.0,233000.0,1000.0
ICSA_weekly_level_count,2022-03-10,2022-02-26,215000.0,216000.0,1000.0
ICSA_weekly_level_count,2022-03-17,2022-03-05,227000.0,229000.0,2000.0
ICSA_weekly_level_count,2022-03-24,2022-03-12,214000.0,215000.0,1000.0
ICSA_weekly_level_count,2022-03-31,2022-03-19,187000.0,188000.0,1000.0
ICSA_weekly_level_count,2022-04-07,2020-01-04,210000.0,217000.0,7000.0
ICSA_weekly_level_count,2022-04-07,2020-01-11,206000.0,203000.0,-3000.0
ICSA_weekly_level_count,2022-04-07,2020-01-18,219000.0,211000.0,-8000.0
ICSA_weekly_level_count,2022-04-07,2020-01-25,210000.0,200000.0,-10000.0
ICSA_weekly_level_count,2022-04-07,2020-02-01,205000.0,191000.0,-14000.0
ICSA_weekly_level_count,2022-04-07,2020-02-08,207000.0,186000.0,-21000.0
ICSA_weekly_level_count,2022-04-07,2020-02-15,215000.0,190000.0,-25000.0
ICSA_weekly_level_count,2022-04-07,2020-02-22,218000.0,196000.0,-22000.0
ICSA_weekly_level_count,2022-04-07,2020-02-29,216000.0,190000.0,-26000.0
ICSA_weekly_level_count,2022-04-07,2020-03-07,212000.0,186000.0,-26000.0
ICSA_weekly_level_count,2022-04-07,2020-03-14,256000.0,221000.0,-35000.0
ICSA_weekly_level_count,2022-04-07,2020-03-21,2923000.0,2914000.0,-9000.0
ICSA_weekly_level_count,2022-04-07,2020-03-28,5985000.0,5946000.0,-39000.0
ICSA_weekly_level_count,2022-04-07,2020-04-04,6149000.0,6137000.0,-12000.0
ICSA_weekly_level_count,2022-04-07,2020-04-18,4202000.0,4201000.0,-1000.0
ICSA_weekly_level_count,2022-04-07,2020-04-25,3451000.0,3446000.0,-5000.0
ICSA_weekly_level_count,2022-04-07,2020-05-02,2784000.0,2796000.0,12000.0
ICSA_weekly_level_count,2022-04-07,2020-05-09,2315000.0,2335000.0,20000.0
ICSA_weekly_level_count,2022-04-07,2020-05-16,2149000.0,2176000.0,27000.0
ICSA_weekly_level_count,2022-04-07,2020-05-23,1887000.0,1921000.0,34000.0
ICSA_weekly_level_count,2022-04-07,2020-05-30,1605000.0,1639000.0,34000.0
ICSA_weekly_level_count,2022-04-07,2020-06-06,1537000.0,1575000.0,38000.0
ICSA_weekly_level_count,2022-04-07,2020-06-13,1472000.0,1473000.0,1000.0
ICSA_weekly_level_count,2022-04-07,2020-06-20,1460000.0,1467000.0,7000.0
ICSA_weekly_level_count,2022-04-07,2020-06-27,1436000.0,1446000.0,10000.0
ICSA_weekly_level_count,2022-04-07,2020-07-04,1398000.0,1413000.0,15000.0
ICSA_weekly_level_count,2022-04-07,2020-07-11,1479000.0,1468000.0,-11000.0
ICSA_weekly_level_count,2022-04-07,2020-07-18,1398000.0,1393000.0,-5000.0
ICSA_weekly_level_count,2022-04-07,2020-07-25,1262000.0,1260000.0,-2000.0
ICSA_weekly_level_count,2022-04-07,2020-08-01,1043000.0,1044000.0,1000.0
ICSA_weekly_level_count,2022-04-07,2020-08-08,883000.0,884000.0,1000.0
ICSA_weekly_level_count,2022-04-07,2020-08-15,920000.0,927000.0,7000.0
ICSA_weekly_level_count,2022-04-07,2020-08-22,872000.0,876000.0,4000.0
ICSA_weekly_level_count,2022-04-07,2020-08-29,875000.0,881000.0,6000.0
ICSA_weekly_level_count,2022-04-07,2020-09-05,881000.0,892000.0,11000.0
ICSA_weekly_level_count,2022-04-07,2020-09-12,860000.0,861000.0,1000.0
ICSA_weekly_level_count,2022-04-07,2020-09-19,860000.0,859000.0,-1000.0
ICSA_weekly_level_count,2022-04-07,2020-09-26,803000.0,795000.0,-8000.0
ICSA_weekly_level_count,2022-04-07,2020-10-03,782000.0,785000.0,3000.0
ICSA_weekly_level_count,2022-04-07,2020-10-10,833000.0,839000.0,6000.0
ICSA_weekly_level_count,2022-04-07,2020-10-17,798000.0,804000.0,6000.0
ICSA_weekly_level_count,2022-04-07,2020-10-24,768000.0,776000.0,8000.0
ICSA_weekly_level_count,2022-04-07,2020-10-31,765000.0,773000.0,8000.0
ICSA_weekly_level_count,2022-04-07,2020-11-07,728000.0,737000.0,9000.0
ICSA_weekly_level_count,2022-04-07,2020-11-14,732000.0,738000.0,6000.0
ICSA_weekly_level_count,2022-04-07,2020-11-21,762000.0,793000.0,31000.0
ICSA_weekly_level_count,2022-04-07,2020-11-28,719000.0,737000.0,18000.0
ICSA_weekly_level_count,2022-04-07,2020-12-05,853000.0,873000.0,20000.0
ICSA_weekly_level_count,2022-04-07,2020-12-12,873000.0,886000.0,13000.0
ICSA_weekly_level_count,2022-04-07,2020-12-19,803000.0,815000.0,12000.0
ICSA_weekly_level_count,2022-04-07,2020-12-26,763000.0,773000.0,10000.0
ICSA_weekly_level_count,2022-04-07,2021-01-02,781000.0,803000.0,22000.0
ICSA_weekly_level_count,2022-04-07,2021-01-09,904000.0,890000.0,-14000.0
ICSA_weekly_level_count,2022-04-07,2021-01-16,886000.0,844000.0,-42000.0
ICSA_weekly_level_count,2022-04-07,2021-01-23,836000.0,799000.0,-37000.0
ICSA_weekly_level_count,2022-04-07,2021-01-30,837000.0,803000.0,-34000.0
ICSA_weekly_level_count,2022-04-07,2021-02-06,863000.0,812000.0,-51000.0
ICSA_weekly_level_count,2022-04-07,2021-02-13,847000.0,802000.0,-45000.0
ICSA_weekly_level_count,2022-04-07,2021-02-20,747000.0,702000.0,-45000.0
ICSA_weekly_level_count,2022-04-07,2021-02-27,761000.0,704000.0,-57000.0
ICSA_weekly_level_count,2022-04-07,2021-03-06,734000.0,693000.0,-41000.0
ICSA_weekly_level_count,2022-04-07,2021-03-13,765000.0,699000.0,-66000.0
ICSA_weekly_level_count,2022-04-07,2021-03-20,658000.0,627000.0,-31000.0
ICSA_weekly_level_count,2022-04-07,2021-03-27,729000.0,658000.0,-71000.0
ICSA_weekly_level_count,2022-04-07,2021-04-03,742000.0,645000.0,-97000.0
ICSA_weekly_level_count,2022-04-07,2021-04-10,586000.0,571000.0,-15000.0
ICSA_weekly_level_count,2022-04-07,2021-04-24,590000.0,574000.0,-16000.0
ICSA_weekly_level_count,2022-04-07,2021-05-01,507000.0,517000.0,10000.0
ICSA_weekly_level_count,2022-04-07,2021-05-08,478000.0,494000.0,16000.0
ICSA_weekly_level_count,2022-04-07,2021-05-15,444000.0,467000.0,23000.0
ICSA_weekly_level_count,2022-04-07,2021-05-22,405000.0,441000.0,36000.0
ICSA_weekly_level_count,2022-04-07,2021-05-29,388000.0,427000.0,39000.0
ICSA_weekly_level_count,2022-04-07,2021-06-05,374000.0,420000.0,46000.0
ICSA_weekly_level_count,2022-04-07,2021-06-12,418000.0,429000.0,11000.0
ICSA_weekly_level_count,2022-04-07,2021-06-19,416000.0,424000.0,8000.0
ICSA_weekly_level_count,2022-04-07,2021-06-26,368000.0,405000.0,37000.0
ICSA_weekly_level_count,2022-04-07,2021-07-03,386000.0,403000.0,17000.0
ICSA_weekly_level_count,2022-04-07,2021-07-10,368000.0,391000.0,23000.0
ICSA_weekly_level_count,2022-04-07,2021-07-24,399000.0,411000.0,12000.0
ICSA_weekly_level_count,2022-04-07,2021-07-31,387000.0,414000.0,27000.0
ICSA_weekly_level_count,2022-04-07,2021-08-07,377000.0,416000.0,39000.0
ICSA_weekly_level_count,2022-04-07,2021-08-14,349000.0,405000.0,56000.0
ICSA_weekly_level_count,2022-04-07,2021-08-21,354000.0,395000.0,41000.0
ICSA_weekly_level_count,2022-04-07,2021-08-28,345000.0,381000.0,36000.0
ICSA_weekly_level_count,2022-04-07,2021-09-04,312000.0,361000.0,49000.0
ICSA_weekly_level_count,2022-04-07,2021-09-11,335000.0,363000.0,28000.0
ICSA_weekly_level_count,2022-04-07,2021-09-18,351000.0,380000.0,29000.0
ICSA_weekly_level_count,2022-04-07,2021-09-25,364000.0,376000.0,12000.0
ICSA_weekly_level_count,2022-04-07,2021-10-02,329000.0,340000.0,11000.0
ICSA_weekly_level_count,2022-04-07,2021-10-09,296000.0,317000.0,21000.0
ICSA_weekly_level_count,2022-04-07,2021-10-16,291000.0,310000.0,19000.0
ICSA_weekly_level_count,2022-04-07,2021-10-23,283000.0,294000.0,11000.0
ICSA_weekly_level_count,2022-04-07,2021-10-30,271000.0,280000.0,9000.0
ICSA_weekly_level_count,2022-04-07,2021-11-06,269000.0,279000.0,10000.0
ICSA_weekly_level_count,2022-04-07,2021-11-13,270000.0,265000.0,-5000.0
ICSA_weekly_level_count,2022-04-07,2021-11-20,194000.0,244000.0,50000.0
ICSA_weekly_level_count,2022-04-07,2021-11-27,227000.0,240000.0,13000.0
ICSA_weekly_level_count,2022-04-07,2021-12-04,188000.0,228000.0,40000.0
ICSA_weekly_level_count,2022-04-07,2021-12-11,205000.0,228000.0,23000.0
ICSA_weekly_level_count,2022-04-07,2021-12-18,206000.0,220000.0,14000.0
ICSA_weekly_level_count,2022-04-07,2021-12-25,200000.0,211000.0,11000.0
ICSA_weekly_level_count,2022-04-07,2022-01-01,207000.0,224000.0,17000.0
ICSA_weekly_level_count,2022-04-07,2022-01-08,231000.0,238000.0,7000.0
ICSA_weekly_level_count,2022-04-07,2022-01-15,290000.0,240000.0,-50000.0
ICSA_weekly_level_count,2022-04-07,2022-01-22,261000.0,222000.0,-39000.0
ICSA_weekly_level_count,2022-04-07,2022-01-29,239000.0,214000.0,-25000.0
ICSA_weekly_level_count,2022-04-07,2022-02-05,225000.0,191000.0,-34000.0
ICSA_weekly_level_count,2022-04-07,2022-02-12,249000.0,209000.0,-40000.0
ICSA_weekly_level_count,2022-04-07,2022-02-19,233000.0,198000.0,-35000.0
ICSA_weekly_level_count,2022-04-07,2022-02-26,216000.0,182000.0,-34000.0
ICSA_weekly_level_count,2022-04-07,2022-03-05,229000.0,198000.0,-31000.0
ICSA_weekly_level_count,2022-04-07,2022-03-12,215000.0,177000.0,-38000.0
ICSA_weekly_level_count,2022-04-07,2022-03-19,188000.0,166000.0,-22000.0
ICSA_weekly_level_count,2022-04-07,2022-03-26,202000.0,171000.0,-31000.0
ICSA_weekly_level_count,2022-04-14,2022-04-02,166000.0,167000.0,1000.0
ICSA_weekly_level_count,2022-04-21,2022-04-02,167000.0,168000.0,1000.0
ICSA_weekly_level_count,2022-04-21,2022-04-09,185000.0,186000.0,1000.0
ICSA_weekly_level_count,2022-04-28,2022-04-16,184000.0,185000.0,1000.0
ICSA_weekly_level_count,2022-05-05,2022-04-23,180000.0,181000.0,1000.0
ICSA_weekly_level_count,2022-05-12,2022-04-30,200000.0,202000.0,2000.0
ICSA_weekly_level_count,2022-05-19,2022-05-07,203000.0,197000.0,-6000.0
ICSA_weekly_level_count,2022-06-02,2022-05-21,210000.0,211000.0,1000.0
ICSA_weekly_level_count,2022-06-09,2022-05-28,200000.0,202000.0,2000.0
ICSA_weekly_level_count,2022-06-16,2022-06-04,229000.0,232000.0,3000.0
ICSA_weekly_level_count,2022-06-23,2022-06-11,229000.0,231000.0,2000.0
ICSA_weekly_level_count,2022-06-30,2022-06-18,229000.0,233000.0,4000.0
ICSA_weekly_level_count,2022-07-21,2022-07-02,235000.0,236000.0,1000.0
ICSA_weekly_level_count,2022-07-28,2022-07-16,251000.0,261000.0,10000.0
ICSA_weekly_level_count,2022-08-04,2022-07-23,256000.0,254000.0,-2000.0
ICSA_weekly_level_count,2022-08-11,2022-07-23,254000.0,237000.0,-17000.0
ICSA_weekly_level_count,2022-08-11,2022-07-30,260000.0,248000.0,-12000.0
ICSA_weekly_level_count,2022-08-18,2022-08-06,262000.0,252000.0,-10000.0
ICSA_weekly_level_count,2022-08-25,2022-08-13,250000.0,245000.0,-5000.0
ICSA_weekly_level_count,2022-09-01,2022-08-20,243000.0,237000.0,-6000.0
ICSA_weekly_level_count,2022-09-08,2022-08-27,232000.0,228000.0,-4000.0
ICSA_weekly_level_count,2022-09-15,2022-09-03,222000.0,218000.0,-4000.0
ICSA_weekly_level_count,2022-09-22,2022-09-10,213000.0,208000.0,-5000.0
ICSA_weekly_level_count,2022-09-29,2022-09-17,213000.0,209000.0,-4000.0
ICSA_weekly_level_count,2022-10-06,2022-09-24,193000.0,190000.0,-3000.0
ICSA_weekly_level_count,2022-10-20,2022-10-08,228000.0,226000.0,-2000.0
ICSA_weekly_level_count,2022-11-03,2022-10-22,217000.0,218000.0,1000.0
ICSA_weekly_level_count,2022-11-10,2022-10-29,217000.0,218000.0,1000.0
ICSA_weekly_level_count,2022-11-17,2022-11-05,225000.0,226000.0,1000.0
ICSA_weekly_level_count,2022-11-23,2022-11-12,222000.0,223000.0,1000.0
ICSA_weekly_level_count,2022-12-01,2022-11-19,240000.0,241000.0,1000.0
ICSA_weekly_level_count,2022-12-08,2022-11-26,225000.0,226000.0,1000.0
ICSA_weekly_level_count,2022-12-15,2022-12-03,230000.0,231000.0,1000.0
ICSA_weekly_level_count,2022-12-22,2022-12-10,211000.0,214000.0,3000.0
ICSA_weekly_level_count,2022-12-29,2022-12-10,214000.0,212000.0,-2000.0
ICSA_weekly_level_count,2023-01-05,2022-12-24,225000.0,223000.0,-2000.0
ICSA_weekly_level_count,2023-01-12,2022-12-31,204000.0,206000.0,2000.0
ICSA_weekly_level_count,2023-01-26,2023-01-07,205000.0,206000.0,1000.0
ICSA_weekly_level_count,2023-01-26,2023-01-14,190000.0,192000.0,2000.0
ICSA_weekly_level_count,2023-02-16,2023-02-04,196000.0,195000.0,-1000.0
ICSA_weekly_level_count,2023-02-23,2023-02-11,194000.0,195000.0,1000.0
ICSA_weekly_level_count,2023-03-16,2023-03-04,211000.0,212000.0,1000.0
ICSA_weekly_level_count,2023-04-06,2020-01-04,217000.0,222000.0,5000.0
ICSA_weekly_level_count,2023-04-06,2020-01-11,203000.0,209000.0,6000.0
ICSA_weekly_level_count,2023-04-06,2020-01-18,211000.0,221000.0,10000.0
ICSA_weekly_level_count,2023-04-06,2020-01-25,200000.0,210000.0,10000.0
ICSA_weekly_level_count,2023-04-06,2020-02-01,191000.0,208000.0,17000.0
ICSA_weekly_level_count,2023-04-06,2020-02-08,186000.0,207000.0,21000.0
ICSA_weekly_level_count,2023-04-06,2020-02-15,190000.0,210000.0,20000.0
ICSA_weekly_level_count,2023-04-06,2020-02-22,196000.0,222000.0,26000.0
ICSA_weekly_level_count,2023-04-06,2020-02-29,190000.0,219000.0,29000.0
ICSA_weekly_level_count,2023-04-06,2020-03-07,186000.0,213000.0,27000.0
ICSA_weekly_level_count,2023-04-06,2020-03-14,221000.0,278000.0,57000.0
ICSA_weekly_level_count,2023-04-06,2021-06-12,429000.0,428000.0,-1000.0
ICSA_weekly_level_count,2023-04-06,2021-06-19,424000.0,422000.0,-2000.0
ICSA_weekly_level_count,2023-04-06,2021-06-26,405000.0,372000.0,-33000.0
ICSA_weekly_level_count,2023-04-06,2021-07-03,403000.0,362000.0,-41000.0
ICSA_weekly_level_count,2023-04-06,2021-07-10,391000.0,350000.0,-41000.0
ICSA_weekly_level_count,2023-04-06,2021-07-17,424000.0,379000.0,-45000.0
ICSA_weekly_level_count,2023-04-06,2021-07-24,411000.0,363000.0,-48000.0
ICSA_weekly_level_count,2023-04-06,2021-07-31,414000.0,365000.0,-49000.0
ICSA_weekly_level_count,2023-04-06,2021-08-07,416000.0,351000.0,-65000.0
ICSA_weekly_level_count,2023-04-06,2021-08-14,405000.0,356000.0,-49000.0
ICSA_weekly_level_count,2023-04-06,2021-08-21,395000.0,347000.0,-48000.0
ICSA_weekly_level_count,2023-04-06,2021-08-28,381000.0,343000.0,-38000.0
ICSA_weekly_level_count,2023-04-06,2021-09-04,361000.0,330000.0,-31000.0
ICSA_weekly_level_count,2023-04-06,2021-09-11,363000.0,332000.0,-31000.0
ICSA_weekly_level_count,2023-04-06,2021-09-18,380000.0,344000.0,-36000.0
ICSA_weekly_level_count,2023-04-06,2021-09-25,376000.0,356000.0,-20000.0
ICSA_weekly_level_count,2023-04-06,2021-10-02,340000.0,307000.0,-33000.0
ICSA_weekly_level_count,2023-04-06,2021-10-09,317000.0,289000.0,-28000.0
ICSA_weekly_level_count,2023-04-06,2021-10-16,310000.0,288000.0,-22000.0
ICSA_weekly_level_count,2023-04-06,2021-10-23,294000.0,269000.0,-25000.0
ICSA_weekly_level_count,2023-04-06,2021-10-30,280000.0,264000.0,-16000.0
ICSA_weekly_level_count,2023-04-06,2021-11-06,279000.0,257000.0,-22000.0
ICSA_weekly_level_count,2023-04-06,2021-11-13,265000.0,250000.0,-15000.0
ICSA_weekly_level_count,2023-04-06,2021-11-20,244000.0,226000.0,-18000.0
ICSA_weekly_level_count,2023-04-06,2021-11-27,240000.0,225000.0,-15000.0
ICSA_weekly_level_count,2023-04-06,2021-12-04,228000.0,216000.0,-12000.0
ICSA_weekly_level_count,2023-04-06,2021-12-11,228000.0,222000.0,-6000.0
ICSA_weekly_level_count,2023-04-06,2021-12-18,220000.0,217000.0,-3000.0
ICSA_weekly_level_count,2023-04-06,2021-12-25,211000.0,203000.0,-8000.0
ICSA_weekly_level_count,2023-04-06,2022-01-01,224000.0,228000.0,4000.0
ICSA_weekly_level_count,2023-04-06,2022-01-08,238000.0,243000.0,5000.0
ICSA_weekly_level_count,2023-04-06,2022-01-15,240000.0,251000.0,11000.0
ICSA_weekly_level_count,2023-04-06,2022-01-22,222000.0,232000.0,10000.0
ICSA_weekly_level_count,2023-04-06,2022-01-29,214000.0,233000.0,19000.0
ICSA_weekly_level_count,2023-04-06,2022-02-05,191000.0,217000.0,26000.0
ICSA_weekly_level_count,2023-04-06,2022-02-12,209000.0,232000.0,23000.0
ICSA_weekly_level_count,2023-04-06,2022-02-19,198000.0,226000.0,28000.0
ICSA_weekly_level_count,2023-04-06,2022-02-26,182000.0,213000.0,31000.0
ICSA_weekly_level_count,2023-04-06,2022-03-05,198000.0,228000.0,30000.0
ICSA_weekly_level_count,2023-04-06,2022-03-12,177000.0,216000.0,39000.0
ICSA_weekly_level_count,2023-04-06,2022-03-19,166000.0,214000.0,48000.0
ICSA_weekly_level_count,2023-04-06,2022-03-26,171000.0,214000.0,43000.0
ICSA_weekly_level_count,2023-04-06,2022-04-02,168000.0,214000.0,46000.0
ICSA_weekly_level_count,2023-04-06,2022-04-09,186000.0,222000.0,36000.0
ICSA_weekly_level_count,2023-04-06,2022-04-16,185000.0,217000.0,32000.0
ICSA_weekly_level_count,2023-04-06,2022-04-23,181000.0,207000.0,26000.0
ICSA_weekly_level_count,2023-04-06,2022-04-30,202000.0,218000.0,16000.0
ICSA_weekly_level_count,2023-04-06,2022-05-07,197000.0,210000.0,13000.0
ICSA_weekly_level_count,2023-04-06,2022-05-14,218000.0,222000.0,4000.0
ICSA_weekly_level_count,2023-04-06,2022-05-21,211000.0,215000.0,4000.0
ICSA_weekly_level_count,2023-04-06,2022-06-04,232000.0,221000.0,-11000.0
ICSA_weekly_level_count,2023-04-06,2022-06-11,231000.0,217000.0,-14000.0
ICSA_weekly_level_count,2023-04-06,2022-06-18,233000.0,216000.0,-17000.0
ICSA_weekly_level_count,2023-04-06,2022-06-25,231000.0,213000.0,-18000.0
ICSA_weekly_level_count,2023-04-06,2022-07-02,236000.0,212000.0,-24000.0
ICSA_weekly_level_count,2023-04-06,2022-07-09,244000.0,221000.0,-23000.0
ICSA_weekly_level_count,2023-04-06,2022-07-16,261000.0,213000.0,-48000.0
ICSA_weekly_level_count,2023-04-06,2022-07-23,237000.0,211000.0,-26000.0
ICSA_weekly_level_count,2023-04-06,2022-07-30,248000.0,218000.0,-30000.0
ICSA_weekly_level_count,2023-04-06,2022-08-06,252000.0,214000.0,-38000.0
ICSA_weekly_level_count,2023-04-06,2022-08-13,245000.0,213000.0,-32000.0
ICSA_weekly_level_count,2023-04-06,2022-08-20,237000.0,208000.0,-29000.0
ICSA_weekly_level_count,2023-04-06,2022-08-27,228000.0,206000.0,-22000.0
ICSA_weekly_level_count,2023-04-06,2022-09-03,218000.0,197000.0,-21000.0
ICSA_weekly_level_count,2023-04-06,2022-09-10,208000.0,192000.0,-16000.0
ICSA_weekly_level_count,2023-04-06,2022-09-17,209000.0,191000.0,-18000.0
ICSA_weekly_level_count,2023-04-06,2022-09-24,190000.0,182000.0,-8000.0
ICSA_weekly_level_count,2023-04-06,2022-10-01,219000.0,198000.0,-21000.0
ICSA_weekly_level_count,2023-04-06,2022-10-08,226000.0,206000.0,-20000.0
ICSA_weekly_level_count,2023-04-06,2022-10-15,214000.0,198000.0,-16000.0
ICSA_weekly_level_count,2023-04-06,2022-10-22,218000.0,201000.0,-17000.0
ICSA_weekly_level_count,2023-04-06,2022-10-29,218000.0,204000.0,-14000.0
ICSA_weekly_level_count,2023-04-06,2022-11-05,226000.0,207000.0,-19000.0
ICSA_weekly_level_count,2023-04-06,2022-11-12,223000.0,211000.0,-12000.0
ICSA_weekly_level_count,2023-04-06,2022-11-19,241000.0,219000.0,-22000.0
ICSA_weekly_level_count,2023-04-06,2022-11-26,226000.0,213000.0,-13000.0
ICSA_weekly_level_count,2023-04-06,2022-12-03,231000.0,216000.0,-15000.0
ICSA_weekly_level_count,2023-04-06,2022-12-10,212000.0,206000.0,-6000.0
ICSA_weekly_level_count,2023-04-06,2022-12-17,216000.0,212000.0,-4000.0
ICSA_weekly_level_count,2023-04-06,2022-12-24,223000.0,213000.0,-10000.0
ICSA_weekly_level_count,2023-04-06,2023-01-07,206000.0,205000.0,-1000.0
ICSA_weekly_level_count,2023-04-06,2023-01-14,192000.0,200000.0,8000.0
ICSA_weekly_level_count,2023-04-06,2023-01-21,186000.0,194000.0,8000.0
ICSA_weekly_level_count,2023-04-06,2023-01-28,183000.0,199000.0,16000.0
ICSA_weekly_level_count,2023-04-06,2023-02-04,195000.0,220000.0,25000.0
ICSA_weekly_level_count,2023-04-06,2023-02-11,195000.0,216000.0,21000.0
ICSA_weekly_level_count,2023-04-06,2023-02-18,192000.0,217000.0,25000.0
ICSA_weekly_level_count,2023-04-06,2023-02-25,190000.0,221000.0,31000.0
ICSA_weekly_level_count,2023-04-06,2023-03-04,212000.0,245000.0,33000.0
ICSA_weekly_level_count,2023-04-06,2023-03-11,192000.0,230000.0,38000.0
ICSA_weekly_level_count,2023-04-06,2023-03-18,191000.0,247000.0,56000.0
ICSA_weekly_level_count,2023-04-06,2023-03-25,198000.0,246000.0,48000.0
ICSA_weekly_level_count,2023-04-20,2023-04-08,239000.0,240000.0,1000.0
ICSA_weekly_level_count,2023-04-27,2023-04-15,245000.0,246000.0,1000.0
ICSA_weekly_level_count,2023-05-04,2023-04-22,230000.0,229000.0,-1000.0
ICSA_weekly_level_count,2023-05-25,2023-05-06,264000.0,231000.0,-33000.0
ICSA_weekly_level_count,2023-05-25,2023-05-13,242000.0,225000.0,-17000.0
ICSA_weekly_level_count,2023-06-01,2023-05-20,229000.0,230000.0,1000.0
ICSA_weekly_level_count,2023-06-08,2023-05-27,232000.0,233000.0,1000.0
ICSA_weekly_level_count,2023-06-15,2023-06-03,261000.0,262000.0,1000.0
ICSA_weekly_level_count,2023-06-22,2023-06-10,262000.0,264000.0,2000.0
ICSA_weekly_level_count,2023-06-29,2023-06-17,264000.0,265000.0,1000.0
ICSA_weekly_level_count,2023-07-06,2023-06-24,239000.0,236000.0,-3000.0
ICSA_weekly_level_count,2023-07-13,2023-07-01,248000.0,249000.0,1000.0
ICSA_weekly_level_count,2023-08-17,2023-08-05,248000.0,250000.0,2000.0
ICSA_weekly_level_count,2023-08-24,2023-08-12,239000.0,240000.0,1000.0
ICSA_weekly_level_count,2023-08-31,2023-08-19,230000.0,232000.0,2000.0
ICSA_weekly_level_count,2023-09-07,2023-08-26,228000.0,229000.0,1000.0
ICSA_weekly_level_count,2023-09-14,2023-09-02,216000.0,217000.0,1000.0
ICSA_weekly_level_count,2023-09-21,2023-09-09,220000.0,221000.0,1000.0
ICSA_weekly_level_count,2023-09-28,2023-09-16,201000.0,202000.0,1000.0
ICSA_weekly_level_count,2023-10-05,2023-09-23,204000.0,205000.0,1000.0
ICSA_weekly_level_count,2023-10-12,2023-09-30,207000.0,209000.0,2000.0
ICSA_weekly_level_count,2023-10-19,2023-10-07,209000.0,211000.0,2000.0
ICSA_weekly_level_count,2023-10-26,2023-10-14,198000.0,200000.0,2000.0
ICSA_weekly_level_count,2023-11-02,2023-10-21,210000.0,212000.0,2000.0
ICSA_weekly_level_count,2023-11-09,2023-10-28,217000.0,220000.0,3000.0
ICSA_weekly_level_count,2023-11-16,2023-11-04,217000.0,218000.0,1000.0
ICSA_weekly_level_count,2023-11-22,2023-11-11,231000.0,233000.0,2000.0
ICSA_weekly_level_count,2023-11-30,2023-11-18,209000.0,211000.0,2000.0
ICSA_weekly_level_count,2023-12-07,2023-11-25,218000.0,219000.0,1000.0
ICSA_weekly_level_count,2023-12-14,2023-12-02,220000.0,221000.0,1000.0
ICSA_weekly_level_count,2023-12-21,2023-12-09,202000.0,203000.0,1000.0
ICSA_weekly_level_count,2023-12-28,2023-12-16,205000.0,206000.0,1000.0
ICSA_weekly_level_count,2024-01-04,2023-12-23,218000.0,220000.0,2000.0
ICSA_weekly_level_count,2024-01-11,2023-12-30,202000.0,203000.0,1000.0
ICSA_weekly_level_count,2024-01-18,2024-01-06,202000.0,203000.0,1000.0
ICSA_weekly_level_count,2024-01-25,2024-01-13,187000.0,189000.0,2000.0
ICSA_weekly_level_count,2024-02-01,2024-01-20,214000.0,215000.0,1000.0
ICSA_weekly_level_count,2024-02-08,2024-01-27,224000.0,227000.0,3000.0
ICSA_weekly_level_count,2024-02-15,2024-02-03,218000.0,220000.0,2000.0
ICSA_weekly_level_count,2024-02-22,2024-02-10,212000.0,213000.0,1000.0
ICSA_weekly_level_count,2024-02-29,2024-02-17,201000.0,202000.0,1000.0
ICSA_weekly_level_count,2024-03-07,2024-02-24,215000.0,217000.0,2000.0
ICSA_weekly_level_count,2024-03-14,2024-02-24,217000.0,213000.0,-4000.0
ICSA_weekly_level_count,2024-03-14,2024-03-02,217000.0,210000.0,-7000.0
ICSA_weekly_level_count,2024-03-21,2020-01-11,209000.0,207000.0,-2000.0
ICSA_weekly_level_count,2024-03-21,2020-01-25,210000.0,208000.0,-2000.0
ICSA_weekly_level_count,2024-03-21,2020-02-01,208000.0,205000.0,-3000.0
ICSA_weekly_level_count,2024-03-21,2020-02-08,207000.0,202000.0,-5000.0
ICSA_weekly_level_count,2024-03-21,2020-02-15,210000.0,207000.0,-3000.0
ICSA_weekly_level_count,2024-03-21,2020-02-22,222000.0,217000.0,-5000.0
ICSA_weekly_level_count,2024-03-21,2020-02-29,219000.0,213000.0,-6000.0
ICSA_weekly_level_count,2024-03-21,2020-03-07,213000.0,207000.0,-6000.0
ICSA_weekly_level_count,2024-03-21,2020-03-14,278000.0,271000.0,-7000.0
ICSA_weekly_level_count,2024-03-21,2021-07-03,362000.0,370000.0,8000.0
ICSA_weekly_level_count,2024-03-21,2021-07-10,350000.0,339000.0,-11000.0
ICSA_weekly_level_count,2024-03-21,2021-07-17,379000.0,388000.0,9000.0
ICSA_weekly_level_count,2024-03-21,2021-07-24,363000.0,381000.0,18000.0
ICSA_weekly_level_count,2024-03-21,2021-07-31,365000.0,381000.0,16000.0
ICSA_weekly_level_count,2024-03-21,2021-08-07,351000.0,361000.0,10000.0
ICSA_weekly_level_count,2024-03-21,2021-08-14,356000.0,368000.0,12000.0
ICSA_weekly_level_count,2024-03-21,2021-08-21,347000.0,360000.0,13000.0
ICSA_weekly_level_count,2024-03-21,2021-08-28,343000.0,353000.0,10000.0
ICSA_weekly_level_count,2024-03-21,2021-09-04,330000.0,338000.0,8000.0
ICSA_weekly_level_count,2024-03-21,2021-09-11,332000.0,344000.0,12000.0
ICSA_weekly_level_count,2024-03-21,2021-09-18,344000.0,367000.0,23000.0
ICSA_weekly_level_count,2024-03-21,2021-09-25,356000.0,369000.0,13000.0
ICSA_weekly_level_count,2024-03-21,2021-10-02,307000.0,315000.0,8000.0
ICSA_weekly_level_count,2024-03-21,2021-10-09,289000.0,291000.0,2000.0
ICSA_weekly_level_count,2024-03-21,2021-10-16,288000.0,291000.0,3000.0
ICSA_weekly_level_count,2024-03-21,2021-10-23,269000.0,268000.0,-1000.0
ICSA_weekly_level_count,2024-03-21,2021-10-30,264000.0,261000.0,-3000.0
ICSA_weekly_level_count,2024-03-21,2021-11-06,257000.0,251000.0,-6000.0
ICSA_weekly_level_count,2024-03-21,2021-11-13,250000.0,248000.0,-2000.0
ICSA_weekly_level_count,2024-03-21,2021-11-20,226000.0,223000.0,-3000.0
ICSA_weekly_level_count,2024-03-21,2021-11-27,225000.0,222000.0,-3000.0
ICSA_weekly_level_count,2024-03-21,2021-12-04,216000.0,208000.0,-8000.0
ICSA_weekly_level_count,2024-03-21,2021-12-11,222000.0,228000.0,6000.0
ICSA_weekly_level_count,2024-03-21,2021-12-18,217000.0,213000.0,-4000.0
ICSA_weekly_level_count,2024-03-21,2021-12-25,203000.0,195000.0,-8000.0
ICSA_weekly_level_count,2024-03-21,2022-01-01,228000.0,225000.0,-3000.0
ICSA_weekly_level_count,2024-03-21,2022-01-08,243000.0,247000.0,4000.0
ICSA_weekly_level_count,2024-03-21,2022-01-15,251000.0,244000.0,-7000.0
ICSA_weekly_level_count,2024-03-21,2022-01-22,232000.0,237000.0,5000.0
ICSA_weekly_level_count,2024-03-21,2022-01-29,233000.0,230000.0,-3000.0
ICSA_weekly_level_count,2024-03-21,2022-02-05,217000.0,209000.0,-8000.0
ICSA_weekly_level_count,2024-03-21,2022-02-19,226000.0,222000.0,-4000.0
ICSA_weekly_level_count,2024-03-21,2022-02-26,213000.0,208000.0,-5000.0
ICSA_weekly_level_count,2024-03-21,2022-03-05,228000.0,220000.0,-8000.0
ICSA_weekly_level_count,2024-03-21,2022-03-12,216000.0,215000.0,-1000.0
ICSA_weekly_level_count,2024-03-21,2022-03-19,214000.0,206000.0,-8000.0
ICSA_weekly_level_count,2024-03-21,2022-03-26,214000.0,212000.0,-2000.0
ICSA_weekly_level_count,2024-03-21,2022-04-02,214000.0,213000.0,-1000.0
ICSA_weekly_level_count,2024-03-21,2022-04-09,222000.0,215000.0,-7000.0
ICSA_weekly_level_count,2024-03-21,2022-04-16,217000.0,209000.0,-8000.0
ICSA_weekly_level_count,2024-03-21,2022-04-23,207000.0,210000.0,3000.0
ICSA_weekly_level_count,2024-03-21,2022-04-30,218000.0,219000.0,1000.0
ICSA_weekly_level_count,2024-03-21,2022-05-07,210000.0,206000.0,-4000.0
ICSA_weekly_level_count,2024-03-21,2022-05-14,222000.0,224000.0,2000.0
ICSA_weekly_level_count,2024-03-21,2022-05-21,215000.0,212000.0,-3000.0
ICSA_weekly_level_count,2024-03-21,2022-05-28,202000.0,201000.0,-1000.0
ICSA_weekly_level_count,2024-03-21,2022-06-04,221000.0,215000.0,-6000.0
ICSA_weekly_level_count,2024-03-21,2022-06-11,217000.0,214000.0,-3000.0
ICSA_weekly_level_count,2024-03-21,2022-07-02,212000.0,214000.0,2000.0
ICSA_weekly_level_count,2024-03-21,2022-07-09,221000.0,216000.0,-5000.0
ICSA_weekly_level_count,2024-03-21,2022-07-16,213000.0,217000.0,4000.0
ICSA_weekly_level_count,2024-03-21,2022-07-23,211000.0,221000.0,10000.0
ICSA_weekly_level_count,2024-03-21,2022-07-30,218000.0,229000.0,11000.0
ICSA_weekly_level_count,2024-03-21,2022-08-06,214000.0,221000.0,7000.0
ICSA_weekly_level_count,2024-03-21,2022-08-13,213000.0,220000.0,7000.0
ICSA_weekly_level_count,2024-03-21,2022-08-20,208000.0,216000.0,8000.0
ICSA_weekly_level_count,2024-03-21,2022-08-27,206000.0,210000.0,4000.0
ICSA_weekly_level_count,2024-03-21,2022-09-03,197000.0,205000.0,8000.0
ICSA_weekly_level_count,2024-03-21,2022-09-10,192000.0,197000.0,5000.0
ICSA_weekly_level_count,2024-03-21,2022-09-17,191000.0,202000.0,11000.0
ICSA_weekly_level_count,2024-03-21,2022-09-24,182000.0,187000.0,5000.0
ICSA_weekly_level_count,2024-03-21,2022-10-01,198000.0,204000.0,6000.0
ICSA_weekly_level_count,2024-03-21,2022-10-08,206000.0,207000.0,1000.0
ICSA_weekly_level_count,2024-03-21,2022-10-15,198000.0,200000.0,2000.0
ICSA_weekly_level_count,2024-03-21,2022-10-29,204000.0,202000.0,-2000.0
ICSA_weekly_level_count,2024-03-21,2022-11-05,207000.0,204000.0,-3000.0
ICSA_weekly_level_count,2024-03-21,2022-11-12,211000.0,208000.0,-3000.0
ICSA_weekly_level_count,2024-03-21,2022-11-26,213000.0,209000.0,-4000.0
ICSA_weekly_level_count,2024-03-21,2022-12-03,216000.0,210000.0,-6000.0
ICSA_weekly_level_count,2024-03-21,2022-12-10,206000.0,211000.0,5000.0
ICSA_weekly_level_count,2024-03-21,2022-12-17,212000.0,211000.0,-1000.0
ICSA_weekly_level_count,2024-03-21,2022-12-24,213000.0,207000.0,-6000.0
ICSA_weekly_level_count,2024-03-21,2022-12-31,206000.0,203000.0,-3000.0
ICSA_weekly_level_count,2024-03-21,2023-01-07,205000.0,207000.0,2000.0
ICSA_weekly_level_count,2024-03-21,2023-01-14,200000.0,203000.0,3000.0
ICSA_weekly_level_count,2024-03-21,2023-01-21,194000.0,202000.0,8000.0
ICSA_weekly_level_count,2024-03-21,2023-02-04,220000.0,214000.0,-6000.0
ICSA_weekly_level_count,2024-03-21,2023-02-11,216000.0,217000.0,1000.0
ICSA_weekly_level_count,2024-03-21,2023-02-18,217000.0,215000.0,-2000.0
ICSA_weekly_level_count,2024-03-21,2023-02-25,221000.0,208000.0,-13000.0
ICSA_weekly_level_count,2024-03-21,2023-03-04,245000.0,227000.0,-18000.0
ICSA_weekly_level_count,2024-03-21,2023-03-11,230000.0,221000.0,-9000.0
ICSA_weekly_level_count,2024-03-21,2023-03-18,247000.0,228000.0,-19000.0
ICSA_weekly_level_count,2024-03-21,2023-03-25,246000.0,232000.0,-14000.0
ICSA_weekly_level_count,2024-03-21,2023-04-01,228000.0,216000.0,-12000.0
ICSA_weekly_level_count,2024-03-21,2023-04-08,240000.0,220000.0,-20000.0
ICSA_weekly_level_count,2024-03-21,2023-04-15,246000.0,224000.0,-22000.0
ICSA_weekly_level_count,2024-03-21,2023-04-22,229000.0,209000.0,-20000.0
ICSA_weekly_level_count,2024-03-21,2023-04-29,242000.0,214000.0,-28000.0
ICSA_weekly_level_count,2024-03-21,2023-05-06,231000.0,225000.0,-6000.0
ICSA_weekly_level_count,2024-03-21,2023-05-20,230000.0,227000.0,-3000.0
ICSA_weekly_level_count,2024-03-21,2023-05-27,233000.0,231000.0,-2000.0
ICSA_weekly_level_count,2024-03-21,2023-06-03,262000.0,255000.0,-7000.0
ICSA_weekly_level_count,2024-03-21,2023-06-10,264000.0,260000.0,-4000.0
ICSA_weekly_level_count,2024-03-21,2023-06-17,265000.0,261000.0,-4000.0
ICSA_weekly_level_count,2024-03-21,2023-06-24,236000.0,238000.0,2000.0
ICSA_weekly_level_count,2024-03-21,2023-07-01,249000.0,248000.0,-1000.0
ICSA_weekly_level_count,2024-03-21,2023-07-08,237000.0,232000.0,-5000.0
ICSA_weekly_level_count,2024-03-21,2023-07-15,228000.0,231000.0,3000.0
ICSA_weekly_level_count,2024-03-21,2023-07-22,221000.0,231000.0,10000.0
ICSA_weekly_level_count,2024-03-21,2023-07-29,227000.0,240000.0,13000.0
ICSA_weekly_level_count,2024-03-21,2023-08-05,250000.0,258000.0,8000.0
ICSA_weekly_level_count,2024-03-21,2023-08-12,240000.0,248000.0,8000.0
ICSA_weekly_level_count,2024-03-21,2023-08-19,232000.0,241000.0,9000.0
ICSA_weekly_level_count,2024-03-21,2023-08-26,229000.0,234000.0,5000.0
ICSA_weekly_level_count,2024-03-21,2023-09-02,217000.0,228000.0,11000.0
ICSA_weekly_level_count,2024-03-21,2023-09-09,221000.0,227000.0,6000.0
ICSA_weekly_level_count,2024-03-21,2023-09-16,202000.0,210000.0,8000.0
ICSA_weekly_level_count,2024-03-21,2023-09-23,205000.0,213000.0,8000.0
ICSA_weekly_level_count,2024-03-21,2023-09-30,209000.0,216000.0,7000.0
ICSA_weekly_level_count,2024-03-21,2023-10-14,200000.0,202000.0,2000.0
ICSA_weekly_level_count,2024-03-21,2023-10-21,212000.0,213000.0,1000.0
ICSA_weekly_level_count,2024-03-21,2023-10-28,220000.0,216000.0,-4000.0
ICSA_weekly_level_count,2024-03-21,2023-11-04,218000.0,216000.0,-2000.0
ICSA_weekly_level_count,2024-03-21,2023-11-11,233000.0,228000.0,-5000.0
ICSA_weekly_level_count,2024-03-21,2023-11-18,211000.0,213000.0,2000.0
ICSA_weekly_level_count,2024-03-21,2023-11-25,219000.0,213000.0,-6000.0
ICSA_weekly_level_count,2024-03-21,2023-12-02,221000.0,216000.0,-5000.0
ICSA_weekly_level_count,2024-03-21,2023-12-09,203000.0,205000.0,2000.0
ICSA_weekly_level_count,2024-03-21,2023-12-16,206000.0,207000.0,1000.0
ICSA_weekly_level_count,2024-03-21,2023-12-23,220000.0,213000.0,-7000.0
ICSA_weekly_level_count,2024-03-21,2023-12-30,203000.0,198000.0,-5000.0
ICSA_weekly_level_count,2024-03-21,2024-01-06,203000.0,198000.0,-5000.0
ICSA_weekly_level_count,2024-03-21,2024-01-13,189000.0,194000.0,5000.0
ICSA_weekly_level_count,2024-03-21,2024-01-20,215000.0,221000.0,6000.0
ICSA_weekly_level_count,2024-03-21,2024-01-27,227000.0,225000.0,-2000.0
ICSA_weekly_level_count,2024-03-21,2024-02-03,220000.0,213000.0,-7000.0
ICSA_weekly_level_count,2024-03-21,2024-02-10,213000.0,211000.0,-2000.0
ICSA_weekly_level_count,2024-03-21,2024-02-17,202000.0,200000.0,-2000.0
ICSA_weekly_level_count,2024-03-21,2024-03-09,209000.0,212000.0,3000.0
ICSA_weekly_level_count,2024-03-28,2024-03-16,210000.0,212000.0,2000.0
ICSA_weekly_level_count,2024-04-04,2024-03-23,210000.0,212000.0,2000.0
ICSA_weekly_level_count,2024-04-11,2024-03-30,221000.0,222000.0,1000.0
ICSA_weekly_level_count,2024-04-18,2024-04-06,211000.0,212000.0,1000.0
ICSA_weekly_level_count,2024-05-02,2024-04-20,207000.0,208000.0,1000.0
ICSA_weekly_level_count,2024-05-09,2024-04-27,208000.0,209000.0,1000.0
ICSA_weekly_level_count,2024-05-16,2024-05-04,231000.0,232000.0,1000.0
ICSA_weekly_level_count,2024-05-23,2024-05-11,222000.0,223000.0,1000.0
ICSA_weekly_level_count,2024-05-30,2024-05-18,215000.0,216000.0,1000.0
ICSA_weekly_level_count,2024-06-06,2024-05-25,219000.0,221000.0,2000.0
ICSA_weekly_level_count,2024-06-20,2024-06-08,242000.0,243000.0,1000.0
ICSA_weekly_level_count,2024-06-27,2024-06-15,238000.0,239000.0,1000.0
ICSA_weekly_level_count,2024-07-03,2024-06-22,233000.0,234000.0,1000.0
ICSA_weekly_level_count,2024-07-11,2024-06-29,238000.0,239000.0,1000.0
ICSA_weekly_level_count,2024-07-18,2024-07-06,222000.0,223000.0,1000.0
ICSA_weekly_level_count,2024-07-25,2024-07-13,243000.0,245000.0,2000.0
ICSA_weekly_level_count,2024-08-08,2024-07-27,249000.0,250000.0,1000.0
ICSA_weekly_level_count,2024-08-15,2024-08-03,233000.0,234000.0,1000.0
ICSA_weekly_level_count,2024-08-22,2024-08-10,227000.0,228000.0,1000.0
ICSA_weekly_level_count,2024-08-29,2024-08-17,232000.0,233000.0,1000.0
ICSA_weekly_level_count,2024-09-05,2024-08-24,231000.0,232000.0,1000.0
ICSA_weekly_level_count,2024-09-12,2024-08-31,227000.0,228000.0,1000.0
ICSA_weekly_level_count,2024-09-19,2024-09-07,230000.0,231000.0,1000.0
ICSA_weekly_level_count,2024-09-26,2024-09-14,219000.0,222000.0,3000.0
ICSA_weekly_level_count,2024-10-03,2024-09-21,218000.0,219000.0,1000.0
ICSA_weekly_level_count,2024-10-17,2024-10-05,258000.0,260000.0,2000.0
ICSA_weekly_level_count,2024-10-24,2024-10-12,241000.0,242000.0,1000.0
ICSA_weekly_level_count,2024-10-31,2024-10-19,227000.0,228000.0,1000.0
ICSA_weekly_level_count,2024-11-07,2024-10-26,216000.0,218000.0,2000.0
ICSA_weekly_level_count,2024-11-21,2024-11-09,217000.0,219000.0,2000.0
ICSA_weekly_level_count,2024-11-27,2024-11-16,213000.0,215000.0,2000.0
ICSA_weekly_level_count,2024-12-05,2024-11-23,213000.0,215000.0,2000.0
ICSA_weekly_level_count,2024-12-12,2024-11-30,224000.0,225000.0,1000.0
ICSA_weekly_level_count,2025-01-02,2024-12-21,219000.0,220000.0,1000.0
ICSA_weekly_level_count,2025-01-16,2025-01-04,201000.0,203000.0,2000.0
ICSA_weekly_level_count,2025-02-06,2025-01-25,207000.0,208000.0,1000.0
ICSA_weekly_level_count,2025-02-13,2025-02-01,219000.0,220000.0,1000.0
ICSA_weekly_level_count,2025-02-20,2025-02-08,213000.0,214000.0,1000.0
ICSA_weekly_level_count,2025-02-27,2025-02-15,219000.0,220000.0,1000.0
ICSA_weekly_level_count,2025-03-13,2025-03-01,221000.0,222000.0,1000.0
ICSA_weekly_level_count,2025-03-20,2025-03-08,220000.0,221000.0,1000.0
ICSA_weekly_level_count,2025-03-27,2020-01-04,222000.0,224000.0,2000.0
ICSA_weekly_level_count,2025-03-27,2020-01-25,208000.0,210000.0,2000.0
ICSA_weekly_level_count,2025-03-27,2020-02-01,205000.0,207000.0,2000.0
ICSA_weekly_level_count,2025-03-27,2020-02-15,207000.0,209000.0,2000.0
ICSA_weekly_level_count,2025-03-27,2020-02-22,217000.0,218000.0,1000.0
ICSA_weekly_level_count,2025-03-27,2020-02-29,213000.0,215000.0,2000.0
ICSA_weekly_level_count,2025-03-27,2020-03-07,207000.0,208000.0,1000.0
ICSA_weekly_level_count,2025-03-27,2020-03-14,271000.0,273000.0,2000.0
ICSA_weekly_level_count,2025-03-27,2021-06-26,372000.0,369000.0,-3000.0
ICSA_weekly_level_count,2025-03-27,2021-07-03,370000.0,371000.0,1000.0
ICSA_weekly_level_count,2025-03-27,2021-07-10,339000.0,332000.0,-7000.0
ICSA_weekly_level_count,2025-03-27,2021-07-17,388000.0,387000.0,-1000.0
ICSA_weekly_level_count,2025-03-27,2021-07-24,381000.0,380000.0,-1000.0
ICSA_weekly_level_count,2025-03-27,2021-07-31,381000.0,380000.0,-1000.0
ICSA_weekly_level_count,2025-03-27,2021-08-21,360000.0,358000.0,-2000.0
ICSA_weekly_level_count,2025-03-27,2021-09-04,338000.0,337000.0,-1000.0
ICSA_weekly_level_count,2025-03-27,2021-09-25,369000.0,374000.0,5000.0
ICSA_weekly_level_count,2025-03-27,2021-10-02,315000.0,314000.0,-1000.0
ICSA_weekly_level_count,2025-03-27,2021-10-09,291000.0,290000.0,-1000.0
ICSA_weekly_level_count,2025-03-27,2021-10-16,291000.0,290000.0,-1000.0
ICSA_weekly_level_count,2025-03-27,2021-10-30,261000.0,262000.0,1000.0
ICSA_weekly_level_count,2025-03-27,2021-11-13,248000.0,250000.0,2000.0
ICSA_weekly_level_count,2025-03-27,2021-12-04,208000.0,207000.0,-1000.0
ICSA_weekly_level_count,2025-03-27,2021-12-11,228000.0,227000.0,-1000.0
ICSA_weekly_level_count,2025-03-27,2021-12-18,213000.0,215000.0,2000.0
ICSA_weekly_level_count,2025-03-27,2021-12-25,195000.0,216000.0,21000.0
ICSA_weekly_level_count,2025-03-27,2022-01-01,225000.0,227000.0,2000.0
ICSA_weekly_level_count,2025-03-27,2022-01-15,244000.0,245000.0,1000.0
ICSA_weekly_level_count,2025-03-27,2022-01-22,237000.0,238000.0,1000.0
ICSA_weekly_level_count,2025-03-27,2022-01-29,230000.0,231000.0,1000.0
ICSA_weekly_level_count,2025-03-27,2022-02-05,209000.0,210000.0,1000.0
ICSA_weekly_level_count,2025-03-27,2022-02-12,232000.0,234000.0,2000.0
ICSA_weekly_level_count,2025-03-27,2022-02-19,222000.0,225000.0,3000.0
ICSA_weekly_level_count,2025-03-27,2022-02-26,208000.0,209000.0,1000.0
ICSA_weekly_level_count,2025-03-27,2022-03-05,220000.0,222000.0,2000.0
ICSA_weekly_level_count,2025-03-27,2022-03-12,215000.0,217000.0,2000.0
ICSA_weekly_level_count,2025-03-27,2022-03-19,206000.0,207000.0,1000.0
ICSA_weekly_level_count,2025-03-27,2022-03-26,212000.0,214000.0,2000.0
ICSA_weekly_level_count,2025-03-27,2022-04-02,213000.0,215000.0,2000.0
ICSA_weekly_level_count,2025-03-27,2022-04-09,215000.0,213000.0,-2000.0
ICSA_weekly_level_count,2025-03-27,2022-05-07,206000.0,204000.0,-2000.0
ICSA_weekly_level_count,2025-03-27,2022-05-14,224000.0,225000.0,1000.0
ICSA_weekly_level_count,2025-03-27,2022-05-21,212000.0,211000.0,-1000.0
ICSA_weekly_level_count,2025-03-27,2022-05-28,201000.0,200000.0,-1000.0
ICSA_weekly_level_count,2025-03-27,2022-06-04,215000.0,214000.0,-1000.0
ICSA_weekly_level_count,2025-03-27,2022-06-11,214000.0,213000.0,-1000.0
ICSA_weekly_level_count,2025-03-27,2022-06-18,216000.0,215000.0,-1000.0
ICSA_weekly_level_count,2025-03-27,2022-06-25,213000.0,212000.0,-1000.0
ICSA_weekly_level_count,2025-03-27,2022-07-02,214000.0,215000.0,1000.0
ICSA_weekly_level_count,2025-03-27,2022-07-09,216000.0,212000.0,-4000.0
ICSA_weekly_level_count,2025-03-27,2022-07-16,217000.0,216000.0,-1000.0
ICSA_weekly_level_count,2025-03-27,2022-07-23,221000.0,220000.0,-1000.0
ICSA_weekly_level_count,2025-03-27,2022-07-30,229000.0,228000.0,-1000.0
ICSA_weekly_level_count,2025-03-27,2022-08-20,216000.0,215000.0,-1000.0
ICSA_weekly_level_count,2025-03-27,2022-09-03,205000.0,204000.0,-1000.0
ICSA_weekly_level_count,2025-03-27,2022-09-17,202000.0,201000.0,-1000.0
ICSA_weekly_level_count,2025-03-27,2022-09-24,187000.0,189000.0,2000.0
ICSA_weekly_level_count,2025-03-27,2022-10-08,207000.0,206000.0,-1000.0
ICSA_weekly_level_count,2025-03-27,2022-10-15,200000.0,199000.0,-1000.0
ICSA_weekly_level_count,2025-03-27,2022-11-12,208000.0,210000.0,2000.0
ICSA_weekly_level_count,2025-03-27,2022-11-19,219000.0,220000.0,1000.0
ICSA_weekly_level_count,2025-03-27,2022-12-03,210000.0,209000.0,-1000.0
ICSA_weekly_level_count,2025-03-27,2022-12-10,211000.0,210000.0,-1000.0
ICSA_weekly_level_count,2025-03-27,2022-12-17,211000.0,213000.0,2000.0
ICSA_weekly_level_count,2025-03-27,2022-12-24,207000.0,204000.0,-3000.0
ICSA_weekly_level_count,2025-03-27,2022-12-31,203000.0,204000.0,1000.0
ICSA_weekly_level_count,2025-03-27,2023-01-07,207000.0,208000.0,1000.0
ICSA_weekly_level_count,2025-03-27,2023-01-21,202000.0,203000.0,1000.0
ICSA_weekly_level_count,2025-03-27,2023-01-28,199000.0,200000.0,1000.0
ICSA_weekly_level_count,2025-03-27,2023-02-04,214000.0,215000.0,1000.0
ICSA_weekly_level_count,2025-03-27,2023-02-11,217000.0,219000.0,2000.0
ICSA_weekly_level_count,2025-03-27,2023-02-18,215000.0,217000.0,2000.0
ICSA_weekly_level_count,2025-03-27,2023-02-25,208000.0,209000.0,1000.0
ICSA_weekly_level_count,2025-03-27,2023-03-04,227000.0,229000.0,2000.0
ICSA_weekly_level_count,2025-03-27,2023-03-11,221000.0,222000.0,1000.0
ICSA_weekly_level_count,2025-03-27,2023-03-18,228000.0,230000.0,2000.0
ICSA_weekly_level_count,2025-03-27,2023-03-25,232000.0,234000.0,2000.0
ICSA_weekly_level_count,2025-03-27,2023-04-01,216000.0,217000.0,1000.0
ICSA_weekly_level_count,2025-03-27,2023-04-08,220000.0,219000.0,-1000.0
ICSA_weekly_level_count,2025-03-27,2023-04-15,224000.0,223000.0,-1000.0
ICSA_weekly_level_count,2025-03-27,2023-04-22,209000.0,210000.0,1000.0
ICSA_weekly_level_count,2025-03-27,2023-05-06,225000.0,223000.0,-2000.0
ICSA_weekly_level_count,2025-03-27,2023-05-27,231000.0,230000.0,-1000.0
ICSA_weekly_level_count,2025-03-27,2023-06-03,255000.0,253000.0,-2000.0
ICSA_weekly_level_count,2025-03-27,2023-06-10,260000.0,258000.0,-2000.0
ICSA_weekly_level_count,2025-03-27,2023-06-17,261000.0,260000.0,-1000.0
ICSA_weekly_level_count,2025-03-27,2023-06-24,238000.0,236000.0,-2000.0
ICSA_weekly_level_count,2025-03-27,2023-07-08,232000.0,229000.0,-3000.0
ICSA_weekly_level_count,2025-03-27,2023-07-15,231000.0,228000.0,-3000.0
ICSA_weekly_level_count,2025-03-27,2023-07-29,240000.0,238000.0,-2000.0
ICSA_weekly_level_count,2025-03-27,2023-08-19,241000.0,240000.0,-1000.0
ICSA_weekly_level_count,2025-03-27,2023-09-02,228000.0,227000.0,-1000.0
ICSA_weekly_level_count,2025-03-27,2023-09-23,213000.0,215000.0,2000.0
ICSA_weekly_level_count,2025-03-27,2023-10-07,211000.0,210000.0,-1000.0
ICSA_weekly_level_count,2025-03-27,2023-10-14,202000.0,200000.0,-2000.0
ICSA_weekly_level_count,2025-03-27,2023-10-21,213000.0,214000.0,1000.0
ICSA_weekly_level_count,2025-03-27,2023-10-28,216000.0,217000.0,1000.0
ICSA_weekly_level_count,2025-03-27,2023-11-11,228000.0,229000.0,1000.0
ICSA_weekly_level_count,2025-03-27,2023-11-25,213000.0,214000.0,1000.0
ICSA_weekly_level_count,2025-03-27,2023-12-09,205000.0,204000.0,-1000.0
ICSA_weekly_level_count,2025-03-27,2023-12-16,207000.0,209000.0,2000.0
ICSA_weekly_level_count,2025-03-27,2023-12-23,213000.0,210000.0,-3000.0
ICSA_weekly_level_count,2025-03-27,2024-01-06,198000.0,199000.0,1000.0
ICSA_weekly_level_count,2025-03-27,2024-01-13,194000.0,193000.0,-1000.0
ICSA_weekly_level_count,2025-03-27,2024-01-20,221000.0,223000.0,2000.0
ICSA_weekly_level_count,2025-03-27,2024-02-03,213000.0,214000.0,1000.0
ICSA_weekly_level_count,2025-03-27,2024-02-10,211000.0,212000.0,1000.0
ICSA_weekly_level_count,2025-03-27,2024-02-17,200000.0,203000.0,3000.0
ICSA_weekly_level_count,2025-03-27,2024-02-24,213000.0,214000.0,1000.0
ICSA_weekly_level_count,2025-03-27,2024-03-02,210000.0,212000.0,2000.0
ICSA_weekly_level_count,2025-03-27,2024-03-09,212000.0,213000.0,1000.0
ICSA_weekly_level_count,2025-03-27,2024-03-16,212000.0,213000.0,1000.0
ICSA_weekly_level_count,2025-03-27,2024-03-23,212000.0,214000.0,2000.0
ICSA_weekly_level_count,2025-03-27,2024-03-30,222000.0,223000.0,1000.0
ICSA_weekly_level_count,2025-03-27,2024-04-13,212000.0,211000.0,-1000.0
ICSA_weekly_level_count,2025-03-27,2024-04-20,208000.0,209000.0,1000.0
ICSA_weekly_level_count,2025-03-27,2024-05-04,232000.0,229000.0,-3000.0
ICSA_weekly_level_count,2025-03-27,2024-05-11,223000.0,222000.0,-1000.0
ICSA_weekly_level_count,2025-03-27,2024-06-08,243000.0,241000.0,-2000.0
ICSA_weekly_level_count,2025-03-27,2024-06-15,239000.0,237000.0,-2000.0
ICSA_weekly_level_count,2025-03-27,2024-06-22,234000.0,233000.0,-1000.0
ICSA_weekly_level_count,2025-03-27,2024-06-29,239000.0,238000.0,-1000.0
ICSA_weekly_level_count,2025-03-27,2024-07-06,223000.0,222000.0,-1000.0
ICSA_weekly_level_count,2025-03-27,2024-07-13,245000.0,240000.0,-5000.0
ICSA_weekly_level_count,2025-03-27,2024-07-20,235000.0,236000.0,1000.0
ICSA_weekly_level_count,2025-03-27,2024-07-27,250000.0,248000.0,-2000.0
ICSA_weekly_level_count,2025-03-27,2024-08-17,233000.0,232000.0,-1000.0
ICSA_weekly_level_count,2025-03-27,2024-09-07,231000.0,230000.0,-1000.0
ICSA_weekly_level_count,2025-03-27,2024-09-21,219000.0,221000.0,2000.0
ICSA_weekly_level_count,2025-03-27,2024-09-28,225000.0,227000.0,2000.0
ICSA_weekly_level_count,2025-03-27,2024-10-05,260000.0,259000.0,-1000.0
ICSA_weekly_level_count,2025-03-27,2024-10-12,242000.0,240000.0,-2000.0
ICSA_weekly_level_count,2025-03-27,2024-11-16,215000.0,216000.0,1000.0
ICSA_weekly_level_count,2025-03-27,2024-11-23,215000.0,216000.0,1000.0
ICSA_weekly_level_count,2025-03-27,2024-12-07,242000.0,239000.0,-3000.0
ICSA_weekly_level_count,2025-03-27,2024-12-14,220000.0,222000.0,2000.0
ICSA_weekly_level_count,2025-03-27,2024-12-21,220000.0,219000.0,-1000.0
ICSA_weekly_level_count,2025-03-27,2024-12-28,211000.0,209000.0,-2000.0
ICSA_weekly_level_count,2025-03-27,2025-01-04,203000.0,205000.0,2000.0
ICSA_weekly_level_count,2025-03-27,2025-01-18,223000.0,222000.0,-1000.0
ICSA_weekly_level_count,2025-03-27,2025-01-25,208000.0,210000.0,2000.0
ICSA_weekly_level_count,2025-03-27,2025-02-01,220000.0,222000.0,2000.0
ICSA_weekly_level_count,2025-03-27,2025-02-08,214000.0,215000.0,1000.0
ICSA_weekly_level_count,2025-03-27,2025-02-15,220000.0,224000.0,4000.0
ICSA_weekly_level_count,2025-03-27,2025-02-22,242000.0,243000.0,1000.0
ICSA_weekly_level_count,2025-03-27,2025-03-01,222000.0,224000.0,2000.0
ICSA_weekly_level_count,2025-03-27,2025-03-08,221000.0,223000.0,2000.0
ICSA_weekly_level_count,2025-03-27,2025-03-15,223000.0,225000.0,2000.0
ICSA_weekly_level_count,2025-04-03,2025-03-22,224000.0,225000.0,1000.0
ICSA_weekly_level_count,2025-04-17,2025-04-05,223000.0,224000.0,1000.0
ICSA_weekly_level_count,2025-04-24,2025-04-12,215000.0,216000.0,1000.0
ICSA_weekly_level_count,2025-05-01,2025-04-19,222000.0,223000.0,1000.0
ICSA_weekly_level_count,2025-05-15,2025-05-03,228000.0,229000.0,1000.0
ICSA_weekly_level_count,2025-05-29,2025-05-10,229000.0,228000.0,-1000.0
ICSA_weekly_level_count,2025-05-29,2025-05-17,227000.0,226000.0,-1000.0
ICSA_weekly_level_count,2025-06-05,2025-05-24,240000.0,239000.0,-1000.0
ICSA_weekly_level_count,2025-06-12,2025-05-31,247000.0,248000.0,1000.0
ICSA_weekly_level_count,2025-06-18,2025-06-07,248000.0,250000.0,2000.0
ICSA_weekly_level_count,2025-06-26,2025-06-14,245000.0,246000.0,1000.0
ICSA_weekly_level_count,2025-07-03,2025-06-21,236000.0,237000.0,1000.0
ICSA_weekly_level_count,2025-07-10,2025-06-28,233000.0,232000.0,-1000.0
ICSA_weekly_level_count,2025-07-17,2025-07-05,227000.0,228000.0,1000.0
ICSA_weekly_level_count,2025-08-07,2025-07-26,218000.0,219000.0,1000.0
ICSA_weekly_level_count,2025-08-14,2025-08-02,226000.0,227000.0,1000.0
ICSA_weekly_level_count,2025-08-28,2025-08-16,235000.0,234000.0,-1000.0
ICSA_weekly_level_count,2025-09-11,2025-08-30,237000.0,236000.0,-1000.0
ICSA_weekly_level_count,2025-09-18,2025-09-06,263000.0,264000.0,1000.0
ICSA_weekly_level_count,2025-09-25,2025-09-13,231000.0,232000.0,1000.0
ICSA_weekly_level_count,2025-11-20,2025-09-20,218000.0,219000.0,1000.0
ICSA_weekly_level_count,2025-11-26,2025-11-15,220000.0,222000.0,2000.0
ICSA_weekly_level_count,2025-12-04,2025-11-22,216000.0,218000.0,2000.0
ICSA_weekly_level_count,2025-12-11,2025-11-22,218000.0,217000.0,-1000.0
ICSA_weekly_level_count,2025-12-11,2025-11-29,191000.0,192000.0,1000.0
ICSA_weekly_level_count,2025-12-18,2025-12-06,236000.0,237000.0,1000.0
ICSA_weekly_level_count,2025-12-31,2025-12-20,214000.0,215000.0,1000.0
ICSA_weekly_level_count,2026-01-08,2025-12-27,199000.0,200000.0,1000.0
ICSA_weekly_level_count,2026-01-15,2026-01-03,208000.0,207000.0,-1000.0
ICSA_weekly_level_count,2026-01-22,2026-01-10,198000.0,199000.0,1000.0
ICSA_weekly_level_count,2026-01-29,2026-01-17,200000.0,210000.0,10000.0
ICSA_weekly_level_count,2026-02-12,2026-01-31,231000.0,232000.0,1000.0
ICSA_weekly_level_count,2026-02-19,2026-02-07,227000.0,229000.0,2000.0
ICSA_weekly_level_count,2026-02-26,2026-02-14,206000.0,208000.0,2000.0
ICSA_weekly_level_count,2026-03-05,2025-05-31,248000.0,246000.0,-2000.0
ICSA_weekly_level_count,2026-03-05,2025-06-07,250000.0,248000.0,-2000.0
ICSA_weekly_level_count,2026-03-05,2026-02-21,212000.0,213000.0,1000.0
ICSA_weekly_level_count,2026-03-12,2026-02-28,213000.0,214000.0,1000.0
ICSA_weekly_level_count,2026-03-19,2021-06-26,369000.0,368000.0,-1000.0
ICSA_weekly_level_count,2026-03-19,2021-07-10,332000.0,333000.0,1000.0
ICSA_weekly_level_count,2026-03-19,2021-07-31,380000.0,379000.0,-1000.0
ICSA_weekly_level_count,2026-03-19,2021-08-14,368000.0,367000.0,-1000.0
ICSA_weekly_level_count,2026-03-19,2021-09-04,337000.0,335000.0,-2000.0
ICSA_weekly_level_count,2026-03-19,2021-09-11,344000.0,342000.0,-2000.0
ICSA_weekly_level_count,2026-03-19,2021-09-25,374000.0,375000.0,1000.0
ICSA_weekly_level_count,2026-03-19,2021-10-02,314000.0,312000.0,-2000.0
ICSA_weekly_level_count,2026-03-19,2021-10-09,290000.0,291000.0,1000.0
ICSA_weekly_level_count,2026-03-19,2021-10-16,290000.0,289000.0,-1000.0
ICSA_weekly_level_count,2026-03-19,2021-10-23,268000.0,269000.0,1000.0
ICSA_weekly_level_count,2026-03-19,2021-10-30,262000.0,261000.0,-1000.0
ICSA_weekly_level_count,2026-03-19,2021-11-20,223000.0,224000.0,1000.0
ICSA_weekly_level_count,2026-03-19,2021-11-27,222000.0,221000.0,-1000.0
ICSA_weekly_level_count,2026-03-19,2021-12-04,207000.0,206000.0,-1000.0
ICSA_weekly_level_count,2026-03-19,2021-12-25,216000.0,217000.0,1000.0
ICSA_weekly_level_count,2026-03-19,2022-01-01,227000.0,229000.0,2000.0
ICSA_weekly_level_count,2026-03-19,2022-01-08,247000.0,250000.0,3000.0
ICSA_weekly_level_count,2026-03-19,2022-01-15,245000.0,246000.0,1000.0
ICSA_weekly_level_count,2026-03-19,2022-01-22,238000.0,240000.0,2000.0
ICSA_weekly_level_count,2026-03-19,2022-02-19,225000.0,224000.0,-1000.0
ICSA_weekly_level_count,2026-03-19,2022-02-26,209000.0,208000.0,-1000.0
ICSA_weekly_level_count,2026-03-19,2022-04-02,215000.0,214000.0,-1000.0
ICSA_weekly_level_count,2026-03-19,2022-04-09,213000.0,214000.0,1000.0
ICSA_weekly_level_count,2026-03-19,2022-04-16,209000.0,210000.0,1000.0
ICSA_weekly_level_count,2026-03-19,2022-04-23,210000.0,209000.0,-1000.0
ICSA_weekly_level_count,2026-03-19,2022-04-30,219000.0,218000.0,-1000.0
ICSA_weekly_level_count,2026-03-19,2022-05-28,200000.0,199000.0,-1000.0
ICSA_weekly_level_count,2026-03-19,2022-06-04,214000.0,213000.0,-1000.0
ICSA_weekly_level_count,2026-03-19,2022-06-11,213000.0,211000.0,-2000.0
ICSA_weekly_level_count,2026-03-19,2022-06-18,215000.0,214000.0,-1000.0
ICSA_weekly_level_count,2026-03-19,2022-07-02,215000.0,214000.0,-1000.0
ICSA_weekly_level_count,2026-03-19,2022-07-23,220000.0,221000.0,1000.0
ICSA_weekly_level_count,2026-03-19,2022-09-03,204000.0,203000.0,-1000.0
ICSA_weekly_level_count,2026-03-19,2022-09-10,197000.0,195000.0,-2000.0
ICSA_weekly_level_count,2026-03-19,2022-09-17,201000.0,202000.0,1000.0
ICSA_weekly_level_count,2026-03-19,2022-09-24,189000.0,190000.0,1000.0
ICSA_weekly_level_count,2026-03-19,2022-10-01,204000.0,203000.0,-1000.0
ICSA_weekly_level_count,2026-03-19,2022-10-08,206000.0,207000.0,1000.0
ICSA_weekly_level_count,2026-03-19,2022-10-22,201000.0,202000.0,1000.0
ICSA_weekly_level_count,2026-03-19,2022-12-10,210000.0,209000.0,-1000.0
ICSA_weekly_level_count,2026-03-19,2022-12-24,204000.0,205000.0,1000.0
ICSA_weekly_level_count,2026-03-19,2022-12-31,204000.0,205000.0,1000.0
ICSA_weekly_level_count,2026-03-19,2023-01-07,208000.0,210000.0,2000.0
ICSA_weekly_level_count,2026-03-19,2023-01-14,203000.0,204000.0,1000.0
ICSA_weekly_level_count,2026-03-19,2023-01-21,203000.0,204000.0,1000.0
ICSA_weekly_level_count,2026-03-19,2023-02-11,219000.0,220000.0,1000.0
ICSA_weekly_level_count,2026-03-19,2023-02-25,209000.0,207000.0,-2000.0
ICSA_weekly_level_count,2026-03-19,2023-03-04,229000.0,230000.0,1000.0
ICSA_weekly_level_count,2026-03-19,2023-04-08,219000.0,220000.0,1000.0
ICSA_weekly_level_count,2026-03-19,2023-04-22,210000.0,209000.0,-1000.0
ICSA_weekly_level_count,2026-03-19,2023-04-29,214000.0,213000.0,-1000.0
ICSA_weekly_level_count,2026-03-19,2023-05-27,230000.0,229000.0,-1000.0
ICSA_weekly_level_count,2026-03-19,2023-06-03,253000.0,252000.0,-1000.0
ICSA_weekly_level_count,2026-03-19,2023-06-10,258000.0,256000.0,-2000.0
ICSA_weekly_level_count,2026-03-19,2023-06-17,260000.0,259000.0,-1000.0
ICSA_weekly_level_count,2026-03-19,2023-07-08,229000.0,230000.0,1000.0
ICSA_weekly_level_count,2026-03-19,2023-07-15,228000.0,229000.0,1000.0
ICSA_weekly_level_count,2026-03-19,2023-09-02,227000.0,225000.0,-2000.0
ICSA_weekly_level_count,2026-03-19,2023-09-09,227000.0,225000.0,-2000.0
ICSA_weekly_level_count,2026-03-19,2023-09-16,210000.0,211000.0,1000.0
ICSA_weekly_level_count,2026-03-19,2023-09-23,215000.0,216000.0,1000.0
ICSA_weekly_level_count,2026-03-19,2023-11-11,229000.0,230000.0,1000.0
ICSA_weekly_level_count,2026-03-19,2023-11-25,214000.0,213000.0,-1000.0
ICSA_weekly_level_count,2026-03-19,2023-12-02,216000.0,215000.0,-1000.0
ICSA_weekly_level_count,2026-03-19,2023-12-09,204000.0,203000.0,-1000.0
ICSA_weekly_level_count,2026-03-19,2023-12-23,210000.0,212000.0,2000.0
ICSA_weekly_level_count,2026-03-19,2023-12-30,198000.0,200000.0,2000.0
ICSA_weekly_level_count,2026-03-19,2024-01-06,199000.0,201000.0,2000.0
ICSA_weekly_level_count,2026-03-19,2024-01-13,193000.0,195000.0,2000.0
ICSA_weekly_level_count,2026-03-19,2024-01-20,223000.0,224000.0,1000.0
ICSA_weekly_level_count,2026-03-19,2024-01-27,225000.0,226000.0,1000.0
ICSA_weekly_level_count,2026-03-19,2024-02-03,214000.0,213000.0,-1000.0
ICSA_weekly_level_count,2026-03-19,2024-02-10,212000.0,213000.0,1000.0
ICSA_weekly_level_count,2026-03-19,2024-02-17,203000.0,202000.0,-1000.0
ICSA_weekly_level_count,2026-03-19,2024-02-24,214000.0,212000.0,-2000.0
ICSA_weekly_level_count,2026-03-19,2024-03-02,212000.0,213000.0,1000.0
ICSA_weekly_level_count,2026-03-19,2024-04-06,212000.0,213000.0,1000.0
ICSA_weekly_level_count,2026-03-19,2024-04-13,211000.0,212000.0,1000.0
ICSA_weekly_level_count,2026-03-19,2024-04-27,209000.0,207000.0,-2000.0
ICSA_weekly_level_count,2026-03-19,2024-05-04,229000.0,230000.0,1000.0
ICSA_weekly_level_count,2026-03-19,2024-05-25,221000.0,220000.0,-1000.0
ICSA_weekly_level_count,2026-03-19,2024-06-01,229000.0,227000.0,-2000.0
ICSA_weekly_level_count,2026-03-19,2024-06-08,241000.0,240000.0,-1000.0
ICSA_weekly_level_count,2026-03-19,2024-06-15,237000.0,236000.0,-1000.0
ICSA_weekly_level_count,2026-03-19,2024-07-06,222000.0,223000.0,1000.0
ICSA_weekly_level_count,2026-03-19,2024-07-13,240000.0,241000.0,1000.0
ICSA_weekly_level_count,2026-03-19,2024-07-20,236000.0,237000.0,1000.0
ICSA_weekly_level_count,2026-03-19,2024-08-31,228000.0,227000.0,-1000.0
ICSA_weekly_level_count,2026-03-19,2024-09-07,230000.0,227000.0,-3000.0
ICSA_weekly_level_count,2026-03-19,2024-09-14,222000.0,223000.0,1000.0
ICSA_weekly_level_count,2026-03-19,2024-10-05,259000.0,258000.0,-1000.0
ICSA_weekly_level_count,2026-03-19,2024-10-12,240000.0,241000.0,1000.0
ICSA_weekly_level_count,2026-03-19,2024-10-19,228000.0,227000.0,-1000.0
ICSA_weekly_level_count,2026-03-19,2024-10-26,218000.0,219000.0,1000.0
ICSA_weekly_level_count,2026-03-19,2024-11-09,219000.0,218000.0,-1000.0
ICSA_weekly_level_count,2026-03-19,2024-11-23,216000.0,219000.0,3000.0
ICSA_weekly_level_count,2026-03-19,2024-11-30,225000.0,222000.0,-3000.0
ICSA_weekly_level_count,2026-03-19,2024-12-07,239000.0,238000.0,-1000.0
ICSA_weekly_level_count,2026-03-19,2024-12-28,209000.0,212000.0,3000.0
ICSA_weekly_level_count,2026-03-19,2025-01-04,205000.0,206000.0,1000.0
ICSA_weekly_level_count,2026-03-19,2025-01-11,217000.0,219000.0,2000.0
ICSA_weekly_level_count,2026-03-19,2025-01-18,222000.0,223000.0,1000.0
ICSA_weekly_level_count,2026-03-19,2025-01-25,210000.0,212000.0,2000.0
ICSA_weekly_level_count,2026-03-19,2025-02-01,222000.0,220000.0,-2000.0
ICSA_weekly_level_count,2026-03-19,2025-02-08,215000.0,216000.0,1000.0
ICSA_weekly_level_count,2026-03-19,2025-02-15,224000.0,223000.0,-1000.0
ICSA_weekly_level_count,2026-03-19,2025-02-22,243000.0,241000.0,-2000.0
ICSA_weekly_level_count,2026-03-19,2025-03-08,223000.0,222000.0,-1000.0
ICSA_weekly_level_count,2026-03-19,2025-03-22,225000.0,224000.0,-1000.0
ICSA_weekly_level_count,2026-03-19,2025-03-29,219000.0,220000.0,1000.0
ICSA_weekly_level_count,2026-03-19,2025-04-05,224000.0,223000.0,-1000.0
ICSA_weekly_level_count,2026-03-19,2025-04-12,216000.0,217000.0,1000.0
ICSA_weekly_level_count,2026-03-19,2025-04-19,223000.0,224000.0,1000.0
ICSA_weekly_level_count,2026-03-19,2025-04-26,241000.0,239000.0,-2000.0
ICSA_weekly_level_count,2026-03-19,2025-05-03,229000.0,228000.0,-1000.0
ICSA_weekly_level_count,2026-03-19,2025-05-10,228000.0,226000.0,-2000.0
ICSA_weekly_level_count,2026-03-19,2025-05-17,226000.0,225000.0,-1000.0
ICSA_weekly_level_count,2026-03-19,2025-05-24,239000.0,236000.0,-3000.0
ICSA_weekly_level_count,2026-03-19,2025-05-31,246000.0,244000.0,-2000.0
ICSA_weekly_level_count,2026-03-19,2025-06-07,248000.0,246000.0,-2000.0
ICSA_weekly_level_count,2026-03-19,2025-06-14,246000.0,243000.0,-3000.0
ICSA_weekly_level_count,2026-03-19,2025-06-21,237000.0,236000.0,-1000.0
ICSA_weekly_level_count,2026-03-19,2025-06-28,232000.0,231000.0,-1000.0
ICSA_weekly_level_count,2026-03-19,2025-07-19,217000.0,218000.0,1000.0
ICSA_weekly_level_count,2026-03-19,2025-08-02,227000.0,226000.0,-1000.0
ICSA_weekly_level_count,2026-03-19,2025-08-16,234000.0,233000.0,-1000.0
ICSA_weekly_level_count,2026-03-19,2025-09-06,264000.0,259000.0,-5000.0
ICSA_weekly_level_count,2026-03-19,2025-09-13,232000.0,233000.0,1000.0
ICSA_weekly_level_count,2026-03-19,2025-09-27,224000.0,225000.0,1000.0
ICSA_weekly_level_count,2026-03-19,2025-10-04,235000.0,233000.0,-2000.0
ICSA_weekly_level_count,2026-03-19,2025-10-11,220000.0,222000.0,2000.0
ICSA_weekly_level_count,2026-03-19,2025-10-18,232000.0,231000.0,-1000.0
ICSA_weekly_level_count,2026-03-19,2025-10-25,220000.0,221000.0,1000.0
ICSA_weekly_level_count,2026-03-19,2025-11-01,229000.0,228000.0,-1000.0
ICSA_weekly_level_count,2026-03-19,2025-11-22,217000.0,218000.0,1000.0
ICSA_weekly_level_count,2026-03-19,2025-11-29,192000.0,216000.0,24000.0
ICSA_weekly_level_count,2026-03-19,2025-12-06,237000.0,235000.0,-2000.0
ICSA_weekly_level_count,2026-03-19,2025-12-27,200000.0,203000.0,3000.0
ICSA_weekly_level_count,2026-03-19,2026-01-10,199000.0,201000.0,2000.0
ICSA_weekly_level_count,2026-03-19,2026-01-24,209000.0,211000.0,2000.0
ICSA_weekly_level_count,2026-03-19,2026-01-31,232000.0,230000.0,-2000.0
ICSA_weekly_level_count,2026-03-19,2026-02-07,229000.0,230000.0,1000.0
ICSA_weekly_level_count,2026-03-19,2026-02-21,213000.0,211000.0,-2000.0
ICSA_weekly_level_count,2026-04-02,2026-03-21,210000.0,211000.0,1000.0
ICSA_weekly_level_count,2026-04-09,2026-03-28,202000.0,203000.0,1000.0
ICSA_weekly_level_count,2026-04-16,2026-04-04,219000.0,218000.0,-1000.0
ICSA_weekly_level_count,2026-04-23,2026-04-11,207000.0,208000.0,1000.0
ICSA_weekly_level_count,2026-04-30,2026-04-18,214000.0,215000.0,1000.0
ICSA_weekly_level_count,2026-05-07,2026-04-25,189000.0,190000.0,1000.0
ICSA_weekly_level_count,2026-05-14,2026-05-02,200000.0,199000.0,-1000.0
ICSA_weekly_level_count,2026-05-21,2026-05-09,211000.0,212000.0,1000.0
ICSA_weekly_level_count,2026-05-28,2026-05-16,209000.0,210000.0,1000.0
ICSA_weekly_level_count,2026-06-04,2026-05-23,215000.0,212000.0,-3000.0
ICSA_weekly_level_count,2026-06-18,2026-06-06,229000.0,230000.0,1000.0
ICSA_weekly_level_count,2026-06-25,2026-06-13,226000.0,227000.0,1000.0
ICSA_weekly_level_count,2026-07-02,2026-06-20,215000.0,216000.0,1000.0
ICSA_weekly_level_count,2026-07-09,2026-06-27,215000.0,217000.0,2000.0
ICSA_weekly_level_count,2026-07-16,2026-07-04,215000.0,216000.0,1000.0
ICSA_weekly_level_count,2026-07-23,2026-07-04,216000.0,217000.0,1000.0
ICSA_weekly_level_count,2026-07-23,2026-07-11,208000.0,209000.0,1000.0
ICSA_weekly_level_count,2026-07-30,2026-07-18,187000.0,188000.0,1000.0
PAYEMS_monthly_change_thousands,2020-03-06,2020-01-01,225.0,273.0,48.0
PAYEMS_monthly_change_thousands,2020-04-03,2020-01-01,273.0,214.0,-59.0
PAYEMS_monthly_change_thousands,2020-04-03,2020-02-01,273.0,275.0,2.0
PAYEMS_monthly_change_thousands,2020-05-08,2020-02-01,275.0,230.0,-45.0
PAYEMS_monthly_change_thousands,2020-05-08,2020-03-01,-701.0,-870.0,-169.0
PAYEMS_monthly_change_thousands,2020-05-11,2020-02-01,230.0,251.0,21.0
PAYEMS_monthly_change_thousands,2020-05-11,2020-03-01,-870.0,-881.0,-11.0
PAYEMS_monthly_change_thousands,2020-05-11,2020-04-01,-20500.0,-20537.0,-37.0
PAYEMS_monthly_change_thousands,2020-06-05,2020-03-01,-881.0,-1373.0,-492.0
PAYEMS_monthly_change_thousands,2020-06-05,2020-04-01,-20537.0,-20687.0,-150.0
PAYEMS_monthly_change_thousands,2020-07-02,2020-04-01,-20687.0,-20787.0,-100.0
PAYEMS_monthly_change_thousands,2020-07-02,2020-05-01,2509.0,2699.0,190.0
PAYEMS_monthly_change_thousands,2020-08-07,2020-05-01,2699.0,2725.0,26.0
PAYEMS_monthly_change_thousands,2020-08-07,2020-06-01,4800.0,4791.0,-9.0
PAYEMS_monthly_change_thousands,2020-09-04,2020-06-01,4791.0,4781.0,-10.0
PAYEMS_monthly_change_thousands,2020-09-04,2020-07-01,1763.0,1734.0,-29.0
PAYEMS_monthly_change_thousands,2020-10-02,2020-07-01,1734.0,1761.0,27.0
PAYEMS_monthly_change_thousands,2020-10-02,2020-08-01,1371.0,1489.0,118.0
PAYEMS_monthly_change_thousands,2020-11-06,2020-08-01,1489.0,1493.0,4.0
PAYEMS_monthly_change_thousands,2020-11-06,2020-09-01,661.0,672.0,11.0
PAYEMS_monthly_change_thousands,2020-12-04,2020-09-01,672.0,711.0,39.0
PAYEMS_monthly_change_thousands,2020-12-04,2020-10-01,638.0,610.0,-28.0
PAYEMS_monthly_change_thousands,2021-01-08,2020-10-01,610.0,654.0,44.0
PAYEMS_monthly_change_thousands,2021-01-08,2020-11-01,245.0,336.0,91.0
PAYEMS_monthly_change_thousands,2021-02-05,2020-01-01,214.0,315.0,101.0
PAYEMS_monthly_change_thousands,2021-02-05,2020-02-01,251.0,289.0,38.0
PAYEMS_monthly_change_thousands,2021-02-05,2020-03-01,-1373.0,-1683.0,-310.0
PAYEMS_monthly_change_thousands,2021-02-05,2020-04-01,-20787.0,-20679.0,108.0
PAYEMS_monthly_change_thousands,2021-02-05,2020-05-01,2725.0,2833.0,108.0
PAYEMS_monthly_change_thousands,2021-02-05,2020-06-01,4781.0,4846.0,65.0
PAYEMS_monthly_change_thousands,2021-02-05,2020-07-01,1761.0,1726.0,-35.0
PAYEMS_monthly_change_thousands,2021-02-05,2020-08-01,1493.0,1583.0,90.0
PAYEMS_monthly_change_thousands,2021-02-05,2020-09-01,711.0,716.0,5.0
PAYEMS_monthly_change_thousands,2021-02-05,2020-10-01,654.0,680.0,26.0
PAYEMS_monthly_change_thousands,2021-02-05,2020-11-01,336.0,264.0,-72.0
PAYEMS_monthly_change_thousands,2021-02-05,2020-12-01,-140.0,-227.0,-87.0
PAYEMS_monthly_change_thousands,2021-03-05,2020-12-01,-227.0,-306.0,-79.0
PAYEMS_monthly_change_thousands,2021-03-05,2021-01-01,49.0,166.0,117.0
PAYEMS_monthly_change_thousands,2021-04-02,2021-01-01,166.0,233.0,67.0
PAYEMS_monthly_change_thousands,2021-04-02,2021-02-01,379.0,468.0,89.0
PAYEMS_monthly_change_thousands,2021-05-07,2021-02-01,468.0,536.0,68.0
PAYEMS_monthly_change_thousands,2021-05-07,2021-03-01,916.0,770.0,-146.0
PAYEMS_monthly_change_thousands,2021-06-04,2021-03-01,770.0,785.0,15.0
PAYEMS_monthly_change_thousands,2021-06-04,2021-04-01,266.0,278.0,12.0
PAYEMS_monthly_change_thousands,2021-07-02,2021-04-01,278.0,269.0,-9.0
PAYEMS_monthly_change_thousands,2021-07-02,2021-05-01,559.0,583.0,24.0
PAYEMS_monthly_change_thousands,2021-08-06,2021-05-01,583.0,614.0,31.0
PAYEMS_monthly_change_thousands,2021-08-06,2021-06-01,850.0,938.0,88.0
PAYEMS_monthly_change_thousands,2021-09-03,2021-06-01,938.0,962.0,24.0
PAYEMS_monthly_change_thousands,2021-09-03,2021-07-01,943.0,1053.0,110.0
PAYEMS_monthly_change_thousands,2021-10-08,2021-07-01,1053.0,1091.0,38.0
PAYEMS_monthly_change_thousands,2021-10-08,2021-08-01,235.0,366.0,131.0
PAYEMS_monthly_change_thousands,2021-11-05,2021-08-01,366.0,483.0,117.0
PAYEMS_monthly_change_thousands,2021-11-05,2021-09-01,194.0,312.0,118.0
PAYEMS_monthly_change_thousands,2021-12-03,2021-09-01,312.0,379.0,67.0
PAYEMS_monthly_change_thousands,2021-12-03,2021-10-01,531.0,546.0,15.0
PAYEMS_monthly_change_thousands,2022-01-07,2021-10-01,546.0,648.0,102.0
PAYEMS_monthly_change_thousands,2022-01-07,2021-11-01,210.0,249.0,39.0
PAYEMS_monthly_change_thousands,2022-02-04,2020-01-01,315.0,339.0,24.0
PAYEMS_monthly_change_thousands,2022-02-04,2020-02-01,289.0,376.0,87.0
PAYEMS_monthly_change_thousands,2022-02-04,2020-03-01,-1683.0,-1498.0,185.0
PAYEMS_monthly_change_thousands,2022-02-04,2020-04-01,-20679.0,-20493.0,186.0
PAYEMS_monthly_change_thousands,2022-02-04,2020-05-01,2833.0,2642.0,-191.0
PAYEMS_monthly_change_thousands,2022-02-04,2020-06-01,4846.0,4505.0,-341.0
PAYEMS_monthly_change_thousands,2022-02-04,2020-07-01,1726.0,1388.0,-338.0
PAYEMS_monthly_change_thousands,2022-02-04,2020-08-01,1583.0,1665.0,82.0
PAYEMS_monthly_change_thousands,2022-02-04,2020-09-01,716.0,919.0,203.0
PAYEMS_monthly_change_thousands,2022-02-04,2020-10-01,680.0,647.0,-33.0
PAYEMS_monthly_change_thousands,2022-02-04,2020-11-01,264.0,333.0,69.0
PAYEMS_monthly_change_thousands,2022-02-04,2020-12-01,-306.0,-115.0,191.0
PAYEMS_monthly_change_thousands,2022-02-04,2021-01-01,233.0,520.0,287.0
PAYEMS_monthly_change_thousands,2022-02-04,2021-02-01,536.0,710.0,174.0
PAYEMS_monthly_change_thousands,2022-02-04,2021-03-01,785.0,704.0,-81.0
PAYEMS_monthly_change_thousands,2022-02-04,2021-04-01,269.0,263.0,-6.0
PAYEMS_monthly_change_thousands,2022-02-04,2021-05-01,614.0,447.0,-167.0
PAYEMS_monthly_change_thousands,2022-02-04,2021-06-01,962.0,557.0,-405.0
PAYEMS_monthly_change_thousands,2022-02-04,2021-07-01,1091.0,689.0,-402.0
PAYEMS_monthly_change_thousands,2022-02-04,2021-08-01,483.0,517.0,34.0
PAYEMS_monthly_change_thousands,2022-02-04,2021-09-01,379.0,424.0,45.0
PAYEMS_monthly_change_thousands,2022-02-04,2021-10-01,648.0,677.0,29.0
PAYEMS_monthly_change_thousands,2022-02-04,2021-11-01,249.0,647.0,398.0
PAYEMS_monthly_change_thousands,2022-02-04,2021-12-01,199.0,510.0,311.0
PAYEMS_monthly_change_thousands,2022-03-04,2021-12-01,510.0,588.0,78.0
PAYEMS_monthly_change_thousands,2022-03-04,2022-01-01,467.0,481.0,14.0
PAYEMS_monthly_change_thousands,2022-04-01,2022-01-01,481.0,504.0,23.0
PAYEMS_monthly_change_thousands,2022-04-01,2022-02-01,678.0,750.0,72.0
PAYEMS_monthly_change_thousands,2022-05-06,2022-02-01,750.0,714.0,-36.0
PAYEMS_monthly_change_thousands,2022-05-06,2022-03-01,431.0,428.0,-3.0
PAYEMS_monthly_change_thousands,2022-06-03,2022-03-01,428.0,398.0,-30.0
PAYEMS_monthly_change_thousands,2022-06-03,2022-04-01,428.0,436.0,8.0
PAYEMS_monthly_change_thousands,2022-07-08,2022-04-01,436.0,368.0,-68.0
PAYEMS_monthly_change_thousands,2022-07-08,2022-05-01,390.0,384.0,-6.0
PAYEMS_monthly_change_thousands,2022-08-05,2022-05-01,384.0,386.0,2.0
PAYEMS_monthly_change_thousands,2022-08-05,2022-06-01,372.0,398.0,26.0
PAYEMS_monthly_change_thousands,2022-09-02,2022-06-01,398.0,293.0,-105.0
PAYEMS_monthly_change_thousands,2022-09-02,2022-07-01,528.0,526.0,-2.0
PAYEMS_monthly_change_thousands,2022-10-07,2022-07-01,526.0,537.0,11.0
PAYEMS_monthly_change_thousands,2022-11-04,2022-08-01,315.0,292.0,-23.0
PAYEMS_monthly_change_thousands,2022-11-04,2022-09-01,263.0,315.0,52.0
PAYEMS_monthly_change_thousands,2022-12-02,2022-09-01,315.0,269.0,-46.0
PAYEMS_monthly_change_thousands,2022-12-02,2022-10-01,261.0,284.0,23.0
PAYEMS_monthly_change_thousands,2023-01-06,2022-10-01,284.0,263.0,-21.0
PAYEMS_monthly_change_thousands,2023-01-06,2022-11-01,263.0,256.0,-7.0
PAYEMS_monthly_change_thousands,2023-02-03,2020-01-01,339.0,334.0,-5.0
PAYEMS_monthly_change_thousands,2023-02-03,2020-02-01,376.0,273.0,-103.0
PAYEMS_monthly_change_thousands,2023-02-03,2020-03-01,-1498.0,-1427.0,71.0
PAYEMS_monthly_change_thousands,2023-02-03,2020-04-01,-20493.0,-20514.0,-21.0
PAYEMS_monthly_change_thousands,2023-02-03,2020-05-01,2642.0,2625.0,-17.0
PAYEMS_monthly_change_thousands,2023-02-03,2020-06-01,4505.0,4565.0,60.0
PAYEMS_monthly_change_thousands,2023-02-03,2020-07-01,1388.0,1444.0,56.0
PAYEMS_monthly_change_thousands,2023-02-03,2020-08-01,1665.0,1735.0,70.0
PAYEMS_monthly_change_thousands,2023-02-03,2020-09-01,919.0,961.0,42.0
PAYEMS_monthly_change_thousands,2023-02-03,2020-10-01,647.0,719.0,72.0
PAYEMS_monthly_change_thousands,2023-02-03,2020-11-01,333.0,264.0,-69.0
PAYEMS_monthly_change_thousands,2023-02-03,2020-12-01,-115.0,-268.0,-153.0
PAYEMS_monthly_change_thousands,2023-02-03,2021-01-01,520.0,494.0,-26.0
PAYEMS_monthly_change_thousands,2023-02-03,2021-02-01,710.0,575.0,-135.0
PAYEMS_monthly_change_thousands,2023-02-03,2021-03-01,704.0,784.0,80.0
PAYEMS_monthly_change_thousands,2023-02-03,2021-04-01,263.0,286.0,23.0
PAYEMS_monthly_change_thousands,2023-02-03,2021-05-01,447.0,482.0,35.0
PAYEMS_monthly_change_thousands,2023-02-03,2021-06-01,557.0,693.0,136.0
PAYEMS_monthly_change_thousands,2023-02-03,2021-07-01,689.0,769.0,80.0
PAYEMS_monthly_change_thousands,2023-02-03,2021-08-01,517.0,663.0,146.0
PAYEMS_monthly_change_thousands,2023-02-03,2021-09-01,424.0,557.0,133.0
PAYEMS_monthly_change_thousands,2023-02-03,2021-10-01,677.0,781.0,104.0
PAYEMS_monthly_change_thousands,2023-02-03,2021-11-01,647.0,614.0,-33.0
PAYEMS_monthly_change_thousands,2023-02-03,2021-12-01,588.0,569.0,-19.0
PAYEMS_monthly_change_thousands,2023-02-03,2022-01-01,504.0,364.0,-140.0
PAYEMS_monthly_change_thousands,2023-02-03,2022-02-01,714.0,904.0,190.0
PAYEMS_monthly_change_thousands,2023-02-03,2022-03-01,398.0,414.0,16.0
PAYEMS_monthly_change_thousands,2023-02-03,2022-04-01,368.0,254.0,-114.0
PAYEMS_monthly_change_thousands,2023-02-03,2022-05-01,386.0,364.0,-22.0
PAYEMS_monthly_change_thousands,2023-02-03,2022-06-01,293.0,370.0,77.0
PAYEMS_monthly_change_thousands,2023-02-03,2022-07-01,537.0,568.0,31.0
PAYEMS_monthly_change_thousands,2023-02-03,2022-08-01,292.0,352.0,60.0
PAYEMS_monthly_change_thousands,2023-02-03,2022-09-01,269.0,350.0,81.0
PAYEMS_monthly_change_thousands,2023-02-03,2022-10-01,263.0,324.0,61.0
PAYEMS_monthly_change_thousands,2023-02-03,2022-11-01,256.0,290.0,34.0
PAYEMS_monthly_change_thousands,2023-02-03,2022-12-01,223.0,260.0,37.0
PAYEMS_monthly_change_thousands,2023-03-10,2022-12-01,260.0,239.0,-21.0
PAYEMS_monthly_change_thousands,2023-03-10,2023-01-01,517.0,504.0,-13.0
PAYEMS_monthly_change_thousands,2023-04-07,2023-01-01,504.0,472.0,-32.0
PAYEMS_monthly_change_thousands,2023-04-07,2023-02-01,311.0,326.0,15.0
PAYEMS_monthly_change_thousands,2023-05-05,2023-02-01,326.0,248.0,-78.0
PAYEMS_monthly_change_thousands,2023-05-05,2023-03-01,236.0,165.0,-71.0
PAYEMS_monthly_change_thousands,2023-06-02,2023-03-01,165.0,217.0,52.0
PAYEMS_monthly_change_thousands,2023-06-02,2023-04-01,253.0,294.0,41.0
PAYEMS_monthly_change_thousands,2023-07-07,2023-04-01,294.0,217.0,-77.0
PAYEMS_monthly_change_thousands,2023-07-07,2023-05-01,339.0,306.0,-33.0
PAYEMS_monthly_change_thousands,2023-08-04,2023-05-01,306.0,281.0,-25.0
PAYEMS_monthly_change_thousands,2023-08-04,2023-06-01,209.0,185.0,-24.0
PAYEMS_monthly_change_thousands,2023-09-01,2023-06-01,185.0,105.0,-80.0
PAYEMS_monthly_change_thousands,2023-09-01,2023-07-01,187.0,157.0,-30.0
PAYEMS_monthly_change_thousands,2023-10-06,2023-07-01,157.0,236.0,79.0
PAYEMS_monthly_change_thousands,2023-10-06,2023-08-01,187.0,227.0,40.0
PAYEMS_monthly_change_thousands,2023-11-03,2023-08-01,227.0,165.0,-62.0
PAYEMS_monthly_change_thousands,2023-11-03,2023-09-01,336.0,297.0,-39.0
PAYEMS_monthly_change_thousands,2023-12-08,2023-09-01,297.0,262.0,-35.0
PAYEMS_monthly_change_thousands,2024-01-05,2023-10-01,150.0,105.0,-45.0
PAYEMS_monthly_change_thousands,2024-01-05,2023-11-01,199.0,173.0,-26.0
PAYEMS_monthly_change_thousands,2024-02-02,2020-01-01,334.0,253.0,-81.0
PAYEMS_monthly_change_thousands,2024-02-02,2020-02-01,273.0,264.0,-9.0
PAYEMS_monthly_change_thousands,2024-02-02,2020-03-01,-1427.0,-1411.0,16.0
PAYEMS_monthly_change_thousands,2024-02-02,2020-04-01,-20514.0,-20477.0,37.0
PAYEMS_monthly_change_thousands,2024-02-02,2020-05-01,2625.0,2619.0,-6.0
PAYEMS_monthly_change_thousands,2024-02-02,2020-06-01,4565.0,4615.0,50.0
PAYEMS_monthly_change_thousands,2024-02-02,2020-07-01,1444.0,1585.0,141.0
PAYEMS_monthly_change_thousands,2024-02-02,2020-08-01,1735.0,1534.0,-201.0
PAYEMS_monthly_change_thousands,2024-02-02,2020-09-01,961.0,1046.0,85.0
PAYEMS_monthly_change_thousands,2024-02-02,2020-10-01,719.0,673.0,-46.0
PAYEMS_monthly_change_thousands,2024-02-02,2020-11-01,264.0,268.0,4.0
PAYEMS_monthly_change_thousands,2024-02-02,2020-12-01,-268.0,-243.0,25.0
PAYEMS_monthly_change_thousands,2024-02-02,2021-01-01,494.0,398.0,-96.0
PAYEMS_monthly_change_thousands,2024-02-02,2021-02-01,575.0,527.0,-48.0
PAYEMS_monthly_change_thousands,2024-02-02,2021-03-01,784.0,831.0,47.0
PAYEMS_monthly_change_thousands,2024-02-02,2021-04-01,286.0,319.0,33.0
PAYEMS_monthly_change_thousands,2024-02-02,2021-05-01,482.0,451.0,-31.0
PAYEMS_monthly_change_thousands,2024-02-02,2021-06-01,693.0,778.0,85.0
PAYEMS_monthly_change_thousands,2024-02-02,2021-07-01,769.0,939.0,170.0
PAYEMS_monthly_change_thousands,2024-02-02,2021-08-01,663.0,465.0,-198.0
PAYEMS_monthly_change_thousands,2024-02-02,2021-09-01,557.0,480.0,-77.0
PAYEMS_monthly_change_thousands,2024-02-02,2021-10-01,781.0,860.0,79.0
PAYEMS_monthly_change_thousands,2024-02-02,2021-11-01,614.0,631.0,17.0
PAYEMS_monthly_change_thousands,2024-02-02,2021-12-01,569.0,566.0,-3.0
PAYEMS_monthly_change_thousands,2024-02-02,2022-01-01,364.0,251.0,-113.0
PAYEMS_monthly_change_thousands,2024-02-02,2022-02-01,904.0,862.0,-42.0
PAYEMS_monthly_change_thousands,2024-02-02,2022-03-01,414.0,494.0,80.0
PAYEMS_monthly_change_thousands,2024-02-02,2022-04-01,254.0,272.0,18.0
PAYEMS_monthly_change_thousands,2024-02-02,2022-05-01,364.0,286.0,-78.0
PAYEMS_monthly_change_thousands,2024-02-02,2022-06-01,370.0,420.0,50.0
PAYEMS_monthly_change_thousands,2024-02-02,2022-07-01,568.0,690.0,122.0
PAYEMS_monthly_change_thousands,2024-02-02,2022-08-01,352.0,243.0,-109.0
PAYEMS_monthly_change_thousands,2024-02-02,2022-09-01,350.0,255.0,-95.0
PAYEMS_monthly_change_thousands,2024-02-02,2022-10-01,324.0,361.0,37.0
PAYEMS_monthly_change_thousands,2024-02-02,2022-11-01,290.0,258.0,-32.0
PAYEMS_monthly_change_thousands,2024-02-02,2022-12-01,239.0,136.0,-103.0
PAYEMS_monthly_change_thousands,2024-02-02,2023-01-01,472.0,482.0,10.0
PAYEMS_monthly_change_thousands,2024-02-02,2023-02-01,248.0,287.0,39.0
PAYEMS_monthly_change_thousands,2024-02-02,2023-03-01,217.0,146.0,-71.0
PAYEMS_monthly_change_thousands,2024-02-02,2023-04-01,217.0,278.0,61.0
PAYEMS_monthly_change_thousands,2024-02-02,2023-05-01,281.0,303.0,22.0
PAYEMS_monthly_change_thousands,2024-02-02,2023-06-01,105.0,240.0,135.0
PAYEMS_monthly_change_thousands,2024-02-02,2023-07-01,236.0,184.0,-52.0
PAYEMS_monthly_change_thousands,2024-02-02,2023-08-01,165.0,210.0,45.0
PAYEMS_monthly_change_thousands,2024-02-02,2023-09-01,262.0,246.0,-16.0
PAYEMS_monthly_change_thousands,2024-02-02,2023-10-01,105.0,165.0,60.0
PAYEMS_monthly_change_thousands,2024-02-02,2023-11-01,173.0,182.0,9.0
PAYEMS_monthly_change_thousands,2024-02-02,2023-12-01,216.0,333.0,117.0
PAYEMS_monthly_change_thousands,2024-03-08,2023-12-01,333.0,290.0,-43.0
PAYEMS_monthly_change_thousands,2024-03-08,2024-01-01,353.0,229.0,-124.0
PAYEMS_monthly_change_thousands,2024-04-05,2024-01-01,229.0,256.0,27.0
PAYEMS_monthly_change_thousands,2024-04-05,2024-02-01,275.0,270.0,-5.0
PAYEMS_monthly_change_thousands,2024-05-03,2024-02-01,270.0,236.0,-34.0
PAYEMS_monthly_change_thousands,2024-05-03,2024-03-01,303.0,315.0,12.0
PAYEMS_monthly_change_thousands,2024-06-07,2024-03-01,315.0,310.0,-5.0
PAYEMS_monthly_change_thousands,2024-06-07,2024-04-01,175.0,165.0,-10.0
PAYEMS_monthly_change_thousands,2024-07-05,2024-04-01,165.0,108.0,-57.0
PAYEMS_monthly_change_thousands,2024-07-05,2024-05-01,272.0,218.0,-54.0
PAYEMS_monthly_change_thousands,2024-08-02,2024-05-01,218.0,216.0,-2.0
PAYEMS_monthly_change_thousands,2024-08-02,2024-06-01,206.0,179.0,-27.0
PAYEMS_monthly_change_thousands,2024-09-06,2024-06-01,179.0,118.0,-61.0
PAYEMS_monthly_change_thousands,2024-09-06,2024-07-01,114.0,89.0,-25.0
PAYEMS_monthly_change_thousands,2024-10-04,2024-07-01,89.0,144.0,55.0
PAYEMS_monthly_change_thousands,2024-10-04,2024-08-01,142.0,159.0,17.0
PAYEMS_monthly_change_thousands,2024-11-01,2024-08-01,159.0,78.0,-81.0
PAYEMS_monthly_change_thousands,2024-11-01,2024-09-01,254.0,223.0,-31.0
PAYEMS_monthly_change_thousands,2024-12-06,2024-09-01,223.0,255.0,32.0
PAYEMS_monthly_change_thousands,2024-12-06,2024-10-01,12.0,36.0,24.0
PAYEMS_monthly_change_thousands,2025-01-10,2024-10-01,36.0,43.0,7.0
PAYEMS_monthly_change_thousands,2025-01-10,2024-11-01,227.0,212.0,-15.0
PAYEMS_monthly_change_thousands,2025-02-07,2020-01-01,253.0,236.0,-17.0
PAYEMS_monthly_change_thousands,2025-02-07,2020-02-01,264.0,261.0,-3.0
PAYEMS_monthly_change_thousands,2025-02-07,2020-03-01,-1411.0,-1397.0,14.0
PAYEMS_monthly_change_thousands,2025-02-07,2020-04-01,-20477.0,-20471.0,6.0
PAYEMS_monthly_change_thousands,2025-02-07,2020-05-01,2619.0,2616.0,-3.0
PAYEMS_monthly_change_thousands,2025-02-07,2020-06-01,4615.0,4631.0,16.0
PAYEMS_monthly_change_thousands,2025-02-07,2020-07-01,1585.0,1584.0,-1.0
PAYEMS_monthly_change_thousands,2025-02-07,2020-08-01,1534.0,1564.0,30.0
PAYEMS_monthly_change_thousands,2025-02-07,2020-09-01,1046.0,951.0,-95.0
PAYEMS_monthly_change_thousands,2025-02-07,2020-10-01,673.0,691.0,18.0
PAYEMS_monthly_change_thousands,2025-02-07,2020-11-01,268.0,270.0,2.0
PAYEMS_monthly_change_thousands,2025-02-07,2020-12-01,-243.0,-183.0,60.0
PAYEMS_monthly_change_thousands,2025-02-07,2021-01-01,398.0,365.0,-33.0
PAYEMS_monthly_change_thousands,2025-02-07,2021-02-01,527.0,509.0,-18.0
PAYEMS_monthly_change_thousands,2025-02-07,2021-03-01,831.0,824.0,-7.0
PAYEMS_monthly_change_thousands,2025-02-07,2021-04-01,319.0,365.0,46.0
PAYEMS_monthly_change_thousands,2025-02-07,2021-05-01,451.0,421.0,-30.0
PAYEMS_monthly_change_thousands,2025-02-07,2021-06-01,778.0,796.0,18.0
PAYEMS_monthly_change_thousands,2025-02-07,2021-07-01,939.0,931.0,-8.0
PAYEMS_monthly_change_thousands,2025-02-07,2021-08-01,465.0,487.0,22.0
PAYEMS_monthly_change_thousands,2025-02-07,2021-09-01,480.0,466.0,-14.0
PAYEMS_monthly_change_thousands,2025-02-07,2021-10-01,860.0,857.0,-3.0
PAYEMS_monthly_change_thousands,2025-02-07,2021-11-01,631.0,637.0,6.0
PAYEMS_monthly_change_thousands,2025-02-07,2021-12-01,566.0,575.0,9.0
PAYEMS_monthly_change_thousands,2025-02-07,2022-01-01,251.0,225.0,-26.0
PAYEMS_monthly_change_thousands,2025-02-07,2022-02-01,862.0,869.0,7.0
PAYEMS_monthly_change_thousands,2025-02-07,2022-03-01,494.0,471.0,-23.0
PAYEMS_monthly_change_thousands,2025-02-07,2022-04-01,272.0,305.0,33.0
PAYEMS_monthly_change_thousands,2025-02-07,2022-05-01,286.0,241.0,-45.0
PAYEMS_monthly_change_thousands,2025-02-07,2022-06-01,420.0,461.0,41.0
PAYEMS_monthly_change_thousands,2025-02-07,2022-07-01,690.0,696.0,6.0
PAYEMS_monthly_change_thousands,2025-02-07,2022-08-01,243.0,237.0,-6.0
PAYEMS_monthly_change_thousands,2025-02-07,2022-09-01,255.0,227.0,-28.0
PAYEMS_monthly_change_thousands,2025-02-07,2022-10-01,361.0,400.0,39.0
PAYEMS_monthly_change_thousands,2025-02-07,2022-11-01,258.0,297.0,39.0
PAYEMS_monthly_change_thousands,2025-02-07,2022-12-01,136.0,126.0,-10.0
PAYEMS_monthly_change_thousands,2025-02-07,2023-01-01,482.0,444.0,-38.0
PAYEMS_monthly_change_thousands,2025-02-07,2023-02-01,287.0,306.0,19.0
PAYEMS_monthly_change_thousands,2025-02-07,2023-03-01,146.0,85.0,-61.0
PAYEMS_monthly_change_thousands,2025-02-07,2023-04-01,278.0,216.0,-62.0
PAYEMS_monthly_change_thousands,2025-02-07,2023-05-01,303.0,227.0,-76.0
PAYEMS_monthly_change_thousands,2025-02-07,2023-06-01,240.0,257.0,17.0
PAYEMS_monthly_change_thousands,2025-02-07,2023-07-01,184.0,148.0,-36.0
PAYEMS_monthly_change_thousands,2025-02-07,2023-08-01,210.0,157.0,-53.0
PAYEMS_monthly_change_thousands,2025-02-07,2023-09-01,246.0,158.0,-88.0
PAYEMS_monthly_change_thousands,2025-02-07,2023-10-01,165.0,186.0,21.0
PAYEMS_monthly_change_thousands,2025-02-07,2023-11-01,182.0,141.0,-41.0
PAYEMS_monthly_change_thousands,2025-02-07,2023-12-01,290.0,269.0,-21.0
PAYEMS_monthly_change_thousands,2025-02-07,2024-01-01,256.0,119.0,-137.0
PAYEMS_monthly_change_thousands,2025-02-07,2024-02-01,236.0,222.0,-14.0
PAYEMS_monthly_change_thousands,2025-02-07,2024-03-01,310.0,246.0,-64.0
PAYEMS_monthly_change_thousands,2025-02-07,2024-04-01,108.0,118.0,10.0
PAYEMS_monthly_change_thousands,2025-02-07,2024-05-01,216.0,193.0,-23.0
PAYEMS_monthly_change_thousands,2025-02-07,2024-06-01,118.0,87.0,-31.0
PAYEMS_monthly_change_thousands,2025-02-07,2024-07-01,144.0,88.0,-56.0
PAYEMS_monthly_change_thousands,2025-02-07,2024-08-01,78.0,71.0,-7.0
PAYEMS_monthly_change_thousands,2025-02-07,2024-09-01,255.0,240.0,-15.0
PAYEMS_monthly_change_thousands,2025-02-07,2024-10-01,43.0,44.0,1.0
PAYEMS_monthly_change_thousands,2025-02-07,2024-11-01,212.0,261.0,49.0
PAYEMS_monthly_change_thousands,2025-02-07,2024-12-01,256.0,307.0,51.0
PAYEMS_monthly_change_thousands,2025-03-07,2024-12-01,307.0,323.0,16.0
PAYEMS_monthly_change_thousands,2025-03-07,2025-01-01,143.0,125.0,-18.0
PAYEMS_monthly_change_thousands,2025-04-04,2025-01-01,125.0,111.0,-14.0
PAYEMS_monthly_change_thousands,2025-04-04,2025-02-01,151.0,117.0,-34.0
PAYEMS_monthly_change_thousands,2025-05-02,2025-02-01,117.0,102.0,-15.0
PAYEMS_monthly_change_thousands,2025-05-02,2025-03-01,228.0,185.0,-43.0
PAYEMS_monthly_change_thousands,2025-06-06,2025-03-01,185.0,120.0,-65.0
PAYEMS_monthly_change_thousands,2025-06-06,2025-04-01,177.0,147.0,-30.0
PAYEMS_monthly_change_thousands,2025-07-03,2025-04-01,147.0,158.0,11.0
PAYEMS_monthly_change_thousands,2025-07-03,2025-05-01,139.0,144.0,5.0
PAYEMS_monthly_change_thousands,2025-08-01,2025-05-01,144.0,19.0,-125.0
PAYEMS_monthly_change_thousands,2025-08-01,2025-06-01,147.0,14.0,-133.0
PAYEMS_monthly_change_thousands,2025-09-05,2025-06-01,14.0,-13.0,-27.0
PAYEMS_monthly_change_thousands,2025-09-05,2025-07-01,73.0,79.0,6.0
PAYEMS_monthly_change_thousands,2025-11-20,2025-07-01,79.0,72.0,-7.0
PAYEMS_monthly_change_thousands,2025-11-20,2025-08-01,22.0,-4.0,-26.0
PAYEMS_monthly_change_thousands,2025-12-16,2025-08-01,-4.0,-26.0,-22.0
PAYEMS_monthly_change_thousands,2025-12-16,2025-09-01,119.0,108.0,-11.0
PAYEMS_monthly_change_thousands,2026-01-09,2025-10-01,-105.0,-173.0,-68.0
PAYEMS_monthly_change_thousands,2026-01-09,2025-11-01,64.0,56.0,-8.0
PAYEMS_monthly_change_thousands,2026-02-11,2020-01-01,236.0,237.0,1.0
PAYEMS_monthly_change_thousands,2026-02-11,2020-02-01,261.0,262.0,1.0
PAYEMS_monthly_change_thousands,2026-02-11,2020-03-01,-1397.0,-1398.0,-1.0
PAYEMS_monthly_change_thousands,2026-02-11,2020-04-01,-20471.0,-20469.0,2.0
PAYEMS_monthly_change_thousands,2026-02-11,2020-05-01,2616.0,2614.0,-2.0
PAYEMS_monthly_change_thousands,2026-02-11,2020-08-01,1564.0,1566.0,2.0
PAYEMS_monthly_change_thousands,2026-02-11,2020-09-01,951.0,949.0,-2.0
PAYEMS_monthly_change_thousands,2026-02-11,2020-10-01,691.0,690.0,-1.0
PAYEMS_monthly_change_thousands,2026-02-11,2020-11-01,270.0,273.0,3.0
PAYEMS_monthly_change_thousands,2026-02-11,2020-12-01,-183.0,-185.0,-2.0
PAYEMS_monthly_change_thousands,2026-02-11,2021-01-01,365.0,315.0,-50.0
PAYEMS_monthly_change_thousands,2026-02-11,2021-02-01,509.0,517.0,8.0
PAYEMS_monthly_change_thousands,2026-02-11,2021-03-01,824.0,852.0,28.0
PAYEMS_monthly_change_thousands,2026-02-11,2021-04-01,365.0,355.0,-10.0
PAYEMS_monthly_change_thousands,2026-02-11,2021-05-01,421.0,478.0,57.0
PAYEMS_monthly_change_thousands,2026-02-11,2021-06-01,796.0,755.0,-41.0
PAYEMS_monthly_change_thousands,2026-02-11,2021-07-01,931.0,942.0,11.0
PAYEMS_monthly_change_thousands,2026-02-11,2021-08-01,487.0,552.0,65.0
PAYEMS_monthly_change_thousands,2026-02-11,2021-09-01,466.0,457.0,-9.0
PAYEMS_monthly_change_thousands,2026-02-11,2021-10-01,857.0,801.0,-56.0
PAYEMS_monthly_change_thousands,2026-02-11,2021-11-01,637.0,658.0,21.0
PAYEMS_monthly_change_thousands,2026-02-11,2021-12-01,575.0,586.0,11.0
PAYEMS_monthly_change_thousands,2026-02-11,2022-01-01,225.0,190.0,-35.0
PAYEMS_monthly_change_thousands,2026-02-11,2022-02-01,869.0,819.0,-50.0
PAYEMS_monthly_change_thousands,2026-02-11,2022-03-01,471.0,490.0,19.0
PAYEMS_monthly_change_thousands,2026-02-11,2022-04-01,305.0,308.0,3.0
PAYEMS_monthly_change_thousands,2026-02-11,2022-05-01,241.0,301.0,60.0
PAYEMS_monthly_change_thousands,2026-02-11,2022-06-01,461.0,434.0,-27.0
PAYEMS_monthly_change_thousands,2026-02-11,2022-07-01,696.0,714.0,18.0
PAYEMS_monthly_change_thousands,2026-02-11,2022-08-01,237.0,290.0,53.0
PAYEMS_monthly_change_thousands,2026-02-11,2022-09-01,227.0,220.0,-7.0
PAYEMS_monthly_change_thousands,2026-02-11,2022-10-01,400.0,357.0,-43.0
PAYEMS_monthly_change_thousands,2026-02-11,2022-11-01,297.0,303.0,6.0
PAYEMS_monthly_change_thousands,2026-02-11,2022-12-01,126.0,100.0,-26.0
PAYEMS_monthly_change_thousands,2026-02-11,2023-01-01,444.0,434.0,-10.0
PAYEMS_monthly_change_thousands,2026-02-11,2023-02-01,306.0,290.0,-16.0
PAYEMS_monthly_change_thousands,2026-02-11,2023-03-01,85.0,68.0,-17.0
PAYEMS_monthly_change_thousands,2026-02-11,2023-04-01,216.0,241.0,25.0
PAYEMS_monthly_change_thousands,2026-02-11,2023-05-01,227.0,280.0,53.0
PAYEMS_monthly_change_thousands,2026-02-11,2023-06-01,257.0,225.0,-32.0
PAYEMS_monthly_change_thousands,2026-02-11,2023-07-01,148.0,163.0,15.0
PAYEMS_monthly_change_thousands,2026-02-11,2023-08-01,157.0,218.0,61.0
PAYEMS_monthly_change_thousands,2026-02-11,2023-09-01,158.0,156.0,-2.0
PAYEMS_monthly_change_thousands,2026-02-11,2023-10-01,186.0,159.0,-27.0
PAYEMS_monthly_change_thousands,2026-02-11,2023-11-01,141.0,127.0,-14.0
PAYEMS_monthly_change_thousands,2026-02-11,2023-12-01,269.0,154.0,-115.0
PAYEMS_monthly_change_thousands,2026-02-11,2024-01-01,119.0,175.0,56.0
PAYEMS_monthly_change_thousands,2026-02-11,2024-02-01,222.0,206.0,-16.0
PAYEMS_monthly_change_thousands,2026-02-11,2024-03-01,246.0,228.0,-18.0
PAYEMS_monthly_change_thousands,2026-02-11,2024-04-01,118.0,64.0,-54.0
PAYEMS_monthly_change_thousands,2026-02-11,2024-05-01,193.0,78.0,-115.0
PAYEMS_monthly_change_thousands,2026-02-11,2024-07-01,88.0,53.0,-35.0
PAYEMS_monthly_change_thousands,2026-02-11,2024-08-01,71.0,9.0,-62.0
PAYEMS_monthly_change_thousands,2026-02-11,2024-09-01,240.0,155.0,-85.0
PAYEMS_monthly_change_thousands,2026-02-11,2024-10-01,44.0,33.0,-11.0
PAYEMS_monthly_change_thousands,2026-02-11,2024-11-01,261.0,134.0,-127.0
PAYEMS_monthly_change_thousands,2026-02-11,2024-12-01,323.0,237.0,-86.0
PAYEMS_monthly_change_thousands,2026-02-11,2025-01-01,111.0,-48.0,-159.0
PAYEMS_monthly_change_thousands,2026-02-11,2025-02-01,102.0,42.0,-60.0
PAYEMS_monthly_change_thousands,2026-02-11,2025-03-01,120.0,67.0,-53.0
PAYEMS_monthly_change_thousands,2026-02-11,2025-04-01,158.0,108.0,-50.0
PAYEMS_monthly_change_thousands,2026-02-11,2025-05-01,19.0,13.0,-6.0
PAYEMS_monthly_change_thousands,2026-02-11,2025-06-01,-13.0,-20.0,-7.0
PAYEMS_monthly_change_thousands,2026-02-11,2025-07-01,72.0,64.0,-8.0
PAYEMS_monthly_change_thousands,2026-02-11,2025-08-01,-26.0,-70.0,-44.0
PAYEMS_monthly_change_thousands,2026-02-11,2025-09-01,108.0,76.0,-32.0
PAYEMS_monthly_change_thousands,2026-02-11,2025-10-01,-173.0,-140.0,33.0
PAYEMS_monthly_change_thousands,2026-02-11,2025-11-01,56.0,41.0,-15.0
PAYEMS_monthly_change_thousands,2026-02-11,2025-12-01,50.0,48.0,-2.0
PAYEMS_monthly_change_thousands,2026-03-06,2025-12-01,48.0,-17.0,-65.0
PAYEMS_monthly_change_thousands,2026-03-06,2026-01-01,130.0,126.0,-4.0
PAYEMS_monthly_change_thousands,2026-04-03,2026-01-01,126.0,160.0,34.0
PAYEMS_monthly_change_thousands,2026-04-03,2026-02-01,-92.0,-133.0,-41.0
PAYEMS_monthly_change_thousands,2026-05-08,2026-02-01,-133.0,-156.0,-23.0
PAYEMS_monthly_change_thousands,2026-05-08,2026-03-01,178.0,185.0,7.0
PAYEMS_monthly_change_thousands,2026-06-05,2026-03-01,185.0,214.0,29.0
PAYEMS_monthly_change_thousands,2026-06-05,2026-04-01,115.0,179.0,64.0
PAYEMS_monthly_change_thousands,2026-07-02,2026-04-01,179.0,148.0,-31.0
PAYEMS_monthly_change_thousands,2026-07-02,2026-05-01,172.0,129.0,-43.0
